CHR	START	END	baseMean	log2FoldChange	lfcSE	stat	pvalue	padj	SYMBOL	location
chr1	1615558	1616226	32.0670625212172	-9.77940083072297	4.11949227381287	-2.37393352886944	NA	NA	MIB2	Promoter
chr1	1946784	1947205	56.4562912695164	8.91625382454347	4.63106264705535	1.92531487999042	0.0541899771963929	0.10883919148767	TMEM52	Exon
chr1	2043410	2044074	14.752064105566	8.87018848936074	5.11945719032906	1.73264237976577	0.0831592517615215	NA	LOC105378590	Intron
chr1	2132768	2133273	59.3563548169555	-14.5532558600807	5.12749918621246	-2.83827560601345	NA	NA	PRKCZ-AS1	Intron
chr1	2655754	2656366	28.7435283793052	-11.8796675189712	5.39103752530005	-2.20359577599304	NA	NA	LOC105378598	Intron
chr1	3286187	3286940	34.6871954428285	-18.8138072536124	5.42415391980212	-3.46852385308025	NA	NA	LOC105378604	Intron
chr1	3856768	3857210	18.514304501094	5.34702783436092	4.12639744437829	1.29581018465528	NA	NA	DFFB	Promoter
chr1	3866327	3866938	83.1885258053362	-1.94823845967786	4.68562460959669	-0.415790555583059	NA	NA	CEP104	UTR
chr1	3938235	3939005	22.0407814444665	-9.14888044258673	5.51707432503545	-1.65828479073969	0.0972599973977278	NA	LINC01346	Promoter
chr1	4157746	4158294	30.7210645310735	13.1522837393427	6.00840986694068	2.18897911936881	NA	NA	LINC02780	Intergenic
chr1	5378020	5378608	70.9478433077687	-12.2760902399698	3.86737178025225	-3.1742720735189	NA	NA	LOC105376686	Intergenic
chr1	5727817	5728008	20.0284901812205	-6.32902978306648	4.57424428213259	-1.38362304081315	NA	NA	LOC124903830	Intron
chr1	6348807	6349434	12.8065856437185	7.84712098301947	4.53780491914997	1.72927684702881	0.0837595583734021	NA	ACOT7	Intron
chr1	6784639	6785243	139.92908649155	-1.46544110283436	4.24936408225729	-0.344861272055536	NA	NA	CAMTA1-DT	Promoter
chr1	7066570	7067121	37.7980170721166	18.8444218918707	5.66765467432355	3.32490650449161	NA	NA	CAMTA1-AS3	Intron
chr1	7460158	7460781	37.9671933419519	-8.97138448389865	5.10997538236526	-1.75566099884928	0.0791463099746696	NA	CAMTA1-AS1	Intron
chr1	8025829	8026258	14.5847913071782	6.91016651749091	4.72121983732159	1.46364006667631	0.14329231903851	NA	ERRFI1	Promoter
chr1	8878884	8879492	13.9042964639619	3.64898817306773	4.44154549700558	0.821558211106432	NA	NA	ENO1	Promoter
chr1	10461197	10461611	36.1207815682565	0.314202118930308	4.85868954842981	0.0646680788715651	NA	NA	PEX14	UTR
chr1	10610403	10610867	23.772821393827	30	6.01952405491421	4.98378272539814	NA	NA	DFFA	Intron
chr1	12316556	12317354	3.30264735581987	-2.2523467023176	6.02594265049328	-0.373774998030097	0.708571722159998	NA	NA	NA
chr1	12375858	12376487	12.4307928392955	25.8711183376708	6.01078309653412	4.30411777004369	NA	NA	LOC124903845	Intron
chr1	12763019	12763585	88.4963313673061	-2.99841099631274	5.39284951636879	-0.555997527320526	NA	NA	PRAMEF12	UTR
chr1	13848233	13848744	48.3589701087378	-0.260888195187836	4.84368592841265	-0.0538615011467792	NA	NA	KAZN	Intron
chr1	14885477	14885795	44.9086438468213	-9.02175984430796	4.54602045314273	-1.98454009111883	NA	NA	LOC107985469	Intron
chr1	15747196	15748176	118.052536276331	3.4789392638602	4.43168337119424	0.785015302869596	NA	NA	SLC25A34-AS1	Promoter
chr1	16156634	16157391	82.9270851414239	15.2566739707182	5.21726810234153	2.92426489715392	NA	NA	EPHA2	Promoter
chr1	16484537	16485437	29.1733298742718	7.69184729666239	4.14589608661766	1.85529186838294	0.0635545587877741	NA	NA	NA
chr1	16609827	16610387	26.9472992889363	3.73050504862381	5.3354140921136	0.699196910346276	NA	NA	NA	NA
chr1	16643224	16644152	31.8636954073076	-1.42502905801836	4.52575937612101	-0.314870707783793	NA	NA	NA	NA
chr1	17156042	17156577	11.9102647250044	6.11805125850607	5.39615148775211	1.13378048640637	NA	NA	SDHB	Intergenic
chr1	19256006	19256560	31.8040479050638	-3.9161660928727	5.80048316936706	-0.675144807514375	NA	NA	MRTO4	Exon
chr1	19284205	19284863	23.1678248250849	4.65345947174836	4.83407129907242	0.962637740291768	NA	NA	AKR7A3	Exon
chr1	19376769	19377022	48.3487780661406	-6.40938920110779	3.83405372082672	-1.67170041627006	NA	NA	LOC124903868	UTR
chr1	19689953	19690584	14.1793706516798	7.18221981501164	6.06842512512786	1.18353933136158	NA	NA	HTR6	Intron
chr1	20043787	20044231	33.7099290082491	11.561429258883	4.94005218686289	2.34034557157683	0.0192659041539779	NA	PLA2G5	Intron
chr1	20651514	20652355	7.05328024641533	-7.51590164430634	6.12264357127488	-1.22755825270772	0.219612841542965	NA	PINK1-AS	Promoter
chr1	20999944	21000287	36.0593847906177	12.7765224144019	5.1191070319792	2.49584982978215	NA	NA	MIR1256	Intron
chr1	21613048	21613791	13.4204660968763	8.75059678803918	5.95193514300839	1.47021037322934	0.141504786123014	NA	LINC02596	Exon
chr1	22184667	22186087	21.5387916272872	30	5.72639573853595	5.23889744435826	NA	NA	LOC105376850	Exon
chr1	22331679	22332062	47.0267181787023	29.4277533397775	6.00735082944336	4.89862406496146	NA	NA	MIR4418	Intergenic
chr1	22678135	22678527	92.2605292488742	27.8374247920328	5.8621666634314	4.74865802872589	NA	NA	C1QB	Intergenic
chr1	22801450	22801964	53.3909688374336	-8.84566966202431	4.10066646435974	-2.15712975900502	0.0309955554741488	0.091840232891972	MIR4253	Intron
chr1	24125027	24125443	101.789080467091	-7.65825832891423	4.27652617914171	-1.79076615180483	0.0733308290957929	0.119446092753972	MYOM3	Intron
chr1	26857518	26857724	77.142440487816	8.34658601494808	4.06719129472567	2.05217443934145	NA	NA	SFN	UTR
chr1	26907107	26907807	47.3194343843064	-14.9343357612386	5.90491650852844	-2.52913580398114	NA	NA	NR0B2	Intron
chr1	27199517	27200557	128.878925030463	-15.9072276754078	4.09279416992452	-3.88664247821219	NA	NA	SLC9A1	Intergenic
chr1	27914198	27914539	101.178840605929	-15.4696401271067	4.67152948853755	-3.31147222019347	NA	NA	RPA2	Promoter
chr1	27917456	27918507	63.5145179010201	-11.8440211524605	4.67870061666143	-2.53147660491087	NA	NA	NA	NA
chr1	28684066	28684738	30.9588139152707	10.9109345547527	5.71814277751204	1.9081255888997	NA	NA	LOC124904809	Intron
chr1	28729121	28729671	26.803315585117	-2.54054910861528	5.06038684899542	-0.502046421435078	NA	NA	YTHDF2	Intergenic
chr1	29195945	29196739	5.09061070310866	5.41505922224712	6.12340041486041	0.88432224832231	0.376522281494034	NA	SRSF4	UTR
chr1	29340374	29341286	21.7111539255346	6.83106911933799	5.42738237349148	1.2586305237498	0.208163816614365	NA	LINC01756	Intron
chr1	30165602	30165900	115.98454353204	-0.319823567760249	5.11710325100922	-0.0625009017938366	NA	NA	LOC105378618	Intergenic
chr1	30267297	30267746	26.3253824311582	11.3367068100191	5.45276420039158	2.07907519808118	NA	NA	NA	NA
chr1	30303602	30304093	59.8536844794444	-1.36312820498124	4.83887598397621	-0.281703480208048	NA	NA	NA	NA
chr1	30610767	30611341	32.6554652578533	-8.76123549796572	5.75556498644174	-1.52221988955113	0.127953993090066	NA	LOC124903888	Intergenic
chr1	30716746	30717356	53.8641549580749	-2.07162810592445	5.2104838955788	-0.397588428913919	NA	NA	MATN1-AS1	Promoter
chr1	31043789	31044485	62.7206463338841	-18.1306663256622	5.32478309779726	-3.40495866078797	NA	NA	PUM1	Intron
chr1	31572581	31572987	35.4277356529054	12.5326371609905	6.00816006731341	2.08593596385234	NA	NA	TINAGL1	Intron
chr1	31799680	31800457	26.4010135078168	26.4917242458129	5.75223002732596	4.60547024718484	NA	NA	LOC124903930	UTR
chr1	32767616	32769189	49.6774987075467	11.4898413965285	4.92438147462822	2.33325575114912	0.0196347263284374	0.0831315297380008	NHSL3	Exon
chr1	32972009	32972469	31.5740825063235	8.06437217807063	5.28605139736542	1.52559473449122	0.127110824281279	NA	RNF19B	Intergenic
chr1	33110064	33110457	5.21604553700247	-1.36099858197776	6.01861261578896	-0.226131613522921	0.821099057305	NA	AZIN2	Intron
chr1	33866939	33867523	17.5647222540407	7.47569854198039	5.22662217344216	1.43031164180307	0.152627594968474	NA	NA	NA
chr1	33899965	33900758	49.6012549988378	-30	6.0318715012919	-4.97358075243722	NA	NA	CSMD2-AS1	Intron
chr1	33905561	33906270	71.2899064086352	-29.8432675988067	5.75935624298385	-5.18170197149418	NA	NA	NA	NA
chr1	34977139	34978018	12.7620685285124	-2.86539811922488	5.09732452232351	-0.562137667844375	NA	NA	GPR199P	UTR
chr1	35638325	35638642	64.5720069784312	-8.78310643034045	5.34408656563393	-1.64351874215918	0.10027565082509	0.13946267485463	PSMB2	Promoter
chr1	36021800	36022137	14.3012185181802	24.1587179206964	5.85727407251201	4.12456675607386	NA	NA	LOC105378647	Intron
chr1	36964730	36965113	40.855026789137	-8.12050350673017	4.90358290367416	-1.65603471303516	0.0977147892396663	NA	GRIK3	Intron
chr1	36988204	36988416	63.8718053049168	-5.91156933047393	3.74024896470773	-1.58052829805031	NA	NA	NA	NA
chr1	37265855	37266425	138.500052699712	-17.7952114105298	4.65901442188402	-3.81952271427691	NA	NA	MIR4255	Intron
chr1	37561676	37562543	5.10961668828025	0.235235718879905	6.01723299014035	0.0390936696759715	0.968815707979586	NA	DNALI1	Exon
chr1	38448900	38449922	122.131231222708	10.1322948854004	3.96291746427733	2.55677666182436	0.0105647022926238	0.0715437575134735	LINC01685	Intron
chr1	38859510	38860312	31.1085369370621	9.17673267394175	3.83353247706525	2.39380590326105	NA	NA	LOC105378662	Promoter
chr1	39640581	39641020	48.4817810149344	-6.85742304712152	6.00743257128953	-1.14148980712563	NA	NA	HEYL	Promoter
chr1	40455455	40456124	8.23828520347314	-1.65763149937288	6.0147385627715	-0.275594937680728	NA	NA	ZFP69B	Intron
chr1	40654524	40654753	109.066702570332	9.42978872638257	3.93851353885076	2.39425068198042	NA	NA	LOC105378675	Intron
chr1	40705840	40706587	36.5891565027217	1.62928438576202	5.29920873726053	0.307458050162465	NA	NA	RIMS3	Intron
chr1	40902088	40902681	42.4283345620175	2.06947056832212	5.52765551600818	0.374384865758892	NA	NA	NA	NA
chr1	40915188	40915918	85.2755896940705	14.8959826093478	4.59512430613088	3.24169306790533	NA	NA	LOC124904157	Intergenic
chr1	42396394	42396803	29.2540799259408	30	6.01038398347743	4.99136163054975	NA	NA	RIMKLA	UTR
chr1	42750399	42750898	40.7982248917898	-6.72922646814862	4.95454337047231	-1.35819306946689	NA	NA	CLDN19	Intron
chr1	42822566	42822794	39.4641488117771	-9.94311011966088	4.77994139168169	-2.08017406593403	NA	NA	SVBP	Intron
chr1	43946698	43946926	3.81974950549852	-0.168661034542075	3.30213943532402	-0.0510762909457591	0.959264728412074	NA	IPO13	Promoter
chr1	44139452	44139696	42.9327490091507	18.0096910380014	5.81819818237787	3.0954069410267	NA	NA	KLF18	Promoter
chr1	44429426	44429887	17.8504245059418	7.23868030159357	5.9138885602364	1.22401364649729	0.22094707959856	NA	RNF220	Intron
chr1	45016761	45017474	66.3210032351093	-1.99664363485262	6.03078729672654	-0.331075121143202	NA	NA	HECTD3	UTR
chr1	46845974	46846423	10.9608659064848	2.42127609008516	6.01836833629078	0.402314374061298	NA	NA	CYP4B1	Intron
chr1	47225841	47226541	17.5477353474213	8.45890306968787	6.12118352216408	1.38190646286934	0.167000423289116	NA	TAL1	UTR
chr1	47349207	47349646	43.1540013291899	3.09910521349957	5.82724605423987	0.531830162078823	NA	NA	CMPK1	Intron
chr1	48200733	48200986	56.4658761615459	-7.33643730287695	4.34235790394199	-1.6895054404007	NA	NA	SKINT1L	Intron
chr1	48710041	48711029	51.526302063385	16.7497614661191	4.96828068513999	3.3713396097401	0.000748035818967829	0.0159807260797904	BEND5	Intron
chr1	49318639	49319111	19.6703871216954	14.0867847474936	6.00893832002208	2.34430509971383	NA	NA	AGBL4-AS1	Intron
chr1	50165795	50166387	6.76504992681014	-10.5215804653316	6.01700253770347	-1.7486415203254	NA	NA	ELAVL4-AS1	Intron
chr1	51417218	51417819	45.2917902639659	-9.2278874728762	4.66389645278275	-1.97857897710621	0.0478634285346701	0.103123932388335	TTC39A	Intron
chr1	51502193	51502590	4.30462644343957	1.33567597167043	6.021278090077	0.221825989713315	0.824449346579736	NA	EPS15-AS1	Intron
chr1	51583654	51583961	58.2491295212607	-13.0631420431777	3.89150782854735	-3.3568330371454	NA	NA	OSBPL9	Exon
chr1	51862844	51863344	16.2701798448111	-0.690531536761334	6.01048595504398	-0.114887804734298	NA	NA	NRDC	Intron
chr1	51952902	51953450	38.6489258272578	-3.07042646989382	5.02783478678011	-0.610685633101355	NA	NA	RAB3B	Intron
chr1	52248541	52248905	86.0258534745389	-14.9247011603347	3.880289275597	-3.84628570199537	0.000119921921244661	0.00710537383374617	ZFYVE9	Intron
chr1	53143582	53143907	70.931403078025	-1.72770435994759	4.32764808281266	-0.39922478142555	NA	NA	SLC1A7	Promoter
chr1	53511564	53512196	96.1667558330387	16.7768248044783	4.43020603188426	3.78691751212815	0.000152527707022919	0.00712750056880799	DMRTB1	Intron
chr1	53680099	53681787	233.29691621553	7.39409671181864	3.83562810979042	1.92774077678314	0.0538873774019947	0.10883919148767	NA	NA
chr1	53682310	53683444	42.899396438564	-8.97795158308513	4.09794642372627	-2.19084162035517	0.0284632555905645	0.0891473302352232	GLIS1	Intron
chr1	54277907	54278185	46.0375675140595	1.9938749936038	6.00745538499635	0.331900091773218	NA	NA	SSBP3-AS1	Intron
chr1	54891824	54892307	34.1925818626981	14.9893880544511	5.512797772788	2.71901649076282	NA	NA	DHCR24-DT	Intron
chr1	56391216	56391965	49.8978829251413	-2.02975049919726	5.14537336292001	-0.394480702571478	0.693226171679628	0.738402708710435	LOC124904187	Intron
chr1	57174712	57175145	29.8951837992548	-13.1708875766263	5.1821485643116	-2.54158818744247	NA	NA	LOC105378747	Promoter
chr1	58745561	58745958	84.460394438936	12.7492314227252	5.90198214848475	2.16016095982236	NA	NA	LOC105378751	Intron
chr1	59223401	59223601	61.6347453175849	-8.23412548157389	4.26753668791672	-1.92947971716057	NA	NA	HSD52	Intron
chr1	59978934	59979475	58.6785331118157	-27.1696816352604	5.24511421815833	-5.1799980906422	NA	NA	CYP2J2	Intergenic
chr1	61562735	61563337	61.7406135228448	2.2069875135007	4.84393297159742	0.455618920914359	NA	NA	MGC34796	Intron
chr1	61834633	61835254	25.2916717173186	-25.6162061845375	5.30301058920076	-4.83050255202267	NA	NA	PATJ	Intron
chr1	63285383	63286241	26.2387359940545	-27.4953916490773	5.83139025681317	-4.71506629434598	NA	NA	FOXD3	Intron
chr1	64003787	64004343	29.7375575085308	9.21985634003377	6.12089914558739	1.50629117074743	0.131992443695481	NA	LOC105378772	Intron
chr1	64606896	64607199	30.4531477069265	-7.01766265217709	4.61925148287218	-1.51922073916045	NA	NA	MIR4794	Intron
chr1	67510739	67511060	44.9753373693797	-3.49000184292258	4.26066253939253	-0.819121864417869	NA	NA	LINC01702	Intergenic
chr1	67780477	67781015	20.2710645628588	1.48048440303589	6.01044459146412	0.246318617617477	NA	NA	LOC105378781	Intron
chr1	68934660	68935242	36.8450474864357	-7.0914398751409	6.00865465282159	-1.18020426948832	NA	NA	LOC105378787	Intron
chr1	69997995	69998322	46.4226689194078	1.90418116382537	5.16203651674081	0.368881769365635	NA	NA	PIN1P1	Intron
chr1	70629235	70629636	59.9782666320324	-30	6.0071926173929	-4.9940133288118	NA	NA	LINC01788	Intergenic
chr1	73927389	73928026	49.180120538945	-11.1527527285947	5.01975672713339	-2.22177155883083	NA	NA	LRRIQ3	Intergenic
chr1	74703641	74704173	29.7067422449943	-16.4126402292812	5.99049870829278	-2.73977861084602	NA	NA	TYW3	Intergenic
chr1	75322809	75323304	34.2528896309928	-8.89291555914117	5.15315893148751	-1.72572118915303	NA	NA	LHX8-AS1	Intron
chr1	75365596	75365951	21.1638514724302	-12.614866641506	5.82799053858235	-2.16453107773482	NA	NA	NA	NA
chr1	75399101	75399823	40.8637627534984	8.43763654134739	5.22630947726041	1.61445405750643	0.10642897439053	NA	NA	NA
chr1	76188236	76188972	57.1624961196206	4.34802446377664	5.76323167447105	0.754442075101155	NA	NA	ST6GALNAC3	Intron
chr1	76843455	76844034	43.7744617289732	-27.2308067628966	6.0118889370941	-4.52949265161556	NA	NA	ST6GALNAC5	Intergenic
chr1	76997476	76997826	41.3763576692905	29.5112840887614	6.00743495632619	4.91246002716754	NA	NA	MIR7156	Intron
chr1	78060757	78061226	29.290667336275	30	5.71376306525922	5.25048022771644	NA	NA	GIPC2	Intron
chr1	79010909	79011578	57.5010654035131	-2.72446896443648	4.16014933971146	-0.654896914019303	0.512534127255901	0.566451301598138	LOC107984998	Intron
chr1	80030108	80030604	8.52195997771899	8.36478742255218	6.12193206008092	1.36636397471579	0.171824750239509	NA	LINC01781	Intron
chr1	80697636	80698190	31.2520456938637	8.04997461764992	5.28491028398014	1.52319986245582	0.127708710508538	NA	NA	NA
chr1	80842168	80842558	15.5251687104131	1.88493072783647	6.0153772185402	0.313352040837416	NA	NA	NA	NA
chr1	81002773	81003107	27.2017944305747	-6.63559894573468	5.02453504815415	-1.32063939889769	0.186621629343912	NA	LOC105378813	Intergenic
chr1	82591028	82591456	103.807443391518	17.2796664244587	4.62228400775887	3.73833940005707	NA	NA	LOC105378814	Intron
chr1	83330409	83330686	38.1107726498195	-4.16483594966022	6.00755614712205	-0.6932662546409	NA	NA	LINC01712	Intron
chr1	84259790	84260164	22.8971472679678	-0.129540500885883	5.00005762466202	-0.0259078015915145	NA	NA	LOC124904808	Intron
chr1	85029329	85029790	51.3168531134834	28.9208639729688	5.77070095878094	5.01167261647159	NA	NA	MCOLN3	Exon
chr1	85607366	85607817	31.386243365517	2.27929709772888	5.81368716471545	0.39205706002938	NA	NA	LOC112268231	Intergenic
chr1	85776684	85777313	2.62648966775455	-2.63593961305139	6.04738360750342	-0.435880999806394	0.662923071186704	NA	ZNHIT6	Intron
chr1	86390100	86390554	25.6511284859606	-9.37809646240913	6.12107314418817	-1.53210004871669	0.125497747744218	NA	ODF2L	Intron
chr1	86586686	86587069	50.3801694546885	-8.42321458235579	5.35004382447501	-1.57441973537148	0.115390444222669	0.15109135514239	CLCA4	Intron
chr1	86745571	86745855	19.2843324703335	30	6.00982797677845	4.99182341256986	NA	NA	SH3GLB1	UTR
chr1	88024941	88025492	57.974235177595	0.26638887609649	4.89954329599973	0.054370144318142	NA	NA	LOC105378836	Intron
chr1	88633253	88633678	8.08240880552294	0.269056751277025	6.01316333477498	0.0447446271284585	NA	NA	LOC105378838	Intron
chr1	89273039	89273797	16.459570106765	30	6.00985966676639	4.99179709068673	NA	NA	GBP5	Promoter
chr1	89472922	89473326	48.4043889197911	28.3738007627353	5.47581130285787	5.18166152802357	NA	NA	LRRC8B	Exon
chr1	89889412	89889811	18.2918199388367	2.20285663777596	6.0105012880625	0.366501316978514	NA	NA	LOC105378847	Intron
chr1	90225270	90225846	94.2525744355556	5.04851151423144	4.71356356530664	1.07106045018468	NA	NA	LOC105378849	Intron
chr1	90581194	90581580	201.828386066618	-17.4888736562992	5.32411719620675	-3.28484009870396	NA	NA	LOC105378851	Intron
chr1	90658845	90659510	24.9338548087046	8.39777320059921	6.04510925041683	1.38918468678133	NA	NA	SNORD3G	Promoter
chr1	92770281	92770689	7.63867446823876	-3.09987701890289	6.04449011573223	-0.512843425921852	NA	NA	EVI5	Intron
chr1	94058883	94059586	46.2618194077258	-13.0738979406042	4.84787987081236	-2.69682795139341	NA	NA	ABCA4	Exon
chr1	94683223	94683950	27.485361380045	8.14685061317515	4.66308504622997	1.74709458060641	0.0806209333098723	NA	MIR378G	Exon
chr1	94998672	94999175	64.1439488838828	-30	4.77595994891477	-6.28145971090416	NA	NA	ALG14-AS1	Intron
chr1	95279549	95280028	26.7327545510614	19.1410300694727	5.2386810645624	3.65378801144321	NA	NA	LOC105379825	Intron
chr1	95468831	95469268	21.6068024942328	1.11086553991654	6.00967148557355	0.184846300265034	NA	NA	LINC01761	Intergenic
chr1	95647224	95647920	9.44084689388007	0.283090057689535	6.01284041424318	0.0470809198625916	NA	NA	LOC124904592	Intron
chr1	96023314	96023868	42.3217238066251	5.23740860169915	4.65544768891986	1.12500643368078	0.260586307990078	0.299800752396352	LINC02790	Intron
chr1	99112135	99112628	71.4520995209809	15.623613138926	6.00717104044018	2.60082708378837	NA	NA	PLPPR5-AS1	Intron
chr1	99210876	99211220	66.8948507449015	-0.512688160409481	5.11294220994772	-0.100272629604926	NA	NA	PLPPR5	Intron
chr1	100449356	100450074	43.9741523933099	1.92211655035758	5.77152864616248	0.333034221641714	NA	NA	LOC105379827	Intron
chr1	101430128	101430605	37.6422807787845	-6.39898190223027	5.70790918885755	-1.1210728290355	NA	NA	LINC01307	Intron
chr1	101571474	101571886	4.82428939881869	0.251483264455542	6.02300169495988	0.0417538093449295	0.966694957677447	NA	LINC01709	Intergenic
chr1	102366439	102367078	8.6262435188481	9.30038630352368	5.72200940480211	1.62537067760121	0.104083599915795	NA	OLFM3	Intron
chr1	102635993	102637038	65.3240482586645	10.2762062197031	5.74622337877737	1.78834088797459	NA	NA	LOC107985096	Intergenic
chr1	103525680	103526381	16.5782058017526	1.86904002064185	5.17193583201969	0.361381131040052	NA	NA	RNPC3-DT	Promoter
chr1	105107217	105107605	42.8119666081737	-1.07187505186278	4.16293302462144	-0.257480734261935	NA	NA	LOC105378880	Intergenic
chr1	105725774	105726279	45.4505646760176	-4.16955963118763	4.72214260610834	-0.882980455904505	NA	NA	LINC01676	Intergenic
chr1	106235750	106236125	32.1009592639786	-8.26783965542374	4.2349737620399	-1.95227647678301	NA	NA	LOC124904596	Intron
chr1	106668437	106668902	52.3688408872033	1.86235682737938	5.12382913908705	0.363469736563309	NA	NA	LOC124904233	Intron
chr1	109343929	109344283	16.6215215634282	7.13630513013144	5.93052947594293	1.20331669525962	0.22885379082939	NA	MYBPHL	Intron
chr1	109360318	109360956	15.711110435359	-0.588035664959578	5.88124514110774	-0.0999848927992179	NA	NA	SORT1	Intron
chr1	109636176	109636738	56.2165663931638	2.54091969301819	5.53168416553651	0.459339256721963	NA	NA	GNAT2	Intergenic
chr1	109724486	109724849	34.8062652522402	1.52639513224305	5.78040218167478	0.26406382882528	NA	NA	LOC124904258	Intron
chr1	110338779	110339848	109.656189765949	-1.4039601339378	3.02710940086087	-0.46379563736234	0.642794169277287	0.694041995985044	RBM15-AS1	Promoter
chr1	111755334	111755954	26.9092764344067	-0.547053463685915	4.19055410861189	-0.130544421932575	NA	NA	LOC101928718	Promoter
chr1	112302590	112303043	29.0966565870185	4.75542401908646	6.0081947666595	0.791489657671406	NA	NA	LINC02884	Intron
chr1	113290733	113291244	5.7918346281159	1.02789090274873	6.00966066010658	0.171039757630924	NA	NA	LOC643441	Intergenic
chr1	114067546	114067780	62.8191229622195	-7.6039914149338	3.66077794151865	-2.07715177932353	NA	NA	SYT6	Intergenic
chr1	115510584	115511028	44.5651890819394	27.4981082711038	5.47815626607854	5.01959179977682	NA	NA	LOC124904375	Intron
chr1	116172951	116173313	37.4460599190216	30	6.00815834455168	4.99321061123574	NA	NA	LOC124904384	Intron
chr1	116921018	116921588	16.9686748992471	-4.99135664219948	5.6501997955663	-0.883394715726014	NA	NA	PTGFRN	Intron
chr1	118033829	118034167	18.4287613238011	30	6.01025351798994	4.99146997879603	NA	NA	WDR3	Intron
chr1	118386336	118387170	31.1692126706053	-29.0165803008909	6.00980077167643	-4.82821001948068	NA	NA	LOC105378930	Intergenic
chr1	118984275	118984701	71.7898542264502	9.59375695233889	4.35844980777544	2.20118559934399	0.0277228873457017	0.0891473302352232	TBX15	Intron
chr1	119214725	119215514	25.1734889698239	6.18453940230514	5.72658290073938	1.07997029109744	NA	NA	WARS2	Intron
chr1	145390044	145390407	0.869248188550794	0.555958000629026	6.07367651558232	0.0915356620002215	0.927066970988098	NA	LOC105371288	Exon
chr1	146472955	146473489	40.9484747275092	26.33772872924	5.28423216783488	4.98421111955635	NA	NA	HYDIN2	Promoter
chr1	147740236	147740830	21.4188285582174	26.7403265209331	5.34306575985635	5.00467853527822	NA	NA	GJA5	Intron
chr1	150319108	150319690	24.0967080645454	9.55186048543778	5.43874715569405	1.75626117780407	0.0790438228809734	NA	PRPF3	Promoter
chr1	150629267	150629781	101.234016421116	0.0601956335278149	3.78266286352484	0.0159135602879825	NA	NA	ENSA	Promoter
chr1	150991994	150992416	47.4208881077837	13.1450479162793	5.78946577226478	2.2705113793491	NA	NA	LOC105371438	Intron
chr1	152318854	152319170	44.7546197706652	28.6354720496991	5.9050174196036	4.84934590618386	NA	NA	FLG	Intron
chr1	152419669	152420114	54.9781914566842	-3.18325106937344	6.00863503083567	-0.529779401317826	NA	NA	CRNN	Intron
chr1	154675533	154676093	40.018040105969	25.5511833721403	5.34207546683185	4.78300681650489	NA	NA	LOC124904428	Intron
chr1	154831387	154831961	29.3714171249756	7.42701589691358	5.3794840175195	1.38061863790762	0.167396249633854	NA	KCNN3	Intron
chr1	155281862	155282689	118.785925853643	8.08908850938406	5.41470683239082	1.49391070648462	NA	NA	FDPS	Exon
chr1	155688474	155689038	53.7822300657519	-0.941920226132867	3.68644592029707	-0.255509031326564	NA	NA	YY1AP1	Promoter
chr1	155859501	155860310	121.801401752657	5.25602501798956	3.50507343547039	1.49954775977017	0.133731588410814	0.166812560280858	SYT11	Promoter
chr1	156172161	156172742	43.2663171962295	-2.20997384505859	5.29624138523043	-0.41727211513084	NA	NA	SLC25A44	Intron
chr1	156978953	156979709	10.7636693768629	22.9734051695131	5.81626370578458	3.94985618459233	NA	NA	MIR765	Exon
chr1	157180328	157180744	50.0248284629963	9.00654810447488	5.29685950943348	1.70035623720708	0.0890639382430988	0.130876395279453	LOC107985211	Intron
chr1	157389213	157390232	26.6899757877452	9.65426761207721	4.87233829918976	1.9814444357615	NA	NA	LOC101928202	Intergenic
chr1	157454546	157454907	29.2792512082003	7.26334881345913	5.51510627452114	1.31699163205877	0.187841429490063	NA	FCRL5	Intergenic
chr1	157918376	157919495	105.772069556234	2.03023347041723	5.15174158817266	0.394086822032811	NA	NA	LOC105371458	Intergenic
chr1	157975768	157976704	8.25517589589305	-7.74118527609756	6.12231092194027	-1.26442210707656	0.206078562208982	NA	LOC105371459	Promoter
chr1	158069531	158070036	69.7382446279008	-11.0783567468155	4.01488451601153	-2.75932139582958	0.00579215388400363	0.0563603184157185	KIRREL1-IT1	Intron
chr1	159049783	159050303	1.5487770804304	-0.618376695295921	6.04256754731969	-0.10233674517552	0.918489389967711	NA	PYDC5	Intron
chr1	160375361	160375918	20.0131023262527	-5.87067229664223	4.04399077803117	-1.45170269144392	NA	NA	NHLH1	Intergenic
chr1	160862975	160863410	33.2656788125767	0.744362739594644	5.4393542164955	0.136847631164978	NA	NA	CD244	Promoter
chr1	161235677	161235913	57.8746205584246	6.26845916496286	4.35512794949105	1.43932835904291	NA	NA	NR1I3	Promoter
chr1	161858875	161859146	17.4433676642546	-7.85322937636233	5.49097833733888	-1.43020585657023	0.152657945060102	NA	ATF6	Intron
chr1	161968968	161969490	33.0284250274719	3.21454599530714	5.06555298312592	0.634589354018258	NA	NA	OLFML2B	Intron
chr1	162072919	162073344	8.4136652828749	1.93640112275995	4.86547685747013	0.397987942289136	NA	NA	NOS1AP	Intron
chr1	165961750	165962416	10.6308030932838	30	6.02880212950072	4.97611289201235	NA	NA	MIR3658	Intergenic
chr1	167211504	167212510	29.4128369003533	-1.37837074036268	5.13261360535329	-0.268551433313632	NA	NA	POU2F1-DT	Intron
chr1	167396960	167397407	64.6878555491897	-29.8141556798272	4.80491863727661	-6.20492414762836	NA	NA	LOC101928512	Intron
chr1	167429957	167430536	63.5341149011072	9.18313257106851	4.36944777662479	2.10166891573701	0.0355822883262174	0.0956142249818817	NA	NA
chr1	169242562	169242900	48.8882666864579	-8.38032096047251	5.02421552855524	-1.66798595976681	0.0953185139768786	0.135678605480602	NME7	Intron
chr1	169279897	169280132	43.813979095796	-6.24566958590956	4.21705627180698	-1.48104961929601	NA	NA	NA	NA
chr1	170420041	170420515	59.0182185025073	-13.9007871022469	4.92679011355986	-2.82146931000533	0.00478042113033812	0.0505199417981721	GORAB	Intergenic
chr1	170911666	170912164	14.033240426334	-5.17333918383089	5.80193693210323	-0.891657259355202	NA	NA	MROH9	Intron
chr1	171468650	171469187	1.48162236033814	-1.54433124840109	6.05216531344333	-0.255170037237871	0.798591772030815	NA	PRRC2C	Intergenic
chr1	171883756	171884216	49.6160672098897	12.5967662563016	5.84251989759279	2.1560502107133	NA	NA	DNM3-IT1	Intron
chr1	172323322	172323944	35.9793910365434	-13.4999321916268	5.39167099178416	-2.5038494025689	NA	NA	C1orf105	Exon
chr1	172664002	172664684	8.76112182181947	-12.1093260775899	6.0377075528724	-2.00561653103402	NA	NA	FASLG	UTR
chr1	174240727	174241003	95.4757541437122	-9.48972032557576	3.565643520108	-2.66143271812217	NA	NA	RABGAP1L-DT	Intron
chr1	174491206	174491952	16.0986556439331	26.6946128076082	5.87692902058781	4.54227245455794	NA	NA	GPR52	Intron
chr1	175373666	175373997	89.6142506850354	-9.49705075527648	3.67496475234721	-2.58425628414822	0.0097589248310478	0.07153640849665	LOC105371623	Intron
chr1	175782477	175783022	15.3706271170461	8.94580562759362	5.92636737703137	1.50949225022137	0.131173034281908	NA	TNR	Intergenic
chr1	178375133	178375872	2.01494560541462	5.05998150810159	6.12776966473615	0.825746035661323	0.408948171905958	NA	LOC105371629	Intron
chr1	178469355	178469762	75.665759362988	-11.849278154391	5.00743392793753	-2.36633739454481	0.0179650640303165	0.0831315297380008	CLEC20A	Intron
chr1	178654497	178654941	11.4927631488763	-25.9091320022378	5.98114833396161	-4.33179893819435	NA	NA	MIR4424	Intergenic
chr1	179075699	179076451	23.3863012424968	3.3409545215815	4.2249107156711	0.790775177612437	0.429075197376507	NA	TOR3A	UTR
chr1	179886637	179887235	28.4750399496546	-20.6232228293546	5.70985859887055	-3.61186226808384	NA	NA	TOR1AIP1	Intron
chr1	180103445	180103827	24.8826117855331	-9.32666564850322	5.47130846660535	-1.70464993985066	0.0882597314437279	NA	LOC105371636	Intron
chr1	180271265	180271823	82.7079278757778	-23.2536408678822	4.63584816469364	-5.01604885271711	NA	NA	LHX4-AS1	UTR
chr1	180893861	180894276	53.4009720193276	-9.47226833582552	5.73321002533003	-1.6521753596983	0.0984988079679782	0.139368462617378	LINC02816	Intron
chr1	182409432	182409809	95.9699255516746	13.5548776285706	3.71781577392785	3.64592504115661	0.000266431637612468	0.00902061401630786	RGSL1	Promoter
chr1	182637418	182638173	9.24305824888074	7.53411824079261	6.12180678259174	1.23070173698017	0.218434438213978	NA	LINC01686	Intergenic
chr1	182781694	182782200	39.9824963268333	0.590935903094744	5.53266393443275	0.106808566379214	NA	NA	NPL	Intron
chr1	183471113	183471548	75.2320342360865	-0.666827719501599	4.08152501142286	-0.163377099891674	NA	NA	SMG7	Promoter
chr1	184764481	184764740	51.3266944686359	-5.20451866516661	4.30892382048846	-1.20784652548734	NA	NA	EDEM3	Intergenic
chr1	185078361	185078574	34.2557415155467	-8.01114223809545	4.83069348441076	-1.65838347308692	NA	NA	RNF2	Intron
chr1	185254226	185254571	2.56959926344608	-6.05957350282786	6.12641920417311	-0.989088944272747	0.322619626299171	NA	LOC105371651	Intron
chr1	185681860	185682343	53.5731206070567	16.2571056622212	5.37001618667822	3.02738485268467	NA	NA	GS1-204I12.4	Intergenic
chr1	186759001	186759615	13.9734696124282	-7.53213036367782	5.94278371380744	-1.26744144266562	0.204997489226226	NA	PLA2G4A	Intergenic
chr1	187024708	187025078	32.664347121816	8.72586018049663	4.62233154666867	1.88776163985584	0.0590579571201552	NA	LINC01037	Intergenic
chr1	187899625	187900034	28.0845853068032	-13.1337820900887	6.01013889442747	-2.18527097639394	NA	NA	LINC03121	Intergenic
chr1	189413957	189414551	4.87997595496888	-1.5177999446024	6.02003217021419	-0.252124889317394	0.800944532358014	NA	LOC105371657	Intron
chr1	190399552	190399932	29.7973649545718	27.4084307527833	5.46670679507794	5.01370052944143	NA	NA	BRINP3-DT	Intron
chr1	192597566	192598095	55.3340456813651	-13.6758482299581	4.85626215085804	-2.81612643739625	NA	NA	LOC107985241	Exon
chr1	193060498	193060926	33.1803123234176	2.38032320630135	4.76689968087236	0.49934409483225	NA	NA	UCHL5	Promoter
chr1	193559670	193560095	34.0607390860862	12.5377095879594	5.79185447810137	2.16471419220972	NA	NA	LOC124904475	Intron
chr1	193800448	193801251	51.7373048096637	-9.53576102385368	5.04001177509158	-1.89201165580221	0.0584894278343711	0.111790277393113	LOC124904476	Intron
chr1	194046382	194047173	191.934890923985	-1.25098390944869	3.4193611195047	-0.365853112826495	0.714474684878715	0.754256126130314	NA	NA
chr1	194518015	194518318	70.9368769525329	-0.0245480476959267	5.55817932479936	-0.00441656273780135	NA	NA	NA	NA
chr1	194565257	194565621	43.0049706902678	-10.1173331998526	5.37887064567412	-1.88094004602794	0.0599800749062938	0.113191061634547	NA	NA
chr1	194570150	194570612	37.4714642306691	13.8323148292502	5.85876393719451	2.36096128424555	NA	NA	LOC107985242	Intron
chr1	196393355	196393607	55.0081527020118	-9.05177358050122	4.35117698958005	-2.0803046169296	NA	NA	LINC01724	Intron
chr1	197910433	197910931	76.7770079117435	14.1502202613303	5.13738548733366	2.75436217434295	NA	NA	LHX9	Promoter
chr1	198039990	198040643	10.6729129644313	-11.9138898917212	6.03394150241074	-1.97447885216673	NA	NA	NEK7	Intergenic
chr1	198795644	198796300	90.4172400559133	-0.563546647671008	4.37125087978712	-0.128921140233995	NA	NA	MIR181B1	Intron
chr1	199994791	199995262	28.2586214548576	-29.1804056701001	5.36754118865424	-5.43645677685359	NA	NA	NR5A2	Intergenic
chr1	200164794	200165182	99.2955699611109	-14.728885077436	4.51991489302107	-3.25866425055436	NA	NA	LOC107985244	Intron
chr1	200426050	200426604	6.2516143575863	6.9698580904922	6.12243708253325	1.13841236692764	0.254948332446112	NA	ZNF281	Intron
chr1	201197840	201198278	36.6932703292955	8.28215429147809	5.76585483352424	1.43641394565181	0.150884587215972	NA	IGFN1	Intron
chr1	201277198	201277679	14.498381259886	24.089118567752	5.92222809706402	4.0675769613964	NA	NA	PKP1	Intergenic
chr1	201394440	201394848	30.8259398136718	27.4755041701888	5.89226639204392	4.66297725562575	NA	NA	LOC101929343	Intron
chr1	201634814	201635471	25.3019464117609	26.2021161880104	5.85309472612428	4.47662602675159	NA	NA	MIR5191	Intron
chr1	203175209	203176258	75.4700038063133	-7.48185633713585	3.93189599427455	-1.90286221915091	0.057058525944817	0.109942037796111	MYBPH	Promoter
chr1	203338842	203339601	53.2898786175863	30	6.02769582848939	4.97702618937863	NA	NA	FMOD	Intergenic
chr1	205100581	205100931	73.2241816826497	-19.1142280140385	5.17243624646783	-3.69540137437003	NA	NA	TMEM81	Intron
chr1	205345181	205345621	46.5281510965287	0.748777372271321	5.18713971666654	0.144352651590521	NA	NA	KLHDC8A	Intron
chr1	205680853	205681289	22.3398523802544	-2.39687945758116	5.88404503073948	-0.407352330762147	NA	NA	SLC45A3	Promoter
chr1	205768621	205769525	2.69519519695621	5.7561109189739	6.12500552223294	0.939772363972571	0.347334337382835	NA	RAB29	UTR
chr1	206007839	206008267	51.4611806387575	-2.69551800498813	4.3831431785148	-0.614973751759003	NA	NA	RAB7B	Intergenic
chr1	207396399	207396644	48.2429867613	11.9877921771639	5.83277933221774	2.05524527748693	NA	NA	LOC124904498	Intergenic
chr1	207820294	207820583	123.436014066105	16.2090872266717	4.8324199117623	3.35423815037642	NA	NA	LOC148696	Promoter
chr1	207972041	207972649	22.0947684375891	12.7859702690607	5.41349094678233	2.36187155289517	NA	NA	NA	NA
chr1	208014554	208015015	12.9006380739113	-1.48945112776765	6.01047641405976	-0.247809162728516	NA	NA	LINC02767	Intergenic
chr1	208424910	208425380	34.5256396264612	5.6623703713434	5.14280573978821	1.10102746590941	NA	NA	LOC124904501	Intron
chr1	208488593	208489121	54.0984874907357	12.2469481597895	5.07264697351199	2.41431115229186	NA	NA	LINC01735	Intergenic
chr1	208511865	208512518	39.2836998741554	8.65679069442308	5.27613789640524	1.64074382898922	0.100850602703599	NA	NA	NA
chr1	208798905	208799329	32.2266001701158	7.23597053697567	4.73059270090722	1.5296118255093	0.126112840578988	NA	LOC107985255	Intron
chr1	208963026	208963645	32.7445495158901	-8.76542423893053	5.81999154487197	-1.50608882699388	0.132044372440692	NA	NA	NA
chr1	208974950	208976125	115.024009240583	5.10826061197905	4.45302938036524	1.14714280451482	NA	NA	NA	NA
chr1	209015214	209015486	70.3206397637333	8.79744417592306	4.33137728431671	2.03109625378914	NA	NA	NA	NA
chr1	209029808	209030214	12.0252802712706	-1.45451730418568	6.01166063079265	-0.241949337049304	NA	NA	NA	NA
chr1	209038765	209039122	89.3408500276574	13.9813904288744	5.42071258477663	2.57925322735969	NA	NA	LINC01774	Intergenic
chr1	209525828	209526408	15.6691488004966	-30	6.03230275675331	-4.97322518608905	NA	NA	LOC105372898	Intron
chr1	209959056	209960088	114.397895935809	1.05271283380338	4.3303573886827	0.243100681840862	0.807927403024942	0.834330259332947	SYT14	Intron
chr1	209988173	209988605	12.2511891180858	2.52423421914193	6.01592284193397	0.419592186513224	NA	NA	NA	NA
chr1	209996045	209996698	4.21850404296159	1.78828796407167	6.02984660071414	0.296572712788394	0.766792746094547	NA	NA	NA
chr1	210269855	210270774	19.9449870655256	30	6.01147621798056	4.99045474225929	NA	NA	LINC02602	Intergenic
chr1	210547983	210548150	60.2940303985406	-9.27672377157531	3.83226904447877	-2.42068697784684	NA	NA	NA	NA
chr1	210717204	210717502	35.6290275022628	16.1582684836671	5.46004557385132	2.95936513076935	NA	NA	LOC124904503	Intron
chr1	210897523	210897735	60.2350874032972	-6.05264036809584	3.98383641955312	-1.51929942163006	NA	NA	KCNH1-IT1	Intron
chr1	211503808	211504317	46.3385964306112	6.47669758762022	4.12009768801869	1.57197670493458	0.115955953795902	0.151413559502087	RD3	Intergenic
chr1	211539517	211539970	38.9756672926364	6.69552980089793	5.09082364644844	1.31521542797284	0.188437511538608	NA	LOC107985260	Intron
chr1	212208549	212208762	61.9462860928779	-7.25128391786352	4.32861895091469	-1.6751957148668	NA	NA	LINC02608	Intron
chr1	212634136	212634520	31.9646334074407	-0.645294669608559	6.01279601033024	-0.107320233132791	NA	NA	GARIN4	Intron
chr1	213647986	213648600	20.5579723354604	-17.0187611559433	5.82766146379946	-2.92034142025256	NA	NA	PROX1	Intron
chr1	214697920	214698438	59.3453243089567	-16.6207075939426	5.48022698204287	-3.03285021740959	NA	NA	CENPF	Intergenic
chr1	215832735	215833236	30.5644676282253	24.9235491833204	5.29904389299063	4.70340493240457	NA	NA	LOC124904778	Intron
chr1	216371028	216371378	27.1131269459545	10.043707358459	5.85953471277326	1.71407933407487	0.0865141566574361	NA	USH2A	Intron
chr1	216815460	216816684	43.6522956239034	-17.8215175391717	5.9902346023652	-2.97509508761727	NA	NA	ESRRG	Intron
chr1	217436968	217437422	28.3116640627445	6.15575779649477	6.00868710725456	1.0244763434366	NA	NA	NA	NA
chr1	217458087	217458568	38.0129866395211	-1.91746907959613	5.19035861029848	-0.369429017060897	NA	NA	NA	NA
chr1	217519375	217519656	40.560071140581	-26.0420488873057	5.62556862092054	-4.62922961964408	NA	NA	GPATCH2	Intron
chr1	217674887	217675126	51.1677208050553	-15.6093097254081	5.17614729196315	-3.0156231739472	NA	NA	SPATA17	Intron
chr1	217770318	217770844	89.4898069880855	0.691921417779244	5.26744182427657	0.131358150856136	NA	NA	SPATA17-AS1	Intron
chr1	218231783	218232655	44.9789674277079	14.4634282634224	5.51438249113856	2.62285546689311	NA	NA	RRP15	Intergenic
chr1	218824987	218825373	30.9813983080333	0.834895870532959	5.39463917138732	0.154763987730852	NA	NA	LOC105372924	Intergenic
chr1	220293390	220293895	39.7917813730717	-14.5861444052601	5.51194064066195	-2.64628111153034	NA	NA	RAB3GAP2	Intergenic
chr1	220375858	220376294	127.90094537968	-2.28400964382691	4.1623758912344	-0.54872738635567	NA	NA	NA	NA
chr1	220645712	220645938	49.71269982455	-8.08908075242093	3.74303460496688	-2.16110231566842	NA	NA	C1orf115	Intron
chr1	221325670	221326101	66.9658865217346	-10.9623410815043	4.94549049044223	-2.21663373990716	NA	NA	LINC02817	Intron
chr1	221517024	221517553	32.3753264363032	8.00571716736708	6.01002354830949	1.33206086515567	NA	NA	LOC105372934	Intron
chr1	221596185	221596528	42.0641786672168	-26.3594793127695	5.6274866924052	-4.68405893315466	NA	NA	LOC105372937	Intergenic
chr1	222058773	222059190	53.1186578367701	-13.7934329901891	6.00722379739557	-2.29614102210896	NA	NA	LINC02257	Exon
chr1	223688382	223688827	42.9708562860243	6.21348984627408	4.35864769528588	1.42555450237337	0.153996977217899	0.189105096376384	CAPN2	Intergenic
chr1	223726974	223727210	52.1476719485633	-10.2221899412026	3.74009495726963	-2.73313647326888	NA	NA	NA	NA
chr1	224095991	224096252	47.3875696363294	-7.40597160980717	3.82073144412337	-1.93836487021306	NA	NA	LOC105373056	Intergenic
chr1	224563370	224563680	37.7901795647659	-9.89698929426344	4.2988399787495	-2.302246499797	NA	NA	CNIH3-AS2	Intron
chr1	225945856	225946305	79.5430571998809	-11.0097826164617	6.1206674571338	-1.79878790892805	0.072052236678267	0.119446092753972	LEFTY2	Intergenic
chr1	226020743	226020951	59.040698450165	-8.74448138925586	4.09107240798888	-2.13745456379115	NA	NA	SDE2	Intergenic
chr1	226215247	226215753	91.2700288674096	-12.5008573723525	4.96339215084463	-2.51861166565798	0.0117818518277368	0.0739694423197663	MIXL1	Intron
chr1	226308674	226309268	47.0125076013143	15.7438297971826	5.51461862874807	2.85492630716274	NA	NA	LIN9	Promoter
chr1	226790353	226791101	38.1036383471574	-9.83673495229555	5.24757141531701	-1.87453093512617	NA	NA	LOC124904530	Intergenic
chr1	227370088	227370553	11.451865123948	-6.70410008197352	6.01412568993098	-1.11472563554794	NA	NA	LINC01641	Intergenic
chr1	227624100	227624738	35.0503271349315	28.9443594862075	5.84812220974153	4.94934244670766	NA	NA	ZNF678	Intron
chr1	228105699	228106394	75.9346200713464	-4.61813392016922	3.29802233859994	-1.40027369315203	NA	NA	C1orf35	Promoter
chr1	228180789	228181312	26.8718655994243	-2.09502553670847	5.09297361394943	-0.411356055521333	NA	NA	LOC124904536	UTR
chr1	228206749	228207219	42.3393803292025	-13.4520923188055	4.79020939603282	-2.80824724070442	NA	NA	OBSCN	Promoter
chr1	228218109	228218470	60.8119473639435	29.4130972212576	4.8487943385098	6.06606409095446	NA	NA	OBSCN-AS1	UTR
chr1	228268383	228269155	13.012529661876	-4.14602788327614	6.0115398297805	-0.689678185734906	NA	NA	NA	NA
chr1	228315452	228315987	20.6071286515322	8.33607746420439	6.01874489741619	1.38501923678191	NA	NA	LOC124904535	Exon
chr1	229199090	229199918	224.30701953715	-9.17945290132167	3.55880113823801	-2.579366630715	0.00989816716126824	0.07153640849665	LINC02815	Exon
chr1	229231669	229232639	51.295269122239	-10.1439741897359	5.0468069305123	-2.00997865173064	0.0444334483751962	0.101746157149	TMEM78	Intron
chr1	229342182	229342541	86.6823345569312	-4.1326295341389	4.28930070272917	-0.96347396010483	NA	NA	CCSAP	Promoter
chr1	229457096	229457487	28.1727582173521	-30	5.75776905125735	-5.21035139355733	NA	NA	ACTA1	Intron
chr1	230750304	230751163	31.4027360487103	-28.2962399534283	5.75595705034924	-4.91599219832806	NA	NA	CAPN9	Promoter
chr1	230764900	230765105	87.4573604134328	6.65884564402093	5.31889564289118	1.25192259654889	NA	NA	NA	NA
chr1	231107387	231107858	58.0979550464831	-16.9252794960547	5.52514087596823	-3.06332089552174	NA	NA	TRIM67	Intergenic
chr1	231308370	231309215	5.1811122039355	3.75008049071299	6.06181147427243	0.618640237597143	NA	NA	SPRTN	Intergenic
chr1	231751708	231752093	45.751097533164	8.59597399654042	4.70253004756809	1.82794663927471	0.0675575604420722	0.116869648355993	DISC2	Intron
chr1	232755600	232756105	27.0988228646727	27.1341737906844	4.96600981011346	5.46397909553555	NA	NA	LINC01744	Intron
chr1	233058248	233058593	35.5953855139614	-13.3784778632589	4.53283870506415	-2.95145685380605	NA	NA	NTPCR	UTR
chr1	233544754	233545072	35.5810538808859	29.151187734869	5.41057386607871	5.38781808666005	NA	NA	KCNK1	Intergenic
chr1	233682061	233682539	11.9740724093243	-18.3679700773941	5.85250479301262	-3.13848014260899	NA	NA	LOC124904552	Intergenic
chr1	233757391	233757910	79.4452880491015	10.2289767589547	4.97472679800864	2.05618864598742	0.0397643362600316	0.0989579712211183	NA	NA
chr1	234659255	234659876	113.568012875626	-24.3354876294957	5.23862768033105	-4.64539362491169	NA	NA	LOC124904554	Promoter
chr1	234869308	234869892	41.0395313041456	10.3674179187173	5.81529647574246	1.7827840699031	0.0746214598904945	NA	LOC124904557	Exon
chr1	235309695	235310131	10.1750951582673	8.27787268992245	6.07734315802364	1.36208742450121	NA	NA	GGPS1	Intron
chr1	240245345	240246322	6.80326057980705	2.33221843466318	5.9853265051354	0.389656008350111	NA	NA	FMN2	UTR
chr1	240535172	240535626	18.3509625873228	-13.0911781707878	5.82298398779364	-2.24819065246102	NA	NA	GREM2	Intron
chr1	241370242	241370707	36.6626656713831	4.8544846496399	4.99618604499443	0.971638086716866	NA	NA	RGS7	Intergenic
chr1	242652096	242652645	95.3715104531097	-14.4108862288869	4.61900549806948	-3.11991103602495	NA	NA	PLD5	Intergenic
chr1	242903553	242903996	25.2768449588786	-1.09036301121141	5.08282991268034	-0.214518886121142	NA	NA	NA	NA
chr1	244673682	244673877	47.3850535723385	-5.60634773328554	3.72947658339813	-1.50325323350798	NA	NA	DESI2	Intron
chr1	245214926	245216386	29.8755768133847	17.0269651986783	5.7764812617359	2.94763618666384	NA	NA	NA	NA
chr1	245312521	245313026	87.6021872576582	-20.9159087074151	5.06381866390259	-4.13046163293999	NA	NA	KIF26B-AS1	Intron
chr1	245448065	245449201	73.5751229724411	15.3710873406171	4.78300342149584	3.2136893884575	NA	NA	LOC124904571	Intron
chr1	245503069	245503680	20.2858270556924	3.72265107613721	6.00910915261421	0.619501324005356	NA	NA	NA	NA
chr1	245519372	245519880	48.9821194033181	0.27380281496382	6.02930510320656	0.0454120019267567	NA	NA	NA	NA
chr1	246678069	246678561	38.5548370227619	18.4759793687975	5.01315659805724	3.68549815019892	NA	NA	LOC102724382	Intergenic
chr1	246825624	246826048	21.6319575894907	-12.0355746865244	5.33023726708837	-2.25798103976313	NA	NA	LINC01341	Intron
chr1	247331996	247332834	16.2702378357217	-6.86953549607552	5.0182693539699	-1.36890529613384	NA	NA	LOC107985375	Promoter
chr1	247787465	247787902	27.2430644969139	8.12756682868138	5.33020264617803	1.52481385196662	0.12730553390408	NA	OR9H1	Intergenic
chr1	247881238	247881884	21.9905865601801	-5.02393505298258	6.00863929308756	-0.836118596561821	NA	NA	OR2W3	Intergenic
chr1	248301394	248301842	60.6475979808792	-13.1947198747483	4.51532517083205	-2.92220811913682	NA	NA	OR2T12	Promoter
chr1	248622469	248623017	18.8816561834688	11.0280957336402	5.45686537754157	2.0209579988958	NA	NA	OR2T29	Intron
chr1	248830433	248831309	123.614550181708	7.65848163501739	4.54276240450777	1.68586444834049	NA	NA	MIR3124	Intergenic
chr1_KI270706v1_random	29712	30236	11.0568780598371	-1.01223046359418	5.08322535550897	-0.199131534173902	NA	NA	LOC124905319	Intron
chr10	5296052	5296736	21.2769047239029	9.5965457555881	6.0268281508527	1.59230452825013	NA	NA	LINC02561	Intergenic
chr10	5373881	5374095	58.201743600867	9.90838250993126	5.33424466127644	1.85750432143851	0.0632394369465061	0.113615944516506	UCN3	Exon
chr10	6603325	6603547	45.1485923183705	-10.1576994868141	4.5356110223743	-2.23954378731023	NA	NA	LINC02648	Intron
chr10	9183252	9183481	43.9885541766189	14.7784327354806	5.52161687520214	2.67646833699225	NA	NA	LINC00709	Intergenic
chr10	9584466	9585238	4.47238561320792	9.53152487284667	6.04339406007587	1.57718076598947	NA	NA	LOC124902542	Intron
chr10	10360546	10360991	31.8629574753108	-14.9324264704954	5.66792739423569	-2.63454794528273	0.00842494043143506	NA	CELF2-DT	Intron
chr10	11275577	11276325	13.4699003393724	-6.71274601685305	6.02143683125645	-1.11480801093986	NA	NA	LOC124902375	Intron
chr10	11705124	11705631	24.1177823725321	-1.35081884820357	5.46498987778978	-0.24717682528442	NA	NA	LOC105376413	Exon
chr10	15185115	15185679	33.2544047167302	2.05464728413259	5.71563399313876	0.359478456213091	NA	NA	NMT2	Intron
chr10	15282624	15282947	61.4155925500133	5.44988862487042	4.62694042589828	1.17786012423369	NA	NA	FAM171A1-AS1	Intron
chr10	17552318	17552940	42.3844180589633	-10.8636721117482	4.99234663433688	-2.17606526698864	0.0295503806031553	0.0892157987636663	HACD1	Intergenic
chr10	18023848	18024066	44.5673378293607	-4.02447240471274	4.78160783765304	-0.841656727476018	NA	NA	SLC39A12-AS1	Intron
chr10	23227161	23227516	36.3168479671988	-12.4018104429416	4.05624319942156	-3.05746224602857	NA	NA	PTF1A	Intron
chr10	23475296	23475798	29.8094244842276	1.73546991428185	4.80531863707846	0.361156053396905	NA	NA	OTUD1	Intron
chr10	24515466	24515843	64.2992238646073	1.27009617616485	4.86702702959428	0.260959343032605	NA	NA	LOC105376455	Intron
chr10	25235770	25236099	38.9100459185232	-1.53249319027505	4.57796458062161	-0.334754269782262	NA	NA	GPR158-AS1	Intron
chr10	30923857	30924267	8.9675166516449	0.77431682160946	6.01389044910082	0.128754726771791	NA	NA	LOC124902405	Intron
chr10	33814790	33815001	34.1041728371488	4.65988249308449	5.35217614179459	0.870651931033424	NA	NA	LINC00838	Intergenic
chr10	35115687	35116336	55.2908692287501	-8.666391345394	4.68574106047713	-1.84952416993173	0.0643821610511994	0.114063827255236	CREM	Intron
chr10	38401636	38402033	58.9310858731279	-2.21686791256482	5.78569863779986	-0.38316339155332	NA	NA	HSD17B7P2	Exon
chr10	43297886	43298241	64.2102211916371	-0.848009468580997	5.12261083114494	-0.16554243461658	NA	NA	LOC105378271	Intergenic
chr10	48854157	48854626	127.386148333782	0.941217020308863	4.63063029834367	0.20325894309583	NA	NA	LOC105378299	Intron
chr10	54135472	54135868	17.4486939271248	-12.1275244036514	5.84083518798162	-2.07633395111123	NA	NA	LOC105378311	Intron
chr10	56775246	56775501	48.1939678243467	27.6743141521919	5.93814790108189	4.66042857355402	NA	NA	LOC124900300	Intron
chr10	58073212	58073404	55.0219971044031	-7.90309447459456	3.59692338101571	-2.19718176825965	NA	NA	IPMK	Intergenic
chr10	60516032	60516678	13.0951815520447	3.26259426350032	6.01198002082331	0.542682153333824	NA	NA	ANK3	Intron
chr10	61362417	61362795	47.2560906341415	8.64276326462933	4.66398968543669	1.85308370033844	0.0638703626982342	0.114063827255236	TMEM26-AS1	Intron
chr10	65017163	65017473	6.89484406121847	-1.48170787424228	6.01639244185095	-0.246278461480553	NA	NA	LINC02671	Promoter
chr10	65574433	65575119	68.5145787613274	-15.8690549937	4.85255402025065	-3.27024798229455	NA	NA	LINC01515	Intron
chr10	67728172	67728582	1.60121078908646	7.791178483773	6.0458778515393	1.28867613191843	0.197510703631321	NA	CTNNA3	Intron
chr10	68407775	68408247	86.4124169327934	9.10547059285229	4.78130557144884	1.90439001582012	NA	NA	RUFY2	Promoter
chr10	70291018	70291847	40.1389897429812	-7.29327275619718	4.49711796004663	-1.62176594454319	0.104853472866397	NA	NPFFR1	Intergenic
chr10	70762755	70763482	33.8386087724069	-30	6.00793982149692	-4.99339222617667	NA	NA	TBATA	Intergenic
chr10	74289890	74290533	15.2668708031267	-7.65946365145281	5.42849755612788	-1.41097303116707	0.158252566223623	NA	ADK	Intron
chr10	77715647	77716436	22.4902711276796	-23.9232854671516	5.6534846208237	-4.23159999039071	NA	NA	LOC105378372	Intergenic
chr10	80078664	80078932	44.0428921390127	-7.25921063602253	3.93965159287839	-1.84260218572242	NA	NA	TMEM254	Promoter
chr10	81206513	81206903	39.2997458687724	-16.5131493186736	6.00763003314301	-2.74869611270559	NA	NA	LINC02655	Intergenic
chr10	81381866	81382226	71.124064237942	7.58217662105644	4.68201934452632	1.61942445409173	0.105355968811025	0.143274215755446	NRG3	Intergenic
chr10	82840877	82841437	31.918458936078	-30	6.00806945679849	-4.99328448442839	NA	NA	LOC105378392	Intron
chr10	83119138	83119684	81.1515730341729	-0.904527573404317	4.71996331655664	-0.191638687154924	0.848025236161649	0.87193917991458	NA	NA
chr10	83622995	83623753	27.4975267195539	-15.3358269649286	5.06154344475845	-3.02987164533968	0.00244657689809519	NA	LOC105378394	Intergenic
chr10	83837556	83838112	17.9228850062912	-1.8721505391062	6.02560132715043	-0.310699370479521	NA	NA	LOC107984181	Intergenic
chr10	84100959	84101780	44.1243177847529	3.83680613058772	6.00917833507587	0.638490974413605	NA	NA	GHITM	Intergenic
chr10	84917132	84917520	55.9334384879252	12.8543374244268	5.86952760418436	2.19001226184931	NA	NA	LOC107984249	Intergenic
chr10	85460671	85461232	56.3754509168793	-13.1180201453401	4.75758705669537	-2.75728431009561	NA	NA	LINC01520	Intron
chr10	86339294	86339903	20.6886288031156	27.5857305955338	5.89806488076054	4.67708157730145	NA	NA	GRID1	Intron
chr10	86644101	86644623	4.38392110144455	-11.1894430976389	6.02148641975508	-1.85825265019763	0.0631331444314479	NA	LDB3	Intergenic
chr10	92414567	92414867	74.1190424033654	-15.1547316429672	4.53396144469406	-3.34249239386502	NA	NA	LOC124902484	Intergenic
chr10	94213231	94213710	50.4256783258925	28.6392462025448	5.08264138366335	5.63471707734432	NA	NA	PLCE1-AS1	Intron
chr10	95655369	95655982	14.1012264099417	7.85100570603652	5.50437218433601	1.42632173899476	0.153775492372974	NA	ALDH18A1	Promoter
chr10	97688880	97689415	36.5437958908541	-15.0923330401258	6.00773013881647	-2.51215229236295	NA	NA	AVPI1	Promoter
chr10	98675714	98676227	51.5944822289794	-4.70958329871251	5.00744906151888	-0.940515468226047	NA	NA	HPS1	Intron
chr10	98707949	98708249	6.22909230925022	0.136915560554026	6.01628002206942	0.0227575112946507	NA	NA	MIR6507	Intron
chr10	102103159	102103855	32.9120213816626	-14.9022535633212	6.00837530412306	-2.48024679035862	NA	NA	PPRC1	Intergenic
chr10	102419308	102419699	88.6619703657506	-12.4311835018909	3.82677361496032	-3.24847632828152	NA	NA	FBXL15	Promoter
chr10	103691450	103692183	92.8441018679137	-1.67942605517724	5.22083719639229	-0.321677537912456	NA	NA	SH3PXD2A-AS1	Intron
chr10	103833339	103833657	4.25214372274153	-3.11242219987624	6.03764667466677	-0.515502540573563	NA	NA	SH3PXD2A	Intron
chr10	109528022	109528891	14.400327701689	14.3370010086849	6.01000283246948	2.38552317001053	NA	NA	XPNPEP1	Exon
chr10	110998581	110998914	53.5129699970733	-2.87605418128435	5.03120558701535	-0.571643144280754	NA	NA	MIR548E	Intron
chr10	112841081	112842497	155.732694879704	-30	4.93786744573573	-6.07549723229358	NA	NA	LOC103344931	Intergenic
chr10	118204151	118205084	69.8301172022666	-1.17544238869498	5.20015018653564	-0.22604008471495	NA	NA	LINC02944	Exon
chr10	120553328	120553820	12.146174858869	-1.05647262906215	6.01072278292418	-0.175764657132995	NA	NA	LINC01561	Intron
chr10	121306249	121306665	37.4546599162404	13.6061939814197	5.48346138828904	2.48131481521477	NA	NA	LOC105378523	Intron
chr10	121464729	121466174	99.9428724437726	-2.33062217930064	4.91064947646184	-0.474605689221351	NA	NA	FGFR2	Intergenic
chr10	122286998	122287574	17.95724607144	-12.6245879774766	5.85877649518376	-2.15481645149882	NA	NA	BTBD16	Intron
chr10	122445095	122445578	21.1171486523356	3.58660012180655	5.716648987562	0.627395547568182	NA	NA	ARMS2	Intron
chr10	125425363	125425600	45.1623213854573	-5.4865429953829	4.29073321176306	-1.27869590687706	NA	NA	LOC105378543	Intergenic
chr10	126671860	126672437	20.5308605687187	0.474407925008741	6.01030631915576	0.078932403744004	NA	NA	LOC124902523	Intron
chr10	127426919	127427121	102.174511236765	10.4732242124803	4.37467691140564	2.39405661825551	NA	NA	LOC105378551	Intron
chr10	131944786	131945193	65.3526389320481	-13.4943315074023	5.86264689571556	-2.30174727344811	NA	NA	BNIP3	Intron
chr10	132735074	132735355	30.3903906632565	14.5609926080827	5.82905781109562	2.49800106294466	NA	NA	NKX6-2	Intron
chr11	215761	216213	64.0048230870812	9.26076612053313	4.38892619709447	2.11003004030095	0.034855768440929	0.0956142249818817	MIR6743	UTR
chr11	345337	345837	21.7536967075753	-0.262415452613203	6.00900214879119	-0.0436703875477883	NA	NA	IFITM3	Intergenic
chr11	372145	372523	62.0589713499341	10.0792617943481	4.96903955681909	2.02841246866633	NA	NA	B4GALNT4	Promoter
chr11	537379	537675	132.985198258776	9.65585362229949	4.41382742887633	2.18763732336442	0.0286960308729757	0.0891473302352232	MIR210	UTR
chr11	695133	696019	134.71324235403	6.00016571492627	2.64881509044801	2.26522634085093	0.0234987935055151	0.0870359547237145	NA	NA
chr11	707047	707492	55.1977640042798	-16.9918868731859	5.4680941274182	-3.10746056619343	NA	NA	TMEM80	UTR
chr11	719014	719600	29.4364775756023	13.2404078635117	4.54062012196875	2.91599109986123	NA	NA	LOC105376509	Intron
chr11	1026682	1028038	108.39404060608	-1.7106789714318	4.86647209115292	-0.351523432044696	NA	NA	LOC124902605	Exon
chr11	1545219	1545859	22.8962470649537	6.6357866238765	4.76536114249069	1.39250445568711	0.163769693326337	NA	LOC124902607	Intergenic
chr11	2370054	2370452	36.5895598973155	14.1856330784161	5.87701862657607	2.41374648946461	NA	NA	LOC105376520	Intron
chr11	2433893	2434605	20.0700419775941	1.70158687684652	6.01021443289487	0.283115834858313	NA	NA	TRPM5	Intron
chr11	2498472	2499069	26.5368038679073	-28.1066905113966	5.76425476542848	-4.87603196860215	NA	NA	LOC124902613	Intron
chr11	3000668	3001290	21.1812074295247	2.15690005382685	4.14845550144766	0.519928453631518	NA	NA	NA	NA
chr11	3099737	3100200	27.080369946426	-12.0424942673227	6.00912072709018	-2.00403600031416	NA	NA	LOC124902615	UTR
chr11	3681640	3682797	11.6300588752939	-0.694825468537086	6.01100789706694	-0.115592173631335	NA	NA	CHRNA10	Intron
chr11	6586341	6587052	30.5350856484143	27.0204619168183	5.40482023285873	4.99932666632404	NA	NA	RRP8	Intron
chr11	7505025	7505753	17.9251732104277	26.8257552636268	5.44714411270333	4.92473757047591	NA	NA	PPFIBP2	Intron
chr11	8749667	8750333	13.3865849398014	-12.6135827888522	6.02028413383336	-2.09518064404389	NA	NA	DENND2B-AS1	Intron
chr11	9401909	9402472	38.0170925547842	-4.49200922836944	4.70602345871031	-0.954523339669131	NA	NA	IPO7	Intron
chr11	9460815	9461416	48.5980952811963	3.64019197363096	3.27753199458986	1.11065032458561	NA	NA	ZNF143-AS1	Promoter
chr11	9977223	9977480	46.0113390953007	-6.57492934832165	4.33568437479892	-1.51646863100513	NA	NA	NA	NA
chr11	10056462	10056738	36.2073610582227	14.9675573599808	6.00778953308398	2.49135847345462	NA	NA	LOC101928008	Intron
chr11	10382876	10383696	42.1880741102342	5.83506639597182	5.06624737409597	1.15175315477228	0.249422522749237	0.289770283782202	AMPD3	Intron
chr11	10407308	10408386	34.4258319573736	-1.87930343142767	5.48848387234482	-0.342408482039464	NA	NA	NA	NA
chr11	10836904	10837279	59.7741983979737	30	5.48616468770393	5.4683010277177	NA	NA	ZBED5-AS1	Exon
chr11	11378783	11379672	34.2232064545465	13.0392404433214	5.49272326770889	2.37391177523499	NA	NA	CSNK2A3	Exon
chr11	12084910	12085487	9.35878887125719	8.50110948559319	5.67368284312457	1.49834062295091	0.134044774781906	NA	LINC02989	Promoter
chr11	12757571	12758051	25.5909228747025	-6.90805991130984	6.01185163133438	-1.14907358579915	NA	NA	TEAD1	Intron
chr11	13362006	13362487	35.8720102664835	-10.6911624723973	5.37589489619161	-1.98872237624496	0.0467318547559236	NA	BMAL1	Intron
chr11	13997943	13998742	4.04637027935249	10.7378595468161	6.0196009828919	1.78381583386238	0.0744535958140555	NA	SPON1	Intron
chr11	15123066	15123926	12.7922564074086	30	6.01417898949101	4.98821203233576	NA	NA	INSC	Intron
chr11	15141810	15142317	33.510531143937	-9.59820901424311	4.72586873893202	-2.0309935684782	0.0422556470302441	NA	NA	NA
chr11	15402627	15403192	43.7497947843278	12.5966547890568	5.19994270234411	2.42246030583727	NA	NA	LINC02751	Intergenic
chr11	17401081	17401612	60.080908406972	0.544304177509941	5.22003609376472	0.104272109949605	NA	NA	KCNJ11	Intron
chr11	17541651	17542173	137.299635921292	3.0342608248209	5.34608825734267	0.567566541882926	NA	NA	USH1C	Promoter
chr11	17592086	17592742	50.0050997736689	-14.5166152408695	4.81790579014888	-3.0130550229005	NA	NA	OTOG	Intron
chr11	17630128	17630719	86.8454593203783	4.86957874349915	3.96965271874812	1.22670144934866	NA	NA	NA	NA
chr11	17691818	17692379	36.9930631314627	-16.4063301605282	5.09491364759605	-3.22013900437139	NA	NA	LINC02729	Exon
chr11	18526159	18526881	9.43852992553611	3.225856723122	3.96859835202949	0.812845351677461	0.416306729855203	NA	TSG101	Promoter
chr11	19045888	19046269	65.3728086527013	-14.3560345256561	4.86400438379007	-2.95148470126783	NA	NA	MRGPRX2	Intergenic
chr11	20125783	20126106	48.2284058616804	-4.90743142043863	4.25319021505307	-1.1538236411506	NA	NA	DBX1	Intergenic
chr11	20820675	20821336	1.03606243519293	6.80121965507213	6.05880423037566	1.12253497496658	0.261635045390868	NA	NELL1	Intron
chr11	21272797	21274060	8.48608246075633	0.772249828119093	6.0126866972562	0.128436731697911	NA	NA	NELL1-AS1	Intron
chr11	22548304	22548791	11.345582365429	-4.68038368837708	6.02678370203805	-0.77659725647601	NA	NA	LINC01495	Intron
chr11	22806357	22807524	33.7762215387897	-9.76766163873716	5.38441195836894	-1.81406283810721	0.0696680520219913	NA	LINC02718	Intron
chr11	23100118	23101028	48.1200625925407	2.86426970318842	4.69461986752351	0.610117492792739	NA	NA	CCDC179	Intergenic
chr11	23331454	23332122	28.9334356826356	28.1240243505723	6.00888578881991	4.68040587539534	NA	NA	MIR8054	Intergenic
chr11	23718978	23719403	32.2993379512322	-28.1898729449248	5.4522640588941	-5.17030588401888	NA	NA	LINC02726	Intergenic
chr11	24875222	24875567	15.4294421405364	-21.4823586222818	6.08711344097007	-3.52915365067654	NA	NA	LUZP2	Intron
chr11	25647817	25648426	45.2690359100975	-29.881964910445	6.00897166169611	-4.97289163484096	NA	NA	LINC02699	Intergenic
chr11	26222154	26222733	34.9558268511804	-21.7229373263622	5.62139419572027	-3.86433268510159	NA	NA	ANO3	Intron
chr11	26402079	26402678	16.2950968047938	-8.72396023485196	6.12141501763248	-1.42515418571081	0.154112636314456	NA	LOC105376598	Intron
chr11	26703829	26704132	96.8660762192069	-0.228878351755791	4.87945025774186	-0.0469065857147835	NA	NA	SLC5A12	UTR
chr11	28141122	28141649	6.30192280684799	6.98145405565245	6.12242149508091	1.14030928142758	0.254157472378896	NA	METTL15	Intron
chr11	28842845	28843413	18.3200852080671	30	6.00955230489239	4.99205239890781	NA	NA	LINC02742	Exon
chr11	29524696	29525379	44.4647550987599	-2.63557696253827	4.46883238404332	-0.589768587416483	NA	NA	LINC02546	Intron
chr11	30662007	30662663	29.7274775406712	5.86671779945668	5.04367863562746	1.16318231657653	0.244755539587652	NA	LOC101928338	Intron
chr11	30833768	30834160	13.7589713954631	-0.717992331616688	6.01027818220211	-0.11946074871257	NA	NA	LOC105376611	Intron
chr11	31524387	31524787	46.5728716123903	-0.323780029879796	5.49097044520782	-0.0589659028600986	NA	NA	ELP4	Intron
chr11	32506196	32506639	30.6149464549294	-13.8585612304736	5.83770121615396	-2.37397576842825	NA	NA	WT1	Intergenic
chr11	33512448	33512852	117.719999669419	-14.4367850353542	4.26653350987732	-3.38372709412269	NA	NA	KIAA1549L	Intron
chr11	33847255	33847584	43.5796064801904	-24.2475755589803	5.28575304024687	-4.58734552567136	NA	NA	LINC02721	Intergenic
chr11	34163009	34163847	73.7669370547695	-14.0987370969097	4.40211503700756	-3.20271891542699	0.0013613678581102	0.0215096121581412	NAT10	Intron
chr11	34284067	34284434	65.3605148476555	12.6575803700797	6.00740136821424	2.10699761748103	NA	NA	ABTB2	Intron
chr11	34505806	34506626	3.27387125707794	6.03741270095319	6.12420577809961	0.985827864005355	0.324217589944872	NA	ELF5	Intron
chr11	35316942	35317261	35.4101314303764	-4.80521335470328	4.83570187355656	-0.99369512024304	NA	NA	SLC1A2-AS1	Exon
chr11	36873267	36873467	33.543594313614	-7.98350856247106	4.38614032874346	-1.82016715474267	NA	NA	LOC107984326	Intergenic
chr11	39453809	39454261	24.0749870442063	0.25181585021093	5.13658816704431	0.0490239517013546	NA	NA	LOC105376636	Intergenic
chr11	39687236	39687693	15.9322794570908	0.201705857092375	6.01001584501295	0.0335616181877039	NA	NA	LOC107984362	Intron
chr11	39965907	39966371	42.7587706257082	5.5172343607402	6.00776292141144	0.918350879172842	NA	NA	LOC105376637	Intron
chr11	40424206	40424682	67.2195453454018	-12.335059646214	4.10916466291337	-3.00184116678072	NA	NA	NA	NA
chr11	40483216	40483680	32.7608767294167	7.216736984612	4.34461398247139	1.66107668338968	NA	NA	NA	NA
chr11	41055532	41055885	15.8886380783697	6.42118595762269	5.46039553370453	1.17595619547845	0.23961238100348	NA	NA	NA
chr11	41399570	41399939	43.5558882508994	-8.21569122011633	5.7840099514206	-1.4204144337785	0.155487063166745	0.190441519227486	LRRC4C	Intron
chr11	41500814	41501140	25.5526538582414	-6.98378196708431	6.00951710104584	-1.16212032508717	NA	NA	NA	NA
chr11	41822577	41823197	2.75559267309123	9.55324222647357	6.02762607060556	1.5849095671447	0.112986882511879	NA	LOC105376639	Intron
chr11	42999489	43000032	18.0593275181428	-9.99677601844158	5.31869301074534	-1.87955499560608	NA	NA	HNRNPKP3	Intergenic
chr11	43556869	43557237	105.20809209436	-8.61125045546201	3.3818669390903	-2.5463007890483	NA	NA	HSD17B12	Promoter
chr11	44011677	44012225	21.178887552573	-9.89282205004823	6.01912082898573	-1.6435659510951	NA	NA	ACCS	Intergenic
chr11	44504170	44504602	48.8504957446439	28.4464124035825	5.35685316713329	5.31028413810445	NA	NA	LOC105376646	Intergenic
chr11	44792275	44792915	85.1282330831253	13.8460928854553	4.26255867415422	3.24830552348998	NA	NA	TSPAN18-AS1	Intron
chr11	44941534	44942262	130.554600925967	-3.07940312246632	4.53303052656883	-0.679325476503508	NA	NA	TP53I11	Intron
chr11	45138318	45138559	63.188310975262	-5.81485790278238	4.04075357354364	-1.43905283926604	NA	NA	LOC105376652	Intron
chr11	45220193	45220787	82.3104622692914	-11.060230047825	6.12066288347083	-1.8070314046692	0.0707573827415761	0.119446092753972	SYT13	Intron
chr11	45549837	45550743	108.866538138822	-9.06352938205041	4.99840848846197	-1.81328304858879	NA	NA	LOC105376654	Intergenic
chr11	46323330	46323954	48.3072811844822	-6.39066336439323	3.82616223156795	-1.67025415484653	0.0948690895006609	0.135678605480602	NA	NA
chr11	46346719	46347273	8.82052226049021	-22.1697820288719	5.47870227891123	-4.04653892477575	NA	NA	DGKZ	Intron
chr11	46421881	46422202	60.921738011471	-1.88539438148213	5.79518072078853	-0.325338323741799	NA	NA	MIR3160-2	Intron
chr11	46686253	46686841	119.129257860489	-2.20808961000017	3.48373227415557	-0.633828732012822	NA	NA	ARHGAP1	Exon
chr11	47834198	47834445	10.4988756494684	11.3239320385606	5.08345970304322	2.22760338432142	NA	NA	NUP160	Intron
chr11	48062038	48062819	14.1313059909251	1.98223325985533	6.01376778714349	0.329615863135427	NA	NA	MIR3161	Intron
chr11	48438001	48438304	8.63673130495502	3.07227967881412	5.98726687113329	0.513135583387248	NA	NA	NA	NA
chr11	48621380	48621919	7.20439996959058	3.25825922872171	6.03602274472719	0.539802344444111	NA	NA	OR4A47	Intergenic
chr11	48878055	48878478	34.7822998988354	19.5024003760194	5.73662760181287	3.39962809680313	NA	NA	TRIM51G	Intergenic
chr11	49282771	49282962	1.61000304915441	5.01273603443122	6.1280476561943	0.817998866142023	0.413357834716543	NA	FOLH1	Intron
chr11	54599163	54599674	28.9157037769703	-0.69434190618606	6.03411020053249	-0.115069477207225	NA	NA	OR4C46	Intergenic
chr11	54724244	54724485	40.7900186150039	-8.36644473459905	4.47307973968107	-1.8703991928379	NA	NA	OR4A5	Intergenic
chr11	56120414	56120610	84.2968545750445	8.43617010412234	4.41324658382804	1.91155647976616	NA	NA	OR8H3	Promoter
chr11	56241567	56242267	168.986772112677	-0.162956148454225	4.14725436871163	-0.0392925376566299	NA	NA	OR5J2	Intergenic
chr11	57518762	57519284	36.0681218127839	13.8942996223673	5.83917194815247	2.37949828258843	NA	NA	SLC43A1	Promoter
chr11	58241919	58242406	20.4862965630338	-9.04060691651561	5.42844083654622	-1.66541502223824	0.0958299844113565	NA	OR10Q1	Exon
chr11	58646464	58646878	31.5030053543039	-2.5853050494191	5.25291153241463	-0.49216611272924	NA	NA	CNTF	Intron
chr11	58994294	58994886	32.9095023698861	-11.1431876028192	4.49422482167282	-2.47944596564966	NA	NA	GLYATL2	Intron
chr11	59218750	59219261	31.3421001297973	26.7872907856833	4.92739730391777	5.43639758141376	NA	NA	MPEG1	Intron
chr11	59244283	59244938	38.362802539288	12.3510785642257	5.41446465154179	2.28112645646485	NA	NA	NA	NA
chr11	61151088	61151873	45.2695114649444	-6.08853064142394	6.00788707219858	-1.01342295024128	NA	NA	VPS37C	Intron
chr11	61441964	61442232	47.3287837074847	-9.94832801369571	4.64349986917933	-2.14242022051654	NA	NA	SAXO4	Intron
chr11	61780009	61780268	59.4441533912145	8.8122880151986	4.30794766492419	2.04558845664474	0.0407968781292806	0.100195441623207	MIR611	Exon
chr11	62165245	62165662	26.9675942841593	-29.1790196408153	5.39264120337173	-5.41089580047923	NA	NA	SCGB1D1	Intergenic
chr11	62539463	62540485	44.2135026047597	-13.0081782452741	5.12034803523999	-2.54048712231031	NA	NA	AHNAK	Intron
chr11	63124978	63125381	10.1873249438625	17.3708774201906	5.4553022490016	3.18421906382359	0.00145145123992052	NA	SLC22A24	Intron
chr11	64109479	64109899	47.6597618257374	-9.3065314667001	5.74904142842475	-1.61879707818528	0.105490931009811	0.143274215755446	LOC105369339	Intron
chr11	64916580	64917250	18.2879719417027	-2.37483959668137	4.1580590153623	-0.571141387822376	NA	NA	ATG2A	Promoter
chr11	65013739	65014016	19.9371460108067	6.28491254315521	4.36046851855015	1.44133881861964	NA	NA	ARL2	Promoter
chr11	65320815	65322011	71.4167389275181	29.6483748254246	5.50441121540398	5.38629358621577	NA	NA	LOC105369344	UTR
chr11	66267543	66268512	48.32774693791	-2.07596243954339	3.90933321081484	-0.531027243674295	NA	NA	KLC2-AS2	Promoter
chr11	66294853	66295287	87.2948988662388	15.6843548624619	4.63085543003747	3.38692388467308	NA	NA	TMEM151A	Promoter
chr11	66435070	66435794	30.4692928572194	4.27159157903107	6.00844910832508	0.710930807937196	NA	NA	LOC124900311	Promoter
chr11	67995179	67995635	43.4965184552674	-13.2105535811256	4.87423359566747	-2.71028323157675	NA	NA	UNC93B1	Exon
chr11	68631481	68632316	22.3181532817875	-28.6082940841439	6.00905627163321	-4.76086306916351	NA	NA	GAL	Intergenic
chr11	69177220	69178039	165.652861437373	-2.67801946801123	4.17883535609341	-0.640853070247492	0.521618148929868	0.574993029285482	LOC338694	Exon
chr11	69536036	69536888	5.45563818490666	7.7108093783081	6.12275911101316	1.25936840540378	0.207897295815253	NA	LINC01488	Intron
chr11	69860502	69861339	112.637181192527	-0.776155506704424	4.87956772034362	-0.159062349615217	NA	NA	FGF3	Intergenic
chr11	70448982	70449208	126.322752594588	4.18918787260506	4.85877315128877	0.862190462934844	NA	NA	NA	NA
chr11	70492043	70492597	47.9631691916914	15.5256183385825	5.86875680634293	2.64546970523679	NA	NA	NA	NA
chr11	70684797	70685287	38.9922213478826	3.42988782005575	5.10779254740521	0.671501003265716	NA	NA	NA	NA
chr11	70736581	70736779	96.2620072813109	24.524570925952	4.85318667064289	5.05329231910696	NA	NA	SHANK2-AS1	Intron
chr11	70739065	70740413	17.2436454983053	-7.08655459440696	6.01705457864592	-1.17774477558449	NA	NA	NA	NA
chr11	70882551	70883077	95.2258563214601	8.07009452504095	4.15262210912534	1.94337320203228	0.051971082697571	0.107379634969252	MIR3664	Intron
chr11	71866521	71866967	43.6781603333828	13.5908753008396	5.18348138065105	2.6219589312256	NA	NA	DEFB131B	Intron
chr11	71923589	71924091	63.7626310071477	-2.11194706044645	5.49592076209612	-0.384275383846866	NA	NA	XNDC1N	Intron
chr11	72095471	72096202	23.0606314024311	-15.8290064388274	5.86327416839692	-2.69968723689332	NA	NA	LAMTOR1	UTR
chr11	72137013	72137382	77.0880995624956	1.81468064464792	4.59557526400631	0.394875622832455	NA	NA	FOLR3	Intron
chr11	72465452	72465735	42.7833355473862	-9.11253516771708	4.62138349925698	-1.97181973086245	NA	NA	CLPB	Intergenic
chr11	72777650	72778238	27.4291471386319	2.15968408196351	6.01809046870073	0.358865339960528	NA	NA	MIR4692	Intron
chr11	72933820	72934178	44.2839792284795	-1.68256792481388	4.85213995866764	-0.346768217558981	NA	NA	ATG16L2	Intron
chr11	73223722	73224453	15.3931310550664	-5.73197356073184	5.14695210822968	-1.11366366739002	0.265423501672953	NA	P2RY2	Intron
chr11	74003819	74004280	58.9899201453367	0.912490432370439	4.88918448986511	0.186634485620651	NA	NA	NA	NA
chr11	74047344	74047802	14.3699420688953	-5.51443188041965	6.01139562744228	-0.917329722110791	NA	NA	UCP3	Exon
chr11	75015296	75015988	21.8403226441092	6.56149497147912	5.43188558433051	1.20795898028619	0.227063040940733	NA	NEU3	Intron
chr11	75212391	75212848	71.1676957479514	-11.8106671495084	5.32358862232584	-2.21855368387732	0.0265171035113084	0.0888459522316748	TPBGL	Exon
chr11	75525838	75526267	10.3656742190468	12.7864030443527	5.81447919534912	2.19906248088054	NA	NA	GDPD5	Promoter
chr11	75725363	75726671	14.9737634865098	2.37348657532096	5.79610866134494	0.409496562952671	NA	NA	MOGAT2	Intron
chr11	75893339	75893903	5.90113191062545	-2.62707258031572	6.03649551002873	-0.435198299402565	NA	NA	UVRAG	Intron
chr11	75923161	75923940	5.71740739165171	-2.7150192875811	6.02527288606707	-0.45060519895445	NA	NA	NA	NA
chr11	76234259	76234996	9.98614737149649	7.36926929971045	6.12194237484505	1.20374692352392	0.228687409859576	NA	LINC02761	Promoter
chr11	76544354	76544596	49.7447976387395	-7.12961439141861	3.78216516329973	-1.88506162041808	NA	NA	LINC02757	Exon
chr11	76754527	76754727	51.7067119433553	-9.46788158156663	3.89404854104822	-2.43137225480451	NA	NA	LOC105369397	Promoter
chr11	76808745	76809338	7.71079507077214	-7.64495488780778	6.1224582369862	-1.24867407696211	0.211784306061574	NA	TSKU-AS1	Intergenic
chr11	77202172	77202718	41.9411466452009	8.14617762260826	4.99738980408756	1.63008649354213	0.103083217887899	NA	MYO7A	Exon
chr11	77512472	77512679	65.9192113827091	-8.56219538566777	3.38348394708816	-2.53058549103991	NA	NA	PAK1	Intergenic
chr11	77838660	77839096	12.9141111940891	-4.22745540301982	6.01115325649976	-0.703268611301625	NA	NA	AAMDC	Intron
chr11	78669827	78670812	12.7542147818526	-1.81725387215487	5.57352913086454	-0.326050843098938	NA	NA	NA	NA
chr11	78951274	78951850	54.8586795029596	-15.9695864913173	4.72939538489341	-3.37666555482488	0.000733702029311821	0.0159807260797904	LOC124902724	Intron
chr11	79280433	79280843	71.4410082993487	-4.70258486069509	4.26434041443113	-1.102769573644	0.270127244418888	0.310024973013445	MIR708	Intron
chr11	79808357	79808688	38.5256432902293	27.8380374170929	5.09686166477229	5.46179968145881	NA	NA	LOC105369406	Intergenic
chr11	80417481	80417685	41.0619779344326	-7.11312081581689	4.55399355939481	-1.56195232229581	NA	NA	LOC105369408	Intergenic
chr11	81030064	81030694	32.8292568392955	7.84136988986518	6.00965949551437	1.30479437241295	NA	NA	LINC02720	Exon
chr11	83630231	83631040	85.444976690607	-8.85478568653621	3.57433567749796	-2.47732347643817	0.0132371870399095	0.0765173982550865	DLG2-AS2	UTR
chr11	84770123	84770607	35.7075292277979	-8.73941006258178	6.01460398095671	-1.45303166929232	NA	NA	LOC124902727	Intron
chr11	86622174	86622456	43.4040115074541	-1.56504937679534	4.76587805767256	-0.328386366133682	NA	NA	LOC102724775	Intron
chr11	86685601	86686051	5.65452874756203	1.66399413649166	6.02050990348324	0.276387575665134	NA	NA	ME3	Intron
chr11	87075635	87076647	1.46060283857161	1.21698369841597	6.06084437876853	0.200794414500911	0.840859330568354	NA	TMEM135	Intron
chr11	89229988	89230368	26.0990356642639	-9.92179709409468	5.01413244131977	-1.97876645864647	NA	NA	NA	NA
chr11	89318494	89319107	15.6173666220519	-30	6.01774621038788	-4.98525510235273	NA	NA	TYR	Intergenic
chr11	92127132	92127681	5.18228978568822	-3.12805646315515	6.0322838510984	-0.518552598048842	0.604072771965363	NA	NA	NA
chr11	92200134	92200346	50.9026440173552	-9.03317282761438	4.19882108966248	-2.15135930650965	NA	NA	NA	NA
chr11	92386271	92386809	16.0049399354351	19.583373019282	5.79699851395675	3.37819183015718	NA	NA	FAT3	Intron
chr11	94295504	94295696	53.9617608816968	-4.80627402425023	3.62843070907481	-1.32461507731968	NA	NA	IZUMO1R	Intergenic
chr11	94591243	94591759	63.0948110289403	0.408609931280691	5.55570923279122	0.0735477531597533	NA	NA	LINC02700	Intron
chr11	94680544	94681289	131.413544997542	4.23143244501426	4.3621295998694	0.970038222876492	0.332027440084696	0.377412485851669	AMOTL1	Intron
chr11	94879016	94879772	21.2920343537199	8.73814718818002	5.73851151956635	1.52272016155861	0.12782873164204	NA	NA	NA
chr11	94886199	94886885	41.7358735666112	9.42784449969057	5.38330950793509	1.7513101347403	0.079892502928049	NA	CWC15	Intron
chr11	96204059	96204757	7.08248697427508	-3.08264083608236	6.01856642691322	-0.51218855412108	NA	NA	MIR1260B	Intron
chr11	96740167	96740704	95.5067884426155	-18.4035549070071	5.14497815189767	-3.5769937915517	NA	NA	JRKL-AS1	Intron
chr11	97208770	97209230	20.3417869391384	11.4321650015598	5.91022201644447	1.9343038162951	NA	NA	LINC02553	Intergenic
chr11	97854811	97855208	46.2160563559293	0.190345854438813	4.89385409440012	0.0388948772822262	NA	NA	LOC105369453	Intergenic
chr11	97923051	97923877	71.0688645779438	-10.4371848506245	3.94891847470514	-2.64304895567737	NA	NA	LINC02713	Intron
chr11	98734555	98735081	38.7089006038424	15.6880900770745	5.41443176127102	2.89745826871254	NA	NA	LOC105369455	Intron
chr11	102040574	102040980	25.9798168870869	-9.38729146053842	5.46365607100092	-1.71813367066839	0.0857722365489738	NA	CFAP300	Intergenic
chr11	103572017	103572756	4.94018551182088	0.000510083228880424	6.01741315263567	8.47678588692226e-05	0.999932365034237	NA	NA	NA
chr11	103640187	103640765	13.4068872630164	-1.08600251728834	6.01065692933812	-0.180679504762207	NA	NA	NA	NA
chr11	103665468	103665832	64.2692809570145	-3.83453706377546	5.07358688686571	-0.755784250724502	NA	NA	NA	NA
chr11	103752532	103753425	65.8175766460383	-8.03624938659053	4.91121442505968	-1.63630595023203	NA	NA	LOC105369463	Intron
chr11	104794497	104794700	48.6545186777824	-5.96748691754696	4.64983952990203	-1.28337480878027	NA	NA	LOC107984380	Intergenic
chr11	107445337	107445869	28.1796308592748	-9.51389092516417	6.12101960798106	-1.55429839054252	0.120113257261832	NA	NA	NA
chr11	107494493	107494949	101.461659295365	-15.925648232779	5.13990334738167	-3.09843340554092	NA	NA	CWF19L2	Intergenic
chr11	107505038	107505532	108.070229629724	-10.3152706778029	5.04979409705974	-2.04271114416506	0.0410810409855131	0.100373265088316	NA	NA
chr11	107633953	107634398	37.4717263314403	15.5226344563116	4.83783880159636	3.20858860596792	NA	NA	ELMOD1	Intron
chr11	108567521	108568146	3.73794466026608	-1.50204361595281	6.02524440591071	-0.249291732378411	0.80313512609842	NA	EXPH5	UTR
chr11	108801765	108802112	75.7854818268184	1.7547005469678	5.229670644691	0.335527926361694	NA	NA	DDX10	Intron
chr11	109136197	109136490	51.0422572094845	-30	6.00754783614553	-4.99371803908068	NA	NA	C11orf87	Intergenic
chr11	109353204	109353752	51.8385098027851	30	6.0071811460588	4.9940228653971	NA	NA	NA	NA
chr11	110041136	110041358	55.6322388935848	-6.42393297534722	4.02167855869908	-1.5973263107893	NA	NA	LINC02715	Intron
chr11	110877752	110878229	11.2584801194988	1.9614279157145	6.01428395348875	0.326128252487434	NA	NA	LOC105369488	Intergenic
chr11	111107670	111108048	69.9321778031992	-12.6524919515256	5.35806438222968	-2.36139229559994	NA	NA	LOC102723966	Exon
chr11	111957972	111958589	115.607006467501	-8.18800794473023	5.31166561182839	-1.54151419594196	NA	NA	DIXDC1	Intron
chr11	112082744	112083459	35.825561382599	-10.8181710773955	5.27904659645919	-2.04926607100827	0.0404361044639123	NA	TIMM8B	UTR
chr11	112453987	112454461	35.7778879508091	10.5441551520808	5.88605876754322	1.79137782487377	NA	NA	LOC124902757	Intron
chr11	112624994	112625735	16.5892730118117	-27.7283593730223	6.01014360895868	-4.61359348080977	NA	NA	LINC02764	Intron
chr11	113222139	113222597	40.8517068457564	1.51147764462692	5.17646774218582	0.291990160067854	NA	NA	NCAM1-AS1	Intron
chr11	114241306	114241892	19.7334395682895	9.58338044071992	5.86263389368381	1.63465442572573	0.102121511358504	NA	NNMT	Intron
chr11	114778586	114779068	20.8729126122809	-16.157720469847	5.47467483079584	-2.95135710690204	NA	NA	NXPE2	Intergenic
chr11	116403790	116404281	62.508684168082	-14.7512150717021	5.21710479777286	-2.82747148916757	NA	NA	LOC107987166	Intron
chr11	116646981	116647388	47.0769600636573	-5.63978548069355	5.31138293591048	-1.06182995064482	NA	NA	LINC02702	Intron
chr11	117194905	117195512	4.43232945695563	-2.4510995069233	6.02802083791485	-0.406617623400778	0.684288851452005	NA	TAGLN	Intron
chr11	117478829	117479339	82.5360929845092	-2.40524192545722	4.96018624603797	-0.484909599388217	0.627740472745387	0.680890123755866	BACE1	Intron
chr11	117626221	117626705	40.8740945694734	-17.6486369229051	5.47423182018049	-3.22394767021817	NA	NA	LOC105369515	Intron
chr11	117782245	117782540	58.8915601585888	-0.850170723197095	5.16383879696423	-0.164639284188519	NA	NA	DSCAML1	Intron
chr11	117870099	117870453	52.9025762643631	-1.72061987619763	3.40360195867997	-0.505529112124774	NA	NA	FXYD6-FXYD2	Intron
chr11	119141667	119141973	62.4577382944891	-9.69458245715006	4.62835138483667	-2.09460813388354	0.0362058415649846	0.0956142249818817	ABCG4	Intergenic
chr11	119752284	119752777	33.0456318464368	-28.2379806028034	5.83408943057875	-4.84016930813523	NA	NA	LOC124902771	Promoter
chr11	120232250	120233168	13.3782297534251	-1.17672939431295	6.01074002503504	-0.195771134571087	NA	NA	POU2F3	Intergenic
chr11	120264255	120264537	113.043316176844	-4.04558811823564	4.3549546358804	-0.928962172166871	NA	NA	POU2F3-AS1	Promoter
chr11	120578355	120578746	101.719020479571	7.04391474290811	4.40221948632835	1.60008258670061	NA	NA	GRIK4	Intron
chr11	121991910	121992130	52.2047089667429	-5.18782644380367	3.86456002950662	-1.34241062480429	NA	NA	MIR125B1	Intron
chr11	122931482	122932113	65.6140425512757	-3.03965874639027	4.00376881944186	-0.759199365265553	NA	NA	LOC124902774	Intron
chr11	123433144	123433649	41.5951030286101	-1.19288040123967	5.4821442558038	-0.217593763603867	NA	NA	MIR4493	Intron
chr11	125330385	125330992	26.5456718695604	9.0472145512094	5.47286637111659	1.65310349964996	0.0983098012236624	NA	PKNOX2-AS1	UTR
chr11	126357268	126357884	20.362828656186	-9.04390192736024	6.12122055457701	-1.4774670911993	0.139550473423203	NA	ST3GAL4	Promoter
chr11	126470938	126471170	45.365855322636	-11.1083000874811	4.98610806786838	-2.22784984526619	0.0258905296636102	0.0888459522316748	KIRREL3-AS1	Intron
chr11	126936274	126936472	87.8112305460245	-11.4639761572768	4.91265151167351	-2.33356185148407	NA	NA	LOC105369559	Exon
chr11	127198255	127198730	19.8689171436087	12.5842481801454	5.83001452957458	2.15852775603009	NA	NA	LINC02712	Intron
chr11	130346506	130347040	90.7790014968804	6.74358531514631	4.7281154401771	1.42627340649147	NA	NA	NA	NA
chr11	130363575	130363883	61.4110784238924	7.55303643777082	3.85635067458966	1.95859688994039	0.0501600141084665	0.104911366297247	ZBTB44	Intron
chr11	131120851	131121263	15.9118318794666	17.7440767887675	6.02134795742126	2.94686122015222	NA	NA	LOC107984412	Intergenic
chr11	133179687	133180409	17.8277499716976	16.54381303947	5.22938346993003	3.16362591012882	0.00155816935818785	NA	OPCML-IT1	Intron
chr11	133450138	133450897	5.34714269927857	10.2651333184738	6.02923474877373	1.7025599012481	NA	NA	OPCML	Intron
chr11	134677680	134678347	61.5692885362522	12.638616954304	4.07030977191133	3.10507496051565	NA	NA	LINC02706	Exon
chr11	135009970	135010176	46.674752004946	-20.4308440288796	5.21796837856821	-3.91547869718708	NA	NA	LINC02717	Promoter
chr12	206321	207021	42.118322840604	-13.6392668824476	5.42301831603277	-2.51506930045287	NA	NA	SLC6A12-AS1	Promoter
chr12	327558	328128	44.505555960332	-18.3998749381527	5.44684385341539	-3.37808012003414	NA	NA	CCDC77	Intron
chr12	340155	341098	102.101803855762	8.9305369063933	3.81797784766143	2.33907509753191	0.0193315472280214	0.0831315297380008	NA	NA
chr12	461954	462206	101.442233243762	8.65496256550034	4.62876936781525	1.86981935753378	NA	NA	B4GALNT3	Promoter
chr12	477758	478216	118.969370210322	-9.29993906622482	3.33668287550547	-2.78718098579146	NA	NA	NA	NA
chr12	664047	664563	92.9167428712798	-27.364059805237	5.38524725197533	-5.08130054663689	NA	NA	NINJ2	Promoter
chr12	1164260	1164724	34.6045937687036	9.16218328821551	6.12089398531691	1.49687011573704	0.13442705752573	NA	RAD52	Intron
chr12	2010179	2010718	102.938827061076	8.1899042481385	3.85755459308884	2.12308187752196	0.0337469913479709	0.0956142249818817	FBXL14	Intron
chr12	2984424	2984912	44.7978426531289	3.74525210115103	4.78710517869833	0.782362609832903	NA	NA	LOC124902859	Intron
chr12	3358018	3358574	17.384020738606	30	6.01849369079218	4.98463594734636	NA	NA	LINC02417	Intron
chr12	3754973	3755456	51.8878457408236	-27.8401570435598	5.72633172050181	-4.86177860494609	NA	NA	LOC107984495	Promoter
chr12	5390076	5390479	46.680094785873	7.33875211115966	4.68493434695689	1.5664578343401	0.117241472529407	0.151979643677483	LOC105369618	Promoter
chr12	5768567	5769251	52.2917614632999	15.504695659906	4.48507932864585	3.45695015044186	NA	NA	ANO2	Intron
chr12	6586200	6586661	80.5922199381591	-30	5.84091466837382	-5.13618186590497	NA	NA	NOP2	Promoter
chr12	6852093	6852359	34.621555734144	12.7430256712231	4.86024907480471	2.62188737142759	NA	NA	USP5	Promoter
chr12	7202612	7203199	31.1262831283848	-9.59110437999831	5.4906754515338	-1.74679863427715	0.0806722735857014	NA	LOC124902869	Exon
chr12	7259917	7260378	13.3465378628316	1.74013227818202	6.01345720896443	0.289373020828676	NA	NA	ACSM4	Intergenic
chr12	7468491	7468914	22.3458693801634	7.45769812938529	6.01243250248192	1.24037951799156	NA	NA	CD163L1	Intron
chr12	8243169	8243634	122.395951872264	-7.54165764735789	3.97879687007951	-1.89546184276736	NA	NA	FAM86FP	Promoter
chr12	8620850	8621202	20.2010349388149	-28.0123727210555	5.8039687931486	-4.8264168398223	NA	NA	AICDA	Intergenic
chr12	10457681	10458169	25.3051679790664	2.5789276071731	5.79908298541482	0.444713002669442	NA	NA	KLRC1	Promoter
chr12	10773962	10774656	20.0841685111913	18.3532027914261	6.0240166212692	3.04667200396257	NA	NA	LINC02366	Exon
chr12	12589888	12591027	39.5225848484044	8.24068623860374	5.65867722366548	1.45629197653117	NA	NA	CREBL2	Intergenic
chr12	13879070	13879490	69.0629733018761	3.8126924873415	4.7596968663296	0.801036829532722	NA	NA	LOC105369667	Intron
chr12	15882034	15882642	21.6750837190233	8.36157485693727	3.69867884013561	2.26069232240523	NA	NA	STRAP	Promoter
chr12	16086241	16086753	92.5777922118776	-25.7598006686106	4.62204586814313	-5.5732464375044	NA	NA	DERA	Intron
chr12	16323200	16323808	33.6481672369373	14.1696403253341	5.85161335021841	2.42149292464876	NA	NA	MGST1	Intergenic
chr12	16632555	16632982	30.191541209055	1.89013575830925	5.87783976949544	0.32156979986399	NA	NA	NA	NA
chr12	16723887	16724720	53.1259975559906	9.55790502288022	5.71095780492678	1.67360806179214	NA	NA	LMO3	Intron
chr12	16885719	16886274	4.84107504703112	-2.36764712334258	6.03823069707971	-0.392109417827916	NA	NA	LOC105369677	Intron
chr12	17837351	17837658	81.3595476902148	0.230755252154154	5.2335289046415	0.0440917125631049	NA	NA	MIR3974	Intergenic
chr12	18138275	18139085	3.97974923095686	2.23519518305776	6.03707453610619	0.370244755086199	0.711200132465932	NA	PIK3C2G	Intron
chr12	18603916	18604305	50.4418786934693	-0.0894734575046654	4.87925052541564	-0.0183375411937971	NA	NA	PLCZ1	Intron
chr12	19109709	19109945	22.8750369530443	-8.24697560947935	5.81918778202891	-1.41720389827392	0.156423322387789	NA	PLEKHA5	Intergenic
chr12	19368801	19369077	19.3063047700218	9.27656462897516	5.85861475857907	1.58340580687457	0.113329000303557	NA	AEBP2	Intron
chr12	21235567	21235983	8.42422250935802	-4.17632661181446	5.83479163437192	-0.715762768153078	NA	NA	IAPP	Intron
chr12	22614303	22614673	32.0452721009305	-25.4584119620797	5.61779188860823	-4.53174707551988	NA	NA	ETNK1	Intron
chr12	25655327	25655983	28.6559556664436	-18.1912065138604	5.87206945931747	-3.09792086757347	NA	NA	LMNTD1	Intergenic
chr12	25802684	25802995	71.1403508134846	1.05027837114315	5.16205086666858	0.203461453261689	NA	NA	MIR4302	Intron
chr12	26434881	26435147	31.9783571465753	-0.0999294569049698	5.53560726022406	-0.018052121873423	NA	NA	SSPN-AS1	Intron
chr12	26889229	26890001	19.5391717476839	8.15798031174966	6.01696497054853	1.35582978323471	NA	NA	INTS13	Intergenic
chr12	26981956	26982419	142.077319077115	-7.54053856136287	4.24727887300867	-1.77538108205768	NA	NA	TM7SF3	Intron
chr12	27205350	27205571	34.5425738333382	9.0337533073165	4.86956779155865	1.85514478779337	NA	NA	STK38L	Intergenic
chr12	27806455	27806961	39.5662305763872	30	6.00763281038674	4.99364740603525	NA	NA	LOC105369709	Intergenic
chr12	28758267	28758471	58.2970702258511	-6.27818815403002	4.02537007827601	-1.55965489680364	NA	NA	LOC124902907	Promoter
chr12	29100923	29101466	18.8089628504385	-30	6.02680777061512	-4.97775956058709	NA	NA	FAR2	Intergenic
chr12	29515479	29515689	56.5513073770536	-7.5429072855032	3.69044256850321	-2.04390317570028	NA	NA	LOC105369714	Intron
chr12	29574068	29574463	25.5402242797253	-1.68104559183203	6.00970289615763	-0.279721913192551	NA	NA	NA	NA
chr12	30584164	30584603	21.9751789120209	8.27019966740526	5.0354148010668	1.64240683124122	0.100505720164115	NA	IPO8	Intergenic
chr12	30802075	30802699	66.2123413479	-18.8237194359082	5.78548180725356	-3.25361310657099	NA	NA	CAPRIN2	Exon
chr12	31701946	31702489	20.0527618227937	9.60677197507176	5.85074527407413	1.64197406057675	0.100595379907326	NA	AMN1	UTR
chr12	31972489	31973981	30.1836716636689	15.0404732507064	6.00834633512997	2.50326336262721	NA	NA	RESF1	Intron
chr12	32171040	32171722	12.1474983137225	16.521641566951	5.88332787019591	2.80821363885689	NA	NA	BICD1-AS1	Intron
chr12	32398877	32399507	17.2429091294402	5.48203244179792	5.70589181555966	0.960766978940735	NA	NA	FGD4	Promoter
chr12	32595015	32595451	3.68047306221952	-1.12647818950437	6.02921079607328	-0.186836756518452	0.85178862679891	NA	NA	NA
chr12	32650144	32650759	20.6781345782301	-0.5025799789256	6.02147802991044	-0.0834645541226156	NA	NA	DNM1L	Intergenic
chr12	33542742	33543213	11.2501112754827	1.19141837404865	6.01311237483946	0.198136721847055	NA	NA	SYT10	Intron
chr12	33885630	33885939	27.0401161854454	-2.71323603478826	6.0101566031732	-0.451441819894633	NA	NA	ALG10	Intergenic
chr12	38437399	38438289	47.7090946134589	-1.82527157987353	4.81030457447634	-0.379450313719944	NA	NA	NA	NA
chr12	38471600	38472131	14.5363436636867	-8.55866878604718	6.12152885510419	-1.398126021886	0.162075226906781	NA	ALG10B	Intergenic
chr12	38648015	38648275	52.5254258631188	-8.60514133359238	4.30734724986366	-1.99778212306072	NA	NA	CPNE8-AS1	Intron
chr12	39305105	39305612	53.7334763422831	-10.4439075882082	6.12075885556656	-1.70630927220893	0.0879505126397897	0.130685087746898	LOC101927019	Intron
chr12	40520087	40520543	19.4011734593691	18.9980029594475	5.98440503950921	3.17458508139441	NA	NA	LOC105369736	Exon
chr12	41102370	41102619	30.4532970791762	-12.3324808401543	4.80486934625992	-2.5666630976665	NA	NA	PDZRN4	Intergenic
chr12	41797258	41798056	1.60954132663637	1.34327539135322	6.0576929304621	0.221747025934302	0.824510819900588	NA	LINC02400	Intergenic
chr12	42002619	42003168	8.54272355835259	-30	6.01369675710724	-4.98861203211565	NA	NA	LOC105378247	Intron
chr12	42018916	42019453	77.8223870095435	-16.7861274762149	4.88141218020075	-3.43878510081575	NA	NA	NA	NA
chr12	42183185	42183508	84.3282697620578	10.3657962041186	4.37190461332926	2.37100237102951	0.0177399172844033	0.0831315297380008	GXYLT1	Intron
chr12	42412448	42412822	38.3279376834788	-28.0577465377084	5.05177012595852	-5.55404261043742	NA	NA	ZCRB1	Intron
chr12	42669828	42670175	11.5571233616173	-8.22696275715081	6.12178672469273	-1.34388261583284	0.178986348367809	NA	NA	NA
chr12	42784014	42784445	56.0029789301128	-11.6658494681752	4.177742098226	-2.79238143329357	NA	NA	LINC02450	Intergenic
chr12	43272992	43273260	35.9061301813037	-23.5967236365489	4.54665949372085	-5.18990341571368	NA	NA	LINC02461	Intergenic
chr12	43441300	43441617	3.88307619090594	10.5082120577352	6.02184119795523	1.74501646793731	0.0809820024483191	NA	ADAMTS20	Intron
chr12	44186471	44186844	41.923028527049	8.10882553800256	3.98310057601889	2.03580737750472	0.0417697013350577	NA	NA	NA
chr12	44267607	44268705	190.906629238909	-12.8860617611297	4.86372894796795	-2.64942020803061	NA	NA	TMEM117	Intron
chr12	44388495	44389926	133.145397795951	9.87141706891307	3.82161114109981	2.58305115419781	0.00979308015262133	0.07153640849665	NELL2	UTR
chr12	44630017	44630519	56.3600665402434	5.11418739151605	5.48317231800627	0.932705940085358	NA	NA	NA	NA
chr12	44689283	44690131	45.4596687954204	-1.45898140498271	5.50746863802875	-0.264909616535721	NA	NA	NA	NA
chr12	44835621	44836369	111.149653494435	-7.73815834877121	4.33882485297571	-1.78346870661629	0.0745100376243059	0.12006168221563	NA	NA
chr12	46405972	46406456	19.2776468713922	-3.04321544427857	5.23380577616814	-0.581453644714079	NA	NA	SLC38A4-AS1	Exon
chr12	46569722	46570160	75.4093662953464	-3.57035350831393	4.32400169980177	-0.825705852168746	NA	NA	NA	NA
chr12	46601207	46601808	6.89105818419852	-7.48286108041802	6.12269374585261	-1.222151783353	0.221650233656257	NA	LOC124902923	Intron
chr12	47491940	47492432	67.2657957764596	-17.1012705959794	5.49834513761566	-3.11025775355297	NA	NA	LINC02156	Intergenic
chr12	47670605	47671709	43.3415476418793	29.4835880337448	5.05694940005856	5.83031106330694	NA	NA	RPAP3	Intron
chr12	47751570	47752342	50.9622456798881	4.41830414855812	5.02414841765758	0.879413540617113	NA	NA	SLC48A1	Promoter
chr12	47868536	47869352	23.7827425457401	-9.26821935631581	6.12111350884872	-1.51413943605483	0.129990478430751	NA	HDAC7	Intron
chr12	47955337	47956488	63.721786709872	12.1036891675031	5.37428143016779	2.25215023157528	NA	NA	TMEM106C	Intergenic
chr12	48034044	48034721	30.873164504852	14.016606819875	5.7970473016356	2.41788726062669	NA	NA	LOC124902927	Intergenic
chr12	49536099	49536391	28.396133025502	-21.0156250313634	5.23260015587938	-4.01628720049441	NA	NA	KCNH3	Promoter
chr12	49924778	49925173	27.533651083705	-30	6.00890240094524	-4.99259232356326	NA	NA	LINC02396	Exon
chr12	50119918	50120459	80.3734564749333	14.8633226235613	4.32111317889619	3.43969759832999	NA	NA	LOC124902931	UTR
chr12	50994347	50995114	26.6425854448033	-13.584968526219	4.70855854766619	-2.88516504333421	NA	NA	SLC11A2	UTR
chr12	51218067	51218343	32.459335248316	9.06986858033052	6.12092208973498	1.48178141256544	NA	NA	POU6F1	Promoter
chr12	52375976	52376657	0.963050828311697	-1.90890750026924	6.07692536994347	-0.3141239005025	0.753426937637048	NA	KRT85	Intergenic
chr12	52899483	52900112	100.107309478355	13.3720094335232	5.46945990270197	2.44485007137858	NA	NA	KRT18	UTR
chr12	53109766	53110131	50.2357134318522	0.645344736952017	4.4341484644043	0.145539722481691	NA	NA	SOAT2	Intron
chr12	53146792	53147465	30.0548149853008	-1.71553638709072	6.00976928622197	-0.285457944454502	NA	NA	LOC124902936	Intergenic
chr12	53379565	53380188	46.4539911349785	5.7609108525883	3.86567275610404	1.49027380641355	NA	NA	SP1	Promoter
chr12	54636455	54637038	54.3325585690996	6.58445323897153	4.97474541504359	1.32357591989737	0.185643926864203	0.224477605442939	LACRT	Promoter
chr12	54642812	54643262	51.0918764699522	9.01239192214077	4.98436682200778	1.80813175353544	0.0705859971843922	0.119446092753972	DCD	Intergenic
chr12	55696920	55697874	98.4996409772711	-1.38621894927754	5.23857353327446	-0.264617636933514	NA	NA	TMT1B	UTR
chr12	56289852	56290488	12.0051529456354	-5.36822219560019	5.69074851515748	-0.943324446916213	NA	NA	CNPY2-AS1	Intron
chr12	56628568	56628962	86.5825197469083	-8.88787280191527	4.41500069131239	-2.0131079071866	NA	NA	BAZ2A	Intron
chr12	56939191	56939845	52.9557033886949	8.7594136747246	4.66309771155109	1.87845381258609	NA	NA	SDR9C7	Intergenic
chr12	56995197	56995808	44.5715942059032	7.44830075482554	5.26309474508722	1.41519412352933	NA	NA	ACKR5	Promoter
chr12	57111514	57112178	12.0927553042298	-11.4333162635481	5.57843062436271	-2.04955784761673	NA	NA	LRP1	UTR
chr12	58676724	58677793	56.8216556448916	-15.8410946264901	5.49401327830399	-2.88333752105169	NA	NA	LOC124902949	Intron
chr12	58952883	58953092	60.0256733908159	-7.33254410354778	4.2987731896645	-1.70572946746234	NA	NA	NA	NA
chr12	59050650	59050858	60.9190684237656	-8.78594347624622	3.63064517930054	-2.41993999478045	NA	NA	NA	NA
chr12	59058407	59058962	1.39055031212924	4.80215399344813	6.12923454059619	0.783483477690678	0.433343252375019	NA	LRIG3	Intron
chr12	60284943	60285663	25.8649291171973	30	6.01617642238279	4.98655589426982	NA	NA	LOC124903071	Intergenic
chr12	60819374	60819824	10.9037390593077	-8.14445752664441	6.12187856672879	-1.33038534460777	0.183391340710964	NA	NA	NA
chr12	61494092	61494584	22.5929879043866	-6.37216570933925	5.3685352540784	-1.18694679419277	NA	NA	NA	NA
chr12	61543098	61543437	33.4259219408351	-14.4066103130537	5.83392057554218	-2.46945602472739	NA	NA	LOC105369793	Intergenic
chr12	62173708	62174167	144.112075756171	-3.31049886492195	3.66661560043491	-0.902875901288721	NA	NA	USP15	Intron
chr12	62755871	62756238	51.4863247264741	4.02730077844894	5.12752854720087	0.785427275806676	NA	NA	LINC01465	Exon
chr12	63426412	63427109	21.9426877225735	-26.3153831513429	5.98478318182131	-4.39704870700672	NA	NA	LINC03056	Intergenic
chr12	64116954	64117360	105.677262611579	-2.93145328967122	4.47769381939174	-0.654679263011653	0.512674279294518	0.566451301598138	LOC105369798	Intron
chr12	64652298	64652916	17.0078324114091	-4.02038889059904	6.00953133297737	-0.669002068187433	NA	NA	MIR548Z	Intron
chr12	65164685	65165126	59.3107364274706	-13.7180192445563	4.83192429316362	-2.83903853045981	NA	NA	LOC124902953	Exon
chr12	65315493	65316118	14.9798968446776	6.26908487799044	5.08087985065371	1.23385812344763	0.217255776328435	NA	MSRB3	Exon
chr12	66290849	66291364	62.494042188985	-1.43147883635958	5.16750239591337	-0.277015611544107	NA	NA	HELB	Intergenic
chr12	66684718	66685232	40.2325367797388	28.4064965782233	5.80955492309485	4.88961666672577	NA	NA	LOC124902956	Intron
chr12	67393340	67393894	26.3088864981847	12.7979785731315	5.82672560047481	2.19642719610626	NA	NA	LOC105369812	Intron
chr12	68164085	68164511	60.2555112155443	2.32800742855525	5.11594398584469	0.455049436623353	NA	NA	IFNG	Intron
chr12	69025349	69025879	29.2683107126774	4.02626380569958	5.79322039989292	0.694995792974491	NA	NA	CPM	Exon
chr12	69294434	69295030	15.771830894835	-8.67707406896778	6.12144599493184	-1.41748764526418	0.156340403979297	NA	MIR1279	Intergenic
chr12	69434457	69434850	32.3050976408685	6.82431538218658	4.71889688634921	1.44616751468503	0.1481302228222	NA	LINC02373	Intron
chr12	70330045	70330442	39.1202728645067	9.61552985857686	6.1208009420755	1.57095941357576	0.116192076504984	NA	KCNMB4	UTR
chr12	70491318	70491713	66.2772423008032	-6.00922270806142	4.71288124002669	-1.27506347009656	NA	NA	PTPRB-AS1	Intron
chr12	70634215	70634630	9.49192186872659	-2.47062564514512	6.01369571173542	-0.410833165423355	NA	NA	PTPRB	Promoter
chr12	73272702	73273241	31.2330839370094	-19.1789673211208	4.94918522948298	-3.87517670724244	NA	NA	LOC105369839	Intron
chr12	73597981	73598339	40.2733753552636	-0.656167881147957	4.42996060472395	-0.14812047774155	NA	NA	NA	NA
chr12	73682124	73682473	5.45896299876476	6.77474955007357	6.12271903519026	1.10649362009522	0.268512923919029	NA	LINC02445	Intron
chr12	74513089	74513461	16.7249443405448	-10.9361825848931	6.01570214038377	-1.81793950725683	NA	NA	LOC107987178	Intergenic
chr12	76256769	76257235	43.2127159085084	-2.25423684495507	5.14799721426173	-0.437886181971904	NA	NA	LNCOG	Intron
chr12	76559324	76559867	64.4813362703842	7.38668088933088	4.28957405093728	1.72200801329374	0.0850680669012737	0.128414852583451	LOC105369850	Promoter
chr12	76801377	76802157	7.86088811069806	-8.61894753084351	6.12244150055498	-1.40776314972748	0.159201215486548	NA	ZDHHC17	Intron
chr12	77425388	77425952	33.3865945931283	28.8498639726404	5.85694162737952	4.92575576266212	NA	NA	LOC124902972	Intron
chr12	77566808	77567485	5.92690926919724	6.61694041113022	6.12295096753439	1.08067832752787	0.27984022682401	NA	NA	NA
chr12	78035833	78036356	38.1431068573687	-14.5114282647454	5.17138211008176	-2.80610249945657	NA	NA	LOC105369859	UTR
chr12	78181053	78181415	43.4406831902334	-7.68506911646362	4.95856899903873	-1.54985624238635	0.121176024263609	0.155348019104497	NA	NA
chr12	78787945	78788371	20.5875559320023	-27.6971663875945	5.87042093099686	-4.7180886538048	NA	NA	SYT1	Intron
chr12	79465565	79466668	72.3297045301641	15.0581565239395	5.98695832759978	2.51515973554078	NA	NA	MIR1252	Intron
chr12	79545782	79546239	64.8901885380188	8.05683152719918	3.9184125715768	2.05614681456502	0.0397683669741841	0.0989579712211183	NA	NA
chr12	80696896	80697793	69.8605329883009	4.37149018015395	5.82040593741792	0.751062765579759	NA	NA	LOC105369867	Intron
chr12	81001142	81001467	52.9219008596347	4.56158411255092	5.30276144765868	0.860228044873674	NA	NA	LIN7A	Intron
chr12	81296782	81297353	11.7038474697228	-30	6.01188630387472	-4.99011433078245	NA	NA	PPFIA2-AS1	Intron
chr12	82488474	82489061	32.6761166698558	-7.80054800079729	5.36245532649007	-1.45465976420601	0.145763476794606	NA	CCDC59	Intron
chr12	82528763	82529433	65.7782132643715	10.1820714480259	4.48524142953305	2.27012784216745	NA	NA	TMTC2	Intergenic
chr12	84382116	84382658	1.82327856486997	-1.64740827565934	6.04480209036849	-0.272533037646385	0.785212191918306	NA	NA	NA
chr12	84530579	84531097	48.850060161991	-10.3063844416668	6.12078702957231	-1.68383320508816	0.092213908033163	0.133667866690273	LOC124903066	Intergenic
chr12	84879636	84879857	37.2342134582471	-6.9404746268407	4.31799933220879	-1.60733573418374	NA	NA	LOC102724680	Intron
chr12	85019645	85020019	11.67597371213	1.09449672255286	6.01269639625494	0.182030930953802	0.855558452011691	NA	TSPAN19	UTR
chr12	85206883	85207314	42.579367715684	10.4861802482756	5.58352364556892	1.87805782045848	NA	NA	ALX1	Intron
chr12	86073983	86074618	25.2908923503608	-12.4078897880434	4.97849192060727	-2.49229887000197	NA	NA	NTS	Intron
chr12	86998504	86998996	109.774796197201	-0.248562047809523	4.87664235567417	-0.0509699152984452	NA	NA	MGAT4C	Intergenic
chr12	87495497	87496141	21.0759363312484	24.805585732866	5.70293401494105	4.34961822596546	NA	NA	LOC105369879	Intergenic
chr12	87715795	87716296	19.131761571929	-18.3822781565631	6.03139304956262	-3.04776657821962	NA	NA	LINC02258	Intron
chr12	87901088	87902078	47.4553308331817	-12.2049349234108	5.35718909416473	-2.27823485579498	0.0227125886050833	0.0870359547237145	MKRN9P	Intergenic
chr12	89693217	89693671	48.6245968344638	-13.5754075169687	5.41855975743708	-2.50535347484841	NA	NA	LOC107984543	Intron
chr12	92200735	92201132	57.1030368230272	14.2369576926606	5.49284803266329	2.59190817004227	NA	NA	BTG1	Intron
chr12	92868560	92869143	14.1470975436001	-3.45048542062662	5.42762066400641	-0.635727077153478	NA	NA	EEA1	Intron
chr12	93015187	93015622	9.86998151043031	30	6.01678506277484	4.98605146884946	NA	NA	LINC02413	Intron
chr12	94092386	94092904	34.416905040369	-12.7085580512826	4.80342558081276	-2.64572810330336	NA	NA	LOC124902986	Intron
chr12	94500680	94501162	96.7332972129963	14.5138178931489	4.09861833894791	3.54114891724086	NA	NA	CEP83-DT	Intergenic
chr12	94755229	94755723	31.7384344963242	-1.72967368020643	5.08461051695279	-0.340178205280318	NA	NA	KRT19P2	Intergenic
chr12	96532664	96533244	20.8362643415657	26.6800836382767	5.10463115871308	5.2266427894083	NA	NA	CFAP54	Intron
chr12	98420200	98420686	31.5049596161171	9.29600027726121	4.98838005813723	1.86353087954821	0.0623876121788898	NA	SLC9A7P1	Exon
chr12	98910985	98911568	9.38126844439259	0.136167489416101	6.01210943832681	0.0226488707188265	NA	NA	NA	NA
chr12	99233259	99234340	16.6261930385063	11.3176468231616	5.48201427672968	2.0645051712476	NA	NA	LOC101928937	Intron
chr12	99502475	99503051	32.0752980490331	10.4004111269436	5.04528848783165	2.06141059168917	0.0392638852344121	NA	NA	NA
chr12	99536765	99537205	59.2370789781864	15.161203794254	5.86664671746265	2.58430488904763	NA	NA	GARIN6	Intron
chr12	100084171	100084496	99.4847934358378	-2.28376498675473	4.8681928498833	-0.46911966250669	NA	NA	BLTP3B-DT	Exon
chr12	100721090	100721665	48.4502359104137	6.09828391043898	4.39066213401116	1.38892124338153	0.164856699972432	0.200879372202912	GAS2L3	Intron
chr12	101221594	101221995	44.1435905611153	-4.15434531893373	4.45626949621513	-0.932247325360856	NA	NA	UTP20	Intergenic
chr12	101398324	101398772	34.0847823358623	0.503461605498808	5.8998285743097	0.085334954932604	NA	NA	ARL1	Intron
chr12	103470050	103470786	1.1916093242897	-1.58098151198878	6.06714752027123	-0.260580694091661	0.794415879326662	NA	LOC105369945	Intron
chr12	103542755	103543287	52.3838568275239	-0.985026882177183	4.3556972748996	-0.226146772837855	NA	NA	NA	NA
chr12	103549419	103549790	11.3099825795696	12.1873989867629	6.0145974567395	2.0263033518738	NA	NA	LINC02401	Promoter
chr12	103665704	103666467	54.4685272329682	6.75090165781544	4.39903058207225	1.53463394533513	0.124873769565764	0.159323642376437	LOC105369946	Promoter
chr12	104172496	104173535	62.9579889531486	-16.35769002106	5.87310540021653	-2.7851858440097	NA	NA	LINC02385	Promoter
chr12	104271229	104271861	6.14755910504354	-12.0231285337568	6.01824919171309	-1.9977784486412	NA	NA	TXNRD1-AS1	Intron
chr12	106107076	106107645	64.1390476672596	6.58823751490694	5.37934148071758	1.22472937227032	0.220677203500783	0.260850360247808	LOC124903007	Intron
chr12	106910629	106911114	133.204202554149	-17.4336569310589	4.96116614464465	-3.51402400620623	NA	NA	TMEM263-DT	Exon
chr12	108146611	108147745	110.897359941441	-8.9127732010607	3.90092637653189	-2.28478375154175	0.0223255108706797	0.0870359547237145	WSCD2	Intron
chr12	108880737	108881261	39.3587525169282	-4.66823693510247	6.00800626348989	-0.777002674493022	NA	NA	NA	NA
chr12	108903714	108903978	48.9351439758454	28.3618040548486	4.52442129283391	6.26860369960905	NA	NA	DAO	Intergenic
chr12	109690653	109691382	52.4940093708346	-2.77173503419119	4.42023554997748	-0.627055957279315	NA	NA	FAM222A	Intron
chr12	110330967	110331459	18.6896501134777	25.3214350534789	5.75284061372104	4.40155338096539	NA	NA	LOC124903014	Exon
chr12	111193994	111194705	2.12868777799391	-0.578112430037274	6.04123685509067	-0.095694382442583	0.92376330258672	NA	MIR6760	Intron
chr12	111333950	111334260	116.68211333335	-8.31345121410223	3.65112578961943	-2.276955572919	0.022788878760054	0.0870359547237145	LOC105369983	Intron
chr12	111735255	111735559	20.8390900316502	-9.07871197446843	6.12121058188344	-1.48315628959705	0.138032891447513	NA	ALDH2	Intron
chr12	111817129	111817325	53.5796846796325	-8.73108286540873	4.94333350914508	-1.76623382769064	NA	NA	MIR6761	UTR
chr12	112329784	112330455	28.8061930843909	13.9342648955726	5.86157610121408	2.37722152795841	NA	NA	HECTD4	Intron
chr12	113000059	113000669	19.925146944628	-4.7399116509553	4.73174313985639	-1.00172632175025	0.316475790331191	NA	OAS2	Intron
chr12	113082521	113083170	57.4758810974773	-11.367224982374	4.43995911168677	-2.56020938401289	NA	NA	DTX1	Intron
chr12	114068193	114068392	47.715588692534	-9.86779781931929	6.02734469131496	-1.63717164434584	NA	NA	LOC105369995	Intergenic
chr12	114442073	114442579	21.5997910934459	-10.0864008060216	5.91694855790218	-1.70466258195722	0.0882573722611439	NA	LOC105369998	Intron
chr12	115117908	115118535	25.5013118798984	-9.47913658512296	4.46648306366454	-2.1222819945825	0.0338140645661446	NA	LOC124903081	Intron
chr12	115509521	115510194	24.9647882368105	-3.39226995076458	6.01245650225191	-0.564206984199226	NA	NA	LOC105370003	Promoter
chr12	115701843	115702247	69.2363120796951	-3.47474310722635	4.59977074970868	-0.755416584064851	NA	NA	LOC105370002	Intergenic
chr12	116700649	116701067	36.8186544131859	-2.09178308006929	5.0487779234879	-0.414314733539359	NA	NA	SPRING1	Intron
chr12	116774583	116775001	23.1563682144362	4.63650006730024	5.23255537068893	0.886087148407909	NA	NA	RNFT2	Intron
chr12	117123927	117124444	58.5941347991253	-1.32330145317099	5.1749039111382	-0.255715173826278	NA	NA	LOC105370010	Promoter
chr12	117272853	117273460	97.0111455162728	7.95537356666739	3.92526207357318	2.0267114443713	NA	NA	FBXO21	Intron
chr12	117396902	117397436	47.8298429403645	24.158387079009	5.20132449993023	4.64466062045024	NA	NA	NOS1	Intron
chr12	117838678	117839056	7.6970319245223	0.518835927274162	6.01487665204443	0.0862587809008207	NA	NA	KSR2	Intron
chr12	118643970	118644442	18.6839724002236	-26.6653639680737	5.77013862745898	-4.6212692085383	NA	NA	LINC02460	Intergenic
chr12	120416175	120416758	15.110498547735	7.9668393441326	6.12144262039561	1.30146435050921	0.193099559387655	NA	COX6A1	Intergenic
chr12	120620428	120620972	41.3467580244394	30	6.00820035581164	4.99317569710895	NA	NA	CABP1	Intergenic
chr12	122078767	122079431	3.75915716406527	0.983942096052032	5.96792573885642	0.164871705699303	0.869044963177056	NA	BCL7A	UTR
chr12	122225807	122226338	67.2058644246982	7.83505389563953	3.15773157832846	2.48122859758302	0.0130930375091771	0.0765173982550865	LOC128125816	Promoter
chr12	123653468	123653850	42.2570965885066	-13.1676955639393	4.843891827903	-2.7184123906499	NA	NA	TCTN2	Intron
chr12	123843876	123844278	31.8209470532638	10.8320276743488	4.82267646694858	2.24606144504703	NA	NA	LOC105370042	Intron
chr12	123853245	123853806	84.4044672908589	0.754133901402811	4.39116807572271	0.17173879213874	0.863642887161828	0.884161400679711	ZNF664	Exon
chr12	124330500	124330923	43.5207617919881	3.28769589678949	6.00750376821998	0.547264891315021	NA	NA	MIR6880	Exon
chr12	125334893	125335389	57.5075773906805	-30	5.41623033471048	-5.53890771737344	NA	NA	TMEM132B	Intron
chr12	126567033	126567653	3.77211684610603	6.24106853857298	6.12371667316224	1.01916350342024	0.308125350127018	NA	LINC02824	Intergenic
chr12	128652137	128652776	82.676816880639	0.0448493377326364	5.17047704768289	0.00867411987695319	NA	NA	SLC15A4	Intron
chr12	128946747	128947398	30.3535452521766	-13.8500765350825	5.41472248239989	-2.55785528807819	NA	NA	LOC100128276	UTR
chr12	129295698	129295941	37.0083457571664	-8.41079154938014	4.4931910010493	-1.87189717673163	NA	NA	TMEM132D-AS2	Intron
chr12	130719419	130719852	85.8496057350189	14.8569330748779	4.58601345387286	3.23961829251314	NA	NA	LOC105370080	Intron
chr12	131004424	131005178	69.7975204879865	4.36756328450763	4.80490020575041	0.908981060476681	NA	NA	ADGRD1-AS1	Intron
chr12	131411528	131412146	73.5166984068546	-0.532000955779639	4.8983812516666	-0.108607502855894	NA	NA	LINC02370	Intergenic
chr12	131677408	131678275	19.3084394581077	-8.00109024323867	5.87567120415048	-1.36173212646528	0.173282438580933	NA	LOC124903057	Intergenic
chr12	132062313	132062820	21.1394166912448	-16.8801373787627	6.01453381431177	-2.80655789790323	NA	NA	SNORA49	Exon
chr12	132512125	132512978	204.476542425167	9.12543242288552	3.74442932170488	2.43706894665877	NA	NA	FBRSL1	Intron
chr12	132852386	132852661	52.0204710864733	-5.47065366431107	5.81653125394423	-0.940535419731714	NA	NA	GOLGA3	Intron
chr12	132918808	132919362	83.5196052789858	-14.0033303121085	4.90841574806059	-2.8529226192059	NA	NA	CHFR-DT	UTR
chr12	132951491	132952096	40.3814689744702	9.48267442616882	4.91421769707535	1.92964068966915	NA	NA	CHFR	Intron
chr13	19722612	19723281	131.006458884502	-1.11115141596198	3.55230008666527	-0.312797733539757	NA	NA	PSPC1	Intron
chr13	21433842	21434404	20.8273373301156	17.2601896006435	5.76681035440414	2.99302188556657	NA	NA	LOC124903131	Intron
chr13	21486630	21487076	42.9882685818721	1.18548460688151	5.52311043520232	0.21464075737571	NA	NA	ZDHHC20	Intron
chr13	22062917	22063398	7.56978197552645	-7.61844747999817	6.12249496427096	-1.24433707572765	0.213375531053741	NA	LINC00540	Intron
chr13	25830367	25831048	21.839003959888	18.8086472741246	5.3009235264547	3.54818310059718	NA	NA	LOC105370122	Intron
chr13	26221843	26222544	78.2964214442338	-1.14298235188178	4.11702017881952	-0.277623694380217	NA	NA	RNF6	Promoter
chr13	28426056	28426501	27.7610950967004	25.3166597312145	6.02417212695443	4.2025126768769	NA	NA	FLT1	Intron
chr13	29203448	29204103	16.4979393352232	0.468827360599218	5.8903465008723	0.0795924926538343	NA	NA	MTUS2-AS2	Intron
chr13	30312263	30312496	33.3585056872001	-1.3666735981078	6.02860186909197	-0.226698267323738	NA	NA	KATNAL1	Intron
chr13	30979350	30980557	97.7999131387602	-18.0576540221863	5.50615447821226	-3.27954002991381	NA	NA	TEX26-AS2	Promoter
chr13	31090087	31090296	71.5006094229327	-7.71336572401906	4.01046691032117	-1.92330865619867	NA	NA	LOC102723392	Intron
chr13	31974207	31974651	15.7722407926581	-15.1481265321066	6.01106486365595	-2.52004043804203	NA	NA	FRY-AS1	Intron
chr13	32424385	32424768	32.4336322313703	14.5514058928446	5.77253434420851	2.52080022831632	NA	NA	LOC124903256	Intron
chr13	32538055	32538544	9.86094782175506	-0.137279610879689	5.06765079937577	-0.0270893982862038	NA	NA	N4BP2L2	Promoter
chr13	34119541	34119839	37.7377232645208	-1.43771570380101	5.88908992845698	-0.244132068157721	NA	NA	LOC124900343	Intergenic
chr13	34632842	34633233	75.5295653730778	-2.28174106344212	3.64646646376159	-0.62574031219482	NA	NA	LINC00457	Intron
chr13	34782422	34782980	57.5288505434556	5.86575378578396	6.00720430818924	0.976453186016589	NA	NA	LOC107987189	Intergenic
chr13	36133068	36133381	41.5076078758366	-12.0401503037631	6.00804660948266	-2.0040041441689	NA	NA	DCLK1	Promoter
chr13	36463679	36464037	57.963023059338	-7.29559373300866	4.31786355887612	-1.68963044652286	NA	NA	CCNA1	Intergenic
chr13	36727788	36728146	87.6444536450551	4.72387448248729	5.20986427352145	0.906717379663007	0.364556270373684	0.411427790850301	SERTM1	Intron
chr13	36933067	36933568	29.380605757248	-8.60938503826091	5.2951385355144	-1.62590364360024	0.103970154907818	NA	SMAD9	Intergenic
chr13	37075662	37075944	49.7026097455344	-4.60962829265505	4.55928246330622	-1.01104248963604	NA	NA	SUPT20H	Intron
chr13	37117403	37117794	14.4244936489701	1.54772183554592	5.83862426853311	0.265083308046943	NA	NA	NA	NA
chr13	37173409	37173749	56.7491813041166	-12.3963688116054	4.89228864858767	-2.5338588341847	0.0112814168863541	0.0725441720034953	CSNK1A1L	Intron
chr13	37531009	37531586	18.9436182847932	30	6.00921812169223	4.9923300157312	NA	NA	LINC00547	Intergenic
chr13	39257254	39257764	59.6359888299853	-15.4748243530484	5.22411234785232	-2.96219210511624	NA	NA	LOC105370169	Intron
chr13	41725750	41726076	24.0223746276411	-9.28375453476596	6.12111341794771	-1.51667742465694	0.129348146756216	NA	MIR5006	Intron
chr13	41824339	41824776	13.4792654362909	30	6.01083146979024	4.99099004035907	NA	NA	VWA8-AS1	Intron
chr13	42194342	42194756	52.9627641740223	-30	6.00748637542778	-4.99376912825105	NA	NA	AKAP11	Intron
chr13	43100296	43100791	67.5289345720488	-7.84720584326489	5.70752518880528	-1.37488764108415	NA	NA	LINC00400	Intron
chr13	43361798	43362132	63.1456968119545	16.482297548606	5.85288181243778	2.81609950051956	NA	NA	NA	NA
chr13	43588461	43588911	23.1996625985252	25.593389039634	6.01746059608802	4.25318764135696	NA	NA	ENOX1-AS2	Intron
chr13	44215296	44216163	30.4463058142516	7.32221027602546	4.86917763318656	1.50378787295003	0.132635994682029	NA	MIR8079	Intron
chr13	44350869	44351311	57.9959241831131	-0.197206980263283	5.49520155116421	-0.035887124144064	NA	NA	NA	NA
chr13	44359639	44359857	17.605242006947	-11.2119431263117	5.69951070403998	-1.9671764311916	NA	NA	LOC105370297	Intergenic
chr13	44388446	44388914	84.1443102631961	-30	5.13443112243657	-5.84290630930956	NA	NA	SERP2	Intron
chr13	45490104	45490700	30.648776136049	-0.400901462152358	5.11137587035447	-0.0784331796997264	NA	NA	COG3	Intron
chr13	46670024	46670224	83.0453124519812	7.99211083136842	4.61693752853702	1.73104157939536	NA	NA	LRCH1	Intron
chr13	47632780	47633329	48.9081455517449	-0.890221848683329	5.21528545637298	-0.170694750293197	NA	NA	LINC00562	Intron
chr13	48631058	48631983	36.938665987424	5.62252550459472	5.38315707352903	1.04446617993793	0.296269758555561	NA	CYSLTR2	Intergenic
chr13	48929796	48930096	37.3550426942389	-16.4209240420491	5.75585852008392	-2.85290612768739	NA	NA	FNDC3A	Intron
chr13	54357520	54358074	91.5994537123887	-26.9129083539716	5.38345546396816	-4.9991884458043	NA	NA	MIR1297	Intergenic
chr13	54717628	54718177	2.38906113483129	-1.00402246456982	6.03131535550431	-0.166468242064896	0.867788473596946	NA	LOC105370213	Intron
chr13	57347208	57347579	23.3056237551352	10.355670537344	5.03207530367975	2.05793234647568	0.0395966281604845	NA	LOC105370216	Intergenic
chr13	57527207	57527632	40.3447448585211	-5.39613790077274	4.99268790776378	-1.08080817396609	NA	NA	LOC105370217	Intergenic
chr13	59062921	59063659	39.187625883121	2.34054239241791	5.23888559135112	0.446763410195846	0.655045892621181	NA	LOC105370224	Intergenic
chr13	64545543	64546227	11.8899441689207	24.9274597797436	6.01549922613411	4.14387216134069	NA	NA	LOC105370240	Intergenic
chr13	65084831	65085169	96.0365083095028	5.04923771786846	5.38794872015087	0.937135444326775	NA	NA	NA	NA
chr13	65354226	65354689	57.4720199961857	-3.69185300787098	5.10810554134415	-0.722744073705944	NA	NA	LOC105370241	Intergenic
chr13	66480809	66481260	27.7198913018303	1.10548278255809	5.09088012767245	0.217149639126058	NA	NA	PCDH9-AS1	Intron
chr13	67509574	67510443	22.9280089831694	-27.7728859758211	6.01196183390845	-4.61960450566693	NA	NA	LOC105370249	Intergenic
chr13	72384236	72384747	80.2864739208586	0.68056927583796	3.96966800723535	0.171442366111603	NA	NA	LOC124900345	Intergenic
chr13	72727577	72728040	32.1949035765507	0.439149103321855	4.76947202510835	0.0920749929992259	NA	NA	MZT1	Promoter
chr13	76402281	76402757	70.7886647541765	25.728364231977	5.2095618013672	4.93868106627026	NA	NA	LOC105370263	Intergenic
chr13	78500834	78502008	44.5253742008727	29.1251648144679	6.00740071670491	4.84821409257401	NA	NA	LOC780529	Intron
chr13	83499226	83499467	54.8752647523747	-7.12400457487233	4.26714438556823	-1.66950164587029	NA	NA	LOC105370286	Intergenic
chr13	87221342	87221902	10.038078711353	-2.35937672104936	6.01538462460586	-0.392223750979839	NA	NA	LOC105370302	Intergenic
chr13	88610373	88610845	18.8765342014907	17.1174742390457	6.01486260971821	2.84586288162077	NA	NA	LINC00433	Intron
chr13	91753657	91754093	60.8833035316449	1.0252159618944	5.92759576043659	0.172956457108149	NA	NA	GPC5	Intron
chr13	95328228	95328674	21.8556888690093	-1.86488558978636	5.88241065104498	-0.317027440009662	NA	NA	ABCC4	Intergenic
chr13	96956353	96956704	72.5478447869728	-1.52884540888647	5.14487256914449	-0.29715904297717	NA	NA	LINC00359	Intron
chr13	97096370	97096824	61.233773682639	-0.840015152773815	5.16742126064273	-0.162559836019511	NA	NA	LOC124903196	Intergenic
chr13	97295552	97295888	44.8306014182056	1.60994616862466	4.60788861416143	0.349389124484653	NA	NA	NA	NA
chr13	97313340	97313844	45.5159568479508	15.2693470754156	6.0075473870527	2.5416939878533	NA	NA	LOC101927385	Intron
chr13	98300704	98301434	62.0755672302163	6.10519772394748	5.35953685659269	1.13912785513128	NA	NA	LOC105370327	Intron
chr13	98857490	98858271	13.9500733407372	30	6.01937118322112	4.98390929664288	NA	NA	DOCK9-AS1	UTR
chr13	99261621	99262294	48.217210329251	-6.64809644452733	5.01407024445482	-1.32588817475775	NA	NA	LOC124903198	Promoter
chr13	99500350	99500901	32.5396577975428	30	5.70796530329241	5.25581330753635	NA	NA	LINC01232	Promoter
chr13	100014557	100014835	11.9969897973804	-3.0228546950226	6.01301324390328	-0.502718782149288	NA	NA	LINC00554	Intergenic
chr13	100098192	100098779	18.1996204875571	-14.364154347855	5.83582111958438	-2.46137673748267	NA	NA	PCCA-DT	Intron
chr13	100278616	100279003	23.8219561826561	-0.727437532114583	5.85462435940016	-0.124250077794763	NA	NA	NA	NA
chr13	100353824	100354233	3.43892893081155	-0.187473843429076	6.02227104736247	-0.031130090617755	0.97516579245063	NA	NA	NA
chr13	100404969	100405537	25.2464954707458	2.37110195586936	5.47304409814013	0.433232751893068	NA	NA	LOC105370335	Intron
chr13	100886618	100887481	25.3436443574089	-14.0130583590557	5.36529752076281	-2.6117952089008	NA	NA	NALCN-AS1	Intron
chr13	100901383	100901916	66.0364142690715	-5.06575941291387	5.38884997199003	-0.940044617913746	NA	NA	NA	NA
chr13	101445359	101445946	2.73682101040616	-6.15213301815296	6.12605021218432	-1.00425768726426	0.315254422926754	NA	ITGBL1	Intergenic
chr13	102775588	102775915	35.9265863696776	9.12626840750575	4.50990181594723	2.02360689433079	NA	NA	TEX30	Promoter
chr13	103366729	103367068	62.3866882216731	1.61002543046345	4.81988664350044	0.334038028183619	NA	NA	LOC105370339	Intron
chr13	104232038	104232454	11.0793701147091	-0.945405665618492	6.01146479804292	-0.157267105003472	NA	NA	LOC105370340	Intergenic
chr13	104750251	104750598	83.1605556550571	14.7676695724764	5.09667981963379	2.89750780804149	NA	NA	LOC107984624	Intergenic
chr13	106001515	106002153	62.3304941270855	-30	6.01143780467104	-4.99048663144935	NA	NA	LOC124903244	Intron
chr13	107298096	107298467	109.036800296736	-13.531106610485	4.23064722989079	-3.19835379203532	NA	NA	SNORD31B	Intron
chr13	107431399	107431932	103.36145380774	-4.14573279955011	5.12958469701613	-0.808200477118874	NA	NA	MIR1267	Intron
chr13	107759343	107759927	101.615533609877	-2.42929751014293	4.87487481908338	-0.498330234169933	NA	NA	NALF1-IT1	Intron
chr13	108167821	108168425	23.2772470048082	0.690430384823249	5.17698109057213	0.133365444598707	NA	NA	LIG4	Intergenic
chr13	109588224	109588579	122.778076042716	-9.69174691319311	4.34448588983799	-2.23081560372027	NA	NA	LOC101927627	Promoter
chr13	109978621	109979138	68.7511349101052	-14.2164995022042	4.87025521971551	-2.91904609940229	NA	NA	LINC00396	Intron
chr13	110068030	110068465	55.2698352400444	-13.6047321265684	4.59824359015435	-2.95868016990193	NA	NA	NA	NA
chr13	110155945	110157459	79.7087821170905	14.3712278446697	4.60433597232897	3.12123787904218	NA	NA	LOC101927712	Intron
chr13	111565229	111565794	24.3401753957697	-6.49746183715312	5.03099610508541	-1.29148615928869	0.196535151414022	NA	LOC102724489	Intergenic
chr13	111639149	111639607	39.1090028488252	13.0247696853883	5.8446980928223	2.22847604419186	NA	NA	LINC02337	Intron
chr13	111953431	111953695	58.2445917671556	-8.21890947683094	3.44512129533356	-2.38566621383215	NA	NA	NA	NA
chr13	111954297	111954855	80.3235499667757	-12.8941899321243	6.0068609758356	-2.14657705313891	NA	NA	LOC105378193	Intergenic
chr13	112446415	112446901	60.6870026361567	15.4840004856165	4.90836150563203	3.15461696695519	NA	NA	LOC105370372	Intron
chr13	113062334	113062852	52.6333355656724	0.137901015443254	4.86355510848549	0.0283539535108087	NA	NA	F7	Intron
chr13	113490928	113491287	30.4000501029009	-5.80694267655229	4.1797652733881	-1.38929875166057	NA	NA	SLC9D1	Promoter
chr14	19873135	19873735	46.8072464050713	-6.26354089237273	4.45985760212796	-1.40442620620537	NA	NA	OR4M1	Intergenic
chr14	19910670	19911222	3.3031663906469	2.73905850752159	6.04705614109814	0.452957347114058	NA	NA	NA	NA
chr14	20429021	20430163	28.4700139430758	10.0134350308294	4.39512091231586	2.2783070660855	NA	NA	RNASE9	UTR
chr14	21057895	21058379	49.6815494264813	16.1928104935639	5.83139179194398	2.77683459992075	NA	NA	RNASE8	Promoter
chr14	21192488	21193303	24.7044888297438	11.7984961686018	5.46588284644761	2.15857099393741	NA	NA	LINC00641	Intergenic
chr14	21366501	21366975	13.1421587067988	18.4422274795157	6.03477591442952	3.05599209333013	NA	NA	SUPT16H	Exon
chr14	21810121	21810633	50.4923886850367	28.6205834968777	5.11702333875889	5.59320948960524	NA	NA	OR4E1	Intergenic
chr14	21902802	21903288	68.2714918665739	-26.6749755673139	4.98867033446851	-5.34711131000319	NA	NA	NA	NA
chr14	22011063	22011665	18.8142435000966	-13.4197293067041	5.88921568274411	-2.27869550541764	NA	NA	NA	NA
chr14	22177392	22177601	23.8659387732715	4.66550242775052	4.98762484984135	0.935415667419118	NA	NA	TRD-AS1	Exon
chr14	23611948	23612248	29.3574373020276	-8.7983473408782	5.52199398003688	-1.59332794868774	NA	NA	DHRS2	Intron
chr14	24670332	24671110	6.51234334084478	30	6.04856772705738	4.95985187795772	NA	NA	GZMB	Intergenic
chr14	24866784	24867420	23.5354710767904	-7.4618116367079	5.82416631134953	-1.28118107172989	0.200130072967301	NA	LOC124903294	Intron
chr14	26340956	26341368	22.7375296002154	30	6.01128466317845	4.99061376743014	NA	NA	LOC105370418	Intergenic
chr14	26495543	26495867	14.0802985115524	-7.52208323360899	5.11488626726709	-1.47062570711432	0.141392367817105	NA	NA	NA
chr14	28146897	28147336	26.9605732021284	2.11900019936534	6.00978905949943	0.352591443457723	NA	NA	MIR3171HG	Intergenic
chr14	32028144	32028558	93.0975412988157	-2.46310563563777	4.01447963270708	-0.613555394719197	0.539509166790487	0.593334907328749	ARHGAP5	Intron
chr14	32300564	32300782	58.5546745990329	-5.46005119519166	3.87341790097108	-1.40962099489002	NA	NA	AKAP6	Intergenic
chr14	33060764	33061206	25.5492203978872	-0.318276929487595	5.15673412951285	-0.0617206397487206	NA	NA	NA	NA
chr14	33220846	33221320	26.8950050265606	14.9021864891988	5.87603438601254	2.53609586163627	NA	NA	NPAS3	Intron
chr14	33822619	33822835	37.5054014297303	20.1048750006212	6.03416869211086	3.33183840665683	NA	NA	EGLN3	Intergenic
chr14	33939416	33939758	17.6567793350661	-3.14243297911152	5.68554047035125	-0.552706113956722	NA	NA	NA	NA
chr14	34111976	34112802	62.6166803175019	9.67472855270163	4.14654046576756	2.33320490480508	0.0196373935437901	0.0831315297380008	EGLN3-AS1	Intron
chr14	34797891	34798219	21.1799491902123	-1.46582422424474	5.90669998834132	-0.248162972072052	NA	NA	BAZ1A-AS1	Intron
chr14	37839244	37840011	14.3364170394698	3.20195253171716	5.30599155359767	0.603459786803865	NA	NA	LINC00517	Intron
chr14	38089821	38090388	11.3373524621553	-0.260661130159455	6.01146095144391	-0.0433606958882177	NA	NA	NA	NA
chr14	38171485	38171677	58.4021479941458	-9.8759110778575	3.89431947480971	-2.53597865859222	NA	NA	LOC105370456	Intron
chr14	38734810	38735395	34.0351719781749	23.4593672859369	5.68725051890079	4.12490485656873	NA	NA	LOC105370457	Intron
chr14	39157333	39157721	91.1986038551551	16.1838547227609	5.19470624576476	3.11545137628439	NA	NA	TRAPPC6B	Exon
chr14	39504887	39505698	19.5903907213365	-0.946920645625274	6.00913236253761	-0.157580260925622	NA	NA	NA	NA
chr14	39697312	39697713	36.5478166392328	0.905071474152273	5.14230260784802	0.176005097944057	NA	NA	NA	NA
chr14	39727562	39727750	36.8678231323054	-1.34084009085921	5.04685921345955	-0.265678124581581	NA	NA	LOC105370462	Intron
chr14	40284896	40285523	24.0144110719217	-1.57603147840931	5.4980276921741	-0.286653972414987	NA	NA	NA	NA
chr14	40345208	40345711	4.16981086089639	-6.75870818499616	6.12413816473921	-1.10361784845263	0.269758945413869	NA	NA	NA
chr14	40434927	40435255	31.0953526171113	13.6655519390126	5.83806936336122	2.34076560048693	NA	NA	LOC105370463	Intergenic
chr14	40522889	40523255	51.9056179813388	-3.20432835699566	4.78619897261787	-0.66949334436947	NA	NA	LOC105370466	Intergenic
chr14	41071903	41072176	57.5809812503455	-30	6.00743393373477	-4.99381272119113	NA	NA	LINC02315	Intron
chr14	42139562	42140058	25.4125545287222	10.2627253831081	5.30539974667288	1.93439248183779	NA	NA	NA	NA
chr14	42356952	42357344	7.36458503747052	-24.4423032996471	6.02785993496999	-4.05488905902536	NA	NA	LOC124903305	Intergenic
chr14	42988506	42988843	40.5901773912609	-6.88951743650428	4.50718138796997	-1.52856449374169	NA	NA	NA	NA
chr14	43305340	43306063	37.182224262802	6.46119944790336	4.996746724847	1.29308123939406	NA	NA	LOC105370470	Promoter
chr14	43424193	43424855	38.4220186738205	4.80401730134337	4.93080773105598	0.9742860730679	NA	NA	NA	NA
chr14	45822339	45822726	60.1854066912111	-15.0833238686518	5.17524849857319	-2.91451200320337	NA	NA	LINC00871	Intergenic
chr14	46442913	46443425	79.6404756962271	-30	5.08859952165971	-5.89553174155374	NA	NA	LOC105370480	Intron
chr14	47339133	47339631	35.7602066592173	6.82325802444586	4.96997222624173	1.37289661065281	0.169784490418438	NA	MDGA2	Intron
chr14	49179849	49180096	71.1102091199093	-8.4075161418931	3.84110397658454	-2.18882805389948	NA	NA	NA	NA
chr14	49285226	49285665	71.7451804540903	-12.9160926096955	4.56636159161046	-2.82853040666459	NA	NA	LOC105378178	Intergenic
chr14	49710328	49710818	35.4241838052647	-13.3185234944467	4.77001158204303	-2.7921365106502	NA	NA	KLHDC1	UTR
chr14	50713856	50715039	101.063899321167	-11.7104373155573	4.31645753789649	-2.71297405632862	0.00666823269621158	0.0597321442300088	SAV1	Intergenic
chr14	51682888	51683343	28.3859059028256	28.1752019195472	5.8460322694555	4.81954266088434	NA	NA	FRMD6-AS1	Intron
chr14	52141308	52141530	61.350879515533	-8.33842808696675	3.78408152171206	-2.20355402998668	NA	NA	LINC02319	Intergenic
chr14	52572380	52573445	12.2116019186875	-1.20623544791256	5.70750371108899	-0.211342034796927	0.83262038457585	NA	GPR137C	Intron
chr14	53488183	53488612	30.1031480422074	-7.70988845735427	3.89209034197163	-1.98091199842207	0.0476011432930716	NA	NA	NA
chr14	53525938	53526589	79.8937926793086	-0.338189850161558	5.01629766915878	-0.0674182180696371	0.946248766262042	0.954301947251506	NA	NA
chr14	53649859	53650869	123.208513643279	-15.3810481959987	4.34745258486308	-3.5379450139496	NA	NA	LOC124903316	Intron
chr14	54360003	54360363	41.9974656710391	-4.03903447520269	4.51370354739293	-0.894838226036266	NA	NA	CDKN3	Intron
chr14	54559567	54560102	44.6823657207818	-1.72373036597992	4.77690953793039	-0.360846348940226	NA	NA	SAMD4A	Intergenic
chr14	55317346	55317909	23.7416741277028	-18.5939028133906	6.02965919766284	-3.08374025858672	NA	NA	FBXO34-AS1	Intron
chr14	55404333	55404995	41.3635706799828	-7.24309313605741	4.99084553973909	-1.45127575645951	0.146703089271007	NA	ATG14	Intron
chr14	55530426	55531005	45.5306548574202	11.790967838339	5.02754847030976	2.34527183735188	NA	NA	KTN1	Intron
chr14	55844804	55845393	29.6986139470774	0.923836552632284	5.50625231550014	0.167779553078539	NA	NA	LOC102723670	Intron
chr14	56388194	56389138	135.296689525796	-16.162711575031	4.9267919108985	-3.28057524395898	NA	NA	LINC02284	Intron
chr14	56429241	56429918	17.2337511409867	26.009435605723	5.49204625958162	4.73583694972454	NA	NA	TMEM260	Intergenic
chr14	56533661	56534482	120.577172090439	30	5.11975394362448	5.85965660270809	NA	NA	LOC101927690	Intron
chr14	56548729	56549582	10.8607117495652	-3.79542627160069	6.02731716821022	-0.629704089842632	NA	NA	NA	NA
chr14	56552161	56552505	31.69165845962	-30	6.0095023538447	-4.99209389290061	NA	NA	NA	NA
chr14	57268257	57268801	32.7642415168936	1.0091367690359	4.52445055451921	0.223040733206364	NA	NA	EXOC5	Promoter
chr14	57997543	57998189	31.7907048110917	-13.3833421496646	5.02128869913985	-2.66532019000565	NA	NA	SLC35F4	Intergenic
chr14	58593423	58593890	48.0273737001149	1.49143846430784	5.11866304057325	0.291372659713269	NA	NA	DACT1	Intergenic
chr14	59702268	59702810	93.5078913689704	30	5.40722516172602	5.54813219400389	NA	NA	MIR5586	Intron
chr14	59823296	59823826	12.2868050289211	-25.5770726276894	6.01141124269976	-4.25475343393785	NA	NA	RTN1	Intron
chr14	60656513	60657118	36.5298924830528	-15.4663258823254	6.00764258295729	-2.57444174961421	NA	NA	SIX1	Promoter
chr14	60706829	60707464	40.484993218436	-3.00785545217331	5.86132189091181	-0.513170153107799	NA	NA	SIX4	Intron
chr14	62497643	62497935	77.0596350260071	-8.11029543517322	5.38318584898671	-1.50659770304974	0.131913806534612	0.165415725654514	LOC105370528	Intron
chr14	63437941	63438587	32.6826848473596	-0.238338995950792	5.83292402388234	-0.0408609806976631	NA	NA	PPP2R5E	Intron
chr14	64739345	64740735	51.8501280829831	15.8956203167762	5.4837952119892	2.89865315940749	NA	NA	PLEKHG3	Intron
chr14	68461693	68462074	54.1555771188332	6.07181180249747	4.92424287203729	1.23304474622419	0.217559070267771	0.257807498267308	LOC124903335	Intron
chr14	68506100	68506647	46.8998029480664	0.755417948726436	5.19914698558196	0.145296517067382	NA	NA	NA	NA
chr14	69005784	69006664	51.4043497798817	-1.98355914928256	5.20154228518288	-0.381340579491766	NA	NA	ACTN1	Intergenic
chr14	69241268	69241812	21.3615567913644	-8.95004065429149	4.76093130386896	-1.87989283672677	0.0601226843688664	NA	GALNT16	UTR
chr14	69624741	69625417	2.51295245273169	-2.67475432382282	6.04999607866687	-0.442108439252444	0.658410737776962	NA	NA	NA
chr14	69627745	69628417	22.4908355471526	30	6.02065347872011	4.98284780979913	NA	NA	SUSD6	Intron
chr14	69829149	69829542	67.1392916457617	-1.22219051660694	5.07278106833888	-0.240931059342397	NA	NA	LOC100506358	Intergenic
chr14	71532573	71532876	43.4377354527048	0.133102745136131	4.61892624735864	0.0288168154259329	NA	NA	SNORD56B	Intron
chr14	72579699	72580372	39.6663396999153	-4.07168469119725	4.79804019222368	-0.848614127450693	NA	NA	NA	NA
chr14	72621683	72622189	46.2870757095028	-29.5639942138103	5.7159841231205	-5.1721617095169	NA	NA	MIR7843	Intron
chr14	72709050	72709593	38.0264401035707	10.4650335726583	4.86834669014206	2.14960729765796	NA	NA	NA	NA
chr14	72748747	72749220	19.5458697573815	2.03105193763673	5.42577927276658	0.374333682874111	NA	NA	DPF3	Intron
chr14	72890387	72890673	50.9301122419328	-7.00652666996549	4.57166631743541	-1.53259800332409	0.1253749337688	0.159323642376437	NA	NA
chr14	72960976	72961585	84.0307307083929	0.722959792702306	4.35555078578304	0.165985848463097	0.868168086973511	0.886878606089319	DCAF4	UTR
chr14	73118648	73119228	13.7983548968291	1.06460388223399	5.9275965798182	0.179601271425701	NA	NA	PSEN1	Intron
chr14	76024422	76024854	28.4511493679143	6.34358471123476	5.40681495554297	1.17325722507508	0.240692670080134	NA	TGFB3	Intron
chr14	76324320	76324907	85.5274796621915	0.4762260916777	4.62149573064444	0.10304587939353	NA	NA	NA	NA
chr14	76359898	76360437	48.2845709279185	-0.632884796842323	5.5507381925032	-0.114018131443687	NA	NA	NA	NA
chr14	76417543	76418153	41.1456460213384	10.2056413689477	4.74160963519459	2.15235798687356	NA	NA	ESRRB	Intron
chr14	76528984	76529282	56.8679240182125	-6.92822573045907	3.83008782095131	-1.80889474454355	NA	NA	NA	NA
chr14	76551118	76551802	22.3246272275063	-25.7706651537851	5.67211883279301	-4.54339302709837	NA	NA	LOC105370577	Intron
chr14	77336309	77336997	44.453491820727	18.5841239118865	5.79427519253177	3.20732503969427	NA	NA	GSTZ1	UTR
chr14	77357713	77358226	56.8147155721818	-15.368282133894	5.08489360529066	-3.02234094296562	NA	NA	SAMD15	Intron
chr14	77555895	77556500	68.2143806090209	-1.63845235609183	4.64384490787534	-0.352822367799844	NA	NA	ISM2	Intron
chr14	78284315	78285051	10.3605346225391	-3.03705404902584	6.01498830429495	-0.504914373126421	NA	NA	NRXN3	Intron
chr14	79103729	79104851	77.9897954513877	-1.80107504617924	4.02539861461793	-0.447427750295032	NA	NA	NRXN3-AS1	Intron
chr14	79245218	79245847	54.1232579343382	-10.4554002237471	6.12075960893778	-1.7081867107605	0.0876017035574242	0.1305761241705	LOC105370586	Intron
chr14	79448601	79449373	108.692871861312	-4.91273648535607	3.7716743054357	-1.3025346537149	NA	NA	NA	NA
chr14	79497630	79497901	55.6254959518882	-8.63772071408618	4.926303091166	-1.75338799790366	0.0795354297597211	0.12280063096452	NA	NA
chr14	79566152	79566819	82.6520146614552	-12.2973134496859	3.84139968906207	-3.20125851124034	NA	NA	NRXN3-AS3	Intron
chr14	79896784	79897621	46.0155300574481	4.22386285158771	5.44451528263347	0.775801450142071	NA	NA	LOC105370582	Intron
chr14	80137989	80138689	97.9070145186306	-5.64220869633986	5.07241527532947	-1.11233177689171	NA	NA	LOC105370591	Intergenic
chr14	81772409	81772885	8.52305640536495	5.53503590182421	5.48110708897039	1.00983903652646	NA	NA	LINC02311	Intron
chr14	84053958	84054182	53.7742806871698	-9.66966517995269	4.30847089573014	-2.24433805263387	NA	NA	NA	NA
chr14	84495844	84496213	42.1094712845662	6.78285308320818	4.06414985079634	1.66894758614256	0.0951277677246739	0.135678605480602	LOC124903402	Intergenic
chr14	85054620	85055544	41.4173143848953	6.30835652903422	4.48888413329259	1.40532843836338	0.159923635601129	NA	LOC105370604	Intergenic
chr14	85341748	85342096	65.8147064683587	-14.2020970485328	4.59487788943529	-3.09085407496612	NA	NA	LINC02329	Intergenic
chr14	86482115	86483395	35.6713980461523	8.5161683827281	5.8303352473133	1.46066529993322	0.144107316290539	NA	LINC02309	Intergenic
chr14	87617785	87618037	116.380410052592	-9.46521478853205	4.37686176491199	-2.16255739772544	NA	NA	LINC02330	Intron
chr14	88479029	88479258	97.8425033168064	7.77212608566225	4.63677806744748	1.67619109058217	NA	NA	NA	NA
chr14	88493639	88494637	4.81039057247574	4.35512218825423	6.05522999605981	0.719233157301728	NA	NA	LOC105370614	Intron
chr14	88946679	88947209	117.933591037602	-12.196592265888	4.46406609674575	-2.73217107488153	NA	NA	LOC124903356	Intergenic
chr14	89780631	89781060	54.3244104700335	-12.3159493620265	5.70366873426195	-2.15930306191252	NA	NA	LOC105370616	Intron
chr14	90004408	90004669	56.747426690181	-22.9987508785106	4.87348253884626	-4.7191614405487	NA	NA	TDP1	Intron
chr14	90609934	90610229	86.8000760991892	30	5.88918990330909	5.09407923543834	NA	NA	TTC7B-AS1	Intron
chr14	91154055	91154329	146.941189707344	-5.63805368576001	3.59710946305262	-1.56738451906198	0.117024840301322	0.151979643677483	SNORA11B	Intron
chr14	91235705	91236568	26.9181275786696	-7.51627922546445	5.48349008342121	-1.37071082670308	0.170465118439171	NA	GPR68	Intron
chr14	92133733	92134043	63.4558553915375	-4.22821670495762	4.80636103151031	-0.879712671860813	NA	NA	CPSF2	Exon
chr14	92470709	92471396	25.2810510672995	-8.39199758373955	5.81649942770946	-1.4427917836217	0.149079134405559	NA	RIN3	Intron
chr14	92937986	92938603	16.8249444112881	-27.7268757700263	6.01054291116279	-4.6130401495898	NA	NA	NA	NA
chr14	92948291	92948808	26.6438656742043	9.74263033641082	5.79175804834183	1.68215423625994	0.0925389356071919	NA	NA	NA
chr14	93092671	93092894	32.8790925502864	7.65560808903455	5.31781602010596	1.43961507131682	NA	NA	NA	NA
chr14	93135531	93136259	76.1360988145332	-3.89722562957005	4.73875146440982	-0.822416127716336	NA	NA	NA	NA
chr14	93321638	93322172	14.2946497110157	30	6.01080578962455	4.99101136353199	NA	NA	GOLGA5	Intron
chr14	93366501	93367001	8.5246349928762	12.3554780025622	6.01593664425237	2.05379124369047	NA	NA	NA	NA
chr14	93486580	93487223	7.64161314859629	7.25955747860093	6.12208284324984	1.18579863495399	0.235701830729148	NA	MIR4506	Intron
chr14	93801512	93801927	85.1137476651583	0.69426457767165	3.96118692382616	0.17526680538495	NA	NA	NA	NA
chr14	93997641	93998303	44.125304478764	-13.1818835949888	6.00879071697731	-2.19376646914071	NA	NA	LOC107984663	UTR
chr14	94106628	94107005	47.4994166353202	-9.29852942196946	4.99396876470848	-1.86195185834573	0.0626098763517143	0.113615944516506	NA	NA
chr14	94746488	94746977	139.498167033135	-8.52109532014496	3.58625893841829	-2.37604017625765	0.0174995573023809	0.0831315297380008	GSC	Intergenic
chr14	94912380	94912828	22.2640037492434	1.12882055332956	5.77321407497183	0.195527229489592	NA	NA	LOC124903369	Intergenic
chr14	95373548	95374172	83.1293483213224	-30	5.48089443913638	-5.47355916687333	NA	NA	LOC105370638	Intergenic
chr14	95844878	95845732	60.1462144680319	-6.41417696271099	4.01433855590288	-1.59781664485654	NA	NA	TUNAR	Intron
chr14	96514080	96514679	53.9651944160856	29.0858726610851	5.98974184435732	4.85594762126279	NA	NA	PAPOLA-DT	Intron
chr14	97304394	97304847	20.502211729979	-8.08741216119933	5.85846919166958	-1.38046508338717	0.167443493197228	NA	LINC02325	Intergenic
chr14	99386399	99387022	27.8841171918584	2.15808377908632	5.48086596445677	0.39374868735733	NA	NA	LOC105370660	Intergenic
chr14	99526127	99527446	95.5970882372913	15.6636381096001	4.35372151449036	3.59775839071636	NA	NA	CCNK	Intron
chr14	100044001	100044874	118.003775193729	-6.69786247549474	4.07485500925156	-1.6437057172066	0.100237004440021	0.13946267485463	LOC124903379	Intron
chr14	102188516	102188756	50.1493158351203	-10.772035599764	4.97110464971333	-2.16692996000098	NA	NA	HSP90AA1	Intron
chr14	102592129	102592621	21.3382407692919	-5.26103226803678	4.97156950498436	-1.05822361786599	NA	NA	RCOR1	Promoter
chr14	103087837	103088597	36.8375597779631	-4.06169702824608	5.39055075175134	-0.753484609513502	NA	NA	LBHD2	Exon
chr14	103613253	103613543	97.3118161860694	7.04397850874176	3.95773230221525	1.77980165682228	NA	NA	LOC105370688	Intron
chr14	103894462	103894981	55.0925817653062	-15.99727155284	5.19621488137338	-3.07863933999048	NA	NA	ATP5MJ	Intergenic
chr14	104025116	104025574	18.5950295342254	30	6.00987332463602	4.99178574646861	NA	NA	ASPG	Exon
chr14	104177698	104178282	24.9998336091445	9.92674931197358	5.83793716628138	1.70038646001678	0.0890582569764295	NA	KIF26A-DT	Exon
chr14	104357429	104357625	64.5213713114019	-8.67838888836989	3.84915441397232	-2.25462217282518	NA	NA	LOC124903394	Intergenic
chr14	104466452	104467171	13.8659883670091	0.352807541143972	5.94502497892048	0.0593450056803691	NA	NA	NA	NA
chr14	104580599	104581075	42.1174231857581	2.79572681505127	5.90403124915837	0.473528458280061	NA	NA	LINC02280	Intron
chr14	105077112	105077846	30.9465943488005	-3.8420569239104	4.48940594296055	-0.855805193988929	NA	NA	GPR132	Exon
chr14	105456658	105457191	72.3950889961313	3.9378402264706	4.18278481082805	0.94143983125229	NA	NA	CRIP2	Intron
chr14	105605388	105605620	64.5755106137762	-10.1684569304788	4.03255297358495	-2.52159289588675	NA	NA	MIR8071-1	Intergenic
chr14	105954247	105954451	61.0598791435451	-7.86342953615872	3.99150305067621	-1.97004222126965	NA	NA	MIR4537	Intergenic
chr14	106510054	106510528	44.8079718447612	-14.4069418228001	4.45241338222855	-3.23576015657131	NA	NA	LINC00221	Intron
chr14	106578796	106579334	16.8301172000206	-3.59924432355426	6.01088901090904	-0.598787353588141	NA	NA	NA	NA
chr14_GL000225v1_random	95568	96439	30.5767780759954	1.65981301262211	5.46054353048274	0.303964798257981	NA	NA	NA	NA
chr15	19845563	19846483	15.8435264795984	4.66454544112295	5.68186994080054	0.820952519104255	NA	NA	NA	NA
chr15	19928770	19929356	19.3690595189791	-9.92931973296147	5.52640964867384	-1.79670353162187	NA	NA	CHEK2P2	Intergenic
chr15	23486025	23486576	59.8443828084411	10.2251991198023	4.9717845799107	2.05664564814793	0.0397203238758701	0.0989579712211183	LOC105370729	Exon
chr15	25050124	25050611	43.0926587406047	30	5.79991525553481	5.17248936893884	NA	NA	SNORD116-1	Promoter
chr15	25055815	25056766	17.8734232052562	4.81869935974297	6.00978705830264	0.801808668592649	NA	NA	SNORD116-3	Promoter
chr15	25228652	25229831	40.2619254275237	-4.8315578333719	5.96726567477524	-0.809677010660982	0.418125834205216	NA	SNORD115-32	Promoter
chr15	26260666	26261120	18.6275107215612	3.18709822877475	6.00963229103614	0.530331653324043	NA	NA	LOC124903568	Promoter
chr15	26560898	26561447	51.3891941197421	-11.2882864339084	4.67012554958675	-2.41712697315113	0.0156435591035478	0.0831315297380008	LOC105370740	UTR
chr15	26816999	26817682	11.6863848475774	9.80031457762765	6.04404120895338	1.62148374552938	NA	NA	LOC112268151	Intron
chr15	28180582	28181200	51.991634088009	-2.30476014401498	5.77027724106123	-0.399419308246462	NA	NA	MIR4509-2	Intron
chr15	28693741	28694043	12.5414228754986	-30	6.04280072205385	-4.96458536031343	NA	NA	GOLGA6L7	Intergenic
chr15	28984934	28985304	85.2839291817586	15.2558689083123	4.59300424146042	3.321544702833	NA	NA	NA	NA
chr15	31325434	31326561	71.3242470408037	12.8950715578432	3.95098027720307	3.26376510463669	NA	NA	LOC105370939	Exon
chr15	31575705	31575910	100.605659887052	6.67374189674662	3.88662329945063	1.71710541067614	NA	NA	NA	NA
chr15	33042913	33043661	109.160468605031	11.5368067659088	4.26303467249753	2.70624277122049	0.00680492782367189	0.0597321442300088	LOC124900367	Intron
chr15	33919933	33921032	65.2013802843006	-2.87274168031705	4.22593927061884	-0.679787733886761	NA	NA	NA	NA
chr15	33922153	33922742	31.2560713052704	27.1232163095163	5.30603383896823	5.11176843809773	NA	NA	CHRM5	Intron
chr15	34423664	34424217	0.792029805127043	-4.35094209731841	6.1398649232787	-0.708638081079314	0.478549098313246	NA	MIR1233-1	Intron
chr15	35308134	35308474	30.9039778189508	-0.989105356934859	5.48308022309808	-0.180392282565581	NA	NA	MIR3942	Intron
chr15	36633435	36633792	39.8899466137804	-4.44094041650305	4.69992307128137	-0.944896405568674	NA	NA	CDIN1	Intron
chr15	36736074	36736798	36.8585832311883	-0.757316326468283	5.52949769172226	-0.136959334950442	NA	NA	CSNK1A1P1	Intron
chr15	38055361	38056766	16.7949639785528	-17.0937790601454	5.41967393987965	-3.15402351686954	NA	NA	LINC02345	Intron
chr15	39437381	39437930	34.1355107610514	-4.4610300104247	5.27290815499522	-0.846028392548161	NA	NA	LOC124903468	Intergenic
chr15	39675057	39675568	4.284175954735	-1.35533440305952	6.0221175696011	-0.225059439208075	0.82193303434056	NA	LOC105370785	Intron
chr15	40083588	40084135	18.8759570809307	-9.8913740639467	5.93103298366866	-1.6677320950976	0.0953689211309608	NA	LOC105370787	Promoter
chr15	40654179	40654811	49.8309670825071	-12.0175998232974	4.27960904394594	-2.8081069321736	NA	NA	RAD51	Intron
chr15	41554465	41554860	42.7810660506601	-15.9105062912807	5.87555697951151	-2.7079145597195	NA	NA	TYRO3	Promoter
chr15	41722420	41722871	12.0502441610534	-0.0175291038211156	6.01073734297216	-0.00291629842079373	NA	NA	MIR626	Intron
chr15	41922800	41923028	93.3309149717099	7.44236069298832	5.23829696843529	1.42075959760094	NA	NA	EHD4-AS1	Promoter
chr15	42154787	42155876	112.695310356058	14.3216043410562	4.37586753431075	3.27286057650556	NA	NA	PLA2G4F	Promoter
chr15	43307154	43308025	74.8132505614715	-1.62325426420511	5.50802263764361	-0.294707260843713	NA	NA	TGM7	Intergenic
chr15	44259952	44260487	8.30952848318548	1.2251663297394	5.97169234885958	0.205162332244622	NA	NA	GOLM2	Intron
chr15	44577661	44578234	18.0019785068092	-8.00120101680873	5.05786318367555	-1.58193306664224	0.113664851286501	NA	EIF3J	Intron
chr15	45242523	45243017	51.6937536948475	-7.9296501618154	3.89696675210615	-2.03482622927942	0.0418683608887995	0.100739101833964	SLC28A2	Exon
chr15	45752579	45753140	55.6902698156771	-22.0547647690238	5.26523479521024	-4.18875237797314	NA	NA	LOC105370802	Intron
chr15	46406083	46406741	88.231975641375	-14.0406829313608	5.06132081504392	-2.77411439512533	NA	NA	LOC124900371	Intron
chr15	46666867	46667490	2.72514062056657	9.57528655841812	6.02633078325921	1.58890822671362	0.112081113598097	NA	LOC105370803	Intron
chr15	47531669	47532155	73.0799239107716	-11.848443198619	5.73207694852433	-2.06704189511435	0.0387302064275072	0.0989579712211183	LOC105370804	Intron
chr15	47727081	47727524	43.8484772736904	13.1537683636901	5.40498831571464	2.43363493043018	NA	NA	LOC124900354	Intron
chr15	47945405	47946295	56.7674600920223	2.11278908687457	4.64233594365795	0.455113355111863	0.649027690507488	0.699179830228522	LINC01491	Exon
chr15	48016163	48016643	59.4691477259155	-15.0630310741553	5.23931591729038	-2.87499958237782	NA	NA	LOC102724553	Intron
chr15	48529061	48529833	15.5536644085835	-8.65659181603218	6.12145984649598	-1.41413846257398	0.157321251913949	NA	LOC124903488	Promoter
chr15	48944777	48945376	33.7861623059399	14.1509211590439	5.46696415769799	2.58844227817337	NA	NA	SHC4	Intron
chr15	49215779	49216260	53.2605010470796	-12.5451463138336	4.34422962107163	-2.88777238039711	NA	NA	MIR4716	Intron
chr15	50810907	50811385	37.501260923485	2.94785199776838	6.00812901602595	0.490643924240864	NA	NA	SPPL2A	Intergenic
chr15	52203439	52204075	104.59462416595	-1.14236499768649	4.61989515896558	-0.247270762296319	NA	NA	LOC105370820	Promoter
chr15	52705443	52705876	49.3816950042531	16.5749295837797	5.53346271569724	2.99539916240155	NA	NA	ATOSA	Intron
chr15	56563663	56564226	10.6031780378115	25.3998257680761	6.01191748901085	4.22491256982557	NA	NA	LOC105370832	Intron
chr15	57028848	57029313	125.851679742826	4.31820740828561	4.14718594044993	1.04123795515595	NA	NA	TCF12	Intron
chr15	58113825	58114540	11.0462000195041	3.3387479114887	6.01229471852012	0.555320067927493	NA	NA	AQP9	Intron
chr15	58357577	58357898	96.0244294171871	-16.5187742899844	5.21569195417712	-3.16712996762681	NA	NA	LIPC	Intron
chr15	60957412	60958133	23.5903514909911	3.09105606873717	4.99815177839861	0.618439816513042	NA	NA	RORA-AS4	Intron
chr15	61187360	61187769	74.3359176599004	-2.56939663756899	5.14302786609677	-0.499588317323079	NA	NA	LOC107984805	Intron
chr15	62945360	62946299	31.0593965534695	-0.0946479274396922	4.64511366521658	-0.0203758043960113	0.983743585138117	NA	LOC105370854	Intergenic
chr15	63058009	63058454	81.4599622789916	-12.5364593306165	4.37843713477689	-2.86322697910686	0.0041935003939105	0.0484809557735019	TPM1-AS	Intron
chr15	63355277	63355777	60.7822260062642	8.06217349209806	4.84694416324748	1.66335183995525	0.0962420274167172	0.136582996992587	LINC02568	Intron
chr15	65613870	65614226	13.0498470703186	22.7884363719945	6.04984557403573	3.76677984472797	NA	NA	SLC24A1	Promoter
chr15	66200194	66200554	8.41290567562217	-1.54952883430067	6.01427173784475	-0.25764197260165	NA	NA	DIS3L	Intron
chr15	66851603	66852220	24.2997389881755	-9.2917234476146	5.3921970097573	-1.72317951862683	0.084856066338579	NA	SMASR	Intergenic
chr15	67374340	67374828	28.8036913185678	-8.61550937106796	5.6725287567714	-1.51881281532217	NA	NA	AAGAB	Intron
chr15	68180910	68181395	36.1349455997503	0.779998468094419	4.74609963915408	0.164345152314047	NA	NA	CALML4	Exon
chr15	68486025	68486333	32.3940620313144	-23.4818310679828	5.26756282844228	-4.45781698913818	NA	NA	LOC105370873	Intron
chr15	68512011	68512272	69.9253962523435	10.1772555985864	4.97869848699339	2.04415985928331	NA	NA	NA	NA
chr15	70038687	70039300	19.6104178890096	8.61922390581659	5.84505162627563	1.47461895239215	0.140315016640918	NA	LOC101929129	Intergenic
chr15	70766211	70766558	6.42130533287126	30	6.01901154326245	4.98420708855117	NA	NA	UACA	Intergenic
chr15	71170052	71170449	39.5737073894388	0.659914683223634	5.11953272429967	0.128901350721204	NA	NA	THSD4-AS1	Intron
chr15	72972608	72972905	80.7189851492038	-3.02420056884654	5.94153161254412	-0.50899343234355	NA	NA	NEO1	Intron
chr15	73870340	73870858	5.07297644105808	1.60669691338588	6.02190410166285	0.266808784441157	NA	NA	LOC102723657	Promoter
chr15	74719504	74720348	27.2456741023198	-27.8659626982851	5.41047365189601	-5.1503739766887	NA	NA	CYP1A1	UTR
chr15	74756721	74756997	48.1334241522091	-7.79760477088283	4.3363263795207	-1.79820522913331	NA	NA	CYP1A2	Intergenic
chr15	75585582	75586601	91.9516164801185	-2.5513106674477	5.25894241342976	-0.485137593621947	NA	NA	PTPN9	Intron
chr15	75607541	75607797	60.9305908666171	-7.81162700557848	3.58420872368915	-2.17945650150032	0.0292977726983675	0.0891473302352232	SNUPN	Intron
chr15	75973088	75973692	9.85113701819685	-0.328783501142981	6.01175942385064	-0.0546900629187835	NA	NA	FBXO22	Intron
chr15	76989646	76990331	17.9846256382872	4.23014482352955	5.70913762535853	0.740942871080971	NA	NA	PSTPIP1	Intergenic
chr15	77784563	77785030	51.2518505514912	7.06814595970907	6.00798659695076	1.17645834351501	NA	NA	NA	NA
chr15	77793940	77794248	88.4473778115012	-17.6348734091682	4.59872537991827	-3.83473070302832	NA	NA	LINGO1	Intron
chr15	77839808	77840261	64.9812848682887	1.66747801457844	4.84477142899353	0.344180946205103	NA	NA	NA	NA
chr15	77908123	77908693	65.0874477003269	15.7673221762731	5.11465285276784	3.0827746535604	NA	NA	LOC124903533	Intergenic
chr15	78035469	78035938	52.3138536948084	13.9448258207573	5.88832616475677	2.36821558972411	NA	NA	TBC1D2B	Intron
chr15	78046729	78047224	49.9913606992255	-9.09898242800107	4.42764981089502	-2.05503660330395	0.0398754694161046	0.0989579712211183	NA	NA
chr15	78218387	78218804	49.8301698288787	13.1032867298832	4.55288066571088	2.87802112376193	NA	NA	ACSBG1	Intron
chr15	78397993	78398599	71.7470831289858	-4.33138578823206	5.018565312109	-0.86307251552174	NA	NA	LOC105370912	Intron
chr15	78579323	78579664	87.0316906168529	4.66796895396746	4.73742313232784	0.985339249541291	NA	NA	CHRNA5	Intron
chr15	80540036	80540244	63.9204372600476	-8.33868753591092	3.80608422284399	-2.19088360837167	NA	NA	ARNT2-AS3	Intron
chr15	80582914	80583808	16.6132999661326	1.1533111747568	4.51287268990816	0.255560316898785	NA	NA	MIR5572	Promoter
chr15	81989345	81989573	62.0315703946004	-16.3377147884652	5.93642374429054	-2.75211398178546	NA	NA	LINC01418	Intron
chr15	82714857	82715657	49.7124926268017	20.4836395393453	5.72880580861846	3.57555138429191	NA	NA	AP3B2	Exon
chr15	83204901	83205171	58.9634627090877	-9.44270187510784	3.8149679443935	-2.47517201002564	NA	NA	HDGFL3	Promoter
chr15	83428003	83428347	17.9456659544495	-1.71298273886605	6.0101340470265	-0.285015729343598	NA	NA	LOC105370934	Intron
chr15	84835122	84835474	46.7694729357776	0.882322302576511	4.87635419795065	0.180938928297563	NA	NA	ALPK3	Intron
chr15	84955648	84955913	51.9761136820912	-6.05833847949314	4.23340403001469	-1.43107967879742	NA	NA	PDE8A	Intergenic
chr15	85284181	85284761	17.8795325601084	-3.08095268851743	5.72042789616318	-0.538587802248831	NA	NA	LOC727751	Intron
chr15	85698994	85699664	58.5155628203946	15.3791504638951	5.88302864337496	2.61415529248085	NA	NA	MIR1276	Intron
chr15	88142456	88142842	61.4069814030296	14.9000689066807	5.20894750308043	2.86047592107028	NA	NA	NTRK3-AS1	Intron
chr15	88404914	88405535	48.5023155422552	13.3217095348009	5.4598633530884	2.43993460518849	NA	NA	MRPS11	Intergenic
chr15	89630920	89631492	41.9162828134995	-12.5284835492065	5.018598940435	-2.49641059146291	NA	NA	KIF7	UTR
chr15	89652425	89652814	80.5929504665369	-15.3288733707127	4.33669399272119	-3.53469103340957	NA	NA	NA	NA
chr15	90641460	90642116	5.55316186445132	-2.13269879850597	6.02187296433114	-0.354158716256288	NA	NA	LINC01585	UTR
chr15	90930499	90930826	33.5578929437109	30	6.00812031821144	4.99324221405252	NA	NA	UNC45A	Promoter
chr15	92426455	92427380	38.7158069732201	-2.74822691760525	5.44000917533708	-0.505187919547021	NA	NA	ST8SIA2	Intron
chr15	92483504	92484159	4.41576557663604	0.0220706649490986	6.01870475651652	0.00366701239584852	0.99707415398238	NA	C15orf32	Intron
chr15	92586102	92586795	41.5714562952586	11.8811426890703	6.00906917126123	1.97720185114405	NA	NA	LINC00930	Intron
chr15	92825030	92825330	70.8451532243966	15.7678982163713	4.85559418479939	3.24736739032542	NA	NA	CHASERR	Intron
chr15	93088105	93088937	19.8809270357306	-7.05327298856188	4.34127395179346	-1.62470119759386	NA	NA	RGMA	Promoter
chr15	93132212	93133030	8.1533808630353	-1.09449371515277	6.01363569461607	-0.182001998580103	NA	NA	LOC105370982	Exon
chr15	94461760	94462021	79.045591044822	8.14106944131166	5.64810968202912	1.44137948793992	NA	NA	LINC02852	Intron
chr15	94967833	94968452	5.31553174902548	1.7569071495445	6.02458298960956	0.291623030602217	0.7705748646063	NA	LOC105370989	Intron
chr15	98590103	98590501	27.1900605291025	0.409678286174129	5.13587220209089	0.0797680063003404	NA	NA	IRAIN	Intron
chr15	99168073	99168714	22.1571434043732	6.86168352412654	5.42280374858578	1.26533871448252	0.20574993411648	NA	TTC23-AS1	Intron
chr15	99872458	99873058	10.0894232557936	0.598199627454302	6.01204341046272	0.0995002175821383	NA	NA	DNM1P46	Intron
chr15	100010164	100010899	6.72610577371984	-5.01223095785876	5.52201611068836	-0.907681335474036	NA	NA	NA	NA
chr15	100033700	100034085	64.0813648491161	-30	5.8547234316705	-5.12406783174731	NA	NA	LOC105371022	Intron
chr15	100957815	100958382	15.9561529366349	7.33431564020597	4.78458544526656	1.53290514384311	0.125299228306197	NA	ALDH1A3-AS1	Intron
chr15	101153491	101154270	62.3985485809983	-0.545597798610027	5.43504840961635	-0.100385085373791	NA	NA	LOC124903564	Intergenic
chr16	274110	274898	36.6214593643725	-8.92047095993687	4.76789577721764	-1.87094504090492	NA	NA	RGS11	Promoter
chr16	684176	684652	21.117025798989	7.59771758601853	3.95756314367293	1.91979693316207	0.054883554414917	NA	JMJD8	Promoter
chr16	725152	725674	195.430531436651	1.82350425755361	4.87129296180541	0.374336807876524	NA	NA	HAGHL	Promoter
chr16	2153483	2154274	47.6441225105987	-6.1060451355845	4.6230009761972	-1.32079685187677	0.186569109696662	0.225022284977654	SNHG19	Promoter
chr16	3523312	3523995	42.6047294382792	10.4214911058136	5.77532076678038	1.80448697598893	0.0711549990722805	0.119446092753972	C16orf90	Intron
chr16	4224243	4225119	154.268965858882	-3.34173630607258	3.78622357657589	-0.882604061404823	NA	NA	SRL	Intron
chr16	4960050	4960570	64.3040995166468	-7.61137929731656	4.12689506343633	-1.84433555501622	0.0651342529019884	0.114406320999689	PPL	Promoter
chr16	5376573	5377304	118.091878494835	-1.20994638375613	4.90388080137456	-0.246732421272757	NA	NA	RBFOX1	Intron
chr16	5905963	5906642	3.25201570876008	6.02696553223359	6.12423277731285	0.984117644019087	0.325057672585593	NA	MIR8065	Exon
chr16	7363411	7363878	20.7709799631004	-12.2402165016079	5.38806018991831	-2.27172972649985	NA	NA	LOC124903640	Intron
chr16	7785603	7785978	21.0974309625935	0.427311928900116	4.82402531703706	0.0885799515584991	NA	NA	LOC124903641	Intron
chr16	8326465	8326688	49.6614878143839	-26.7813707629941	5.194991516618	-5.15522896954201	NA	NA	LOC105371069	Intron
chr16	8534527	8534759	58.1531147232058	-9.21348888594567	3.73326591981727	-2.46794337286229	NA	NA	TMEM114	Intergenic
chr16	10576622	10577312	36.6104485259873	-3.46586334942519	4.94857087109937	-0.700376621797317	NA	NA	EMP2	Exon
chr16	11354423	11355087	22.2766031303229	5.86244475930413	5.87759056805172	0.997423126267095	0.318559170622361	NA	LOC105371083	Intron
chr16	11671391	11671996	21.0065671262464	-3.66715298143706	6.00895214427725	-0.610281608737648	NA	NA	SNN	Promoter
chr16	13218094	13218854	40.675680213175	-19.7593004904748	5.90785165103181	-3.34458304941083	NA	NA	LOC105371091	Intron
chr16	13464428	13464619	54.7357211393473	-7.86148937249998	4.53890887612461	-1.73202185526409	NA	NA	LOC107984137	Intron
chr16	14105824	14107319	17.346878775752	6.51729163877398	5.06578338657432	1.28653184343542	0.198257512902138	NA	LINC02186	Intron
chr16	15021367	15021885	40.8514539220407	-1.00748433393769	5.93734935147013	-0.169685877366847	NA	NA	MIR1972-1	Intron
chr16	16048357	16048896	40.7743811635508	-28.973898047602	6.01122815694633	-4.81996312419467	NA	NA	LOC105371100	Intron
chr16	16863453	16864137	34.5971715871726	-29.3213798397715	6.00938392267332	-4.87926553155347	NA	NA	LOC124903652	Exon
chr16	17099272	17100013	8.97244169651049	2.85637100015577	6.0251984867298	0.474070855333112	NA	NA	NA	NA
chr16	20105226	20105425	31.5896144439837	5.55801215580277	5.31660254581527	1.04540674385704	NA	NA	GPR139	Intergenic
chr16	20385683	20386201	26.4025202469762	-13.9147964086156	5.45238861910538	-2.55205514145811	NA	NA	PDILT	Exon
chr16	20479636	20480053	39.1739906181894	10.3005697514529	5.80034911345674	1.77585340985006	0.0757570818101963	NA	ACSM2A	Intron
chr16	20978328	20978763	32.4730009323668	-10.6767010673225	5.79840238990561	-1.84131771984461	0.0655750124885002	NA	DCUN1D3	Intron
chr16	21059833	21060179	63.4713551391433	-9.91670315914438	4.35488516600322	-2.27714458157473	0.0227775932124057	0.0870359547237145	LOC107984888	Intron
chr16	22258137	22258376	27.5364073057747	-10.0474710997323	4.47741375894605	-2.24403453436866	NA	NA	LOC124903666	Intron
chr16	23641275	23641974	48.3880773451838	6.18195467942985	4.37706707206738	1.4123509138986	NA	NA	PALB2	Promoter
chr16	24027857	24028711	15.6653914220449	12.2233292596103	5.92708941994445	2.06228190492271	NA	NA	MIR1273H	Intron
chr16	24094663	24095222	17.5317434694045	7.48871719936373	6.00767294757438	1.24652544582796	NA	NA	NA	NA
chr16	24829158	24829414	114.936130028442	14.3620175357309	4.89013048294133	2.93693953276527	NA	NA	LINC01567	Intergenic
chr16	25513669	25513874	53.4302200605974	-6.47623746045709	4.63182892946113	-1.39820307681582	NA	NA	LOC105371147	Intron
chr16	26178150	26178436	36.7691493262124	7.74970713806971	4.91087258728249	1.57807131020643	0.114549228349569	NA	LOC102723536	Intergenic
chr16	26441006	26441344	18.2583782104947	-7.15716601403231	5.87754496377152	-1.21771352803734	0.223332854423073	NA	NA	NA
chr16	26641404	26642137	32.5914341463576	-21.4383175515227	6.03855548113434	-3.55023939392464	NA	NA	LINC02195	Exon
chr16	27518678	27518899	24.2200718884054	-5.1210489337608	4.35434461390252	-1.1760780066443	NA	NA	GTF3C1	Intron
chr16	28006352	28006676	104.039473005987	-17.1146626179977	5.53189692953801	-3.09381444303717	NA	NA	GSG1L	Intron
chr16	28076061	28076562	104.51753998784	3.70436495447742	4.8370115496268	0.765837525189127	NA	NA	NA	NA
chr16	29997950	29998554	10.0795291038339	-1.89056758439467	6.017856900344	-0.314159611254065	NA	NA	HIRIP3	Promoter
chr16	30019223	30019613	38.1510612701874	17.4434082212274	5.95375700183807	2.92981527728496	NA	NA	C16orf92	Intron
chr16	30698173	30698803	199.51467140794	7.38490132013082	2.9737361192544	2.48337479318186	0.01301440770234	0.0765173982550865	SRCAP	Promoter
chr16	30735698	30736065	70.1874670900115	-15.812121694854	5.10078136757702	-3.09994107870674	NA	NA	TMEM265	Intron
chr16	31377278	31377690	35.2241675925146	6.36283009878912	6.00811283013107	1.05903971491333	NA	NA	ITGAD	Intron
chr16	31914150	31914612	16.8769141737713	-8.77463275548133	6.12138265128834	-1.43343967455368	0.151732227066873	NA	NA	NA
chr16	31976589	31976996	29.5566883356888	-20.860409651424	5.62132673312098	-3.71094060918288	NA	NA	ZNF267	Exon
chr16	35616670	35617304	15.1656121964444	-4.61825130708414	5.68534981421171	-0.81230732637416	NA	NA	TP53TG3HP	Intergenic
chr16	35837144	35837518	18.8169223251455	2.68117418781063	6.00949922818114	0.446156008347159	NA	NA	NA	NA
chr16	35864119	35864577	71.9865411091682	-12.8714721499496	3.96232052735905	-3.24846817946064	NA	NA	LINC02167	Intron
chr16	46689105	46690179	127.228115566786	4.86194029519956	3.42976471315743	1.41757254558832	0.156315600330454	0.190962872568647	ORC6	Promoter
chr16	47057188	47057685	43.3664207873247	4.41184742590281	5.10851077651325	0.863626919646836	0.38779287121038	0.43661240131525	DNAJA2-DT	Intergenic
chr16	47805723	47806092	87.4801399545651	0.324421324998739	4.38740645345269	0.0739437589018985	NA	NA	LOC105371236	Intron
chr16	47902906	47903652	6.47633093467479	-0.763551355750602	6.01502697221537	-0.126940637054098	NA	NA	LINC02192	Intron
chr16	48004720	48005121	44.1292957866187	-17.0284495485629	5.11183029378274	-3.33118444273742	NA	NA	LINC02134	Intron
chr16	49465670	49466324	36.9178094867349	-3.21588081023096	3.79044130145579	-0.848418575693507	NA	NA	NA	NA
chr16	49488689	49489358	5.29142468752169	6.45332831615563	6.12324900100791	1.05390591091321	0.291925996420628	NA	LINC02179	UTR
chr16	50247649	50248104	130.940092641854	-1.85110250357166	4.65633317064199	-0.397545114521184	NA	NA	ADCY7	Promoter
chr16	50874704	50874982	63.8582547016813	-15.6380300213746	5.2234020922403	-2.99383998115059	NA	NA	LINC02128	Intron
chr16	50897041	50897319	45.1841184154406	2.74914222738387	5.49301611295806	0.500479549094827	NA	NA	NA	NA
chr16	51812230	51812567	33.3133999706762	13.6758783508954	5.46390688501942	2.50294864804358	NA	NA	LOC105371257	Intergenic
chr16	52432933	52433514	29.5826580530259	1.70218930773578	5.75743697698208	0.295650532440223	NA	NA	LOC107984901	Intergenic
chr16	52734400	52735162	14.836482330113	7.24759497979795	5.92831094251259	1.22253961542817	0.221503632365208	NA	CASC16	Intergenic
chr16	52743488	52744694	37.4344028663775	8.39247496143607	6.01289414156747	1.39574633509984	NA	NA	NA	NA
chr16	53438050	53438724	48.005360722093	14.671044730226	4.33508882998816	3.38425469594498	0.000713717627777824	0.0159807260797904	RBL2	Intron
chr16	54018471	54018908	8.61311618527925	-0.698045106638728	6.01275432474545	-0.116094067533398	NA	NA	LOC105371271	Intron
chr16	54220864	54221805	7.4177328887665	-2.05621924971644	6.01714554285965	-0.341726693341578	NA	NA	LINC02169	Intergenic
chr16	55240468	55240945	81.2934276999018	0.456864532142766	4.93722264898699	0.0925347233907923	NA	NA	NA	NA
chr16	55245555	55246161	59.7719332894137	-2.24363899399402	5.4696033169719	-0.410201410225148	NA	NA	IRX6	Intron
chr16	56005925	56006182	76.7532737305403	-1.53382270748437	4.8945424066562	-0.313374076685594	NA	NA	LOC105371281	Intron
chr16	56187990	56188428	24.599206706616	-29.0413655736555	5.83314007551747	-4.97868475601097	NA	NA	GNAO1	Promoter
chr16	56848045	56848518	66.1143372633589	-12.9865506634862	3.87059387007357	-3.35518297693148	NA	NA	MIR138-2	UTR
chr16	57669975	57670736	30.1123537480341	1.22465880368402	5.47101613540644	0.223844853199841	NA	NA	ADGRG3	Promoter
chr16	59720708	59721081	79.6036579658757	-14.8574465806391	4.63529134088012	-3.20528861899285	NA	NA	APOOP5	Intron
chr16	59729012	59729203	87.292139937682	-0.477565185821275	3.80448682722675	-0.125526833843552	NA	NA	NA	NA
chr16	59966868	59967269	45.3937722795074	14.5803349010957	6.00747552582489	2.42703192687475	NA	NA	LOC105371300	Intron
chr16	62343529	62344001	45.2920180956777	-13.6168917433757	4.83140674137163	-2.8184113804316	NA	NA	CDH8	Exon
chr16	62869873	62870453	13.9826395786055	7.79588653867964	6.01574731945432	1.29591322984404	NA	NA	LOC102723560	Intron
chr16	63180557	63181241	93.7497184174986	-6.88106618212346	3.88680175574589	-1.77036715905336	0.0766659969023957	0.121620527293874	LOC105371307	Exon
chr16	64278004	64278307	17.5554634803365	-8.81893950730802	5.03615698154609	-1.75112482387327	0.0799244110982967	NA	LOC105371311	Intron
chr16	65949782	65950258	83.5368000322441	2.40015283788974	5.0977148446866	0.470829167777292	NA	NA	LOC105371316	Intergenic
chr16	66552201	66552831	81.5786341076175	-8.23381324744742	4.99107580730479	-1.64970711031811	0.0990028552262268	0.13946267485463	CKLF-CMTM1	Promoter
chr16	66722122	66722832	4.06768246782743	-10.695911528002	6.02620554223133	-1.7748998856819	0.0759144191843344	NA	CMTM4	UTR
chr16	67394023	67394477	21.3916021633266	-9.11610812340208	6.12119181620287	-1.4892701286164	0.136416250395772	NA	TPPP3	Promoter
chr16	67575390	67575986	13.6556212337953	30	6.01940436325468	4.98388182444335	NA	NA	LOC124903703	Intron
chr16	68071848	68072158	80.5635575474308	-12.403278955757	3.85473721834386	-3.21767172525599	NA	NA	NFATC3	Intron
chr16	68753093	68753565	12.4079548360012	-9.28194620686419	5.98571320062685	-1.5506834182921	0.120977570173402	NA	CDH1	Intron
chr16	68963469	68964035	57.9873229734938	14.1219803438534	4.78329243496678	2.95235562865006	NA	NA	TANGO6	Intron
chr16	72562584	72563017	54.8817345972082	13.7416450414406	5.83016897378637	2.35698915472705	NA	NA	ZFHX3-AS1	Intron
chr16	73053502	73053933	13.3214444667656	8.06164699655193	6.12140344530974	1.31696057425014	0.187851840312473	NA	HCCAT5	Intron
chr16	73076038	73076323	74.9452562342984	0.512527477529219	4.35603855469023	0.117659077415045	NA	NA	NA	NA
chr16	73452290	73452813	16.0991720923984	-0.0787033925897108	6.0098773696664	-0.0130956736300394	NA	NA	LOHAN2	Intron
chr16	74037754	74038132	4.94930963824784	11.1996352109727	6.01852689599666	1.86085987559885	NA	NA	LOC107984856	Intron
chr16	74216925	74217363	6.46636745062981	-3.57136634378158	6.03284631704946	-0.591986958740937	NA	NA	NA	NA
chr16	74262680	74263285	43.157711810478	-15.8924788692483	5.8203596843024	-2.73049772372496	NA	NA	LOC124903722	Intron
chr16	75043222	75043933	12.1480358603193	18.3650392690661	5.44402816767141	3.37342840695137	NA	NA	WDR59	Intron
chr16	75273225	75273965	15.74119350683	-1.8194172585499	6.02228851227341	-0.302113931413603	NA	NA	BCAR1	Intergenic
chr16	75675815	75676171	118.882850344629	-0.16097554589604	4.25399863242882	-0.0378409961556877	NA	NA	CPHXL2	Promoter
chr16	77063147	77063667	43.2898923278125	-16.7882878327704	5.42506872620685	-3.09457606530795	NA	NA	LOC124903724	Intron
chr16	77410618	77411088	17.3504103390316	-19.6114210684723	6.02630092706427	-3.25430497179404	NA	NA	ADAMTS18	Intron
chr16	77599680	77600186	42.6283990969465	-2.97866542976953	4.56544382534628	-0.652437209550728	NA	NA	LINC02131	Intron
chr16	78312890	78313403	52.1564368682422	9.06556305421899	5.85066359907373	1.54949313025863	0.121263221663848	0.155348019104497	WWOX-AS1	Intron
chr16	79146723	79147393	23.242280766656	6.41865169334463	6.01097286717748	1.06782243659645	NA	NA	NA	NA
chr16	79253414	79253742	113.025560977009	10.463040484441	4.68507740677749	2.23326950143984	NA	NA	LOC107984806	Intergenic
chr16	79386329	79387013	37.3881637390455	-29.4760992598669	5.38771750171737	-5.47098084680037	NA	NA	NA	NA
chr16	79405813	79406182	59.9443174792352	-30	5.06170050698888	-5.92686192290079	NA	NA	LOC124903729	Intergenic
chr16	79545024	79545649	18.5029150102139	-26.8740705350971	5.80162362293358	-4.63216373238433	NA	NA	NA	NA
chr16	79564444	79564941	175.592218292559	-2.71279438859544	4.54980530165929	-0.596244060730709	NA	NA	LOC101928230	Intergenic
chr16	79769132	79769677	79.649017568059	-1.86050893783321	3.5421005060043	-0.525255829042517	0.599405359094521	0.654650092651619	MAFTRR	Promoter
chr16	80236295	80236792	27.8301647740124	8.15879574927233	5.84902325850438	1.3948988384359	0.16304634746057	NA	LOC105371357	Intron
chr16	81143612	81144072	67.6697390256649	3.61188083264858	4.33328033812327	0.83352115506399	NA	NA	BCO1	Intron
chr16	81164481	81165049	44.7484337564509	-1.06715362050308	5.90775082597643	-0.180636193356497	NA	NA	NA	NA
chr16	81231002	81231282	43.7241160284466	-4.3988665897506	4.35301595731352	-1.01053307244602	NA	NA	NA	NA
chr16	82130067	82130636	20.8494799118239	-0.754489312989126	5.16265413826861	-0.14614368748749	NA	NA	HSD17B2-AS1	Intron
chr16	82331085	82331507	29.3946381600593	13.7660808712717	4.85040352766407	2.83813105296445	NA	NA	MPHOSPH6	Intergenic
chr16	82632175	82632937	62.2314180944718	-9.71785392875119	5.00403835603794	-1.94200228641843	0.0521368235031109	0.107379634969252	CDH13	Intron
chr16	82841125	82841524	111.534943633316	0.953938989315091	4.28541726159738	0.222601191688744	NA	NA	LOC101928446	Intron
chr16	82934388	82934734	41.4048653588852	-8.08317118854525	5.24453506891274	-1.54125600884217	NA	NA	NA	NA
chr16	83187565	83187921	86.9519003620014	9.50519138542179	4.42096149258812	2.15002808808842	0.0315529930791349	0.0923098000217702	LOC101928417	Intron
chr16	83384044	83384657	20.1850745460194	11.7919874509843	5.37485446216527	2.19391753469616	NA	NA	CDH13-AS1	Intron
chr16	83477045	83477744	2.50321915470401	-0.491783146888203	6.01400657520803	-0.0817729646182156	0.934827255165019	NA	MIR3182	Intron
chr16	83953138	83953638	8.09976200906935	-1.66195183199921	5.65332451743485	-0.293977787207112	NA	NA	NECAB2	UTR
chr16	84280723	84281479	35.6294275872408	-20.8405115945829	5.26500199047906	-3.95831029736925	NA	NA	WFDC1	Exon
chr16	84868479	84868733	52.6126300901876	13.4346007066475	4.82571437325954	2.78396101955222	NA	NA	CRISPLD2	Intron
chr16	85781308	85781697	28.610396323879	13.1024770500983	5.90405561280802	2.21923333880432	NA	NA	LOC101928557	Exon
chr16	86221765	86222647	50.4683217332431	3.08225966694458	4.70823875490758	0.654652371596879	NA	NA	LOC124903743	Exon
chr16	86725466	86725976	39.1930115906227	-0.22273463492985	4.58131007703587	-0.0486181094893189	NA	NA	LINC02189	Intron
chr16	87124685	87125461	25.8394706194389	-18.8851065644043	6.01339891712919	-3.14050453406808	NA	NA	LINC02181	Intron
chr16	87135621	87136348	30.9227900520609	9.27834736756916	5.16135719218793	1.79765651205318	NA	NA	LOC101928708	Intron
chr16	87166537	87167259	1.91964597258947	1.46304300835488	6.0514173283593	0.241768651700568	0.808959430710361	NA	NA	NA
chr16	87609837	87610060	22.6623273370458	-9.82699192599316	4.94458778518659	-1.98742389718182	NA	NA	LOC124903750	Intron
chr16	87846769	87847390	41.3045620794687	17.5259505050824	5.76620247171621	3.03942683092536	NA	NA	MIR6775	Intron
chr16	89133272	89133829	20.1349585119133	30	6.01091345112695	4.99092196950124	NA	NA	LINC00304	Intron
chr16	89179174	89179616	39.251973773442	28.6008731870676	6.00862590464544	4.75996902469089	NA	NA	CDH15	Exon
chr17	1522453	1522997	27.8841008682501	11.5401398451777	5.35087409819585	2.15668312006606	0.0310303631004258	NA	PITPNA-AS1	Intron
chr17	2296936	2297581	25.8342577969674	30	6.00828050391001	4.99310909010938	NA	NA	SRR	Exon
chr17	2389409	2389712	67.1322451719946	1.38997676575435	5.55067861711714	0.250415644938972	NA	NA	MNT	Exon
chr17	3073685	3074284	23.0533580237113	-0.646422090100004	6.00914640233092	-0.107573030646958	NA	NA	OR1D5	Intergenic
chr17	4116016	4116618	142.915374299189	-12.2145598647253	5.06786904141103	-2.41019642869944	NA	NA	ZZEF1	Intron
chr17	4405115	4406010	11.7789519732637	-3.62177920744891	6.01107926124945	-0.602517293491168	NA	NA	SPNS3	Intergenic
chr17	4574346	4575182	20.3481433040966	1.87316077902195	5.09136882626973	0.367909071791673	NA	NA	SMTNL2	Intergenic
chr17	4617944	4618233	94.8131037040461	0.508736629935402	4.93493896506046	0.103088737983848	NA	NA	LINC01996	Intron
chr17	5536399	5537164	41.9536326196114	11.4421055271033	4.0869295587161	2.79968258877889	0.00511528780068452	NA	SMIM48	UTR
chr17	7329381	7330725	132.485299784144	10.5366344499552	3.17960269523909	3.31382108391467	0.000920303750301885	0.0176409552291841	CTDNEP1	UTR
chr17	7786069	7787130	46.4634031863931	10.4303784304532	4.41819966244183	2.36077570670236	0.0182367567401726	0.0831315297380008	RPL29P2	UTR
chr17	8618005	8618750	11.0983583782964	-26.8988439355951	5.86395464369926	-4.58715074893997	4.49336234985642e-06	NA	MYH10	Intron
chr17	8633177	8634156	33.490057461092	-0.723273303025002	5.48708683604321	-0.131813715480866	NA	NA	NA	NA
chr17	9078229	9078980	36.7684181614855	-11.288645665156	4.70227098060397	-2.40067952521657	NA	NA	NTN1	Intron
chr17	9817013	9817343	23.56784411579	28.0625413086993	6.00842508892372	4.67053194362553	NA	NA	GSG1L2	Intron
chr17	12500691	12501181	56.144928718056	-16.1209724103409	4.74977146105491	-3.39405222809614	NA	NA	LINC00670	Intergenic
chr17	13173237	13173706	48.5102069063506	-14.525534193438	5.86194331518926	-2.47793835805269	NA	NA	LINC02093	Intron
chr17	14618424	14619008	43.061784923904	13.6643921420211	6.0075292759142	2.27454441159452	NA	NA	LOC105371545	Intergenic
chr17	14766925	14767300	27.430261982133	-2.47387360860468	5.74946428532022	-0.430278976585885	NA	NA	NA	NA
chr17	16073610	16075176	63.3705076885684	-7.05682941122505	5.6767331938034	-1.24311451151661	NA	NA	TTC19	Intron
chr17	16362964	16364310	74.9612330484019	29.1791462113202	5.14743437045247	5.66867765790577	NA	NA	CENPV	Intergenic
chr17	16729334	16729814	19.9698877744565	1.58675488995584	5.43257291615195	0.29208165531256	NA	NA	CCDC144A	Intron
chr17	16944269	16945060	19.5863334139372	12.0769715118236	6.01066440352797	2.00925733014389	NA	NA	TBC1D27P	Intron
chr17	17141376	17142032	24.6686554155512	27.1447268749898	5.78575762523351	4.69164604417632	NA	NA	PLD6	Exon
chr17	17236658	17237253	41.9689882203012	5.16249199737991	3.19137005072371	1.61764129992045	0.105739923138416	NA	FLCN	Promoter
chr17	17388137	17388578	61.23384371403	2.1488913993137	4.51405392697318	0.476044689336399	NA	NA	NT5M	Intergenic
chr17	17423159	17423661	123.596903606277	1.27470725719054	4.09185225264899	0.311523285418068	NA	NA	MED9	Exon
chr17	17750594	17751488	10.3198608295297	0.276802394010515	6.01225947281862	0.0460396620042659	NA	NA	RAI1-AS1	Intron
chr17	17802409	17803351	2.22861019234106	1.34207763775386	6.03851562341262	0.222252904761948	0.824117011769219	NA	MIR6777	Intron
chr17	18290080	18290562	23.7113826708905	27.5383370741425	5.82842595611091	4.72483261887705	NA	NA	LLGL1	UTR
chr17	18329887	18330496	46.1457753346419	0.364222637958546	5.17016014751992	0.0704470707997817	NA	NA	NA	NA
chr17	18604460	18604819	31.2516375207738	12.4094591132188	5.47132495245422	2.26809031104111	NA	NA	LOC107985051	Promoter
chr17	19533815	19534421	47.7143882983169	2.63720309777609	4.38520233774739	0.601386867619609	NA	NA	SNORA59B	UTR
chr17	20161929	20162401	31.1430655204368	4.38273709851631	5.10430181876625	0.858635961220579	0.390541391419204	NA	LOC100131943	Intron
chr17	20927564	20928175	28.9248918144828	-29.0663687874083	5.78325843440188	-5.02595018311928	NA	NA	CCDC144NL	Intron
chr17	21255959	21256342	2.54048791970663	-0.22294087868432	6.03007789182642	-0.0369714757725615	0.970507749221198	NA	NA	NA
chr17	21257375	21257925	43.8585854411178	-7.67148628381675	4.40600679400924	-1.74114263605937	0.0816585794096078	0.124858602065013	NATD1	Intergenic
chr17	21648847	21649471	9.36729046780746	0.632743392303225	6.12178946388326	0.103359221357778	NA	NA	LOC101930665	Intergenic
chr17	21668658	21669179	8.86230866141054	-4.51146862086911	5.94015532138392	-0.759486642483625	NA	NA	NA	NA
chr17	21763233	21763786	6.64557423076476	-30	6.01570373562279	-4.9869477152525	NA	NA	KCNJ18	Intergenic
chr17	22133072	22133386	79.0391308155674	-11.0006516758626	5.75561079087062	-1.91129179431513	0.0559670929850491	0.109166010278807	UBBP4	Intron
chr17	27476357	27476978	49.6897106639269	-3.05010456113658	5.39689432860762	-0.5651592148041	NA	NA	KSR1	Intron
chr17	28192066	28192543	64.7800001939193	-7.93724689433943	4.67376873268742	-1.69825409606339	0.089459814494816	0.130876395279453	NA	NA
chr17	28204295	28205360	56.2797967637299	30	5.86472107935999	5.11533278293157	NA	NA	PYY2	Exon
chr17	28435449	28435858	30.009149808345	-4.69586650616024	6.00795904271446	-0.781607609634867	NA	NA	SLC46A1	Intergenic
chr17	28679775	28680327	45.097492475791	8.57981007361381	5.74629646786578	1.49310257860754	0.135410337675583	0.168463254746001	SUPT6H	Intron
chr17	28734597	28734864	33.4210687301508	-6.41763823184901	4.49166196309179	-1.42878922870489	NA	NA	TLCD1	Exon
chr17	28975988	28976185	31.5438538672908	-0.967795338755518	6.02726135448088	-0.160569665364855	NA	NA	LOC105371716	Intron
chr17	29464497	29465019	31.4893133714297	-1.15236343131508	5.52468496245925	-0.208584460316833	NA	NA	MIR4523	Intron
chr17	29576336	29576946	62.6822083282261	-0.303649484811153	4.521214177607	-0.0671610485331773	NA	NA	ABHD15	Exon
chr17	30406910	30407278	60.7510209165341	6.25660052413239	4.56132469044451	1.37166304719313	NA	NA	CPD	Intron
chr17	31079968	31080377	44.3169591225874	-0.0608321502299594	5.43804138761354	-0.0111864081006297	NA	NA	NF1	Intron
chr17	32669692	32669950	29.30802010124	10.0764526391098	4.64969602733034	2.1671207278673	0.0302256498069708	NA	LOC105371734	Intron
chr17	32679656	32679850	56.8310531147221	-7.96886957557118	3.81801194984934	-2.0871777459695	NA	NA	NA	NA
chr17	33802878	33803339	53.5052324402814	11.9015707136899	5.81609627237184	2.04631597489641	NA	NA	NA	NA
chr17	33926066	33926592	15.0937466974334	26.2192909933375	6.01180440386636	4.36130140502827	NA	NA	LOC124903983	Intron
chr17	34041281	34041838	56.2620521993541	9.17194187537684	5.06890392404944	1.80945269683659	0.0703807026834858	0.119446092753972	LOC107987247	Exon
chr17	34109573	34110095	58.4164196348828	-11.9641467451985	4.04339788008635	-2.9589338224966	NA	NA	LOC107985035	Intron
chr17	34670652	34671430	39.4027849966518	13.6082936665346	6.00754564001191	2.26520021352807	NA	NA	TMEM132E	Intergenic
chr17	34731209	34731766	97.9113362009348	10.0553663651562	3.82758108741882	2.62708121278163	NA	NA	NA	NA
chr17	35167875	35168463	23.6636659669511	-0.741108850405153	5.89853132618464	-0.125642945577866	NA	NA	UNC45B	Exon
chr17	35791915	35792166	46.4594128086607	-8.47415142579725	4.02035444347283	-2.10781202128964	NA	NA	NA	NA
chr17	35801415	35802020	29.4327637498521	2.61083192808094	4.56052753056494	0.572484632662116	NA	NA	C17orf50	Intergenic
chr17	35920046	35920338	78.044966659344	-6.43116096457308	4.64440472981183	-1.38471156987941	NA	NA	NA	NA
chr17	35931981	35932560	92.0070126981362	16.8972952236642	4.91431007790848	3.43838605130419	NA	NA	LRRC37A8P	Intron
chr17	36192752	36193300	25.1913963542866	8.89445957690371	6.02087838581582	1.47726942930081	NA	NA	LOC128966706	Promoter
chr17	36734006	36734556	117.332877064578	-7.4479360621878	4.14503734814624	-1.79683207571548	0.0723622825302586	0.119446092753972	LOC105371751	Intron
chr17	36748971	36749574	46.8611330778777	-2.69136983639876	5.51258866262187	-0.488222503276475	NA	NA	NA	NA
chr17	36841420	36841788	24.3670318024449	-6.24146920234478	6.00838115495357	-1.038793818398	NA	NA	NA	NA
chr17	36922053	36922269	95.6825452840475	-0.35940523263237	5.25489526796145	-0.0683943664536239	NA	NA	MIR2909	Exon
chr17	37443794	37444143	36.1173047598047	-3.60072197602663	5.85849206986187	-0.614615831700106	NA	NA	MIR378J	Intron
chr17	38588804	38589344	59.642444180179	3.26361127252209	4.7763684429423	0.683282981936724	NA	NA	MIR4734	Intron
chr17	38799521	38800012	6.57052344622847	-0.793733419192714	4.87970030268967	-0.162660280336317	NA	NA	MIR4727	UTR
chr17	39230883	39231330	74.5171568176329	-0.243187569644214	4.85053771373024	-0.0501362083951706	NA	NA	STAC2	Intergenic
chr17	39444964	39445656	41.1102772208248	8.52617732300394	5.44826105721244	1.56493553327753	0.117598025944549	NA	MED1	UTR
chr17	40055382	40055835	50.5181400214739	13.3087193530582	5.16646171920051	2.57598334728738	NA	NA	THRA	Promoter
chr17	41817920	41818837	199.195303436145	-2.43265280446475	3.6523580726255	-0.666049920651957	0.505379192655415	0.561006410582357	FKBP10	UTR
chr17	43403519	43403821	62.7006245120914	9.62847900584144	4.33815553540351	2.21948681352336	0.026453623345671	0.0888459522316748	ARL4D	Intergenic
chr17	44359960	44360483	27.0731831701725	0.155568697351159	5.4864057064903	0.0283553032119234	NA	NA	FAM171A2	Exon
chr17	44441602	44441987	62.9040670498003	-2.56672255242434	5.07801631380561	-0.50545772085178	NA	NA	ITGA2B	Intron
chr17	45268911	45269363	30.3202200244748	30	5.69452367300958	5.26821938456266	NA	NA	SPATA32	Exon
chr17	45824024	45824728	60.1973316358001	28.8764694726698	4.58073760228737	6.30389076603089	NA	NA	LOC105371802	Intron
chr17	49162407	49162793	43.1236403239341	0.713796851991643	5.46244416547877	0.130673528253644	NA	NA	B4GALNT2	Intron
chr17	50163930	50164467	46.0060118871397	8.60396289226419	4.65389808214398	1.8487647860781	0.0644917841865046	0.114063827255236	SGCA	Promoter
chr17	50271002	50271764	7.49798833833953	5.2754770021285	5.76362298511315	0.915305705413855	0.360031164747775	NA	TMEM92	Promoter
chr17	50778747	50779126	36.6278805840386	14.2749166875378	5.84877771672669	2.44066664505193	NA	NA	MIR8059	Intergenic
chr17	51395949	51396627	65.3633950989731	-1.577046717993	3.64317681714616	-0.432876798779248	NA	NA	NA	NA
chr17	51469750	51470220	10.5270864091566	-0.627664581604073	6.01150860728724	-0.104410493705891	NA	NA	LINC02073	Intron
chr17	52138586	52138761	65.7060029718217	-8.22892610261254	3.77381884218282	-2.1805302391921	NA	NA	CA10	Intron
chr17	53953061	53953506	14.2885587208301	8.1450587618609	5.06703234738284	1.60746137057283	0.107953196820966	NA	LOC107985001	Exon
chr17	54597341	54597705	98.2880052608004	1.38972768779306	4.34015619202865	0.320202229206751	NA	NA	NA	NA
chr17	54847818	54848089	19.6656227908566	11.7841607595372	5.62718477371576	2.09414853668575	NA	NA	TOM1L1	Intergenic
chr17	56343995	56344699	12.5528380367407	4.89798419945607	6.01109044101281	0.814824572599643	NA	NA	LOC124904035	Intron
chr17	57044526	57045757	61.2535437904601	-4.76462249090566	4.65443964071567	-1.02367263488093	NA	NA	RNF126P1	Promoter
chr17	57602569	57603321	51.9812882097461	-8.46962600779526	5.40848634399875	-1.56598823942546	0.117351370434512	0.151979643677483	MSI2-AS1	Intron
chr17	57822137	57822401	85.3671105230596	-14.2954914727052	3.9547158968611	-3.61479606766486	NA	NA	MRPS23	Intron
chr17	58221492	58221909	49.0961963238023	8.45893877901886	3.78337878881369	2.23581598650111	0.0253638273153491	0.0888459522316748	MKS1	Promoter
chr17	59851760	59852458	25.2774116572755	8.97572645162325	5.42798373947233	1.65360231025597	0.0982083429894918	NA	MIR21	Intergenic
chr17	59964406	59965082	12.2266808025088	-1.29149113126391	4.35085163323177	-0.296836398970608	NA	NA	RNFT1	Promoter
chr17	61094236	61094476	69.1931116846614	10.743650351932	4.62455357110442	2.3231756723636	NA	NA	BCAS3-AS1	Intron
chr17	62840947	62841346	82.1317904799792	-18.2116026965576	5.88341771012529	-3.09541215562779	NA	NA	MARCHF10-DT	Exon
chr17	63363254	63363444	101.326594577251	-8.50025314675081	4.98422116081217	-1.70543257863094	NA	NA	LOC105371856	Intron
chr17	63490625	63491006	62.6136714804672	10.0115018952689	4.3966059519894	2.27709783514687	NA	NA	ACE	UTR
chr17	63620783	63621988	83.9530040647449	0.64975281453191	4.30161475477876	0.151048583281449	NA	NA	MAP3K3	Promoter
chr17	66587892	66588325	13.3140053084388	-2.880967522094	6.01809772835891	-0.478717304393064	NA	NA	PRKCA-AS1	Intron
chr17	67056547	67057095	44.7414990294956	20.253614223495	5.71354563944648	3.54484159252417	NA	NA	CACNG1	UTR
chr17	67871691	67872111	32.001299309445	30	6.01273153096643	4.98941285595335	NA	NA	BPTF	Intron
chr17	68794371	68794661	25.8609876492637	-4.44745261347606	4.48327949353056	-0.992008778371679	NA	NA	LOC105371874	Intron
chr17	69496568	69497167	3.62125263856469	5.19126749693439	6.12391967934899	0.847703394027247	0.396603175705033	NA	MAP2K6-AS1	Intron
chr17	72355824	72356374	78.359953859736	3.90977087585736	4.19181672052865	0.932715129626248	0.350967071094911	0.397986583011933	LINC02003	Exon
chr17	72503107	72503695	18.1912376876142	7.507209743139	5.16986593102926	1.45210917329232	0.146471251679561	NA	LINC00673	Intron
chr17	73157629	73158109	24.6786658680306	-6.50397726957112	6.00837093053823	-1.08248597577655	NA	NA	NA	NA
chr17	73166168	73166861	25.0961820288824	-9.55564978050938	6.02957687054632	-1.58479607867468	NA	NA	SSTR2	Promoter
chr17	73761832	73762444	33.1599828711264	8.41226526926606	5.31711010273665	1.58211229534938	0.113623937239498	NA	NA	NA
chr17	73776329	73776894	35.1113846197134	-30	6.01019144321511	-4.99152153195835	NA	NA	LINC02092	Exon
chr17	73781939	73782333	27.3331454137939	-4.73730885127634	5.25924694755041	-0.900758016978616	NA	NA	NA	NA
chr17	73890232	73890757	17.2415198118403	-0.623359730446159	5.84812706271575	-0.106591345188161	NA	NA	LOC107985081	Intron
chr17	73986652	73987227	48.4411246329914	-29.978982275597	5.00591083684781	-5.98871678954525	NA	NA	LOC105371888	Intron
chr17	74314240	74314444	51.3232137140447	8.76390032193996	5.30988875121788	1.65048661705575	NA	NA	LOC105371891	Promoter
chr17	75053201	75054070	30.6357993371821	-6.45988217345968	5.24917625160011	-1.2306468413002	NA	NA	ATP5PD	Intron
chr17	75623761	75624351	60.1656421793646	-8.1542839506371	4.10969171754635	-1.98415952121721	0.0472380594851564	0.102710276128276	SMIM5	UTR
chr17	75693019	75693601	21.9398376051118	-7.86843767639602	4.52288135885781	-1.73969579391821	0.081912448293652	NA	SAP30BP-AS1	UTR
chr17	76723774	76724564	9.40508749178786	-1.52468911796605	5.99095504853473	-0.254498507435632	NA	NA	JMJD6	Promoter
chr17	77102935	77103267	122.44515805603	8.26976987294247	3.65510726360382	2.26252453800459	0.0236650145422858	0.0870359547237145	MIR6516	Intron
chr17	77435589	77435939	62.2372863294861	5.48950462594589	4.08566714965133	1.34360054915741	0.179077591836185	0.217091505192715	LOC112268198	Intron
chr17	78054341	78054899	56.4217547969518	9.89561230109903	5.0240230878997	1.96965900195254	0.0488774646495277	0.104359992089532	TMC8	Intron
chr17	78784281	78784827	12.3381572986666	1.63138196599758	6.01364133834161	0.271280223447357	NA	NA	CYTH1	Promoter
chr17	79132092	79132723	18.8202881396806	-6.2960274444194	5.00149611406995	-1.25882881858245	NA	NA	LOC124904069	Exon
chr17	79458041	79458916	68.5039145694249	-9.7190929222413	4.67248497547908	-2.08006937919469	NA	NA	NA	NA
chr17	79572319	79573384	79.6878621727462	-10.1080768037783	4.05165265073455	-2.49480339879229	NA	NA	MIR4739	Intron
chr17	79924866	79925168	61.30553132362	8.31785530569016	4.82746645232248	1.72302705525555	0.084883632543398	0.128414852583451	LINC01979	Promoter
chr17	80624740	80625200	56.7958153105704	-3.6444838958562	5.86065096804791	-0.621856499512736	NA	NA	LOC105371922	Intron
chr17	81266337	81267035	23.4224922347309	-0.340735912388762	5.12199167009457	-0.0665241051402317	NA	NA	NDUFAF8	Intron
chr17	81683340	81683840	45.4483284024418	5.54967803757999	3.832560917458	1.44803387528694	NA	NA	ARL16	Promoter
chr17	82435319	82436397	108.772657582733	-0.828784560959981	4.63246149629694	-0.178908030130955	NA	NA	HEXD-IT1	UTR
chr17	82587786	82588321	43.4053917061414	1.00982882352694	5.90684742138341	0.170959016119369	NA	NA	FOXK2-AS1	Promoter
chr17	82956966	82957728	14.3394954484704	2.16385736968209	5.45849534579786	0.396420118109637	NA	NA	NA	NA
chr17	82973774	82974239	84.5262790845759	-30	5.5879478427355	-5.36869721126708	NA	NA	LOC124904094	Intron
chr17_GL000205v2_random	1468	2041	87.7506223579016	-18.2151499659535	4.75448667841421	-3.831149648321	NA	NA	NA	NA
chr17_GL000205v2_random	5806	6798	195.141468009191	-3.94114344649945	3.36040772302711	-1.17281704225736	0.240869182409259	0.281211804093568	NA	NA
chr17_GL000205v2_random	44257	44697	90.3801943714428	-4.56631855193558	4.51233276233861	-1.01196405328249	NA	NA	NA	NA
chr18	322776	323180	41.1019265390221	13.5787323249056	5.831785181729	2.32840063578607	NA	NA	THOC1	Intron
chr18	545116	545436	32.8589632622703	15.3685137749979	6.0081776224375	2.55793266124562	NA	NA	LINC01925	Intergenic
chr18	746130	746509	34.7802711247695	4.03025610735455	6.01314826842712	0.67024060067103	NA	NA	ENOSF1	Intron
chr18	815940	816652	22.0913980647841	-8.19539308308928	5.93342897741844	-1.38122376020333	0.167210171332256	NA	YES1	Intergenic
chr18	1450740	1451461	4.03385690918705	-2.43071830584377	6.02990139259465	-0.403110788648873	0.686866724236783	NA	LOC105371954	Intergenic
chr18	1811526	1811896	34.2254604557725	30	6.0078412644567	4.99347414144986	NA	NA	LOC105371960	Intron
chr18	2474259	2474981	11.0568190561911	0.451371381901873	6.03112705586579	0.0748403039300716	NA	NA	LOC105371956	Intron
chr18	2695360	2695657	79.772676769016	-6.75016781375953	4.96954941889809	-1.35830580295472	0.174366669704911	0.211922567795199	CBX3P2	Intron
chr18	2721073	2721710	2.68358016193608	-0.689760219025162	6.02737164404359	-0.114437977241175	0.908890610243012	NA	NA	NA
chr18	3042472	3043261	43.4743063456018	9.84064490175653	6.016144759554	1.63570613658007	NA	NA	LOC124900407	Intron
chr18	3699604	3700209	56.9593373592879	-6.58721474737643	3.66847781567522	-1.79562616386273	0.0725539919028633	0.119446092753972	DLGAP1-AS6	Intron
chr18	6079208	6079709	25.7150439719676	8.04388160201342	5.4021666669845	1.4890102616	NA	NA	L3MBTL4-AS1	Intron
chr18	6371262	6371645	52.5125443155433	4.26861534317314	5.13636448667902	0.831057716843039	NA	NA	MIR4317	Promoter
chr18	6675255	6675706	36.5849493822773	-8.07654768554736	5.36990507750086	-1.50403919044807	0.132571276138553	NA	ARHGAP28	Intergenic
chr18	7556642	7557039	21.727060328021	-2.89396378347042	5.50961962337185	-0.525256547873868	NA	NA	PTPRM	Intron
chr18	7735383	7735962	31.317363863209	9.4332778310017	6.02082651650292	1.5667745624534	NA	NA	LOC124904242	Intron
chr18	7802747	7803240	11.7249141151824	-3.38742857010357	6.02511857912873	-0.562217743205548	NA	NA	NA	NA
chr18	7858928	7859256	7.95245020898891	-2.00287373960693	6.01622257369622	-0.332912174553478	NA	NA	NA	NA
chr18	8255755	8256302	53.2514993409479	-13.8956067055335	4.98009836991984	-2.79022735564101	NA	NA	LOC100192426	Intron
chr18	8425330	8426114	60.9612824252361	-2.82963724954139	4.46527506968014	-0.633698306461575	NA	NA	NA	NA
chr18	8630122	8630484	92.5374278801452	-1.38064746659122	4.11482201974974	-0.335530299965487	NA	NA	RAB12	Intron
chr18	8660800	8661065	25.4134505739519	30	6.00827089560481	4.99311707498836	NA	NA	MTCL1	Intergenic
chr18	8732973	8733167	65.4883686296264	-6.05821562232382	4.1184863903995	-1.47098109549323	NA	NA	GACAT2	Intron
chr18	9421563	9422546	115.906861221187	0.0588486852014562	5.25226631177608	0.0112044366580407	NA	NA	LOC105371980	Intergenic
chr18	9451019	9451456	23.4795985200651	19.1464813007476	6.03179431601744	3.17425964773103	NA	NA	RALBP1	Intergenic
chr18	9499080	9499426	60.2386886311777	-14.4853022125639	4.69142861632776	-3.08761006448019	0.00201773036819862	0.0294755244686953	NA	NA
chr18	9688610	9689063	60.5683062552381	-15.7883922249583	4.4836336621405	-3.52133858710948	NA	NA	NA	NA
chr18	9790044	9790684	16.5015789086911	15.5607926825401	6.01067309064623	2.58886025705768	NA	NA	RAB31	Intron
chr18	9913595	9914416	30.1083216653964	8.46076248387336	3.72267416020579	2.27276471691136	NA	NA	LOC124904245	Promoter
chr18	10344241	10345028	69.6381947717479	-1.85843006856886	5.05221555513413	-0.36784457200768	0.71298913187699	0.754256126130314	LOC105371986	Intron
chr18	10713976	10714398	70.8017181464742	-1.22907086195956	5.19455050728637	-0.236607741177134	NA	NA	MIR6788	Exon
chr18	11061945	11062356	34.2430596268759	-20.0710708331309	6.02108487055629	-3.33346419534467	NA	NA	PIEZO2	Intron
chr18	11296154	11296629	48.1616614787898	1.14064016894476	5.1421059905011	0.221823542931989	NA	NA	LOC105371993	Intergenic
chr18	11983077	11983565	47.3513637855136	4.03108820973818	4.72767558689404	0.852657534479116	NA	NA	IMPA2	Promoter
chr18	12193242	12193743	5.85369892319461	0.288718787104723	6.01675607230194	0.0479857889592427	NA	NA	C18orf61	Intron
chr18	12284970	12285691	5.75098011497395	-1.65519719684536	6.01845172596698	-0.275020432531495	NA	NA	TUBB6	Intron
chr18	12567774	12568038	98.5458271029393	12.3929745475448	5.16273070524974	2.40046890978508	NA	NA	PSMG2	Intron
chr18	12724109	12724326	102.357737781362	6.76264205030723	3.87527698041901	1.74507321269615	NA	NA	CEP76	Exon
chr18	12984008	12984387	30.3703951222184	-27.3915152319308	6.00964221862001	-4.55792778263274	NA	NA	CEP192	Exon
chr18	12991321	12991592	61.6900275321046	0.546458796800119	4.02352614349474	0.135815893152238	NA	NA	NA	NA
chr18	13163296	13163567	61.7315164507318	-6.79735540873801	5.02194576174001	-1.35353023135456	NA	NA	LOC124904254	Promoter
chr18	13184567	13185169	20.0585479925298	0.333712683226668	6.00926277066799	0.0555330488883868	NA	NA	NA	NA
chr18	13632820	13633500	14.2853902040309	-3.40451380998608	5.50940463967279	-0.617945863963313	NA	NA	MIR4526	Intron
chr18	13731725	13732230	82.953855382153	-8.0867499102982	4.07492447092156	-1.98451528807584	0.0471984255055994	0.102710276128276	FAM210A	Exon
chr18	13825650	13826495	4.55185964215763	10.0445530709381	6.02918215632629	1.66598931836859	NA	NA	MC5R	Promoter
chr18	13868622	13869127	85.5388043199168	-17.5960191940125	5.18945866578216	-3.39072345060493	NA	NA	NA	NA
chr18	13880477	13881011	56.9641350533897	15.3795773958305	5.12714725231387	2.99963637457258	NA	NA	MC2R	Intergenic
chr18	14935308	14936000	84.5201850430168	8.67336546234407	4.68415381718701	1.85163976266533	0.064077569227595	0.114063827255236	LINC01443	Intergenic
chr18	15315820	15316382	40.3259560672221	16.8921386854291	5.41798025406293	3.11779258936237	NA	NA	LOC644669	Exon
chr18	21499851	21500397	13.2619873922165	-2.63775011899857	6.01428389277626	-0.438580912711281	NA	NA	GREB1L-AS1	Exon
chr18	22247193	22247585	13.3189440724573	-1.10561629356355	6.01030083130534	-0.18395356981215	NA	NA	NA	NA
chr18	22248745	22249320	39.3940610684414	-16.5383108349833	5.84860590174417	-2.82773555148437	NA	NA	LOC105372018	Intron
chr18	22308650	22308966	46.530489436266	15.1109735603026	5.08446159432247	2.97199089421309	NA	NA	LOC101927548	Intron
chr18	22367786	22368245	40.9652362303281	10.1173701851773	5.30813983668426	1.90601048511508	NA	NA	LOC105372019	Intergenic
chr18	22803168	22803682	29.8782180626061	-4.82532549228068	5.6607749362325	-0.852414297801451	NA	NA	RBBP8	Intron
chr18	22806030	22806650	40.0068786641284	-9.04868136019457	4.60572960923217	-1.96465753049344	0.0494538885083832	NA	NA	NA
chr18	23842143	23842537	51.6022426106673	6.04336095828853	4.95555240045896	1.21951307743791	0.222649515405708	0.262527040552999	LINC02958	Exon
chr18	25693542	25693952	67.4962980788697	-14.6191642683751	4.09518731287023	-3.56984019325085	NA	NA	LOC124904271	Intergenic
chr18	26029993	26030312	115.88276420517	-2.43270064190922	4.61165148336333	-0.527511814517047	NA	NA	SS18	Intron
chr18	26344781	26345308	42.2393315676432	-14.79324075981	5.79314186871059	-2.55357819557466	NA	NA	LINC01543	Intron
chr18	26580279	26580680	128.211149974517	17.2569241994003	4.93036608576368	3.50013039584004	NA	NA	MIR8057	Intron
chr18	27018499	27018902	94.7334538284127	-11.0508573653725	4.35843386616056	-2.53551108143977	0.0112283375896454	0.0725441720034953	AQP4	Intron
chr18	27075551	27075986	24.7712401034308	16.6560041495535	6.01095922672047	2.7709394659529	NA	NA	CHST9	Intron
chr18	27082582	27083156	67.6133085423972	-9.31442079550323	4.38683123571909	-2.12326854966792	0.0337313545652331	0.0956142249818817	NA	NA
chr18	27245215	27245901	35.8080480216529	6.33422615818944	5.25061049494167	1.20637898474695	NA	NA	LINC01908	Intron
chr18	27585103	27585366	51.1674257972314	9.04431622095928	4.53201908124058	1.99564831013101	NA	NA	LOC107985126	Intron
chr18	27984519	27985059	55.775954485036	14.3352465097867	4.55285840144734	3.14862559864141	NA	NA	CDH2	Exon
chr18	28252126	28252541	42.753030535653	-13.3553683236672	5.41699832452576	-2.46545550202591	NA	NA	NA	NA
chr18	28546628	28546963	39.946329564771	-9.5880481961335	4.12721095916447	-2.32313014551467	0.0201721619801332	NA	NA	NA
chr18	29541326	29541892	49.0968085480263	8.27149268825817	4.71333626149552	1.75491249284083	0.0792742769399703	0.122797409377601	NA	NA
chr18	29759863	29760166	40.7193336523362	-28.6705764155143	5.40607743009794	-5.30339729429197	NA	NA	LOC105372045	Intron
chr18	30236201	30236612	60.2315570594755	-0.829714706365374	4.63336420567225	-0.179073923295221	NA	NA	LOC105372046	Intergenic
chr18	30447473	30448047	15.6989881300683	25.500209193264	6.01600186006312	4.23873027077098	NA	NA	MIR302F	Intergenic
chr18	30516310	30516955	19.331893790915	-2.16250138433582	6.02554675382864	-0.358888823319106	NA	NA	NA	NA
chr18	30800298	30801259	65.1451528745656	29.5294530394855	5.47182860483124	5.39663340577097	NA	NA	DSC3	Intergenic
chr18	31222310	31222909	39.2945813402452	8.76726443761986	4.42808648574063	1.97992168081005	0.0477123298017195	NA	LOC105372049	Promoter
chr18	32092173	32092628	45.8410770441864	9.47193582786022	3.46159352733152	2.73629348826578	0.00621355815424951	0.057978528759559	LOC124904278	Promoter
chr18	32212441	32212935	20.1714201906026	8.66005651349754	6.1210932307214	1.41478918668208	0.157130315499357	NA	MEP1B	Intron
chr18	32453022	32453555	34.5534932039183	-14.1647510656666	5.83034884847448	-2.42948602798834	NA	NA	LOC112268208	Intron
chr18	32507928	32508830	26.907707830393	-4.68383406989865	5.03596964269113	-0.930075914317008	NA	NA	WBP11P1	Promoter
chr18	32864383	32864852	18.7882379492579	16.3717423442951	6.01142755671262	2.72343668618508	NA	NA	LOC105372058	Intron
chr18	33265203	33265676	14.6655605263373	16.7003410200247	6.01434405492139	2.77675185648204	NA	NA	CCDC178	Intron
chr18	33478722	33479287	25.8619380160369	9.69987899034821	5.44761269933462	1.78057426724425	NA	NA	NA	NA
chr18	33558714	33559772	104.596938783289	10.8427298152984	5.78005173598151	1.87588802152082	NA	NA	NA	NA
chr18	33831269	33831666	47.2522121590812	28.1034771042081	5.31993894669115	5.28266910312714	NA	NA	ASXL3	Intergenic
chr18	34114858	34115618	7.39512877105762	-3.00598729953929	6.02330399918156	-0.499059536086463	NA	NA	NOL4	Intron
chr18	34279278	34279959	22.1574150030674	30	5.66186277086796	5.29860952377004	NA	NA	LOC124904280	Intron
chr18	35194719	35195280	23.6984325110112	-13.0660613887216	5.12320413145266	-2.55036907635706	NA	NA	ZNF397	Intergenic
chr18	35577582	35578113	18.2888221297113	0.559378743471433	6.00974257843513	0.0930786528991544	NA	NA	GALNT1	Intergenic
chr18	36492065	36492592	64.9557389791305	-9.28226626782758	6.03304482029788	-1.53857074567022	NA	NA	LOC105372071	Intron
chr18	36761610	36762787	73.0134011654583	30	5.07081086377189	5.91621356149038	NA	NA	KIAA1328	Intron
chr18	36815195	36815971	94.1439661284394	0.583937528850267	4.3656332703971	0.133757806183558	NA	NA	NA	NA
chr18	37185793	37186383	20.3612278349852	-20.3443769891813	5.7073581561995	-3.56458740320733	NA	NA	LOC105372068	Intron
chr18	37406546	37406752	43.4645487334012	3.78287397878189	4.97416826833438	0.760503821887916	NA	NA	NA	NA
chr18	37587289	37587695	65.0634325469845	-30	5.46529651419875	-5.48918067337435	NA	NA	LOC107985118	Intron
chr18	38064376	38064853	33.8165687472652	2.45414832485819	5.04547338775578	0.486405959610024	NA	NA	NA	NA
chr18	38100883	38101162	49.8138007320971	29.4816289141544	5.09345428927529	5.78814047202319	NA	NA	LOC105372073	Intergenic
chr18	38851496	38852216	35.2536631235579	-12.0519026012106	5.32056944679464	-2.26515276639632	NA	NA	LOC105372076	Intergenic
chr18	39344221	39344679	11.4902580273025	1.0244843424732	6.01186377740181	0.170410438493993	NA	NA	LOC101927879	Intron
chr18	39479429	39479622	55.5442423707254	-11.2326205636048	5.2482110800079	-2.14027606595195	NA	NA	MIR924	Intron
chr18	39708937	39709575	86.3201550303177	-7.92847381752273	4.67666872324249	-1.69532508858692	0.0900137680003201	0.131281618560467	MIR5583-2	Intron
chr18	39796217	39796861	26.0353506439552	4.06925597675273	6.00861328248461	0.677237123682898	NA	NA	MIR924HG	Intron
chr18	40491556	40492006	35.4373432900298	-15.0691943924297	5.46007947296845	-2.75988554141632	NA	NA	LOC107985132	Intergenic
chr18	40714885	40715233	44.0431287117788	-7.33590187442624	5.03272799218596	-1.45763925366447	0.144940003921793	0.178445615218	NA	NA
chr18	41513080	41513808	51.0779481194314	-13.2802877751935	5.46486419925869	-2.43012219352036	NA	NA	LOC105372084	Exon
chr18	42084576	42085210	34.7667948477931	-1.8745103728488	5.46233688674921	-0.343170040902471	NA	NA	NA	NA
chr18	42295375	42295835	32.2860102946193	8.37379013347939	5.35166635308725	1.56470706150221	0.117651611979129	NA	LINC00907	Intron
chr18	43725891	43726391	42.367175996927	12.8018461671632	5.84257818683223	2.19112962767284	NA	NA	LOC105372087	Intergenic
chr18	44152915	44153506	7.32252719287672	1.13571279037858	6.01973667533741	0.188664862207602	NA	NA	LOC124904291	Intergenic
chr18	44842751	44843756	40.5935858059974	24.8835508711967	5.27058588410231	4.72121153480356	NA	NA	MIR4319	Intron
chr18	46422331	46423236	13.4419631680587	7.79814151110244	6.12156342536156	1.27388070158594	0.202705698730222	NA	NA	NA
chr18	46507662	46508265	58.0441316443695	-30	6.0201801811353	-4.98323955386042	NA	NA	LOC124904293	Exon
chr18	46695423	46695827	32.1599972528326	-0.789605195616604	5.49638710777305	-0.143658949075828	NA	NA	NA	NA
chr18	46703926	46704582	114.63165224057	0.959646211099364	5.18427743163816	0.185107032513908	NA	NA	LOXHD1	UTR
chr18	47423747	47424509	58.6204972147881	7.04295434823142	4.74798789321629	1.48335558274992	NA	NA	MIR4527	Intron
chr18	47711026	47711702	40.1327446748035	30	6.03411542259035	4.9717312147671	NA	NA	LOC105372100	Intron
chr18	47832045	47832442	16.4999009720177	7.40164264624631	5.40088896038203	1.37044895766988	0.170546798386985	NA	SMAD2	UTR
chr18	47908992	47909731	30.7268512787659	-1.91653867229885	6.04316579349772	-0.317141501290763	NA	NA	NA	NA
chr18	48100626	48101157	18.1916480712146	30	6.02988164712389	4.97522202849691	NA	NA	ZBTB7C-AS1	Intron
chr18	48234189	48234575	18.8339681951678	-14.1229228842819	5.84360338980576	-2.41681749122801	NA	NA	ZBTB7C-AS2	Intron
chr18	48405873	48406386	37.6728766251873	10.2435775109322	5.7709787598722	1.77501563203796	0.075895306115428	NA	NA	NA
chr18	48566644	48567077	66.1922758655706	6.01445481865425	4.03222407612851	1.49159736787965	0.135804728645922	0.168511626644417	NA	NA
chr18	48575165	48576211	38.1418018938875	28.9230887775097	5.38400376403685	5.37204096525809	NA	NA	ZBTB7C	Intron
chr18	48877907	48878438	23.6768154542015	-30	6.00878208321354	-4.99269229346986	NA	NA	CTIF-AS1	Intergenic
chr18	49749786	49750670	1.62551448123377	2.20483981941667	6.05189076669273	0.364322474482067	0.715617219196957	NA	SCARNA17	Intergenic
chr18	50088127	50088365	67.1733131765603	1.07466746664619	5.56330746569111	0.193170604586149	NA	NA	MIR4320	Intron
chr18	50191665	50191937	46.6834099972794	-5.55298470577373	3.84433289552136	-1.44445989894448	NA	NA	MYO5B	Intron
chr18	50307046	50307578	124.651424333877	-6.53189642965935	4.41645903079421	-1.4789894764369	NA	NA	LOC124904301	Promoter
chr18	50493861	50494265	17.8201402609351	-1.88301438126784	6.01345733075311	-0.313133406906875	NA	NA	MAPK4	Intron
chr18	50873883	50874231	65.0133324589908	-7.16182816993825	3.65739140580515	-1.95817930740766	NA	NA	ME2	Intergenic
chr18	51016431	51017141	47.3039078102661	-6.26435610764626	3.87780784266703	-1.61543747442056	0.106215990410209	0.143846798441254	LOC107985152	Intron
chr18	51452365	51452646	81.5153055913081	-6.10107196375207	4.18568907846055	-1.45760276250523	NA	NA	LINC01630	Intron
chr18	52053682	52053922	32.7448731757627	-4.08175002471343	6.00813695759068	-0.679370336183258	NA	NA	NA	NA
chr18	52271889	52272134	44.8363080594435	28.5331707071343	4.77613007282068	5.97411927064275	NA	NA	LOC105372121	Intergenic
chr18	53265478	53265938	41.3464568737386	29.425853428516	5.41832120171798	5.43080639427319	NA	NA	MIR4528	Intron
chr18	53490237	53490993	1.1786592696187	-7.34725910908042	6.06515799744427	-1.21138791638674	0.225746768297934	NA	NA	NA
chr18	53532999	53533440	36.372780765416	15.1631903704379	5.51382860820681	2.75002932587874	NA	NA	LINC01919	UTR
chr18	54616880	54617289	88.7190707941608	9.46381983065991	4.09743849209274	2.30969173763639	0.0209052265720717	0.0839752321623897	LOC124904308	Intergenic
chr18	55790502	55790832	42.7878583282012	-7.00273886505541	4.94194383373042	-1.41700090099353	NA	NA	LINC01415	Intron
chr18	56464814	56465294	59.9211740073714	-27.9282540268155	5.75562040452888	-4.85234467596922	NA	NA	LOC105372135	Intergenic
chr18	56581542	56582208	7.42681387998759	0.256058803934555	5.94603415212683	0.043063796369714	NA	NA	NA	NA
chr18	56981740	56982113	55.7466910271134	-8.04417840993789	4.10343464856633	-1.96035250926889	0.0499546025784838	0.104911366297247	LOC105372136	Intron
chr18	57234202	57234887	18.0561609676108	3.34422599093284	5.85806230949915	0.570875797191506	NA	NA	LINC02565	Intron
chr18	57377357	57377812	11.9910352209115	-8.28067470323287	6.1217523196203	-1.3526641181959	0.176162958499386	NA	ST8SIA3	Intron
chr18	57911000	57911542	28.65733868625	9.10820150837599	5.62424624861701	1.61945283078878	NA	NA	LOC105372140	Intron
chr18	58220294	58220856	46.7283217991934	-8.16591191958855	3.86881136897625	-2.11070304049209	0.0347978444958224	0.0956142249818817	LOC105372143	Intron
chr18	58380750	58381824	16.5695494543979	25.0261404123939	5.44046032683385	4.60000421084924	NA	NA	MIR122HG	Intron
chr18	58485123	58485949	9.49719004081878	7.29688838421768	6.12201819010013	1.19190896819245	0.233296941314149	NA	MIR3591	Intron
chr18	58511768	58512197	51.2299350700888	15.3986311316532	5.05865291949877	3.04401811642356	NA	NA	ALPK2-AS1	Exon
chr18	58536166	58536780	34.0050611460035	-2.55588328505791	4.82007569467655	-0.530257914389336	NA	NA	NA	NA
chr18	58723102	58723494	22.4052608458313	30	6.00948204176545	4.99211076620285	NA	NA	MALT1-AS1	UTR
chr18	58727985	58728388	28.9544690375976	3.49764719541654	5.40284584327831	0.647371273746033	NA	NA	LOC105372146	Intron
chr18	59139461	59140108	50.1742470472043	3.20286641992921	3.51353714637771	0.91157892644773	0.361990420008209	0.409507062252723	SEC11C	Promoter
chr18	59670923	59671440	93.0580598878442	-5.61377309649908	5.37957137952133	-1.04353538608472	NA	NA	NA	NA
chr18	59719602	59720292	53.8694133089583	-5.66472130492179	5.06780527820228	-1.11778590414414	NA	NA	NA	NA
chr18	59796802	59797725	106.312338002707	8.24920119386892	5.08292851255958	1.62292292198989	NA	NA	CCBE1	Intergenic
chr18	59888271	59888638	36.7126461706085	-17.0642072587688	5.83740041748233	-2.92325453769857	NA	NA	PMAIP1	Intron
chr18	61130009	61130279	140.403882883781	1.38570569848756	4.70094770333654	0.294771562232876	NA	NA	NA	NA
chr18	61244513	61244994	39.0862911569833	8.43538176823713	4.43389156497634	1.90247813791137	0.0571086743067658	NA	CDH20	Intergenic
chr18	62030924	62031553	16.9023214660671	-2.39269981329781	5.42480704309955	-0.441066344717526	NA	NA	LOC112268209	Intron
chr18	62172400	62172859	14.0577939961871	-25.5199008238026	5.8501613773573	-4.36225587256034	NA	NA	PIGN	Intron
chr18	62335007	62335726	13.6398547397127	-9.72741049427719	5.11493876242238	-1.9017648003415	0.0572019099810377	NA	TNFRSF11A	Intron
chr18	62985202	62986044	15.2577947568431	5.22699956537745	5.18694841072968	1.00772152554379	0.313588168227396	NA	NA	NA
chr18	63007576	63007968	73.5511984714945	8.88111805965157	4.94991557075111	1.79419586712343	0.0727819115795589	0.119446092753972	LOC105372161	Intron
chr18	63038620	63039073	18.7293006575893	-21.7043595926226	5.31785177516731	-4.08141492284068	NA	NA	NA	NA
chr18	63114216	63114943	40.3333187977754	6.91856177544676	5.01094860023181	1.38068903263679	0.16737459489031	NA	NA	NA
chr18	63209699	63210339	9.8905906271049	0.0898171690551795	5.95666188923264	0.0150784400265415	NA	NA	BCL2	Intron
chr18	63521398	63521912	22.6748999522265	7.58514706970006	5.82040125946223	1.30320002549118	0.192506481446263	NA	SERPINB12	Intergenic
chr18	63585502	63585877	43.9293222288325	-2.12250363670215	5.89221399555865	-0.360221749974122	NA	NA	SERPINB13	Promoter
chr18	63802243	63802731	42.9856568390523	9.47903772627637	4.67793872660212	2.02632789360232	0.04273119466873	0.100769085935214	SERPINB7	Intron
chr18	63837000	63838289	59.5060586941965	-1.6299375051288	4.02353816602488	-0.405100545309136	NA	NA	SERPINB2	Intergenic
chr18	64138484	64139452	20.9053398594231	9.66782729252785	5.91917557016766	1.63330639173016	0.102404573172034	NA	LINC00305	Exon
chr18	64956550	64956763	59.0536580020093	-6.43033601537946	4.09636442961821	-1.5697665883645	NA	NA	LOC101927404	Intron
chr18	65777013	65777556	77.2605142612338	-13.3736704439237	5.48922547078025	-2.43634926550444	NA	NA	CDH7	Intron
chr18	65841824	65842239	60.5884717902804	-6.05183218473883	5.74741468602653	-1.05296598824728	NA	NA	NA	NA
chr18	66416337	66416638	58.3319292529865	1.00166161503825	3.85686073236134	0.259709044361836	NA	NA	NA	NA
chr18	66657139	66657762	39.755873369782	5.46409771543139	6.00814816607527	0.909447897154761	NA	NA	NA	NA
chr18	66778185	66778664	19.2448999980689	-2.00719303592556	6.00926140045063	-0.334016595745866	NA	NA	CDH19	Intergenic
chr18	66993482	66994073	22.9973671271474	-2.05191078082056	5.48413932400658	-0.374153656497823	NA	NA	NA	NA
chr18	67209358	67209720	16.2674543291701	-1.74545876228466	6.01060080501764	-0.290396720545399	NA	NA	MIR5011	Intergenic
chr18	67445364	67445696	53.0623841421176	-7.61251100610044	4.99081902672132	-1.52530295435325	0.127183551239477	0.160760008766698	DSEL-AS1	Intergenic
chr18	67520814	67521267	17.2931984227769	-10.3522401616294	5.34970164941966	-1.93510607507474	NA	NA	NA	NA
chr18	68532258	68532649	76.7375709783708	0.249366167571105	4.64226138421006	0.0537165288493419	NA	NA	TMX3	Intron
chr18	69526376	69527369	48.7439463972894	-15.1983526467089	5.13928339448893	-2.95729024459065	NA	NA	LOC105372179	Intron
chr18	70025971	70026371	24.3084052812862	-16.9555650062343	6.00905865907437	-2.82166741385182	NA	NA	CD226	Intron
chr18	70622565	70623659	93.8744888524078	-9.22463884351602	4.99666176842438	-1.84616035085858	NA	NA	LOC124904322	Intron
chr18	70829243	70829865	18.1619086319067	-28.4045418635815	6.00950209313509	-4.72660487064797	NA	NA	LOC105372185	Intergenic
chr18	71002789	71003531	8.77804833242782	7.46000821752058	6.12187620047073	1.21858201198955	0.223002879792092	NA	NA	NA
chr18	71035495	71036043	28.6885958928145	27.0340265098218	6.01060718757556	4.49771972550519	NA	NA	LOC105372188	Intergenic
chr18	71122941	71123343	28.9501089607259	6.26103276286249	5.10001323840718	1.22765029622118	0.219578272313734	NA	NA	NA
chr18	71172781	71173772	35.6690444171823	1.43769589304209	5.80513231239535	0.24765945299339	NA	NA	NA	NA
chr18	71270828	71271039	53.3057760201032	-8.47397133049997	4.02829769740527	-2.10361099577081	NA	NA	LOC105372187	Intergenic
chr18	71823718	71824384	23.7389806033327	4.6291619080139	6.00890880154954	0.770383119614024	NA	NA	LINC01899	Intergenic
chr18	72097812	72098212	121.447194703965	-0.895011171813456	4.60414055167704	-0.194392669330534	NA	NA	NA	NA
chr18	72235215	72235676	9.70176698435798	-24.566185630827	6.03287114142579	-4.07205542020265	NA	NA	LOC105372189	Intergenic
chr18	72280418	72280780	80.0714370817748	-3.46916866346599	5.12337386542757	-0.677125807053801	NA	NA	NA	NA
chr18	72907496	72908261	34.5828269782141	-8.84360900737318	5.83595893430803	-1.51536518795291	0.12967994822611	NA	NETO1	Intergenic
chr18	72956706	72957422	11.5464769405497	-7.25457521849632	6.01618279179201	-1.20584355056397	0.227877819727769	NA	NA	NA
chr18	73341982	73342472	69.7503553066246	0.339191647221701	4.90338828489258	0.0691749515874065	NA	NA	LINC02582	Intron
chr18	73596133	73596594	84.8583763297796	0.526268361193021	5.20272674183425	0.101152412438152	NA	NA	LOC105372190	Intergenic
chr18	73754480	73755073	14.5399578779297	-14.7910771018877	6.01021683227782	-2.46098893178901	NA	NA	LOC105372191	Promoter
chr18	73772639	73772985	15.168391366561	-3.96642733227411	6.00982874685097	-0.659990076148583	NA	NA	NA	NA
chr18	74157732	74158256	23.70827623521	-0.632704984662339	6.00904819836831	-0.105292046889247	NA	NA	TIMM21	UTR
chr18	74296917	74297467	44.350084387651	0.104576264971888	5.06727627286257	0.0206375692464093	NA	NA	CYB5A	Exon
chr18	74363880	74364205	67.0114563388425	-0.392523818183624	4.27579535747046	-0.0918013574943024	NA	NA	LINC01922	Intergenic
chr18	74497261	74497841	69.9658769092407	-14.7500458228347	4.64319932428222	-3.17669882180104	NA	NA	CNDP2	Promoter
chr18	74554702	74555366	36.8002832217988	-2.88373623648559	5.11193710217802	-0.564118098256125	NA	NA	CNDP1	Intron
chr18	75004151	75004658	36.8185712370364	-3.287248323249	5.43878971408376	-0.604408056949998	NA	NA	NA	NA
chr18	75073004	75073369	38.9869378893107	-1.84426014209484	5.83862153737652	-0.315872527494482	NA	NA	LOC105376874	Intergenic
chr18	75578027	75578324	85.5367546627585	-13.1454129957446	5.33592291565154	-2.46356875905871	NA	NA	LOC105372202	Intergenic
chr18	75818637	75819071	17.396681818738	-2.61777955311639	5.87100596639144	-0.44588262524376	NA	NA	LINC01898	Intergenic
chr18	76156983	76157636	40.0849950421615	3.64817392008092	6.00773758287131	0.607245884121545	NA	NA	LOC339298	Intergenic
chr18	76179061	76179933	9.33431727987926	-4.55231912438625	5.93394551981907	-0.767165642013688	NA	NA	LINC01893	Intron
chr18	76466606	76466979	94.091771503539	3.02084972965078	4.37393605167553	0.690647895616484	NA	NA	ZNF516-AS1	Intron
chr18	76553360	76553957	31.9043215552945	-1.86808291427092	5.10705940962994	-0.36578444941299	NA	NA	LINC00683	Intron
chr18	76989383	76989991	20.1761686629665	2.36670356675355	5.41620394441601	0.436967217453761	NA	NA	MBP-AS1	UTR
chr18	77170226	77171100	26.4722435501738	-4.56434660142755	5.08568315820886	-0.897489375455917	NA	NA	MBP	Intron
chr18	77756193	77756609	76.9097582537585	-1.77406351442942	4.60642370450983	-0.385128166280614	NA	NA	LOC107985129	Intergenic
chr18	78558582	78558768	61.3935039179711	7.31754433525199	4.97198321259714	1.47175564002551	NA	NA	LOC105372221	Intergenic
chr18	78771766	78772130	63.1695830906158	-1.33706436198413	4.6314780571847	-0.288690639462272	NA	NA	LOC124904330	Intergenic
chr18	79181811	79182358	19.3030901130096	9.46867699463217	5.07341440911871	1.86633226286692	0.0619948936312464	NA	LOC124904331	Intron
chr18	79264930	79265610	31.131675206411	-30	6.01034595374042	-4.99139321278671	NA	NA	LOC124904332	Intron
chr18	79346793	79347220	60.0081842480081	-2.95475615415114	5.55736400993199	-0.531683033335673	NA	NA	NA	NA
chr18	79462642	79463191	65.0552627968503	-7.12941144175567	4.07565937428663	-1.74926577199635	0.0802450895930212	0.123494066451598	LOC101927897	Promoter
chr19	427923	429028	44.13341548626	-3.64492465541191	5.0818885443298	-0.717238212451312	NA	NA	C2CD4C	Intron
chr19	621715	622347	15.5896988116686	-1.86338334752276	5.90944381549434	-0.315322965358778	NA	NA	LOC105372234	Exon
chr19	774363	775264	110.28208437902	-3.1145095457936	4.04371698353081	-0.770209576604477	NA	NA	LINC01836	Intron
chr19	1395464	1396675	60.5971247729845	-7.71620835227378	3.86774242605598	-1.99501608491085	0.0460411255786754	0.102710276128276	GAMT	UTR
chr19	1562963	1563335	97.7634819253962	-1.88053193883954	4.93822802026328	-0.380811078614245	NA	NA	MEX3D	Intron
chr19	1853570	1854169	31.325145682755	6.74219190876855	5.34228040015886	1.26204380971243	NA	NA	REXO1	UTR
chr19	2587394	2588056	21.5458561247354	8.466885792467	5.44088228843418	1.55616044303426	0.119669945075508	NA	MIR7850	Intron
chr19	2775763	2776013	95.1428713505281	-13.418626115507	4.5769659692379	-2.9317731889847	NA	NA	SGTA	Intron
chr19	3750670	3751253	35.7344859272919	15.5389573229851	5.90669944702997	2.63073438259983	NA	NA	APBA3	UTR
chr19	3839601	3840589	24.1373221257262	-3.75930949297018	4.57766103284177	-0.821229327816009	0.411515654204672	NA	ZFR2	Intron
chr19	4375296	4375551	85.9934830481933	-7.21129424933353	4.6683232826586	-1.54472897713003	NA	NA	SH3GL1	Intron
chr19	4437773	4438006	57.1898029457329	-6.73616132410255	4.40391252248177	-1.52958563316477	NA	NA	MIR4746	Intron
chr19	4548693	4549151	23.152215340552	-0.175579229046053	6.0495308937396	-0.0290236106121472	NA	NA	PLIN5	Intron
chr19	4817057	4817472	70.4517996314064	0.343569922049158	5.17468345913326	0.0663943842676524	NA	NA	TICAM1	Exon
chr19	5302864	5303383	39.9285959150493	0.618404386951346	4.86593174607842	0.127088586363698	NA	NA	LOC105372253	Intron
chr19	5460035	5460552	43.3075278472965	1.51410019091728	4.63879695389344	0.326399324214106	NA	NA	NA	NA
chr19	5505168	5505532	92.5199973155866	-14.6808751057863	4.38797889700731	-3.34570321561914	NA	NA	ZNRF4	Intergenic
chr19	5843512	5844042	54.3150463522086	-30	6.0115262621315	-4.99041319822213	NA	NA	FUT6	UTR
chr19	6280829	6281266	69.5328707470736	-15.1523901652197	5.88400135182543	-2.57518468457165	NA	NA	MLLT1	Promoter
chr19	6539501	6539858	78.1325460222658	10.9282604975811	4.30098278412696	2.54087520134062	0.0110575380548225	0.0725441720034953	TNFSF9	Intergenic
chr19	7121119	7121617	26.4460282860014	5.67450804143599	6.01019372260327	0.94414727766514	NA	NA	LOC124904625	Intron
chr19	7594051	7594553	8.60962224650834	-4.47618032959961	6.02708413222065	-0.742677591917134	NA	NA	CAMSAP3	Promoter
chr19	7620871	7621266	49.5974877709131	-9.35952285415105	4.9815873960733	-1.87882337696788	0.0602686139556186	0.113191061634547	MIR6792	Exon
chr19	8215543	8216179	50.1242971605565	-1.59032269271572	5.14958440329757	-0.308825444573224	NA	NA	CERS4	Intron
chr19	8513520	8514211	51.3151581527324	27.1389870772698	4.73812842193696	5.72778630305155	NA	NA	ZNF414	Promoter
chr19	8679153	8679826	12.0781200720573	17.3173468957223	6.02103772742611	2.87613990804957	NA	NA	ACTL9	UTR
chr19	10363215	10363704	229.673443929924	0.909306798153499	3.93240592702272	0.231234215141657	NA	NA	TYK2	Intron
chr19	10380313	10380814	52.3934499105173	-3.78502945084389	3.79133749747448	-0.998336194908843	NA	NA	NA	NA
chr19	10654194	10654765	21.8278220067532	-3.79591925021284	4.35999339644978	-0.87062499986898	NA	NA	ILF3	Promoter
chr19	11256012	11256468	70.5577454192951	-1.49117535839434	4.53312456698477	-0.328950889471409	NA	NA	DOCK6	Intron
chr19	11373743	11374098	82.8955470420111	7.76654129794794	3.54649900544415	2.18991779950472	0.0285301988451213	0.0891473302352232	SWSAP1	Promoter
chr19	12762205	12762868	15.8435637562235	30	6.01036915679803	4.99137394349039	NA	NA	BEST2	Intergenic
chr19	13229868	13230672	73.9104226954106	10.5469183287097	4.42794728585524	2.38189789711388	NA	NA	IER2	UTR
chr19	13395404	13395708	17.6072447379814	12.7745314605391	5.13000379576572	2.49016023557003	NA	NA	CACNA1A	Intron
chr19	13829768	13830143	83.9371697647132	30	5.89133831238073	5.09222156482757	NA	NA	C19orf53	Exon
chr19	14423231	14423431	99.3505078342554	7.72284421222425	4.27909339518118	1.80478514933121	NA	NA	DDX39A	Intergenic
chr19	15209933	15210230	135.238919322289	1.92745070780223	4.20360596585068	0.458523164031188	NA	NA	NOTCH3	Intergenic
chr19	15388998	15389193	28.4260322970174	-10.8834898273001	4.83931320771127	-2.24897405068918	NA	NA	AKAP8	Intron
chr19	15702677	15703194	46.6547603850067	-7.40218693595138	4.92876009954474	-1.50183550963154	0.133139595151001	0.166512316890698	OR10H2	Intergenic
chr19	15820852	15821257	70.6586196385941	1.84919907900424	4.8786848811396	0.379036384611152	NA	NA	OR10H1	Intergenic
chr19	15920095	15920744	43.2109180406753	12.6691354059471	5.03490441948214	2.51626135283224	NA	NA	CYP4F11	Intron
chr19	17333651	17334341	19.6635757767288	-28.3700105698321	5.83376344344252	-4.86307181373999	NA	NA	ANO8	Promoter
chr19	17635637	17635895	113.045687756628	-1.67546788524004	5.23371030813497	-0.320130039034792	NA	NA	UNC13A	Intron
chr19	18281293	18281654	7.16291883641084	7.83695285417141	4.85507222630712	1.61417842801741	NA	NA	JUND	Promoter
chr19	18522109	18522504	53.7201325045287	-2.36853059433219	3.49429319904125	-0.677828235759396	0.497880606032588	0.553979829247528	ELL	Promoter
chr19	18842915	18843271	119.989242536288	-2.91283090557896	4.6835796363496	-0.621924069139824	NA	NA	UPF1	Intron
chr19	19502412	19502787	40.5652137414853	-23.7291573674439	4.90281050469736	-4.83990913879073	NA	NA	TSSK6	UTR
chr19	19735197	19735634	22.2845277634551	16.0414543783496	5.84434814326597	2.74478076683934	NA	NA	ZNF14	Promoter
chr19	20765162	20765646	18.9268383333993	-7.00494026774176	4.98969015692871	-1.40388281585274	0.160353747566428	NA	NA	NA
chr19	20797040	20797861	4.22024344481371	9.80323759153158	6.03135604322729	1.62537869117175	0.104081893451379	NA	ZNF626	Intron
chr19	21384139	21385034	58.3926583942921	1.25749649803556	4.31943364939346	0.291125318758429	NA	NA	ZNF493	UTR
chr19	21502235	21502492	41.8873772448041	-10.9528823045288	5.38788242360927	-2.03287329666553	0.0420653255135877	NA	ZNF429	Exon
chr19	22735442	22735966	28.8270621889012	-0.342112000941471	4.77850022146384	-0.0715940117371531	NA	NA	ZNF99	Intergenic
chr19	27657966	27658550	64.8341415760388	-10.9295248072116	4.27222167730626	-2.55827661407845	NA	NA	LINC02987	Intergenic
chr19	28285982	28286420	51.9742311261356	-5.28797052310292	4.76321650198307	-1.110167996962	NA	NA	LOC105372349	Intron
chr19	28390358	28390825	34.2863413978689	-0.735849400354839	5.388139463763	-0.136568365630412	NA	NA	NA	NA
chr19	28805354	28805596	6.53126332445799	-10.856107156546	6.02082822005896	-1.80309199328721	NA	NA	LOC100420587	Intron
chr19	30214208	30214541	68.9952300380338	-0.126645607411606	5.96267600364377	-0.0212397264808978	NA	NA	NA	NA
chr19	30308947	30309396	135.624510291873	-1.31779817324201	4.94229876345122	-0.266636687969423	NA	NA	ZNF536	Intron
chr19	30749408	30749661	45.1874242375038	30	6.04316702336044	4.96428443629509	NA	NA	LOC105372354	Intron
chr19	30784323	30784782	24.7178256746177	-15.8572174211472	6.00842601488142	-2.63916329865305	NA	NA	NA	NA
chr19	32270122	32270649	42.1548572654896	5.21661270775673	5.69653541214332	0.915751826388451	NA	NA	ZNF507	Intergenic
chr19	32502090	32502491	28.8575914640907	13.1744385577948	5.82402255538011	2.26208577190769	NA	NA	PDCD5	Intergenic
chr19	33275794	33276381	33.1247579343578	5.46487278888054	6.00816954540153	0.909573664255727	NA	NA	CEBPA	Intron
chr19	34357079	34357709	8.88944462289076	24.3820502933785	5.5038112046813	4.43003028022476	NA	NA	PDCD2L	Intron
chr19	34595085	34595498	75.9629728765026	-1.75677403180266	4.560159228361	-0.385244010971538	NA	NA	ZNF807P	UTR
chr19	34755417	34755852	19.5438532298559	-13.6443598710142	5.9136311291485	-2.30727273531834	NA	NA	ZNF181	Intergenic
chr19	34776190	34776825	79.9807956451837	-10.4048736105381	4.86709023205361	-2.13780166679751	NA	NA	ZNF599	Intergenic
chr19	35013828	35014040	55.1489741744921	-6.82659386849391	3.86051245674229	-1.76831287166848	NA	NA	SCN1B	Intron
chr19	35145301	35145681	43.0447352965902	-2.62124326974713	5.1677588322033	-0.507230185242517	NA	NA	FXYD7	Promoter
chr19	35854949	35855267	38.2607293140502	-16.8906318908808	5.44445755072039	-3.10235349133098	NA	NA	KIRREL2	Promoter
chr19	36916078	36916311	36.9241849269048	6.08055391987534	4.33268192612102	1.40341571884534	NA	NA	ZNF829	Promoter
chr19	37217707	37218249	50.5502373593182	0.675100043103933	4.50385902793385	0.149893688704914	NA	NA	ZNF383	Promoter
chr19	38130771	38131135	64.0691938540502	5.59769727116944	4.25846838921471	1.31448604511109	NA	NA	DPF1	Exon
chr19	38234146	38234621	36.2048603177249	-1.02263926363342	4.52846169402916	-0.225824867853421	NA	NA	NA	NA
chr19	38686400	38686937	32.8931039026782	-28.374330095439	6.0114609255312	-4.72003901330054	NA	NA	LOC107985291	Intron
chr19	39452258	39453285	3.96942621766957	9.18452047272538	6.04224068626249	1.52005207167717	0.128497889018984	NA	SUPT5H	Intron
chr19	40348066	40348390	50.8085474231744	29.8609726411257	5.8585113090554	5.09702398200889	NA	NA	PLD3	Promoter
chr19	40450159	40450638	45.6942777346619	-14.4324890080885	4.85529928645871	-2.97252304267634	NA	NA	SERTAD3	Exon
chr19	40474693	40475279	30.33729978803	-14.6155687730152	5.16951407306841	-2.82726162777229	NA	NA	SPTBN4	Intron
chr19	40502033	40502472	72.4118851187506	2.5269277815196	4.58776350642077	0.550797306352661	NA	NA	NA	NA
chr19	40808298	40809018	2.89615880590629	-2.54629999686099	6.03189681389628	-0.422139183646979	0.672923428827116	NA	CYP2T1P	UTR
chr19	40875155	40875379	45.1055701771341	-8.587933462853	4.21079698085706	-2.03950309214504	NA	NA	CYP2A7	Intron
chr19	42355923	42356802	46.0039289805492	4.87256154097287	4.76225300921885	1.02316309770616	NA	NA	MIR8077	UTR
chr19	42772793	42773274	4.75932799603631	5.5829362330516	6.12310436174902	0.911781982343492	NA	NA	PSG8	Intron
chr19	43225538	43225970	70.8033397992681	-1.75186457492148	5.23667971470505	-0.334537277504693	NA	NA	PSG4	Intron
chr19	43474122	43474395	53.427696059743	-7.49144834271986	3.52658005888499	-2.12428137675356	NA	NA	LYPD3	UTR
chr19	43882548	43882836	55.7637731815707	8.50864413178898	4.93153884386538	1.72535275523042	NA	NA	ZNF404	Promoter
chr19	44023182	44023973	117.827009779029	12.1329169447157	4.32366006238634	2.8061681005558	NA	NA	ZNF222-DT	Promoter
chr19	44304659	44305092	31.6195965758529	1.37014496143769	4.85604172265693	0.282152633706786	NA	NA	ZNF235	Promoter
chr19	44432914	44433456	42.5481330835273	13.5501910964455	5.14297344244108	2.63469979926903	NA	NA	ZNF229	Intron
chr19	44967390	44967895	19.3382815264329	-1.92064367774331	5.83602733734233	-0.329101213329469	NA	NA	CLPTM1	Intron
chr19	45105467	45106064	42.645633874059	15.365652462414	5.86076371131611	2.62178330662702	NA	NA	PPP1R37	Intron
chr19	45834955	45835500	76.8733806683014	24.777811070406	5.13348485573253	4.82670384090775	1.38811308153943e-06	0.00021932186688323	RSPH6A	Exon
chr19	45918389	45919170	3.94118210595906	-6.67553901934277	6.12431474532395	-1.09000586954478	0.275710558528865	NA	NANOS2	Intergenic
chr19	46213676	46214543	16.8920860120658	1.85917858102026	5.4676349207164	0.340033416272178	NA	NA	LOC93429	Exon
chr19	46221572	46222116	37.2273564690499	3.64702896460402	4.25623344141929	0.856867701172866	NA	NA	IGFL1	Intergenic
chr19	46349934	46350603	118.992314277057	8.84940044747303	4.13666921297006	2.13925745373276	NA	NA	PPP5C	Promoter
chr19	48294925	48296235	47.9607186667587	14.9510728926573	5.46680761635764	2.73488184364145	NA	NA	ZNF114-AS1	Intergenic
chr19	48554440	48554775	25.9587586962086	-1.09308344456866	5.39604812442832	-0.202571107477747	NA	NA	SULT2B1	Promoter
chr19	48774352	48775218	22.6206088364141	0.277426422241601	6.02346907738403	0.0460575822134189	NA	NA	FGF21	Intergenic
chr19	48929913	48930243	46.1261911585168	29.6388433519029	5.85385791154462	5.06312995630643	NA	NA	DHDH	Intron
chr19	49129633	49130438	5.61937672484124	-5.22104116873263	5.4093271849892	-0.965192340966348	0.334448482437372	NA	PPFIA3	Exon
chr19	49188699	49190165	44.8434832861158	-2.20677243776944	5.09875837399443	-0.432805847208765	NA	NA	TRPM4	UTR
chr19	49463883	49464528	23.0200109657914	6.96107598283402	5.40421842656376	1.28808190812898	0.197717452405687	NA	FLT3LG	Promoter
chr19	49872485	49873112	28.697589214415	0.832525017569871	4.96896195610901	0.167545057684802	NA	NA	TBC1D17	Exon
chr19	50471656	50472068	42.4670627480947	5.2016380140071	5.04406035026392	1.03124024155162	NA	NA	EMC10	Intron
chr19	50739886	50740596	10.9031945462604	-1.55191122501895	6.01241139045904	-0.258117937086216	NA	NA	CLEC11A	Exon
chr19	50948165	50948613	26.1768374410525	7.68548593873908	5.23158381509732	1.46905530148638	NA	NA	LOC105372442	Promoter
chr19	51016143	51016772	19.7303188339312	4.20334072873639	5.81941273610985	0.722296375827475	NA	NA	KLK10	UTR
chr19	51137485	51137800	36.4660618573998	7.91225319688951	5.61078581171007	1.41018628449087	NA	NA	LOC124904749	Promoter
chr19	53755692	53756231	16.9118347599078	-19.2700535121607	6.021904536538	-3.19999319073216	NA	NA	MIR516A1	Promoter
chr19	54190807	54191192	46.1952367613607	14.4142717852802	4.32508884991246	3.33271113854042	NA	NA	LILRB3	UTR
chr19	55227710	55229115	72.7481169111728	15.9497307378868	4.69726118142557	3.39553840458285	NA	NA	TMEM86B	Promoter
chr19	55230530	55230952	24.8783135148793	27.556999729199	5.42177896684717	5.08264905259015	NA	NA	MIR6804	Promoter
chr19	55958073	55958829	74.8380567788882	-9.13695226796469	5.71078768868953	-1.59994606104178	0.109610549824003	0.14594213656342	NLRP8	Intron
chr19	56162246	56162901	18.7242004169694	-16.0597690329714	5.94679372430639	-2.70057610495722	NA	NA	GALP	Intergenic
chr19	56832444	56832821	28.5287094537595	4.31645307089892	6.00823620400639	0.718422665876657	NA	NA	NA	NA
chr19	56839161	56839741	45.2498302800852	9.6335912730927	3.34204715314977	2.88254199645668	0.00394480547303212	0.0467459448554306	PEG3	Promoter
chr19	57821709	57822204	31.8696127867909	0.378446713980182	4.53263994960321	0.0834936633370387	NA	NA	ZNF587B	Promoter
chr19	58033579	58034074	53.9895986249492	3.57403795911203	5.05707189911794	0.706740586333253	NA	NA	ZSCAN1	Promoter
chr19	58361973	58362814	28.3447402115359	-6.98723129967079	3.20931444205132	-2.17717254754405	NA	NA	A1BG	Promoter
chr2	840285	841089	85.3984402294245	2.73521700008457	4.8140075343245	0.568178795023089	NA	NA	LINC01939	Intron
chr2	2069462	2069691	72.3982757609866	-9.15069222386866	5.71077780806263	-1.60235479849163	0.109077174320508	0.145641072191327	LOC107985838	Intron
chr2	2546501	2547620	51.4761234779607	-1.85347038519995	5.78408862184205	-0.320442943802905	NA	NA	LOC107985839	Intergenic
chr2	3303403	3304346	69.2333150600539	12.682925381738	4.88009448266495	2.59890980119139	0.0093520343289112	0.07153640849665	EIPR1	Intron
chr2	4220769	4221360	19.2391238226616	1.91883367198202	5.76110723551503	0.333066820932119	NA	NA	LOC107985841	Intergenic
chr2	4501525	4501889	35.6145082913594	-2.76999380361879	3.97986552696816	-0.696001858567558	NA	NA	LINC01249	Intron
chr2	7234003	7234355	3.52161247435954	-0.760478251714158	6.02381030001655	-0.126245385202796	0.899537686536821	NA	LOC105373406	Intron
chr2	7882089	7883036	68.4451970948058	1.49738790493338	3.90516065230641	0.383438234237306	NA	NA	LOC105373409	Exon
chr2	8509824	8510502	11.64969584561	-0.714733594530333	5.91971129545713	-0.120737914208558	NA	NA	LINC00299	Intron
chr2	8538288	8538497	55.2486053125183	-8.57905497753657	4.31079262299803	-1.99013400268141	NA	NA	NA	NA
chr2	9135443	9135900	40.2048258046908	-30	4.95695986882172	-6.05209660636834	NA	NA	LOC105373417	Intron
chr2	9592352	9593495	70.3738794176382	0.225243646634226	5.17547619041641	0.0435213376213221	NA	NA	ADAM17	Intron
chr2	10532778	10533314	45.359881204163	-5.90514640385027	4.32199760343461	-1.36630024948592	NA	NA	ODC1-DT	Intergenic
chr2	10621705	10622432	56.4853919142037	-15.1611421986712	6.0073490521481	-2.5237658186767	NA	NA	NOL10	UTR
chr2	10747481	10748026	45.2913470043446	10.7292144826746	4.48645386941167	2.39146880698488	0.0167811098629791	0.0831315297380008	LOC105373428	Intron
chr2	10750138	10750647	69.5581077809917	7.55798939384915	3.89505920171841	1.94040424097142	0.0523305815989391	0.107379634969252	NA	NA
chr2	10863124	10863689	20.9168331497073	7.74302117493001	5.38441462313469	1.43804326317318	0.150421779234077	NA	LOC124905973	Intron
chr2	11616140	11617736	68.2743397023013	17.4641769173534	5.41733945411226	3.22375532589092	NA	NA	NTSR2	Exon
chr2	14146640	14147123	26.3289577679178	13.6860309357098	5.87703424817438	2.32873084582774	NA	NA	LINC00276	Intron
chr2	14571032	14571633	17.9712445260215	2.44500237874196	6.0136619677885	0.406574628211286	NA	NA	NA	NA
chr2	14745712	14746346	53.1112782973974	10.4627480366289	4.9560904725014	2.1110889913493	0.0347646634858925	0.0956142249818817	LRATD1	Intron
chr2	15135169	15135720	67.7687739804335	-8.22098755468707	5.69855491143258	-1.4426442637578	NA	NA	NA	NA
chr2	15340170	15340872	14.1336888643054	-13.2333113425358	5.75536772770958	-2.29929901417475	0.0214879657757191	NA	NBAS	Intron
chr2	15654046	15654543	42.5299396048545	-28.9990049738595	6.00761913777279	-4.82703785123941	NA	NA	LOC124905976	Intergenic
chr2	16413758	16414107	153.336824095854	1.7309552047139	3.90338913562494	0.443449306377386	0.657440778766015	0.706637027517213	LOC107985855	Intron
chr2	16442995	16443409	78.2005516250489	-11.9326522431109	3.80290127556684	-3.13777597114516	0.00170234935322115	0.0260294707557041	LOC105373444	Intron
chr2	17645280	17645941	49.8901321896452	-11.1428663324009	4.59402443437978	-2.42551307498765	0.0152867650842863	0.0831315297380008	LOC124908054	Promoter
chr2	19079415	19079803	95.151070817368	-0.213212446601078	4.26190512797947	-0.0500274971400314	NA	NA	NA	NA
chr2	19250549	19251043	6.88831744870469	30	6.02057270418998	4.98291466177656	NA	NA	LINC01376	Intron
chr2	19319184	19319696	55.8381549909395	-16.6031243720327	5.14702061923898	-3.22577382145549	NA	NA	NA	NA
chr2	19981435	19981807	35.9337016208643	-4.81902102628652	6.00905339679985	-0.801960093889814	NA	NA	WDR35	Intron
chr2	20071728	20072285	21.8893306974153	-3.46547698451059	5.83641844483231	-0.593767739113873	NA	NA	LAPTM4A-DT	Exon
chr2	20230127	20230599	37.4246751603874	-5.70682793385979	4.97997693396089	-1.14595469206738	0.251813899528426	NA	SDC1	Intergenic
chr2	20623392	20624233	62.677870378396	10.1650243677531	3.95780226561054	2.56835073749827	NA	NA	LOC105373466	UTR
chr2	20712894	20713611	29.8909761124733	11.1202233523201	6.02803832175425	1.84474994330892	NA	NA	GDF7	Intron
chr2	21272471	21273159	7.99664351085425	30	6.01577453020895	4.98688902806303	NA	NA	LOC105374318	Intron
chr2	22948490	22948999	72.5939666636881	3.39428562816724	5.44542000383673	0.623328526684019	NA	NA	LOC107985858	Exon
chr2	23306959	23307934	38.3025835581433	-2.66618962665349	4.38142531389097	-0.60852107148798	0.54284193491977	NA	LOC102723389	Intergenic
chr2	23372158	23374182	87.3496504053849	0.910560536133399	4.0816581657783	0.223085936928226	NA	NA	LINC02923	Intergenic
chr2	23548556	23549633	2.82405820830812	9.68592896393296	6.02605352594991	1.60734200621063	0.107979364348548	NA	LOC105374325	Intron
chr2	24090035	24090560	27.5150488094751	-15.3816012993628	5.85389736937552	-2.62758301500658	NA	NA	TP53I3	Intron
chr2	24260873	24261185	60.8233508365208	28.2695619728658	4.54156947217492	6.22462392044566	NA	NA	LOC124900541	Exon
chr2	24615439	24615857	93.1103973571275	0.248029804635041	5.24264698627558	0.0473100335163408	NA	NA	NCOA1	Intron
chr2	24916256	24916712	29.0058950371798	11.8333270797987	6.01029766219139	1.96884210148823	NA	NA	ADCY3	Intron
chr2	25199446	25199926	23.6177675084869	-4.05928026063567	4.8006489759172	-0.845569063891016	NA	NA	LINC01381	Intergenic
chr2	25300367	25300570	64.2842213530427	-8.66278411778796	3.78325649780579	-2.28976917711294	NA	NA	NA	NA
chr2	25316288	25316664	114.043286811351	-17.6708069135186	5.11644682089839	-3.45372629328254	NA	NA	MIR1301	Intron
chr2	25609730	25610308	29.9695156970807	-9.53496924540447	5.0352690112368	-1.89363651159969	0.058273273691761	NA	DTNB	Intron
chr2	25614413	25615072	14.2188847280655	0.70565140928009	5.95957904143911	0.118406250571297	NA	NA	NA	NA
chr2	26649100	26649784	13.287468180999	7.78125326854427	6.12157631510277	1.27111921309334	0.203686241137783	NA	CIB4	Intergenic
chr2	27200599	27201002	75.4374531522862	-0.573449058112722	4.52834919201318	-0.12663534409496	NA	NA	ATRAID	Exon
chr2	27522013	27522436	29.9940999854523	-17.1870065251935	5.78645950683219	-2.97021114636687	NA	NA	SPATA31H1	Intron
chr2	28320224	28320714	36.5523264249194	-2.47160115145561	4.68737433705318	-0.52728904792559	NA	NA	BABAM2-AS2	Intron
chr2	28351805	28352436	66.594209405974	-13.9457554903866	4.78005092542235	-2.91749098659537	NA	NA	LOC105374383	Exon
chr2	29021927	29022327	56.2031352865904	-0.200898064491835	4.88397654628735	-0.0411341173709262	NA	NA	PCARE	Exon
chr2	29556754	29557316	32.344627348457	1.00307313374319	5.90417649151606	0.169892132321	NA	NA	LOC105374389	Intron
chr2	29749816	29750388	52.2524517821606	-2.33010441823186	5.13198311340695	-0.454035870099537	NA	NA	NA	NA
chr2	29766937	29767514	8.24852027247601	1.6447737747353	6.01755171137938	0.273329396010837	NA	NA	LOC124907748	Intron
chr2	30985051	30986548	50.0707317215132	-3.12162183831705	5.16424416038515	-0.604468290299473	NA	NA	NA	NA
chr2	30986952	30987831	42.5887591933832	2.581058388726	4.19067877441062	0.615904612991724	NA	NA	LOC124907750	Exon
chr2	33461791	33462014	50.0706984533552	-6.39299694402826	3.86313424395405	-1.65487310052286	NA	NA	RASGRP3	Intron
chr2	34645660	34646143	49.2944465568739	-4.5100562716058	3.60683023103814	-1.25042100201863	NA	NA	LOC124907752	Intron
chr2	35055096	35055741	16.3379317836967	-0.318864897115865	5.51213258228649	-0.057847827924269	NA	NA	LOC105374461	Intron
chr2	35608754	35609074	75.2824539903999	14.4331469989858	4.36530789902475	3.30632966398781	NA	NA	LOC107985866	Intergenic
chr2	36457255	36457874	10.2088948542118	7.67757906900968	6.12168212541169	1.25416166859421	0.209783249167469	NA	LOC124907753	Intron
chr2	37888221	37888619	26.1834402963286	-0.319086934257438	5.77944747878868	-0.0552106296369208	NA	NA	PIRAT1	Intron
chr2	38104579	38106004	37.4374971266956	-30	5.706100929877	-5.25753055697294	NA	NA	CYP1B1	Exon
chr2	38514755	38515461	19.6137501698627	30	6.01276175319761	4.98938777742954	NA	NA	LINC02613	Exon
chr2	38886335	38886835	40.7398454406014	1.84224276870705	5.87057929091657	0.313809366574355	NA	NA	ARHGEF33	Intron
chr2	39286320	39287378	60.9278023584157	-6.65417009968674	4.03014954048974	-1.65109756668685	NA	NA	CDKL4	Exon
chr2	39356508	39356956	90.6157136487743	-1.77446652131365	5.18760738762898	-0.342058754397117	NA	NA	MAP4K3-DT	Intron
chr2	39943697	39943930	69.6758724798434	-0.734568912966901	4.32433493744063	-0.169868644217845	NA	NA	SLC8A1-AS1	Intron
chr2	41041220	41041863	99.3971094930589	15.6545807418171	5.23050128288263	2.99294080914355	0.00276303331069208	0.0361516666878103	LOC105374497	Intron
chr2	41933829	41934461	52.1617352013387	-3.4067174192449	5.85927898118603	-0.581422634113135	NA	NA	LINC01914	Promoter
chr2	42000368	42001313	11.2674685998008	-11.1032698290902	5.18212048005088	-2.14261128660235	NA	NA	LOC105374517	Intron
chr2	43073882	43074295	41.5766203920742	29.1761036574792	5.453529730382	5.34994858374698	NA	NA	LOC124907756	Promoter
chr2	43318777	43319272	29.4659048498061	-14.3860049029606	6.00856336547359	-2.39425034370536	NA	NA	LINC01126	Intron
chr2	43754034	43754469	52.5932319561901	-29.7750737293216	5.44786240301118	-5.46545994129076	NA	NA	DYNC2LI1	Intron
chr2	44840691	44841044	92.1140685503352	13.2118007765707	4.29251956935096	3.0778661723302	NA	NA	LOC105374573	Intergenic
chr2	45766161	45766575	70.374916620378	-1.3970006877062	4.83320097828555	-0.289042540126637	NA	NA	NA	NA
chr2	45804311	45804939	25.6032454227245	4.64515152260525	5.74307939042118	0.808825928882831	NA	NA	PRKCE-AS1	Intron
chr2	47014611	47014893	15.0715200375401	-9.56590600669351	5.9750500142003	-1.60097505191742	0.109382444929126	NA	MCFD2	Intron
chr2	47203808	47204255	38.67987030037	15.1161419430089	5.4396344603656	2.77888928992352	NA	NA	CALM2	Intron
chr2	47262806	47263347	19.9260562945461	-8.79312902308121	5.08171704189374	-1.73034605244459	0.0835684661864232	NA	LOC107985882	Promoter
chr2	47674331	47674747	85.3523576590252	-29.5310574407463	5.8331260932731	-5.0626468498259	NA	NA	LOC105374589	Intergenic
chr2	48164851	48165260	11.8724417159192	15.0394703415188	5.90012636084879	2.54900817740372	NA	NA	LOC102724008	Exon
chr2	48219738	48220141	72.1071761487916	-1.7430289792571	5.25074427183376	-0.331958459414434	NA	NA	NA	NA
chr2	49481113	49481733	14.5689662461113	10.8820648243506	5.293666602005	2.0556762717601	NA	NA	LOC107985810	Intron
chr2	49636105	49636824	7.87500522610121	-4.7956993821266	5.91600689002892	-0.810631135370965	0.417577531119892	NA	LOC124906005	Exon
chr2	51071079	51071636	53.04152952639	-7.95412238784553	4.38703418066148	-1.8130978835105	0.069816725566204	0.119446092753972	NRXN1	Intron
chr2	52025880	52026334	44.8261685653306	29.2619497358185	5.84186742463415	5.0090061291747	NA	NA	LOC105374597	Intron
chr2	52536385	52536732	24.2118069429278	-1.37830651011698	6.02190658354867	-0.228882080947983	NA	NA	NA	NA
chr2	52550484	52550852	44.4670962431804	27.8010106364083	5.46257046070599	5.0893642171556	NA	NA	LOC105374598	Intergenic
chr2	54465951	54466147	63.2686238708777	-6.11239710230692	3.34568151258585	-1.82695127414645	NA	NA	SPTBN1	Intron
chr2	54830884	54831468	31.3610997533702	-18.0710301776202	5.71590346208757	-3.16153523191595	NA	NA	EML6-AS1	Intron
chr2	54991975	54992428	20.3972067804281	-0.962058174785807	5.18433186526839	-0.185570329945689	NA	NA	NA	NA
chr2	54993635	54993866	50.7286136566244	-15.7830037707373	5.46982257084177	-2.88546905613949	NA	NA	LOC105374662	Intron
chr2	55197188	55197445	27.2590822369776	-7.51782247834614	5.70309216830342	-1.31820111905759	NA	NA	RPS27A	Intron
chr2	55206037	55206641	23.4353233604926	-3.35712874948175	5.41809884021026	-0.619613788616576	NA	NA	NA	NA
chr2	55588598	55588909	78.5709047021071	0.190033140934347	5.25525763163529	0.036160575609157	NA	NA	LOC124900537	Exon
chr2	56021971	56022245	56.3894911448528	-9.87948284623854	4.03498814462783	-2.4484539959286	NA	NA	MIR216B	Intron
chr2	57012933	57013737	13.1955091143331	-30	6.01086473734714	-4.99096241737097	NA	NA	LOC101927213	Intergenic
chr2	57019935	57020527	29.2486892511753	7.37776027280376	5.18101001034301	1.42400038951388	NA	NA	NA	NA
chr2	57445603	57446260	29.8039566830517	-17.7421709320554	5.72686182254172	-3.09806164035943	NA	NA	LOC124900539	Intron
chr2	58438120	58438458	51.5865614775975	30	6.00714396897489	4.9940537724651	NA	NA	LOC124907771	Intron
chr2	58806796	58807574	21.4390161775842	-14.7222702410936	5.82877474906351	-2.52579158998364	NA	NA	LINC01793	Intron
chr2	59435235	59435713	32.8512191693224	-4.6850106095311	3.95540642446967	-1.18445745057899	NA	NA	NA	NA
chr2	59972013	59972334	25.6299550270852	-10.2758485639733	5.70527889699535	-1.80111239949813	NA	NA	LOC105374754	Intron
chr2	60402140	60402602	92.0912626907421	-18.0215546173086	5.20978082404509	-3.45917711818745	NA	NA	MIR4432	Exon
chr2	61431728	61432228	25.4647505762917	1.37145181046728	5.43764862760902	0.252214128640805	NA	NA	SNORA70B	Intron
chr2	61720028	61720701	25.7161288505007	-14.1772889869498	5.3714214738729	-2.63939239471516	NA	NA	LOC107985767	Intron
chr2	62293374	62293685	68.669677880186	15.0464496183224	5.19011057871906	2.89906147279736	NA	NA	LOC105374764	Exon
chr2	62476060	62476583	46.0718265592461	2.89099998131029	5.10998167222835	0.565755450165751	NA	NA	TMEM17	Intron
chr2	67204164	67204638	39.3393682719413	-21.8258917323125	5.29583640620438	-4.12133042983393	NA	NA	LOC101927661	Intron
chr2	67555963	67556236	55.5640079196794	-1.39628800712677	5.15257126511324	-0.270988587111969	NA	NA	LOC124906017	Intron
chr2	67812086	67812513	21.2446755606399	8.43725850661855	4.75634222947829	1.77389643123809	0.0760802831709939	NA	LINC01812	Intron
chr2	68441029	68441359	61.5271270153422	-1.34614925522699	4.19351150479143	-0.321007645666146	NA	NA	FBXO48	Intergenic
chr2	69037835	69038035	63.2001070889963	5.12710713336845	4.69522497341313	1.09198327287848	NA	NA	ANTXR1	Intron
chr2	70894104	70894682	10.0946410896277	-1.20410215349805	6.012311955917	-0.200272734070798	NA	NA	VAX2	Intron
chr2	70958974	70959487	30.4199091123692	26.6158033766301	5.42845363897418	4.90301753441147	NA	NA	ANKRD53	UTR
chr2	71789457	71789782	115.94810652616	1.23780682259019	3.88023440395387	0.319003104897192	NA	NA	LOC124907827	Intergenic
chr2	73021263	73021687	53.1470095160572	-12.9276315757201	5.07931372323345	-2.54515319984812	NA	NA	LOC105374800	Intron
chr2	73234273	73234763	51.8427839341805	-6.4039452323065	3.83467757212467	-1.67000878479551	0.0949176255385823	0.135678605480602	CCT7	Promoter
chr2	73402012	73402639	5.46254768674192	-2.38448274533005	6.02387708854777	-0.395838545554537	NA	NA	ALMS1	Intron
chr2	73612855	73613513	81.5426424192008	16.1202573032062	4.65085117623819	3.4660875380332	0.000528091311804036	0.0144633188716374	LOC124905592	Intron
chr2	74270797	74271404	89.5328739688293	10.1385602533944	4.28824648326216	2.36426714111867	0.0180657804020334	0.0831315297380008	MTHFD2	Intron
chr2	75352430	75352627	60.3845996110555	-5.4618639759164	4.64216637683464	-1.1765765232311	NA	NA	LOC105374810	Intron
chr2	75724929	75725491	25.8496586594633	6.94369895704836	4.69312453702687	1.47954713374115	NA	NA	GCFC2	Exon
chr2	76635189	76635667	10.9474193327522	30	6.01832914428449	4.98477223175647	NA	NA	LOC105374814	Intron
chr2	77557337	77557804	5.71257205497386	-0.796209843916868	6.0162342466804	-0.132343557659211	0.894712556318972	NA	LRRTM4	Intron
chr2	77830820	77831441	23.3175705684147	26.1222046010403	5.75573979542459	4.53846169727924	NA	NA	LINC01851	Intron
chr2	78699393	78699935	47.0758694934466	5.69456015233187	5.0299654396986	1.13212709323766	NA	NA	NA	NA
chr2	78778046	78778414	58.3369777882641	-1.402659561367	5.1243580599399	-0.273723956241936	NA	NA	NA	NA
chr2	78864405	78864870	13.8886578719658	7.84530847320035	6.12152821465609	1.28159312480456	0.199985413226859	NA	LOC105374821	Intergenic
chr2	79230527	79231123	46.4992287156955	-30	5.80373306242323	-5.16908680625537	NA	NA	CTNNA2	Intron
chr2	79632485	79632991	66.7310628071385	-10.0505367237127	4.93644755249483	-2.03598571985906	0.0417517892376913	0.100739101833964	MIR4264	Intron
chr2	80493366	80493873	33.7000203091619	10.257840838426	4.64175555162245	2.20990543865252	0.027111725713713	NA	LRRTM1	Intron
chr2	80992021	80992483	4.94336027159366	10.2830144287406	6.03042358335389	1.70518940943475	NA	NA	LINC01815	Intergenic
chr2	81048006	81048507	59.9724172803883	30	5.62935433920721	5.32920796814239	NA	NA	NA	NA
chr2	81718023	81718634	87.834122201419	3.27941948796397	4.5707258151455	0.717483310221173	NA	NA	LOC105374828	Intron
chr2	82517119	82517615	29.7767580956987	-5.51864601808879	6.00813719889173	-0.91852862799251	NA	NA	LOC124906132	Intron
chr2	82637487	82637966	54.5260461976553	-12.6023289997519	5.40128305273988	-2.3332102533229	NA	NA	LOC105374831	Intergenic
chr2	84262653	84262982	64.1547441425266	-0.174365741984664	4.87732778578048	-0.0357502611354143	NA	NA	NA	NA
chr2	84287940	84288328	80.2138688032459	-4.34583051585947	4.89544539164286	-0.887729341905918	NA	NA	NA	NA
chr2	84290252	84290625	34.7483652372851	14.729083111823	5.8462666334445	2.51939982134289	NA	NA	FUNDC2P2	Promoter
chr2	84295942	84296394	74.3762657237672	-0.0606591902977684	5.35545281165059	-0.0113266221234938	0.990962856314791	0.991730415374823	NA	NA
chr2	85369562	85369913	61.3326886180305	-0.202439778083768	5.93525389017341	-0.0341080233179129	NA	NA	ELMOD3	UTR
chr2	85418598	85419085	62.4485548802413	14.2269874726584	4.31788281053506	3.2948989347155	NA	NA	SH2D6	Promoter
chr2	85538976	85539463	81.1295324211158	10.6354635465701	3.22793233089139	3.29482233713157	0.000984839228726399	0.0176409552291841	PARTICL	Promoter
chr2	85943461	85943985	32.6886198534439	-2.45331261594736	5.61902644722384	-0.436608127580438	NA	NA	LOC124906031	Intergenic
chr2	86224394	86224885	80.3896706649222	-8.96855448216424	4.08745087264901	-2.19416814087649	NA	NA	MRPL35	Exon
chr2	88891438	88891751	78.1117727220889	16.3880690357935	4.68310499063408	3.49940244102334	0.000466302208177419	0.013814202917256	MALLP2	Intergenic
chr2	88899792	88900327	15.175078399015	-0.939027164876013	6.00999761734853	-0.156244182554317	NA	NA	NA	NA
chr2	90234090	90234751	1.74437647855704	-8.38955653662264	6.0487128640271	-1.38699864338362	0.165442176505671	NA	KMT2CP4	Intergenic
chr2	95195713	95196175	41.0494807867361	4.233981341445	5.7609937533988	0.734939408491302	NA	NA	ZNF892	Intergenic
chr2	95343769	95344381	11.1936734505585	-17.4857184329821	6.02472178853572	-2.90232794919347	NA	NA	KCNIP3	Intron
chr2	96125117	96125824	80.6852875756925	-5.05821774084454	4.36195090313236	-1.15962280483537	NA	NA	ADRA2B	Intron
chr2	96696139	96696421	47.2616051837329	-0.169078218955724	5.15108384951535	-0.0328238141515853	NA	NA	LMAN2L	Intron
chr2	96802903	96803386	32.3127154147436	-14.3633919520705	5.40913835774256	-2.65539370637672	NA	NA	MIR3127	Intron
chr2	99380242	99380805	24.6930232436803	-4.2692433987638	5.01378729093242	-0.851500702170763	NA	NA	TXNDC9	Intron
chr2	100112017	100112719	50.7235681221976	16.8166808720345	5.07087680686537	3.31632605415826	NA	NA	AFF3	UTR
chr2	100953794	100954105	67.4139380018809	1.71906758442885	4.28995032295591	0.400719694871516	NA	NA	NPAS2-AS1	Intron
chr2	101443503	101443971	24.7434063203826	-1.34578811800897	5.51594639516496	-0.243981362688484	NA	NA	LINC01870	Intron
chr2	102252054	102253096	70.4063920107142	15.0088844932533	5.47478592246269	2.74145595934132	NA	NA	CFAP144P2	Promoter
chr2	104508781	104509281	127.758386563782	-17.1204017726804	4.58013808834523	-3.73796628888668	NA	NA	LINC01103	Promoter
chr2	104575342	104575558	46.334877864559	-8.01450239358599	3.67749564699636	-2.17933701706267	NA	NA	LOC105373524	Intron
chr2	104782853	104783226	37.665395338095	8.33892543922193	5.13723414290943	1.62323250357034	0.104539712018258	NA	LOC124900520	Intron
chr2	105365829	105366632	15.8998601482231	-8.68748054379811	6.12142887696577	-1.41919161659921	0.155843159407866	NA	C2orf49	Intron
chr2	106900291	106900885	1.49225789397232	-5.27256705492673	6.13061936297438	-0.860038234761429	0.389767966454283	NA	ST6GAL2	Intergenic
chr2	107274882	107275233	47.0309573375942	-10.2472611690807	5.35011715772406	-1.9153339762451	0.0554499252468455	0.109059189074709	LINC01789	Intron
chr2	107820867	107821553	21.2573624095981	7.76895150826917	5.95212827812622	1.30523925984924	0.191811389570364	NA	RGPD4-DT	Intron
chr2	108088684	108089394	35.0388789191201	-12.969539178142	4.89208347893505	-2.65112793638699	NA	NA	LINC01593	Intergenic
chr2	108883072	108883777	41.689163403531	6.23752146660193	3.82670431617828	1.62999828343971	0.103101859775123	NA	CCDC138	Exon
chr2	108927101	108927512	42.8333024120999	-2.30524074185226	5.11459020854507	-0.4507185615772	NA	NA	EDAR	Intron
chr2	109394240	109394674	115.587774728831	-7.84166787644791	3.65312958146678	-2.1465616539393	0.0318281954587299	0.0923098000217702	MIR4266	Intron
chr2	111006835	111007210	42.6537161718923	-7.13656462420666	4.05809377427292	-1.75860022492588	NA	NA	ACOXL-AS1	Intron
chr2	112339189	112339694	40.7338403519173	15.6833791491391	5.5148504602381	2.84384486256079	NA	NA	ZC3H6	UTR
chr2	112633607	112633994	63.5385050816485	0.139383980618186	4.57373526205992	0.0304748684897451	NA	NA	LOC107985934	Intron
chr2	113196670	113197462	171.408816400846	-8.8454573372566	4.12340806477959	-2.14518117011284	NA	NA	PAX8-AS1	Exon
chr2	114652300	114652638	21.3549035258614	-3.7628364593417	6.01036879296856	-0.626057499789994	NA	NA	DPP10-AS3	Intron
chr2	115238893	115239460	88.686968429259	0.125454321435848	4.21608979932997	0.0297560838139135	0.976261583282659	0.980398284906738	DPP10-AS1	Intron
chr2	116142829	116143157	39.3596517322555	30	5.72403357049059	5.24105940864159	NA	NA	LOC105373576	Intergenic
chr2	117438747	117439752	36.1556989540925	1.03005610177285	4.18342306589472	0.246223268731857	NA	NA	LOC124907878	Intergenic
chr2	118484959	118485167	94.8848851008462	30	4.83872046305631	6.19998618003465	NA	NA	LOC105373579	Intron
chr2	118495328	118496182	43.6498769546788	-11.512805370835	4.68229515890061	-2.45879530873875	NA	NA	NA	NA
chr2	119187612	119187966	52.206304228666	15.0785096997198	5.3106894801503	2.83927534382843	0.00452161217457444	0.0499480878512928	C1QL2	Intron
chr2	119473318	119474495	48.2400914198612	-2.73891615791046	6.00839807059094	-0.455847985724602	NA	NA	SCTR-AS1	Promoter
chr2	121863531	121863842	65.4886620956411	11.5470067379667	6.00788500844545	1.92197532438367	NA	NA	LOC105373595	Intergenic
chr2	122274611	122274874	3.51687625897473	4.14448965831017	5.93914563718759	0.697825901483153	0.485286078678869	NA	LOC105373592	Intron
chr2	122363633	122364334	14.4793379202392	14.2271958096367	6.01031665173499	2.36712916041284	NA	NA	LOC105373593	Intron
chr2	122937467	122938288	13.5506004547367	-0.216718848399319	6.01058894846798	-0.0360561752362983	NA	NA	LOC105373596	Intergenic
chr2	123302875	123303123	98.9765340307736	-1.61444088886529	4.30375576092879	-0.375123724148529	NA	NA	LINC01826	Intron
chr2	123784297	123784547	39.7837613352903	-17.5861184133661	5.40943146665683	-3.25101048451488	NA	NA	CNTNAP5-DT	Intron
chr2	124615757	124616240	44.5877349568211	-7.13426852796863	5.31043835868621	-1.34344248931902	NA	NA	CNTNAP5	Intron
chr2	127183101	127183483	52.9665470337645	1.69646306158177	5.20500005732535	0.325929499115802	NA	NA	LOC124907883	Intergenic
chr2	127198568	127199270	35.416223245108	-0.139055731722637	5.42931803115865	-0.0256120070558772	NA	NA	NA	NA
chr2	128033166	128033807	111.63405863267	-12.5697661164032	4.41227494177523	-2.84881751075692	NA	NA	SAP130	Intergenic
chr2	128268850	128269429	62.3200535453715	7.59902601645932	4.39826948311645	1.72773088270956	0.0840364840596075	0.127670812321327	NA	NA
chr2	128278718	128279052	25.9729427081602	-18.9279919035485	6.03416424185485	-3.13680422754456	NA	NA	NA	NA
chr2	128314114	128315001	15.7209174237701	23.785453173016	5.81622043460774	4.08950338805723	NA	NA	HS6ST1	Intron
chr2	128631051	128631752	64.1891941213884	10.3264576325234	5.3463642076373	1.93149161401537	0.0534222853863963	0.10883919148767	LOC105373611	Intron
chr2	130135124	130135649	121.783529511679	3.0807785251528	4.62676705533489	0.665859873278149	NA	NA	POTEF	Exon
chr2	131317379	131317801	54.371476538564	19.4253561757403	6.01956683431587	3.22703555096386	NA	NA	LOC440910	Intron
chr2	131608477	131609003	40.5515313183347	15.3202262403372	5.12767858514486	2.98775088686734	NA	NA	LINC01087	Intron
chr2	132161948	132162450	29.9970058177498	9.09272945511031	5.0253805973532	1.80936135661035	NA	NA	MIR663B	UTR
chr2	132934133	132934853	19.5443390916407	-1.87839166830304	5.47744494654238	-0.342932094550537	NA	NA	NA	NA
chr2	133014488	133014959	36.3639572091664	0.127469391548308	5.39110263459454	0.0236444008189235	NA	NA	NCKAP5-AS1	Intron
chr2	134555863	134556179	41.0715172114203	-12.5549410836156	4.97741468809197	-2.52238197344743	NA	NA	LOC124906076	Intron
chr2	134918168	134918906	15.7607378882804	-6.76029367486426	4.12920405115027	-1.63719050720709	NA	NA	CCNT2-AS1	Promoter
chr2	135432805	135433181	33.8218269849863	-2.57606202052625	5.44637897875839	-0.472986185972963	NA	NA	ZRANB3	Intron
chr2	136287144	136287586	32.5503208452292	11.8248451478712	4.8620324085208	2.43207863591118	NA	NA	CXCR4	Intergenic
chr2	136693047	136694344	64.700425393308	-4.85719103267019	4.38328180848271	-1.10811744370858	NA	NA	THSD7B	Intergenic
chr2	137723927	137724233	113.990117633155	-13.5179698075777	3.86737226985541	-3.49538882329606	NA	NA	HNMT	Intergenic
chr2	138325070	138325453	152.988747881663	5.58174520395857	4.56353138940868	1.22311971314869	NA	NA	SPOPL-DT	Intron
chr2	138541933	138542261	79.9868308603636	-15.9009734499255	4.67101172436521	-3.40418187498478	NA	NA	LINC02631	Intron
chr2	138649941	138650396	96.6785386685618	-4.80217824264977	5.01811595025257	-0.956968370252199	NA	NA	LOC124905958	Intergenic
chr2	139267928	139268479	37.8255076437396	-8.97330762349688	5.76900117633157	-1.55543522166568	0.119842451102532	NA	LOC105373641	Intron
chr2	139444137	139444508	31.2947852828532	-0.48039354390019	5.49783133871526	-0.0873787343233503	NA	NA	LOC105373645	Intron
chr2	139982823	139983238	11.2763663571156	0.918466636515753	6.01158220213915	0.152782845785412	NA	NA	NA	NA
chr2	140009669	140010019	52.8742447561919	1.37348445332849	5.44735847462442	0.252137703021865	NA	NA	LINC01853	Intergenic
chr2	141215162	141215491	146.678333204271	-18.4698983131162	4.62236387326585	-3.99576900899986	NA	NA	LOC105373648	Intron
chr2	141650997	141651456	22.0510292309066	9.74435897923289	5.83425473885796	1.67019772282695	0.094880250416574	NA	NA	NA
chr2	142426892	142427244	27.0801294340241	28.0512657746025	6.00851777736394	4.66858330356962	NA	NA	LRP1B	Intergenic
chr2	142831816	142832164	57.8138664428997	12.3726774948198	5.43231107453791	2.27760842946062	NA	NA	LOC105373652	Intergenic
chr2	144008073	144008551	49.4753531701829	-9.24796584338603	3.85139089865179	-2.40120156243381	NA	NA	QTMAN-AS1	Intron
chr2	145547701	145548424	48.1768420680611	8.63440564929223	4.69949808876532	1.83730378993743	0.0661650607234643	0.115302348466625	LOC124908059	Intergenic
chr2	145801634	145802188	7.86315676560608	10.3445809401846	5.98256419066492	1.72912159577428	NA	NA	LOC105373665	Intergenic
chr2	147724934	147725483	25.8381643604865	-1.80088954806586	5.47171998099903	-0.329126774454757	NA	NA	ACVR2A	Intron
chr2	149533130	149533557	99.021676040763	-16.0087026583356	3.91620096201975	-4.08781439297722	4.3545632251471e-05	0.00412812593743945	MMADHC-DT	Intergenic
chr2	150878643	150879144	62.1481284838562	-10.8994153436711	3.98605373976166	-2.73438745568013	NA	NA	LOC105373686	Intron
chr2	151406295	151406678	16.5018052131156	8.35666859878411	5.54474279653536	1.50713367696799	0.131776396135948	NA	RIF1	Intergenic
chr2	151745570	151746045	55.1624441619529	8.97849472709462	5.24346457332499	1.71232104299337	NA	NA	NEB	Intergenic
chr2	154166676	154167012	40.5724404619714	1.12579407599288	4.83891154420196	0.23265440289807	NA	NA	GALNT13-AS1	Intron
chr2	154360630	154360937	132.226882658743	-2.84801113211895	4.3908054441366	-0.648630682537331	NA	NA	NA	NA
chr2	154616976	154617271	45.007124736335	1.15538709844807	5.17275406726619	0.223360144987272	NA	NA	NA	NA
chr2	154874746	154875303	20.9050346166828	-30	6.01250537626693	-4.98960052799596	NA	NA	KCNJ3	Intron
chr2	156215184	156215483	35.6931354133843	14.1479141389404	5.87295853415349	2.40899268344309	NA	NA	LINC01876	Intron
chr2	156623565	156624184	42.7102477900609	-13.8684740627844	5.80111870205334	-2.39065510896642	NA	NA	LINC01958	Intergenic
chr2	157118933	157119660	12.7301584458863	7.02558458393236	5.97674902161384	1.17548596377824	0.239800349461966	NA	LOC105373709	Intergenic
chr2	157444292	157445241	5.38354554811861	-7.1247377769717	6.12328825804454	-1.16354766862584	0.244607369477933	NA	LOC105373712	Intron
chr2	158330437	158331015	17.0922493326645	3.62947153635359	5.43186526784269	0.668181436281291	NA	NA	CCDC148	Intron
chr2	158459674	158460169	42.0603126829388	-0.809340447770051	5.154207712765	-0.157025190460529	NA	NA	PKP4	Promoter
chr2	158968968	158969350	31.0002838899862	27.2064520605773	5.86727216971923	4.6369848327454	NA	NA	TANC1	Promoter
chr2	159045170	159045747	29.9458223811091	-10.338356562517	5.00625768959186	-2.06508677809589	NA	NA	NA	NA
chr2	159462646	159463166	113.371140344967	-3.56635843706938	4.27517748842916	-0.834201257543526	NA	NA	BAZ2B-AS1	Exon
chr2	160161676	160162362	3.06839747573565	2.29537239902825	6.04127504010051	0.379948336037034	0.703983766088671	NA	PLA2R1	Intron
chr2	160192999	160195184	102.621577767242	-30	5.48864939556807	-5.46582553154591	NA	NA	LINC02478	Intron
chr2	161826855	161827278	20.2813320505884	6.87363818137368	4.85680193267035	1.4152601396274	0.156992237402657	NA	DPP4-DT	Intron
chr2	162467529	162468080	14.4271748064411	-4.24511679162972	6.0101678415585	-0.70632250272214	NA	NA	NA	NA
chr2	162560085	162560294	49.2876817921026	-7.60121899304407	4.37930943851437	-1.73571178281996	NA	NA	LOC124906084	Intron
chr2	162787235	162788063	46.9927492134646	1.71911415075905	4.34520698956906	0.39563458193957	NA	NA	KCNH7-AS1	Intron
chr2	164126150	164126821	14.5333456461999	0.119399925055808	5.82431160373547	0.0205002639246206	NA	NA	FIGN	Intron
chr2	164943118	164943573	27.3737853319638	-9.08645317194714	6.030154787776	-1.50683580964898	NA	NA	NA	NA
chr2	165048785	165049205	43.1626283793764	-26.5993066357295	5.25713350666479	-5.0596597179828	NA	NA	SLC38A11	Intron
chr2	166438992	166439441	63.4562193298714	10.5704427546421	5.29890723871875	1.99483445896252	NA	NA	SCN7A	Intron
chr2	169187108	169187519	44.4708391167598	-19.7006918029158	5.73313924581722	-3.43628350162419	NA	NA	DHRS9	Intron
chr2	169520155	169520377	56.106128759659	-7.35115661731307	3.62261447363142	-2.02924066881013	NA	NA	KLHL41	Intron
chr2	169539672	169540216	4.261166017479	-1.1876932727428	6.02078750868067	-0.197265435963386	0.843619825968334	NA	NA	NA
chr2	169584835	169585321	51.6591702785157	-4.01449694730211	5.09724500023556	-0.787581712693148	NA	NA	NA	NA
chr2	169634195	169635319	51.1468311807666	-10.9590619325428	4.94152266232876	-2.21775000974664	NA	NA	PPIG	Intron
chr2	170295649	170296724	40.2321997109284	-2.02150568395879	6.0096452181015	-0.336376875937679	NA	NA	LOC124906090	Intron
chr2	170616900	170617734	60.4129837234152	-1.19175116985781	4.79989066000412	-0.248287149494524	NA	NA	LOC100130256	Intron
chr2	171219368	171219957	25.9523506687839	-14.9746540447903	5.43293709761523	-2.75627230275928	NA	NA	TLK1	Intron
chr2	171316979	171317987	71.4454893533663	-5.20522860744958	5.16032382785767	-1.00870193055511	NA	NA	LOC107983995	UTR
chr2	172065499	172065850	25.9050170715192	14.6127709668883	5.92205992297254	2.46751487775449	NA	NA	DLX2	Exon
chr2	172102722	172103241	55.752833312243	-9.61706242297801	4.41373807837685	-2.17889286863046	0.0293396276723519	0.0891473302352232	DLX2-DT	Promoter
chr2	172659061	172659599	29.2664360582029	-1.65940435827859	5.4338251700573	-0.305384201063849	NA	NA	LOC124906146	Intergenic
chr2	173995087	173995698	37.5847139252911	9.2756680123946	5.37423285477996	1.72595201269417	0.0843560462278936	NA	LINC01960	Intergenic
chr2	174295183	174295625	9.15699954037781	21.6430176757105	5.92139716037414	3.65505253059955	NA	NA	LINC01305	Intergenic
chr2	174431298	174431690	12.203257072542	11.6866744418813	6.01596871959492	1.94260891081698	NA	NA	SCRN3	UTR
chr2	174884565	174885165	22.8190331490761	5.89781264794023	5.86827244452218	1.00503388411109	0.314880534201588	NA	CHRNA1	Intron
chr2	176590353	176590938	22.2903694787959	-30	6.00922425037788	-4.99232492415531	NA	NA	MIR1246	Intron
chr2	176991165	176991832	17.3476541235853	-9.56401474462753	5.13676628202126	-1.86187461518381	0.062620765934127	NA	LOC105373756	Intron
chr2	177351634	177352133	93.7511487322086	-1.98793114071268	4.29497540890745	-0.462850412738072	NA	NA	LOC124906145	Intron
chr2	177873904	177874417	61.1125760206849	8.68363933815337	4.15445610357456	2.09019884231821	0.0365999414995486	0.0956142249818817	PDE11A-AS1	Intron
chr2	179050869	179051646	31.4516267690782	27.0559551435636	5.70540169354412	4.74216481096826	NA	NA	CCDC141	Promoter
chr2	179397124	179397515	13.8314972463506	-1.87631240954919	6.01164561978043	-0.312112943480145	NA	NA	SESTD1	Intergenic
chr2	180042735	180043334	42.5170861982873	-9.2514810755515	5.12511716615327	-1.80512577090903	NA	NA	CWC22	Intergenic
chr2	180062185	180062872	26.3894616027041	1.5638908145869	5.47686052384585	0.285545123484126	NA	NA	NA	NA
chr2	180602705	180603213	17.350491913169	-0.629037382688297	6.0093764808337	-0.104675981725317	NA	NA	SCHLAP1	Intron
chr2	181079844	181080237	13.945352062824	2.28748316858522	5.86431360586151	0.390068356217994	NA	NA	LOC107985831	Intron
chr2	181255400	181255654	82.1642959136909	-0.804709403427215	5.24870320138935	-0.153315852040215	NA	NA	MIR4437	Intron
chr2	182791463	182792118	29.3181641038658	-9.63671153448781	6.03327362956541	-1.59726081165358	NA	NA	FRZB	UTR
chr2	183691182	183691890	5.34047127785617	-0.553948611421844	6.01756197421481	-0.0920553230353933	0.926654084720647	NA	NA	NA
chr2	184103105	184103475	39.6367874298574	9.35287410446089	4.93553193416267	1.89500832518626	0.0580912987368713	NA	LOC105373777	Intron
chr2	185013062	185013622	39.4654813895045	4.36575610089752	5.24779514719701	0.831921974551424	NA	NA	LOC105373781	Intron
chr2	185901388	185901851	32.9593865567233	13.1991328785598	5.52707436662174	2.38808671695644	NA	NA	NA	NA
chr2	185905472	185905718	37.8960017414113	29.4374683983858	5.39778663429072	5.45361837968497	NA	NA	FSIP2-AS2	Intergenic
chr2	186176016	186176245	36.5073188896208	11.7457846616723	6.0091258049727	1.95465780595779	NA	NA	LINC01473	Intron
chr2	186351593	186352024	19.0652114997436	10.4591860719547	4.70052397888671	2.22511067254079	0.026073809462636	NA	NA	NA
chr2	186486201	186486584	84.3380031737154	-0.655129102847756	3.85958939175605	-0.169740621695948	NA	NA	LOC105373785	Promoter
chr2	186799742	186800281	47.4834747969462	-5.8890154669805	4.6815245422543	-1.25792685989952	0.208418208715748	0.249470280129456	ZSWIM2	Intergenic
chr2	188354614	188355016	58.4202497766096	-0.0875080923432667	4.54728406186493	-0.01924403471451	NA	NA	LINC01090	Intron
chr2	188802767	188802962	57.4572457824723	-7.1731040977499	3.90461114140514	-1.83708539416003	NA	NA	DIRC1	Intron
chr2	190596839	190597173	41.1622217310586	-5.37413950263097	5.72067303842533	-0.939424341599892	NA	NA	NAB1	Intron
chr2	190814991	190815415	11.1529388970733	25.5033730383642	5.91063305333272	4.31482936061883	NA	NA	LOC124907946	Exon
chr2	191219272	191219817	9.12577709942821	9.74910112849255	6.05063856059995	1.61125161102432	NA	NA	MYO1B	Intron
chr2	193867315	193868017	20.0032275562961	-30	6.00971880373136	-4.99191409444538	NA	NA	LINC01821	Exon
chr2	194770302	194770713	73.810181957508	-8.42899223181606	3.71767564097466	-2.26727478290877	NA	NA	LINC01790	Intergenic
chr2	195255471	195255862	121.627870940947	24.6002920988979	4.69695602270773	5.23749679153184	NA	NA	LOC105376755	Intergenic
chr2	197537534	197538027	53.9607890169213	-14.4420219010242	5.85447766111674	-2.46683354809648	NA	NA	NA	NA
chr2	197571684	197572131	41.2701675202675	20.7596658991813	5.61928282038743	3.69436217445094	NA	NA	HSPD1	UTR
chr2	199260689	199261458	37.3594439644417	8.37810743492871	5.63487000251998	1.48683242580253	NA	NA	SATB2-AS1	Intergenic
chr2	199457929	199458343	10.7462918044116	0.115197816039428	5.56676264187669	0.0206938616661751	NA	NA	NA	NA
chr2	203238839	203239253	69.9707642481237	-7.68335715093653	4.11358612895426	-1.86780023805889	0.0617899202775773	0.113191061634547	CYP20A1	Promoter
chr2	203469254	203469528	77.3799461067143	17.3896600866569	5.09395932001199	3.41378071441214	NA	NA	RAPH1	Intron
chr2	203754777	203755404	5.14177442817691	-11.4585814545772	6.02113693913172	-1.90305943385994	NA	NA	CD28	Intergenic
chr2	204191672	204192165	42.0666477659447	5.7073628701638	5.02837062770919	1.13503225850397	0.256361802575143	NA	LOC124907966	Exon
chr2	204952769	204953194	28.6993295060255	12.9213882700858	5.98974340094107	2.15725239048732	NA	NA	LOC124907968	Intron
chr2	206326674	206327527	17.6126149633011	3.69069748529992	5.3139536049686	0.694529489653256	NA	NA	ADAM23	Intergenic
chr2	206393421	206393852	17.1758711487439	-1.98941395962241	4.99350780801261	-0.398400089898765	NA	NA	NA	NA
chr2	206926986	206927539	27.6074994536539	12.8565076804023	4.94474249723239	2.60003583353395	NA	NA	CPO	Intron
chr2	207506875	207507862	51.0218588025869	-2.61471691281352	5.01791960151301	-0.521075888108117	NA	NA	CREB1	Intron
chr2	207529795	207530262	119.940404974821	7.19260589568307	3.66909774968316	1.96032005315317	NA	NA	MYOSLID-AS1	Promoter
chr2	209303155	209303966	1.20300423117443	-2.86139621671495	6.10619427396538	-0.468605499323027	0.639351645724875	NA	MAP2	Intron
chr2	211562573	211563004	7.01343155208824	-2.79707186800823	6.02277530566166	-0.46441577612548	NA	NA	NA	NA
chr2	212112782	212113296	68.8522711701892	-14.4878473656462	4.53369123690701	-3.19559639344344	NA	NA	MIR548F2	Intron
chr2	212871438	212871890	13.4079110887686	7.10001241257583	5.45046344684341	1.30264379934292	0.192696397253554	NA	MIR4776-1	Intron
chr2	212881555	212882053	51.4524929281985	-3.9770261896496	3.87175916105993	-1.02718842371406	NA	NA	NA	NA
chr2	214252361	214252914	27.9473299167528	-29.2743575507819	5.05751082350294	-5.78829360379022	NA	NA	LOC101928084	Intron
chr2	215069331	215069609	48.5075096889926	21.4844273072201	4.53005184580868	4.74264490528913	NA	NA	LOC124906117	Intron
chr2	215388259	215388877	2.48366445612419	2.19426178767888	6.04746501450456	0.362839930849711	0.716724461160185	NA	FN1-DT	Exon
chr2	215688388	215688733	35.3799886299161	10.9207795193361	4.98440083306516	2.19099143208761	0.0284524124743627	NA	LINC01614	Exon
chr2	215843728	215844099	34.6992596429915	-30	6.00929734683801	-4.99226419804064	NA	NA	LOC105373870	Exon
chr2	216707498	216707803	45.0948980282025	-6.43925255170477	4.30243503368923	-1.49665305839221	NA	NA	IGFBP5	Intron
chr2	216827243	216827874	56.4886506370064	-30	5.4535939800881	-5.5009595707958	NA	NA	LOC105373874	Intron
chr2	216973425	216974052	155.431326329509	-4.29951274951174	4.09197626903975	-1.05071790910476	NA	NA	LOC105373876	Intron
chr2	217434302	217434703	117.859177780494	-1.39733008032365	4.19012197873301	-0.333481957665148	0.738770506482484	0.774728362992693	LOC124907981	Intron
chr2	217701991	217702394	36.1449315814307	1.79004343723959	5.42094029472246	0.330209030153364	NA	NA	DIRC3	Intron
chr2	217971958	217972490	38.9296359639619	14.2927074228555	5.47677512703775	2.60969404281276	NA	NA	TNS1-AS1	Intron
chr2	218001379	218001645	87.4467394143133	-24.5467088589611	4.8824723218823	-5.0275162337219	NA	NA	LOC124907982	Intron
chr2	218162293	218163075	25.2577149359914	-20.1029937226759	5.80759141802213	-3.46150276004131	NA	NA	CXCR1	UTR
chr2	218246702	218248087	79.452632051486	0.101207068716808	4.91656661140506	0.0205849074600221	NA	NA	GPBAR1	Intron
chr2	218350339	218351099	1.38008064999482	-4.11083409878596	6.1322455445907	-0.670363583599838	0.502626043231351	NA	CATIP	Intron
chr2	218644856	218645626	18.0890327185154	-6.87874826845138	5.20629012190412	-1.32123798470447	NA	NA	BCS1L	UTR
chr2	219004306	219004760	39.2921298685715	0.54138956674318	5.52595913200478	0.0979720540471619	NA	NA	CFAP65-AS1	Promoter
chr2	219037250	219037855	97.2122875618448	-1.4165956254532	4.11164234808231	-0.344532793839402	0.730445637979142	0.76769674590269	CFAP65	Intron
chr2	219245074	219245775	54.7320873245188	-1.40441033124403	3.81717042357952	-0.367919211195988	0.71293347499221	0.754256126130314	GLB1L	Promoter
chr2	219263877	219264366	18.8774653754899	-3.63300187920659	6.00970557877843	-0.604522439840565	NA	NA	TUBA4B	Intron
chr2	219855423	219855825	51.1341660901325	-4.13655203510803	4.7355573460033	-0.873509015490897	NA	NA	LINC01803	Intergenic
chr2	220220086	220220462	38.0544500137251	-0.944380965703228	5.42263348796271	-0.174155411351254	NA	NA	LOC105373895	Intron
chr2	220747094	220747451	50.7761890965322	-11.8414621530911	4.2944280899129	-2.75740142928585	0.00582627764213124	0.0563603184157185	LOC107985990	Intron
chr2	221517706	221518852	21.9725580138875	-8.18931216019376	5.83349101814382	-1.40384413633666	0.16036526777174	NA	EPHA4	Intron
chr2	222193520	222193964	17.0770654209604	1.11597552445777	6.01063190490819	0.185666921899923	NA	NA	CCDC140	Intergenic
chr2	222756663	222757327	6.4743840562563	-7.39152851513811	6.12281374672274	-1.20721106682274	0.227350869535005	NA	LOC105373903	Promoter
chr2	222982085	222982657	40.140774185827	-3.76305733309512	4.96640071752715	-0.757703122870198	NA	NA	ACSL3-AS1	Intergenic
chr2	223309891	223310773	72.2873632866106	13.8922984683196	4.20091153879641	3.30697238921148	0.000943101872942723	0.0176409552291841	NA	NA
chr2	223358611	223358966	49.2955852098601	14.5360229890082	5.97464267139041	2.4329526949978	NA	NA	LOC105373907	Intergenic
chr2	224071818	224072373	30.5830749654705	8.97526081739986	5.40114452344018	1.66173313423637	0.0965662944162898	NA	SERPINE2	Intergenic
chr2	224983254	224983863	12.7249175807104	-6.40481329257566	4.84303328134076	-1.32247971890925	0.186008458453884	NA	MIR4439	Exon
chr2	225134434	225134768	83.5376088291491	17.8149793749732	4.88066142936356	3.65011579532905	NA	NA	DOCK10	Intergenic
chr2	225226577	225227272	26.7519350983111	-6.28292031610635	5.71064134359275	-1.10021273235023	NA	NA	NYAP2	Intergenic
chr2	225801834	225802027	42.949980997045	-6.42715520601407	3.99399398792933	-1.60920502770867	NA	NA	NA	NA
chr2	225829310	225830061	7.52271053255482	30	6.0195640060898	4.9837496485875	NA	NA	LOC105373914	Intron
chr2	226219259	226220673	17.6101791702853	30	6.04118854852122	4.96591022760637	NA	NA	LOC646736	Intergenic
chr2	226551695	226552167	39.1369304873212	-4.60059250628472	6.00768948635913	-0.765784003439372	NA	NA	NA	NA
chr2	226624510	226625164	24.4533825634755	5.55346854621907	5.03049626921333	1.10396037468636	0.269610327051078	NA	MIR5702	Intron
chr2	227217159	227217594	52.4745593845967	-8.48283840358577	4.98990166998626	-1.70000111517411	0.0891307157550933	0.130876395279453	COL4A3	Intron
chr2	227426981	227427438	41.1718378749952	-14.5120969449542	4.54504170466875	-3.19295132760765	NA	NA	SCYGR1	Intergenic
chr2	227750895	227751620	33.1808743364001	-4.05641040611435	5.79156918299028	-0.700399197168868	NA	NA	SCYGR8	Intergenic
chr2	227794750	227795509	59.7778809992196	5.83688824687043	4.99422265723097	1.16872807791607	NA	NA	CCL20	Intergenic
chr2	229120514	229121153	30.3218528207449	8.28267272945903	3.94628896605025	2.0988510473294	0.0358300332726563	NA	PID1	Intron
chr2	229238311	229238797	19.1216946377177	2.3731655570033	5.15237089530183	0.460596801982415	NA	NA	NA	NA
chr2	230398245	230398697	44.7641064646283	-12.8153277083731	5.75982531576348	-2.22495075906212	0.0260845439397233	0.0888459522316748	LOC105373925	Promoter
chr2	230989147	230989704	72.9076638715058	-0.525974643036291	4.59532128572003	-0.114458731029484	NA	NA	SPATA3	Promoter
chr2	231532319	231532917	25.4635854791276	10.7714410286289	5.35533172065128	2.01134898648611	0.0442886076452255	NA	LOC105376787	Promoter
chr2	231925129	231925656	22.5530966559245	-0.388727914023929	5.03356884062539	-0.0772270979760023	NA	NA	NPPC	Promoter
chr2	232502723	232503262	38.1811849661837	-12.9712455177472	5.36103101600795	-2.41954308397308	NA	NA	LOC124906124	Exon
chr2	232697185	232697761	91.8853571055266	1.53207230798543	3.56806088049036	0.429385136437154	NA	NA	GIGYF2	Promoter
chr2	232981128	232981572	113.165049677924	-7.84282242758806	4.0914857987955	-1.91686414502451	NA	NA	NGEF	Intron
chr2	233294444	233294781	49.5265887027354	-3.9309359121573	5.12331130249858	-0.767264700515121	NA	NA	DGKD	UTR
chr2	235138585	235139403	6.80680932282297	0.450959264988413	6.01572491420019	0.0749634119611949	NA	NA	LOC124907998	Intergenic
chr2	235691187	235691779	28.7758444286051	-3.76570237690444	5.3792078467855	-0.700047755015592	NA	NA	LOC105373942	Intron
chr2	236332499	236333494	81.8624003163801	-0.322624969867474	3.69857480275533	-0.0872295376119275	NA	NA	IQCA1-AS1	Exon
chr2	236706613	236707074	57.3666525499686	-5.11179967597433	6.00706232276465	-0.850964981102728	NA	NA	LOC105373949	Intergenic
chr2	236847122	236847514	111.926930160777	-0.452248226404245	4.15024873324085	-0.108968945109729	NA	NA	LOC105373948	Intron
chr2	237074517	237074762	38.0985180314852	-9.02605017983711	4.19331067069074	-2.15248782851338	NA	NA	LOC105373950	Intron
chr2	237085938	237086411	36.14587653782	29.2896036341931	5.44208407086902	5.38205644249005	NA	NA	COPS8	Promoter
chr2	237475983	237476543	19.133420445867	-1.78004679646633	5.44257938834159	-0.327059408683926	NA	NA	MLPH	Intron
chr2	238137419	238138052	6.35412362839882	2.24775079180824	6.01908067164768	0.373437558728205	NA	NA	KLHL30	Promoter
chr2	238502383	238502858	27.2737029521531	8.39080878168287	5.39915624610912	1.55409630675713	0.120161446047961	NA	LINC01937	Intron
chr2	238746425	238746673	42.7866079212135	-7.4516857229129	3.59762862467803	-2.07127708285337	NA	NA	LOC105373963	Intergenic
chr2	238990866	238991480	37.8963559752069	8.80328661619287	5.66975358289418	1.55267534778807	NA	NA	LINC01940	Intron
chr2	239026879	239027131	43.3842736655764	-7.43379183075893	4.31464449942039	-1.7229210498704	NA	NA	MIR4440	Intergenic
chr2	239422533	239422743	69.8541158754186	-9.00198520886123	3.71582763120938	-2.42260570249632	NA	NA	HDAC4	Intergenic
chr2	239473764	239474110	70.2187097914128	13.347938463265	5.140910031295	2.59641549492408	NA	NA	LOC124908011	Intron
chr2	240225059	240225667	54.4606182503931	29.6843674737822	5.70536408181373	5.20288750167643	1.96215658217945e-07	4.65031109976529e-05	LOC105373968	Intergenic
chr2	240964972	240965681	2.66411847821689	1.93018208565708	6.04577479963585	0.319261327063215	0.749528355871684	NA	UICLM	Promoter
chr2	241031935	241033360	13.961766855951	1.28217478207766	6.0119254626659	0.213271902660799	NA	NA	LOC107985787	Intron
chr2	241200440	241201157	18.6305834417118	10.2691968629202	6.00696748101497	1.70954760374116	NA	NA	ANO7	Intron
chr20	316567	317087	27.6484917132668	-28.9566889829659	4.9747557174977	-5.82072580591578	NA	NA	SOX12	Exon
chr20	388910	389420	15.4175912505741	12.6922076992747	5.71567092265915	2.22059804894608	NA	NA	RBCK1	Intron
chr20	452240	452731	54.9191432912134	7.83589134170285	5.33917987429313	1.46762078187903	NA	NA	TBC1D20	Intron
chr20	993986	994502	47.0029482751261	2.31029373234502	4.32021372924388	0.534763758724818	NA	NA	NA	NA
chr20	1036586	1038242	51.9718608345158	26.7079776625112	5.49955838828241	4.85638587262139	NA	NA	RSPO4	Exon
chr20	2202527	2203077	27.5134378726636	8.1401590607452	5.79973193897387	1.40354056815002	0.160455703443994	NA	LINC03086	Intergenic
chr20	2335423	2335886	88.9803614080797	14.6612615825038	4.32526188139801	3.38968182378936	NA	NA	LOC105372503	Intron
chr20	2557995	2558935	31.52460793618	-5.01274035698907	5.34097307454221	-0.938544397627155	NA	NA	TMC2	Exon
chr20	2943069	2943437	30.6697355922346	30	5.76578759377142	5.20310530211136	NA	NA	PTPRA	Intron
chr20	3213585	3213995	53.8105649816528	-15.9711427657643	5.20525500319499	-3.06827288114823	NA	NA	DDRGK1	Exon
chr20	3235119	3235686	37.0975727419382	29.3829955998624	5.44649886482076	5.39484103992913	NA	NA	SLC4A11	Intron
chr20	3258810	3259554	118.689220751296	-9.85704437875408	4.51494276377573	-2.18320472583597	NA	NA	NA	NA
chr20	3655052	3655568	54.0133374524311	2.57603565054228	5.03180243898229	0.511950872829438	NA	NA	GFRA4	Intergenic
chr20	4412124	4412547	38.6852755502669	9.59355156063389	4.94111630713599	1.94157574206032	0.0521884818995708	NA	LOC105372510	Intergenic
chr20	4570951	4571425	33.4756973614562	-13.0998120946268	5.77101709854558	-2.26993125664594	NA	NA	NA	NA
chr20	4789760	4790159	49.7807581559321	29.004730489066	4.7882058987349	6.05753618421661	NA	NA	LOC107985392	Intron
chr20	4896241	4897501	159.145990465106	-9.89067842010191	4.24538892818416	-2.32974612866208	NA	NA	RASSF2	Intron
chr20	4987721	4988299	6.01942345786253	1.80524663340447	6.02274984464088	0.299737940304925	NA	NA	SLC23A2	Intron
chr20	4999879	5000924	17.8599071853551	-3.87513912821726	4.15601019808109	-0.932418098975427	NA	NA	NA	NA
chr20	5370735	5371526	24.8853035265301	6.75371751394189	5.41893392618384	1.24631848366124	0.212647494654002	NA	LOC124904863	Intron
chr20	6206997	6207306	15.0286232047516	7.85213157422485	6.01885362064719	1.30458922398258	NA	NA	FERMT1	Intron
chr20	6278924	6279471	29.9791446050958	-0.134621216856538	5.5047012388593	-0.0244556808834977	NA	NA	NA	NA
chr20	6909262	6909653	59.9713612693185	14.366418772808	5.89089041320411	2.43875165978414	NA	NA	LOC105372517	Intergenic
chr20	7021119	7021453	80.8156531764947	-2.80746283191197	3.82240955042177	-0.734474627817469	NA	NA	LINC01428	Intergenic
chr20	7720197	7721227	208.177489058098	-13.6020128903636	4.25555873494449	-3.19629306926745	NA	NA	HAO1	Intron
chr20	8329949	8330470	11.7806291313069	30	6.01102188672659	4.99083193595508	NA	NA	PLCB1-IT1	Intron
chr20	8451198	8451984	5.46690861979504	2.05192580126214	6.02364165226356	0.340645396874011	NA	NA	LOC124904868	Intron
chr20	9064167	9064743	39.2557021645535	-11.6785563255708	5.69445240976922	-2.05086555917746	NA	NA	PLCB4	Intergenic
chr20	9178072	9178450	36.0201166666399	2.65599295023847	5.10154598533015	0.520625112049556	NA	NA	NA	NA
chr20	9209165	9209881	3.32986646900338	-2.95682069981349	6.04335415494082	-0.489268148780609	0.624651867686219	NA	NA	NA
chr20	10705980	10706857	23.881933621546	30	6.00846331879357	4.99295716862654	NA	NA	JAG1	Intron
chr20	10990136	10990387	65.3188990581776	-8.79992124343366	4.91314908953379	-1.79109591080386	0.0732779052631702	0.119446092753972	NA	NA
chr20	11014643	11015131	115.419185351954	10.2205179237507	4.40248501573545	2.32153383537259	0.020258050163824	0.0831315297380008	LINC02871	Intron
chr20	11837052	11837399	66.1742961411893	15.6973115545586	5.20240130928678	3.01732039136185	NA	NA	LINC00687	Intron
chr20	11887690	11888324	41.4407443458493	26.8721164776403	5.30906832150802	5.0615503230155	NA	NA	BTBD3	Promoter
chr20	12058886	12059339	58.7597320314043	8.7343036741922	4.13729288598128	2.11111562920463	0.0347623743703841	0.0956142249818817	BTBD3-AS1	Intergenic
chr20	12503441	12504141	25.5074021392408	30	6.01002091965524	4.99166315742557	NA	NA	LOC124904871	Promoter
chr20	13460646	13461131	60.8590375612903	0.212233132387866	4.72823084263153	0.0448863728213714	0.964197878810411	0.970339266573534	TASP1	Intron
chr20	13846120	13846467	92.4882976166059	0.25466917468029	4.36064930189447	0.058401663846173	NA	NA	NDUFAF5	Intergenic
chr20	14050534	14050982	16.4010933261947	-0.0208116510759766	5.52062742177342	-0.0037697981562558	NA	NA	MACROD2	Intron
chr20	15898610	15899032	14.9519986215658	4.69576639949871	5.77818777626903	0.81267113173168	NA	NA	LOC613266	Intron
chr20	15938769	15938992	89.7490049918732	-1.69390454168043	5.60524668969466	-0.302199820178244	NA	NA	NA	NA
chr20	16529272	16530046	50.6004519725694	1.12216229441023	5.14389302550737	0.21815428292262	NA	NA	KIF16B	Intron
chr20	16646097	16646694	94.7961793827556	15.0492534188193	5.18195410211402	2.90416571090042	NA	NA	LOC105372541	Intergenic
chr20	17191574	17192143	44.7085314285452	-0.849325695186317	4.21291664307887	-0.201600403507062	NA	NA	PCSK2	Intergenic
chr20	17562861	17563486	15.1380898729105	-6.73127771678926	4.53600751167068	-1.4839652931505	0.137818128322055	NA	BFSP1	Exon
chr20	17860489	17860897	53.5562788713439	-29.7474258287603	5.84599356070217	-5.08851498378785	NA	NA	LOC105372548	Intergenic
chr20	17887360	17888009	52.0457777016434	2.91789924195987	5.41651082865467	0.538704589405317	NA	NA	NA	NA
chr20	18441684	18441917	45.6804020212697	16.2442425884786	5.97263375240055	2.71977878803461	NA	NA	POLR3F	UTR
chr20	18519404	18520428	88.0382122767782	-11.6069984281027	3.88649673485603	-2.98649380662162	0.00282196554314131	0.0361516666878103	SEC23B	Intron
chr20	18553612	18553974	55.1452924497528	1.97104928602596	5.09125314320081	0.387144231604005	NA	NA	SMIM26	Intron
chr20	19006297	19006930	23.437578451337	7.63209425680671	5.93971668435273	1.28492563911546	NA	NA	LOC102724734	Intron
chr20	19033583	19034188	191.565823974237	-1.1966646303536	4.08995721552264	-0.29258609987701	NA	NA	LOC107985442	Intron
chr20	19521251	19521841	1.3291371134146	4.73580322264949	6.12964579217658	0.772606343533572	0.439755389129804	NA	RIN2	Intron
chr20	20687621	20687885	52.7362083364435	16.1467223666955	5.14327119144496	3.13938770982038	NA	NA	RALGAPA2	Intron
chr20	20698577	20698832	70.7846331537456	14.9585992674249	5.55786353659955	2.69142974974463	NA	NA	NA	NA
chr20	20921643	20922256	34.2378841334173	-26.5121772269541	5.44933750210429	-4.86521108606621	NA	NA	LINC03083	Intergenic
chr20	21312824	21313268	57.0386945604609	9.19562978643117	5.73285728284502	1.60402210150044	0.108709180972737	0.145591283915859	NA	NA
chr20	21327277	21327628	49.0747518405269	-30	5.82949345317672	-5.14624473652197	NA	NA	XRN2	Intron
chr20	22346186	22346624	18.7360088161453	25.6793927436457	5.79344539556137	4.43249068392357	NA	NA	LINC01427	Intergenic
chr20	23064634	23065075	21.0732288233201	3.988708744782	5.78018357735622	0.690066101085043	NA	NA	LOC124904964	Intergenic
chr20	23634527	23635156	69.5344712726952	-6.1269591564125	4.12182215469336	-1.48646858754834	0.13715521968075	0.169743013390797	LOC107985383	Promoter
chr20	23765050	23765331	44.6543365204644	29.3486921744822	5.85083975557514	5.01615039901177	NA	NA	CST1	Intergenic
chr20	24016817	24017391	27.6405919814687	3.2435706002535	5.06718119262261	0.640113403676164	NA	NA	LOC107985438	Intron
chr20	24757675	24758295	36.1995750939185	5.64671950604764	4.35557474251842	1.29643499190251	0.194825663153185	NA	NA	NA
chr20	24759755	24760127	41.5933636391747	7.51670080594798	4.22221916774513	1.78027253141439	0.0750313702349535	NA	NA	NA
chr20	24855585	24856024	50.1128476473132	-16.0044635505192	4.82368761857786	-3.3178897175845	NA	NA	LINC02967	Intron
chr20	24868295	24869511	74.0221575434086	2.88809763819579	5.63742378116348	0.512308059551224	NA	NA	NA	NA
chr20	24980973	24981317	24.0675965916861	-0.897337403765208	5.93205643237213	-0.151269195429143	NA	NA	NA	NA
chr20	25016108	25016619	46.0763825594747	14.0371382050141	5.17479360570452	2.71259866085094	NA	NA	APMAP	Intron
chr20	25147298	25147997	21.7453543738164	1.10407199205907	6.00963923231417	0.183716850442937	NA	NA	ENTPD6	Exon
chr20	25193158	25193862	24.0326526296639	-1.98374095918233	5.47935804659792	-0.362038936370296	NA	NA	NA	NA
chr20	25239544	25239991	70.0667569463545	6.30918912670128	4.19612243906348	1.50357603199715	NA	NA	PYGB	Exon
chr20	25513384	25514155	5.16200009288873	0.52614082794437	6.01748767703596	0.0874352979487165	NA	NA	NINL	Intron
chr20	25524992	25525266	74.8917363308595	-1.62026927294365	5.54648139054606	-0.292125612411752	NA	NA	NA	NA
chr20	25963912	25964563	14.8230959015896	-2.34414768738112	6.01233457501017	-0.389889760480796	NA	NA	LINC01733	Intron
chr20	26247161	26247664	13.1573893617646	-30	6.01237680264344	-4.98970722972818	NA	NA	MIR663AHG	Intron
chr20	29808920	29809635	41.5271161324222	-6.89125039950314	4.7568013303432	-1.44871520186149	0.147417133322787	NA	NA	NA
chr20	29884101	29884593	29.1986516943334	-6.89069884567075	5.27396804740822	-1.30654922133194	NA	NA	LOC124904968	Intergenic
chr20	30417568	30418063	41.0256936825291	10.3995701263237	5.36697018033974	1.9376985108692	0.0526600157316625	NA	MLLT10P1	Exon
chr20	30723898	30724800	30.6766530346322	8.80721931700385	6.01749879036313	1.46360134398504	NA	NA	LOC124904986	Exon
chr20	31563763	31564304	99.8980341394434	-16.3369934900653	4.33719315084852	-3.76672030086304	0.000165406131343645	0.00712750056880799	LOC107985416	UTR
chr20	31786963	31787498	22.4742704096403	-2.83563246192469	5.06442299499145	-0.559912247600376	NA	NA	MYLK2	Intron
chr20	31820446	31820940	19.2174694429291	0.279018622851413	5.92952686965582	0.0470557987146129	NA	NA	NA	NA
chr20	31977780	31978256	57.2359617146002	-1.39319306278877	3.89739840289311	-0.357467448479113	0.720741890895121	0.759181458409527	XKR7	Intron
chr20	32233112	32233733	26.9486471203117	26.2569732851817	6.01394397447027	4.36601561249073	NA	NA	NA	NA
chr20	32241587	32242394	26.971831995208	-30	6.03208719437403	-4.97340290902628	NA	NA	MIR1825	Intergenic
chr20	32284840	32285481	4.1148430644626	6.36643510668704	6.1234481587168	1.03968139219475	0.298487948463777	NA	KIF3B	Intron
chr20	32535940	32536404	47.9017047789077	-29.3887715492368	5.83502373552387	-5.03661559597723	NA	NA	LOC105372592	Promoter
chr20	32585077	32585821	85.3935458254555	-3.55688726343951	3.62926167478042	-0.98005808954371	NA	NA	NOL4L	Promoter
chr20	32686611	32687352	20.642897447298	-13.7702116025515	5.84060247924255	-2.35766971840503	NA	NA	COMMD7	Intron
chr20	32744538	32744762	55.9456214725579	-5.1709305476669	3.58776429205306	-1.44126819008723	NA	NA	C20orf203	Promoter
chr20	32781985	32782965	22.0688551092246	11.0505396921906	5.06666465680595	2.18102843600406	NA	NA	DNMT3B	Intron
chr20	33020281	33020799	60.9886292355264	11.9858936752235	4.25343824216642	2.81793057588129	NA	NA	BPIFB6	Exon
chr20	33787264	33787673	36.2230328765107	12.2465303770952	4.83848632620637	2.5310664433968	NA	NA	CHMP4B	Exon
chr20	34040882	34041383	63.1342407111142	-9.77552901090916	4.69706829370051	-2.08119797279074	0.0374157890387997	0.0969130273463992	MIR4755	Intron
chr20	34844944	34845254	93.6027677280476	2.11291399743297	5.09929234638708	0.41435435623337	NA	NA	NCOA6	UTR
chr20	34912835	34913200	61.6397547326387	8.81844670106881	4.35046463022421	2.02701261833138	0.0426611222369383	0.100769085935214	GGT7	UTR
chr20	34980898	34981549	31.7452312770969	6.48673404895288	5.10891744156755	1.26968856379926	0.204195588055611	NA	MIR499A	Exon
chr20	35235631	35236118	117.283324214065	-30	5.09977010994636	-5.88261810890051	NA	NA	MMP24	Exon
chr20	35362113	35362714	58.146426931427	-0.0326447799126692	4.57369675946372	-0.00713750421803147	NA	NA	UQCC1	Intron
chr20	35585482	35586314	14.3596754894948	7.84996472831504	6.01808504821785	1.30439577796257	NA	NA	FER1L4	Intron
chr20	36097788	36098366	44.0268173976414	-0.682312389059722	4.77019560905142	-0.143036563902126	NA	NA	EPB41L1	Intron
chr20	36362210	36363472	51.4007531226278	-23.6351652501329	5.89340522026275	-4.01044292166952	NA	NA	DLGAP4	Intron
chr20	36434729	36435152	61.2457192802811	9.1325442615551	4.12447482438789	2.21423202962827	0.0268128215949012	0.0888459522316748	MYL9	Intron
chr20	36532851	36533418	4.40634405794712	6.46510920723777	6.12325262021657	1.05582924766039	0.291046233286378	NA	NA	NA
chr20	36885938	36886664	17.2333689256903	2.73160501074404	5.73902613140586	0.475970129460779	NA	NA	TLDC2	Intron
chr20	37184901	37185719	8.75115735124465	17.391913978228	6.02741521271445	2.88546804300804	NA	NA	RBL1	Intron
chr20	37200043	37200440	19.860020765089	-6.2218181660639	5.04182154488231	-1.23404172691898	0.217187355942217	NA	NA	NA
chr20	37299099	37299537	21.6392605308873	12.7173920435682	5.91756423426137	2.14909235288691	NA	NA	NA	NA
chr20	37363277	37363990	85.6752273649005	-0.565118149596585	5.55293271540928	-0.10176931336272	NA	NA	NA	NA
chr20	37425828	37426748	72.6450041666254	21.3131607048345	4.90179058497949	4.34803575047539	NA	NA	NNAT	Intergenic
chr20	37451369	37452336	22.7652179697739	8.56866543551208	6.04956136709284	1.41641102809902	NA	NA	NA	NA
chr20	37542697	37543328	3.65427043721985	-0.295301601857913	6.02490409187071	-0.0490134942158428	0.960908542036047	NA	BLCAP	Intergenic
chr20	37799103	37799736	48.2162980784662	-30	5.7079821032841	-5.25579783838835	NA	NA	LOC124904895	Intron
chr20	38112024	38112463	23.9760224221865	-27.3573116124544	5.82184590971064	-4.69907861470935	NA	NA	TGM2	Intron
chr20	38142858	38143580	78.4317864893572	9.26771225079443	3.58929286084181	2.5820440432439	0.00982170496497197	0.07153640849665	NA	NA
chr20	38281798	38282637	78.5679784622799	-0.595736216550967	4.83167660555052	-0.123298031964018	NA	NA	KIAA1755	Intron
chr20	38851603	38852275	2.7670140848405	0.76290790190866	6.02849064145588	0.126550399972823	0.899296256281952	NA	PPP1R16B	Intron
chr20	38876769	38877039	61.8790647178536	8.70684490487639	4.66319148990081	1.8671429049682	0.0618816342312555	0.113191061634547	NA	NA
chr20	38919763	38920047	63.1465677836435	15.2903064331469	5.49493797676348	2.78261674614076	NA	NA	FAM83D	UTR
chr20	38967683	38968600	43.3320619805228	13.2988541209952	5.37669905272287	2.47342356166659	NA	NA	DHX35	Intron
chr20	39294139	39294622	72.2669991686805	-6.7061626112414	4.10375739305964	-1.6341518196429	0.102226976302046	0.140859263858052	NA	NA
chr20	39316547	39316909	60.8145422403176	5.80404902072911	4.69691990731295	1.23571385828666	0.216564944418961	0.257272640738315	NA	NA
chr20	39330552	39331453	15.7200388234018	3.05662980515264	6.01818517916133	0.507898928689761	NA	NA	LINC01734	Intron
chr20	39549252	39550208	61.9907359453675	-1.57175246232344	4.75439183106222	-0.330589593405952	NA	NA	LOC102724950	Intron
chr20	39744779	39745290	46.9078157247249	-15.4441968014979	5.85446134878979	-2.63802182325287	NA	NA	LOC105372614	Intron
chr20	39783273	39783831	24.4069742192148	8.93492439540014	6.12098854102371	1.45971918351375	0.144367267413478	NA	LOC105372613	Intron
chr20	39803384	39803777	3.10516805246075	1.9883563676558	6.03612210905719	0.329409566561331	0.741846137863628	NA	NA	NA
chr20	39819440	39819908	86.5565112269106	-10.9130798765706	3.75730334147898	-2.90449795631217	NA	NA	NA	NA
chr20	39940094	39940552	9.39823431570728	2.11599704150532	6.01452362098194	0.351814570005772	NA	NA	LINC01370	Intergenic
chr20	41116144	41116548	63.3537623900654	-8.27576875000018	6.0072317420236	-1.37763434230563	NA	NA	PLCG1	UTR
chr20	41381539	41382001	84.6735099703278	-20.9783950650799	4.72380279010504	-4.44099722135382	NA	NA	EMILIN3	Intergenic
chr20	41548832	41549293	24.7421299343561	-8.34970955020535	5.18581894507667	-1.61010433234126	0.107375081464564	NA	CHD6	Intron
chr20	41849969	41850317	43.762729806357	-30	6.00754632574482	-4.99371929458747	NA	NA	LOC124900463	Intergenic
chr20	42306362	42307597	129.45837706599	9.3306412325316	4.56759768885884	2.04278963869577	NA	NA	LOC105372622	Intron
chr20	42344867	42345236	75.4668051342554	13.6687375926214	5.48960645243987	2.48993032761872	NA	NA	LOC105372624	Intron
chr20	42551791	42552494	64.5090761758656	0.63390914243395	4.8489448383276	0.130731357763308	NA	NA	NA	NA
chr20	42562202	42562738	69.767092754344	-15.9878261659694	5.17600236057114	-3.08883672228567	NA	NA	NA	NA
chr20	42672882	42673281	32.426144358755	-9.99211208895257	5.72545997420202	-1.74520687140865	NA	NA	NA	NA
chr20	42757644	42758162	53.2921976014345	12.6880896298786	5.32697214751077	2.38185770049645	0.0172255523299505	0.0831315297380008	NA	NA
chr20	42799856	42800516	85.4706395319774	14.4965506463881	4.52560824436015	3.203227027981	NA	NA	LOC101927159	Intron
chr20	43007600	43008575	6.39484294695142	2.30440097559363	6.03485741325829	0.381848454369605	NA	NA	PTPRT-AS1	Intron
chr20	43636317	43636877	36.5431404767034	17.8411241013919	5.07111994864017	3.51818223234417	NA	NA	MYBL2	Intron
chr20	44431770	44432270	93.5560927233994	0.55739197661025	4.31362269032952	0.129216673924643	NA	NA	LINC01430	UTR
chr20	44462669	44463146	137.744314232573	9.65935806556115	3.77645946339706	2.55778147738205	0.010534226580595	0.0715437575134735	LINC01620	Promoter
chr20	44601927	44602422	33.3357570956213	-2.74384688246136	5.18376966289964	-0.529314969779451	NA	NA	ADA	Intron
chr20	44781916	44782598	40.5310830103391	-5.87874203860534	4.31621785070717	-1.36201235478468	NA	NA	RIMS4	Intron
chr20	45300639	45301181	42.4624975565279	9.35486958683247	4.33685935625596	2.15706086325764	0.0310009224951804	0.091840232891972	RBPJL	UTR
chr20	46085675	46086164	52.9631643113201	2.62760298952228	5.1634961670752	0.508880592625801	NA	NA	NCOA5	Intron
chr20	46429275	46429829	20.5027751981088	-15.8294849632726	6.00888151941901	-2.63434799173793	NA	NA	ELMO2	Intron
chr20	47024501	47024952	19.6739271912824	10.739902215711	5.35980365719758	2.00378650088957	NA	NA	EYA2-AS1	Intron
chr20	47202265	47202738	73.5555256109703	-2.79542510671866	4.8482220772777	-0.576587677330223	NA	NA	MIR3616	Intron
chr20	47370121	47370750	51.126106463684	-5.56409966117542	6.00751053863276	-0.926190578509039	NA	NA	ZMYND8	Intergenic
chr20	47637781	47638363	27.1456949965633	17.0717207269997	5.36124179494411	3.18428479444801	NA	NA	NCOA3	Exon
chr20	47708906	47709277	44.8488542226405	-0.884507517881086	5.17106135559341	-0.171049511320212	NA	NA	NA	NA
chr20	47767463	47768050	51.6364780819335	-4.59162045395911	4.15452175658063	-1.10521035223516	NA	NA	SULF2	Intron
chr20	48250086	48250395	47.4672385872036	-11.5169931603235	4.94273859871986	-2.33008340018352	NA	NA	LOC124904924	Intergenic
chr20	49278134	49278931	142.455526567508	-6.47670122805428	3.40296807664735	-1.90325065712495	0.0570078460002058	0.109942037796111	SNORD12C	Promoter
chr20	49290888	49291950	61.9784080884762	1.23255409598445	5.92158743044149	0.208145891699272	NA	NA	SNORD12	Exon
chr20	49346668	49347203	96.4526961438129	-9.83194040990745	4.44138481097484	-2.21371054937918	0.0268486967736513	0.0888459522316748	LOC124904925	Intron
chr20	49482714	49483241	12.0483733756958	25.05946739726	5.88155428022651	4.26068794119756	NA	NA	KCNB1	Promoter
chr20	49601130	49601706	29.5764794533228	25.0826659704639	6.02801467999606	4.16101607278772	NA	NA	LOC105372651	Exon
chr20	49735833	49736329	35.3544062714465	8.50321202169235	5.3213991231594	1.59792788041124	0.110059028394485	NA	B4GALT5	Intergenic
chr20	49823791	49824475	55.9446578332992	-9.1113988583449	4.03604048569151	-2.25750928184354	NA	NA	SLC9A8	Intron
chr20	50087680	50088170	22.8463953693094	7.59668816789418	5.87621142266648	1.29278673306261	0.196084830168321	NA	UBE2V1	Intron
chr20	50443659	50444093	30.6830421187649	-30	6.0087599786512	-4.99271066020084	NA	NA	LOC124904928	Intergenic
chr20	50456414	50456859	53.7085422544504	6.08984801372186	4.45223872148573	1.36781704546374	NA	NA	PTPN1	Intergenic
chr20	50879098	50879799	43.2936425356938	19.5071157537803	5.89321718177557	3.31009619229797	NA	NA	ADNP-AS1	Intergenic
chr20	50980875	50981332	139.894326584437	-1.22458474209211	4.69082546620254	-0.261059540781309	NA	NA	DPM1	Intergenic
chr20	51151652	51152117	15.0919798801523	18.6061177264057	5.38228946592785	3.45691509982698	NA	NA	LOC105372662	Intergenic
chr20	51183383	51184129	2.94231025842097	-10.0211469569628	6.02936110020885	-1.662057851638	0.0965011754654116	NA	NA	NA
chr20	51265012	51265591	38.1369128431823	-11.9740092739616	5.40985621914878	-2.21336922626119	NA	NA	LOC105372663	Intron
chr20	51910462	51911029	28.9247255897326	7.72186528532017	5.12863631155256	1.50563713553371	0.132160349955617	NA	LINC01429	Intron
chr20	51971705	51971968	92.5806588134886	0.0912219215552878	4.25404500071423	0.0214435723035304	NA	NA	LOC105372664	Intron
chr20	52530744	52531337	19.3910668768606	7.35926130953443	5.88908291256951	1.24964471018518	0.211429362874632	NA	LOC124904931	Exon
chr20	52918327	52918611	90.1073109909946	-9.75457494058836	4.10869506533073	-2.37412968971528	0.0175903708390309	0.0831315297380008	LOC105372668	Intergenic
chr20	53044008	53044742	61.5756866400654	14.2803558683435	5.48922333090578	2.60152575464389	NA	NA	TSHZ2	Intron
chr20	53197423	53197865	56.8725001419902	-9.58262412961355	3.74584729137951	-2.55819935630224	0.01052157549629	0.0715437575134735	LOC105372670	Intron
chr20	55444257	55444676	16.7885843044083	-3.64435515203699	6.01073591081665	-0.606307647867007	NA	NA	LINC01441	Intron
chr20	56581157	56581405	62.0658308648938	0.0388949385340193	5.52776031741885	0.00703629251280219	NA	NA	LINC01716	Intron
chr20	56946086	56946578	72.3721867451263	6.43174591400297	3.84855795663646	1.67120931696301	0.0946803406063182	0.135678605480602	NA	NA
chr20	57032112	57032940	73.8646423618366	8.94113457330676	4.57495379202896	1.95436609411992	NA	NA	LOC105372683	Intergenic
chr20	57595902	57596664	59.1587752140618	16.0902975854334	5.1216933193038	3.14159723792689	NA	NA	ZBP1	Intron
chr20	57660011	57660531	116.124041148783	2.03948789626713	4.69157893486218	0.434712476243787	0.663771141284426	0.711826970517688	NA	NA
chr20	57667806	57668415	28.4263454524009	-1.51831022338731	5.82916199041257	-0.260468009961728	NA	NA	NKILA	Intron
chr20	57796267	57796639	28.3661462525489	-17.9758523431052	6.00971333323305	-2.99113307846162	NA	NA	PMEPA1	Intergenic
chr20	57882851	57883384	77.4899692124962	-8.04645920713527	3.81862686105809	-2.10716037463417	0.0351036804211986	0.0956142249818817	LOC105372693	Intergenic
chr20	57946603	57947296	54.0993647507503	0.858781663827768	5.50578389793634	0.155978091357646	NA	NA	NA	NA
chr20	58457024	58457816	46.1916861078438	15.8025309025413	5.97473983709159	2.64489021002022	NA	NA	APCDD1L-DT	Intergenic
chr20	59260755	59261028	30.3987624850227	-12.4696411120234	4.83662879809231	-2.57816790011707	NA	NA	NA	NA
chr20	59319832	59320414	30.8610670600052	-18.046450061722	6.01883829856744	-2.99832777797292	NA	NA	EDN3	Intron
chr20	59340518	59341441	80.0116550428625	-0.726109640508932	4.40248058003079	-0.164931934919257	NA	NA	NA	NA
chr20	59380383	59380891	53.3876021154208	2.08185832243293	5.33411956987197	0.390290899025141	0.696321452286859	0.740036700412491	NA	NA
chr20	59440728	59441324	43.6290009390627	-26.4568984800944	5.38136966467946	-4.91638748658058	NA	NA	PHACTR3	Intron
chr20	59646897	59647533	77.4786648921194	1.12223447802824	4.65409826341915	0.241128230327434	NA	NA	PHACTR3-AS1	Intron
chr20	60059324	60059677	43.6358186637208	-17.7385157716277	5.27188870076706	-3.36473639305905	0.000766168205220034	0.0159807260797904	MIR646HG	Intron
chr20	60077579	60078029	23.7346703525516	-16.3353880220444	5.84018789585975	-2.79706549058549	NA	NA	NA	NA
chr20	60113650	60114595	38.9323400813196	9.58634161520173	4.6592800770544	2.0574727118062	0.0396407771837517	NA	LOC105372698	Intron
chr20	60275426	60275880	36.137321279965	-3.68665228466458	5.44408801445046	-0.677184548611071	NA	NA	MIR646	Intron
chr20	60642556	60643119	97.122768187862	-1.4661322984571	4.55721548046396	-0.32171669405192	NA	NA	MIR548AG2	Intron
chr20	61170618	61171322	12.8546323299546	1.27085713512375	6.01164407664033	0.211399264314726	NA	NA	LINC01718	Intergenic
chr20	61206143	61206560	41.2139064511374	1.19846663987847	5.75866575303557	0.208115332834993	NA	NA	NA	NA
chr20	61277352	61278776	81.3835443944293	1.15043270098747	4.01422533385671	0.286588969304863	NA	NA	LOC105372703	Intron
chr20	61789602	61790503	7.56533535087876	3.89659851774062	6.04759452816148	0.644322052279722	NA	NA	CDH4-AS2	Intron
chr20	61804457	61805054	23.6845706039001	-0.0101882668303452	5.30975082668251	-0.00191878435785483	NA	NA	NA	NA
chr20	61839041	61839911	70.2902599655727	13.4652242013576	4.60341335593123	2.92505216460921	NA	NA	MIR1257	Intron
chr20	62039980	62040370	39.4854794785	24.5174470152071	5.70128647609995	4.30033591856599	NA	NA	LOC105372705	Intron
chr20	62470521	62471271	29.8055214012202	5.90117135930336	6.00837633910904	0.982157412626125	NA	NA	GATA5	Intron
chr20	62545718	62546255	7.83986512681468	-24.1477340399714	6.01516740331874	-4.01447414857454	NA	NA	MIR1-1HG	Exon
chr20	62561095	62561473	44.6874508445055	16.7924597202075	5.34390850353588	3.14235539569896	NA	NA	MIR133A2	Intron
chr20	62563744	62564145	48.4387159147458	-17.3357648426158	5.79217548750374	-2.99296264072396	NA	NA	NA	NA
chr20	62657563	62658850	11.5182918186433	-7.16441504058304	4.80282512637967	-1.49170849490902	NA	NA	SLCO4A1-AS2	Exon
chr20	62717498	62718153	31.7721273836209	-30	6.01085557634319	-4.99097002397969	NA	NA	NTSR1	Intron
chr20	62764512	62764857	44.4450227399383	-6.55367702337491	4.66023999007228	-1.40629603568405	NA	NA	LINC00659	Intergenic
chr20	62965925	62967432	44.9466134133783	-4.18906659183643	4.17201509223552	-1.00408711359473	NA	NA	SLC17A9	Exon
chr20	63296826	63297312	61.8908840750611	-4.06085534997168	4.32757571058376	-0.938367257224462	NA	NA	COL20A1	Intron
chr20	63372788	63373128	56.282042476901	3.62933062834371	5.1389900851977	0.706234214928261	NA	NA	CHRNA4	Exon
chr20	63539237	63540143	69.7341324586512	9.69205218405135	3.76070774035148	2.57718835209075	0.00996076574003988	0.07153640849665	PTK6	Promoter
chr20	63894831	63895369	25.8312149784002	-4.14723893312929	5.35692850970242	-0.774182243727512	NA	NA	DNAJC5	Promoter
chr20	64017660	64018436	15.831593324482	-5.83166424505747	4.67253514130793	-1.24807284882722	NA	NA	C20orf204	Intron
chr20	64077403	64078194	10.4438545306571	6.43812003804792	4.85342455634962	1.32651078909326	0.18467056381394	NA	MIR6813	Promoter
chr20	64109298	64110358	59.5130353670209	-8.51868579426836	5.0163340816807	-1.69818948569993	NA	NA	NPBWR2	Promoter
chr21	9779271	9779756	5.05196710307769	0.745438477461911	6.01984810209859	0.123830114119	0.901449787693601	NA	NA	NA
chr21	9790566	9790927	34.9295122637664	14.3191922094581	5.47303918418478	2.61631457907988	NA	NA	LOC124904997	Intron
chr21	13035581	13036046	17.5594093860834	-0.75524939316222	5.42852592853569	-0.139126054311017	NA	NA	ANKRD30BP2	Promoter
chr21	14057346	14057662	76.252586000128	8.61113030261275	4.00266302425502	2.15135030114494	NA	NA	LOC105377134	Intron
chr21	16038574	16039338	38.8571058025885	-7.11955247782124	5.34183690775791	-1.33279106059595	0.18260038014783	NA	MIR99AHG	Intron
chr21	17172000	17172368	35.0338727949219	-15.5097399402756	5.49327253778668	-2.82340623618953	NA	NA	LOC107985511	Intergenic
chr21	18850895	18851313	70.7439561556434	1.6472490662329	4.2966997581331	0.383375418101968	NA	NA	NA	NA
chr21	18917564	18918251	6.80460102969638	3.03906682191927	6.03373709182792	0.503679026060877	NA	NA	MIR548XHG	Exon
chr21	19035353	19035707	21.2996313881523	0.711830856896545	6.00895526805539	0.118461666819315	NA	NA	LOC107985490	Intergenic
chr21	23287968	23288450	144.796454808122	0.205642823656044	3.62085796235533	0.0567939493330127	NA	NA	LOC105372747	Intergenic
chr21	23885607	23886166	59.5904988851565	-19.1414437713136	6.01858976863019	-3.18038685259489	NA	NA	LOC105372750	Intron
chr21	24137791	24138484	17.4792137745576	-26.6240577506853	6.00964409504535	-4.43022204470237	NA	NA	LINC01684	Intron
chr21	25413426	25414247	17.7776161313927	-3.95606777813651	5.28163370660753	-0.749023502555151	NA	NA	LINC00158	Intron
chr21	26117663	26118130	70.7468683001129	1.79473468295738	6.00805775290438	0.298721276786958	NA	NA	APP-DT	Intron
chr21	26220726	26221122	62.0692602039863	-2.61254969724405	5.52173907727639	-0.473138926103096	NA	NA	APP	Intergenic
chr21	26358557	26359525	12.2974570623527	23.8990784229776	5.90825333387499	4.04503278252341	NA	NA	CYYR1-AS1	Intron
chr21	28067100	28067528	20.5832204548192	-13.3905951553459	6.01093486455563	-2.22770591548171	NA	NA	LINC01697	Intron
chr21	28504182	28504684	63.5649511029111	-2.46933771560738	3.98405043271902	-0.619805837628947	NA	NA	LINC00161	Intron
chr21	28851917	28852370	57.7664528925019	-30	6.00721169802019	-4.99399746639313	NA	NA	HEMK2	Intergenic
chr21	31042561	31042799	48.7470086106478	-14.3172930170521	4.52456441424852	-3.16434726223918	NA	NA	KRTAP19-8	Intron
chr21	31199371	31199583	40.9549921391028	-9.25792917602255	3.77729587347813	-2.45094096044371	NA	NA	NA	NA
chr21	31279095	31279502	25.4318157701954	10.5827541583569	5.02628721535174	2.10548138316371	NA	NA	LOC105372775	Intron
chr21	32025255	32025812	92.872536117182	1.96766353258005	4.65387625242351	0.422800999823617	NA	NA	HUNK	Intron
chr21	32315976	32317380	90.6059127096145	15.2626416585926	4.87463613246543	3.13103198758617	NA	NA	MRAP-AS1	Exon
chr21	32977065	32977588	20.8702118652626	-0.0510965203173291	4.10412480827756	-0.0124500405578001	0.990066561477864	NA	LINC01690	Intron
chr21	33040059	33040525	66.7834248988365	-1.72169656017483	4.71878752724693	-0.364859945533364	NA	NA	OLIG2	Intron
chr21	34153098	34153793	27.6988579877754	9.73591880529566	4.71094945807535	2.06665745237548	NA	NA	KCNE2	Intron
chr21	34803144	34803540	66.7639715902222	-9.79471055663091	5.24997701026825	-1.86566732339471	0.0620879241033381	0.113191061634547	RUNX1-AS1	Intron
chr21	35412160	35412801	20.4318481984211	-10.5894529071708	5.27427384506995	-2.0077556111481	NA	NA	NA	NA
chr21	35470089	35470449	19.703711404947	-8.01851389115239	5.08751250934011	-1.57611679114917	0.114998890038381	NA	NA	NA
chr21	35636314	35637069	67.8704138134113	-7.55209552683528	4.23845317134239	-1.78180463993269	NA	NA	LOC100506403	Intron
chr21	36547487	36547750	46.7333932194142	2.07306746945182	4.87162218934708	0.425539458701264	NA	NA	CLDN14	Intron
chr21	36646629	36647291	124.638387880182	-15.8935626515397	3.98233987256359	-3.99101110405938	6.57921994908271e-05	0.00505660847196584	LOC105369308	Intron
chr21	37779583	37779987	40.9510210299096	-12.4353092222501	4.71086945205405	-2.63970575895029	NA	NA	LOC101928368	Intron
chr21	38250389	38251371	29.4364264559371	16.6131680955916	6.01007473388877	2.76421988597173	NA	NA	DSCR10	Intron
chr21	41056376	41056904	86.4156809167137	6.71207337303029	4.83868877753394	1.38716782203362	NA	NA	MIR3197	Intergenic
chr21	41143409	41143977	41.7099754452302	-1.41446836623124	5.1757473189467	-0.273287755191088	NA	NA	NA	NA
chr21	42007312	42008134	84.4600586981289	1.28309825668514	4.62581276336776	0.277377905747961	NA	NA	ZNF295-AS1	Promoter
chr21	42102905	42103434	26.970442912998	-13.2686133126311	5.51517163510416	-2.40583869197762	NA	NA	UMODL1-AS1	Exon
chr21	42347345	42347816	12.1734587514563	30	6.01174183351344	4.99023425004049	NA	NA	TFF2	Exon
chr21	42364948	42365528	32.9378442535185	9.08328936191012	5.46451377530497	1.66223194512913	0.0964662771597983	NA	TFF1	Promoter
chr21	42704999	42705466	27.5750977402187	-1.02828386095622	5.10643844461707	-0.201370068807973	NA	NA	PDE9A-AS1	Intron
chr21	43024726	43025472	36.1123297259534	1.46813035919054	5.33747139627168	0.275061026128601	NA	NA	PKNOX1	UTR
chr21	43971689	43972288	51.8434336073119	-30	5.84207711740857	-5.13515987500477	NA	NA	TRAPPC10	Intron
chr21	44012005	44012709	47.95890141002	-7.22572170863861	5.36986926652668	-1.34560477173634	NA	NA	NA	NA
chr21	44658614	44659259	57.5696564444031	9.03056899381632	4.47480062164178	2.01809415823828	0.043581455973554	0.101262794762081	KRTAP12-3	Promoter
chr21	45169286	45169550	46.1532805264787	-5.80899672374755	4.92553838660793	-1.1793627960634	NA	NA	LINC00334	Intron
chr21	45325927	45326692	50.5583989335794	0.0443901498675111	3.58043376322771	0.0123979810277216	NA	NA	LOC124905040	Exon
chr21	45908808	45909340	28.7855688036846	6.70962044026443	4.99601489220189	1.34299448361078	0.179273760083146	NA	LOC124905044	Intron
chr21	46346278	46346979	74.8742768284477	2.07038821812711	3.73415005952921	0.554446978595214	NA	NA	NA	NA
chr21	46381525	46382034	88.0422605474357	-8.34184303277071	3.71102517290283	-2.24785406838013	0.0245854968441196	0.0888459522316748	LOC128092249	UTR
chr21	46635389	46636108	3.39418716274096	5.36663771382233	5.13035183316883	1.04605646714634	0.295534962523733	NA	PRMT2	Promoter
chr22	16473716	16474098	6.72601524179588	6.79911006891724	6.1226565549503	1.11048366144595	NA	NA	CCT8L2	Exon
chr22	17219235	17219552	99.7481290292629	-15.9471077697179	4.312952904324	-3.69749174718091	NA	NA	ADA2	UTR
chr22	19472796	19473432	27.8516951717797	-7.68186417098534	5.36210859520904	-1.43262002896565	0.151966454700538	NA	UFD1	Intron
chr22	19669270	19669570	38.4873277825476	-6.60286975766428	4.60277737955276	-1.43454032493439	NA	NA	SEPTIN5	Intergenic
chr22	20026167	20026650	27.7438281522826	-13.3340370683661	4.80059157672385	-2.77758206572239	NA	NA	MIR185	Intron
chr22	20227166	20227647	41.2465360723892	1.1261672017897	4.58062026578494	0.245854739411961	NA	NA	LOC105372863	Intron
chr22	20390689	20391129	37.1025680850865	8.04645313697276	4.95663256209213	1.62337091486492	NA	NA	ZNF74	Promoter
chr22	20445857	20446396	37.8155985928629	11.9534574411674	5.32199752636552	2.24604716216969	0.0247009872026076	NA	SCARF2	Promoter
chr22	20636726	20636984	25.228233164989	-6.93447692552373	3.79888202385904	-1.82539938907591	NA	NA	LOC124905084	Exon
chr22	21759131	21759489	69.9965811806429	-15.4519338391587	5.18816457235756	-2.97830448970072	NA	NA	YPEL1	Intergenic
chr22	21920612	21921157	29.1253611659664	-6.82596926135592	4.42561172688514	-1.54237869985043	0.122981594513067	NA	PPM1F-AS1	UTR
chr22	22294336	22294621	4.45261504345529	6.20372801838659	6.12377401369644	1.01305632841959	NA	NA	BMS1P20	Exon
chr22	22318258	22319206	55.6177218256921	-14.3332685113189	4.40047359451	-3.25721043507702	0.00112512987852787	0.019046841515079	NA	NA
chr22	22789933	22790199	53.8793416640472	-9.16739753725613	4.19924179148893	-2.18310780670852	NA	NA	MIR650	Intergenic
chr22	23036915	23037375	48.2082812949295	-14.7481921517588	4.49261012898135	-3.28276697250442	NA	NA	GNAZ	Intergenic
chr22	23201291	23201525	30.9261874090556	25.0025021906425	5.19056984003813	4.81690892544831	NA	NA	BCR	Intron
chr22	23450750	23452036	74.5392446349398	-6.3326473612274	4.48918943372261	-1.4106438266242	NA	NA	LOC124900476	Intron
chr22	23732202	23732582	30.9588143551233	-0.0613467486760014	5.89123389068892	-0.0104132257883972	NA	NA	GUSBP11	Intergenic
chr22	24304118	24304727	116.20175897059	-9.97867019980264	4.12324911363948	-2.42009879218642	0.0155162910133496	0.0831315297380008	SPECC1L-ADORA2A	UTR
chr22	24588979	24589552	22.6208138101035	0.717685156206169	4.03898648090978	0.177689417778024	NA	NA	LRRC75B	UTR
chr22	25154747	25155754	36.179298689878	-2.40416845219579	4.04620415854815	-0.59417873097596	0.552392576768013	NA	KIAA1671-AS1	Intron
chr22	25980320	25980907	35.2514195596972	8.36553456167602	4.86529394770577	1.71943044995684	NA	NA	MYO18B-AS1	Intron
chr22	26684230	26685006	41.7429017850944	11.6890084272305	5.37194834350835	2.17593462925903	NA	NA	LINC01422	Intron
chr22	27122023	27122795	21.0922421176441	-9.08314794097002	5.48420726291083	-1.65623717440413	0.0976737977442594	NA	LOC107985534	Intron
chr22	27536495	27536861	41.7018028044584	-16.2813463515389	5.9898848396975	-2.71814012911159	NA	NA	LOC105372981	Intron
chr22	27631539	27631916	117.728947970251	-1.67623194424927	4.38194988923284	-0.38253106188367	NA	NA	LOC124905098	Intergenic
chr22	27758234	27758796	82.8088079750625	10.5627740565581	4.14819081318175	2.54635684139521	NA	NA	MN1	Intron
chr22	27903954	27904385	25.3148281625186	8.01217796614051	5.15334643830511	1.55475244330277	0.120005039292597	NA	TTC28-AS1	Intron
chr22	28386878	28387430	10.3182822116655	4.7807530036895	5.89684603961087	0.810730511119972	NA	NA	MIR5739	Intron
chr22	29267718	29268407	22.5526394294636	-0.164038169517945	3.05707325594419	-0.0536585668004484	0.957207194118972	NA	EWSR1	Promoter
chr22	29483340	29484619	49.8440584708233	-7.86530077100868	4.45042174472163	-1.76731582357048	0.0771753512810352	0.12172992518002	NEFH	Exon
chr22	29568088	29569443	53.18851135801	-13.7066684787156	4.59550416659907	-2.98262562317712	NA	NA	NIPSNAP1	UTR
chr22	30034933	30035660	1.38061080502663	0.234357616368533	6.05203905418826	0.0387237448850148	0.969110641924347	NA	MIR6818	Intron
chr22	31012461	31012867	26.6629164646819	-30	6.02306497141282	-4.9808527954436	NA	NA	TUG1	Intergenic
chr22	31554930	31555928	33.2014115392172	5.66239683296931	5.65463776414309	1.00137216018954	NA	NA	EIF4ENIF1	Intron
chr22	32281255	32282242	21.8629933799297	12.7851629128404	5.31575420954812	2.40514561223989	NA	NA	LOC107985561	Intron
chr22	32562428	32563027	45.9681901270488	-10.0780577158564	4.3432946135099	-2.32037165623267	NA	NA	SYN3-AS1	Intron
chr22	33036715	33036996	59.7245594104379	-14.8758117189119	4.52160440212523	-3.2899410023398	NA	NA	SYN3	Intron
chr22	33579074	33580160	2.66237339930535	-1.93156739808176	6.03661238321983	-0.31997538941725	0.748986986951079	NA	NA	NA
chr22	33655200	33655662	57.7603179608845	-28.6481510347635	5.39050736971013	-5.31455558260446	NA	NA	SNORA50B	Intron
chr22	34511753	34512707	47.0985581512683	11.3542910053952	4.77114190638264	2.37978480376069	0.0173227509839031	0.0831315297380008	LOC105373013	Intergenic
chr22	35225533	35225789	56.9057553063266	14.0963112260172	5.19847628361072	2.71162364834841	NA	NA	LINC01399	Intron
chr22	35567870	35568300	121.129418214077	-0.943529683550215	4.54670378326738	-0.207519497316399	NA	NA	LOC107985590	Intron
chr22	35691377	35691836	39.436534304617	11.3621338426345	5.97978176110337	1.90009172517661	NA	NA	APOL6	Intergenic
chr22	36066046	36066618	25.0702294046806	-1.73035290139632	5.7503077752506	-0.300914832566665	NA	NA	APOL3	Exon
chr22	37125107	37125678	16.7923225627323	-10.5196167026244	5.51366381111238	-1.90791768649785	0.0564018559560896	NA	TMPRSS6	Intron
chr22	37634504	37634710	42.4039736360488	10.0758208711278	4.96876174751437	2.02783336837759	0.0425772574896053	0.100769085935214	SH3BP1	Promoter
chr22	37751412	37752541	94.5519679247035	-0.365854543481977	4.18228142542542	-0.0874772656994889	NA	NA	LOC102724378	Promoter
chr22	38019412	38020103	13.6017170442361	-3.02390798813851	6.0153256059534	-0.502700632721483	NA	NA	MIR4534	Intron
chr22	38201467	38202070	68.7623648814322	4.85648926096138	4.46971462717635	1.0865322880869	NA	NA	MAFF	Promoter
chr22	38448917	38449483	27.7291002702423	-0.308084681652442	5.76313657232176	-0.0534578137766265	NA	NA	KCNJ4	Intron
chr22	39036708	39037588	7.35631507178098	30	6.02381753023262	4.98023053477875	NA	NA	APOBEC3F	Intron
chr22	39302406	39303010	17.3335784202599	-30	6.03845697949027	-4.968156617145	NA	NA	LOC124905119	Intergenic
chr22	39409468	39409736	37.0895221263641	17.0959328578626	5.83135758458054	2.93172432146301	NA	NA	TAB1	Intron
chr22	39649067	39650079	30.6000749993168	-5.92385870737422	6.00796375583926	-0.986001072595803	NA	NA	CACNA1I	Exon
chr22	39886011	39886727	20.888055477212	30	6.00920280734399	4.99234273859692	NA	NA	ENTHD1	Intron
chr22	40286660	40287088	35.1209170232622	-19.3163962009205	6.01399360394129	-3.21190833795723	NA	NA	LOC124905121	Intron
chr22	40370578	40371100	16.8290496268332	30	5.80268392582798	5.17002138725302	NA	NA	SGSM3	UTR
chr22	41284453	41285358	11.0476502066705	-0.626004865006215	5.18434038520317	-0.120749182826213	NA	NA	RANGAP1	Promoter
chr22	42463007	42463414	55.484030298207	-29.8129894998473	5.8641359280994	-5.08395266845559	NA	NA	NFAM1	Intergenic
chr22	42554204	42554454	74.9972911009045	17.1996246393348	4.78117057814084	3.59736687035811	NA	NA	SERHL2	Promoter
chr22	42614689	42615005	93.7574793276717	8.35639384495535	3.54080139619901	2.36002896234897	NA	NA	RNU12	Promoter
chr22	43420281	43421110	20.1858111901781	-6.99249693089535	5.29318465650821	-1.32103778437009	NA	NA	MPPED1	Intron
chr22	43484885	43485392	33.9895972774723	10.2693680322531	5.00864170493536	2.05032993718317	0.0403322450956233	NA	EFCAB6-AS1	Intron
chr22	44032731	44033941	34.7346817380279	1.04089100052634	4.75830080001571	0.218752669129893	NA	NA	NA	NA
chr22	44063277	44063670	107.614041226075	14.964305584959	4.32764389332065	3.45784125354101	NA	NA	PARVB	Intron
chr22	44197540	44198072	12.3572339468434	5.1882289334942	5.83652304020943	0.888924604212312	NA	NA	PARVG	Intron
chr22	44880276	44880976	3.42217729598189	0.782760272030512	6.02431787165535	0.129933427934377	0.896619096795943	NA	LOC101927551	Intergenic
chr22	45012869	45013561	4.80730962132192	-2.78667184635398	6.02979084907405	-0.462150664277504	0.643973279979161	NA	PHF21B	Promoter
chr22	45824641	45825115	33.5026203841083	-14.5067887686114	6.0079809077249	-2.4145863629425	NA	NA	LOC105373071	Intron
chr22	46942166	46942730	1.03617530702793	6.72764578367487	6.06091678355706	1.11000464515972	0.266997024815504	NA	TBC1D22A-AS1	Intron
chr22	47286443	47286915	16.015784891046	-3.64255128602097	6.01033497399047	-0.606047966009214	NA	NA	LOC339685	Intergenic
chr22	47642975	47643425	12.0249986655811	26.100456232214	6.01067414154941	4.34235089401901	NA	NA	LINC00898	Exon
chr22	48211642	48212186	12.5499395743484	-24.8238715793909	5.84374431637297	-4.24793937507489	NA	NA	LOC107985581	Promoter
chr22	48349704	48350031	94.1396573563718	0.275116365009869	5.22675808060125	0.0526361390306057	NA	NA	LOC105373080	Intron
chr22	48732166	48732549	33.9060279392391	27.6474734436392	5.09899615243112	5.42214047964271	NA	NA	MIR4535	Intron
chr22	49637466	49637933	19.9583321460115	30	6.01336760043301	4.98888509623788	NA	NA	MIR3667HG	Intron
chr22	49829026	49829876	24.1612618571352	5.13117869788329	5.76773614754253	0.889634783323011	NA	NA	BRD1	Promoter
chr22	50268779	50269263	62.1412277250291	29.3756167178212	5.16687837741962	5.68537027041299	NA	NA	MAPK11	Promoter
chr22	50561041	50561636	80.3533340076161	7.17563885001372	4.46680145733913	1.60643783220404	NA	NA	SYCE3	Promoter
chr22	50619014	50619568	42.5675123407296	-6.38177591206923	4.9960435155007	-1.27736595813651	0.20147307725497	0.242381316291512	ARSA	Intergenic
chr22	50713943	50714309	94.0059759372729	-8.81728237142019	3.49675335972306	-2.52156256514429	NA	NA	LOC105373100	Intron
chr22_KI270733v1_random	88582	88996	26.9826305843645	-30	6.00881782217058	-4.99266259817527	NA	NA	LOC107987392	Intergenic
chr22_KI270733v1_random	139040	139447	2.92141074237837	-0.13797367339313	6.02892100260894	-0.0228853012559667	0.981741765224677	NA	NA	NA
chr22_KI270733v1_random	143880	144978	78.795457449036	-5.72788299800343	5.36511024698456	-1.06761701704504	NA	NA	NA	NA
chr22_KI270733v1_random	148054	149150	111.809419993609	6.78587716127545	3.96432808438715	1.71173450250006	0.0869456072016294	0.130185017714933	RNA5-8SN4	Intergenic
chr3	1544780	1545239	54.2807764508222	-11.0938381864672	5.73601666596094	-1.93406658880561	NA	NA	LOC105376923	Intergenic
chr3	1875924	1876613	17.8286850486008	-7.88553540434773	5.89074053691458	-1.33863227465761	0.180690413853228	NA	CNTN4	Intergenic
chr3	1958558	1959523	43.2281880609587	-2.95459985404548	5.16525151430411	-0.572014711357873	NA	NA	NA	NA
chr3	2567555	2568047	57.6382040129714	-9.15000611598701	3.93995166579437	-2.32236506742582	0.0202132866605656	0.0831315297380008	LOC105376926	Intron
chr3	2569230	2569489	100.686414238532	-4.28358145763279	4.39713936372679	-0.974174594730661	0.329969856631976	0.375975269335472	NA	NA
chr3	2660423	2660861	59.3937947315763	4.21837742893711	5.03704827271651	0.837470121496795	NA	NA	NA	NA
chr3	3207783	3208033	46.3994499886182	8.72687240119958	4.897052098284	1.78206648123217	NA	NA	CRBN	Intergenic
chr3	3539499	3540440	25.3879326126513	2.24829712199446	5.86048872742999	0.38363645534737	NA	NA	NA	NA
chr3	3712803	3713893	31.9914699708028	6.98059714134694	4.71526454215754	1.48042534600887	0.13875977004333	NA	LRRN1	Intron
chr3	3869376	3869703	51.1929807754481	-3.27003946050172	5.45691201038647	-0.59924723988176	NA	NA	LOC102723512	Intron
chr3	4841761	4842303	13.1634302384408	7.07318303499599	5.98155155889528	1.18249971856839	0.237007477124007	NA	LOC124906209	Intron
chr3	4966298	4966595	48.2677847471295	-10.3090296229465	4.03214088499031	-2.55671364592492	NA	NA	BHLHE40	Intron
chr3	5004382	5004960	33.6404306952966	6.80519442684084	4.40672429186654	1.54427506150116	NA	NA	BHLHE40-AS1	Intron
chr3	5440682	5441088	41.3996013941265	1.60736781200916	4.84451526001606	0.331791257894362	NA	NA	LOC105376936	Promoter
chr3	5974543	5975167	48.3346984324318	-16.9382260670256	5.33240861982841	-3.17646813562661	NA	NA	LOC124909341	Intron
chr3	6592376	6592859	49.3242310586073	12.7843730771674	5.45215803439339	2.34482804726511	NA	NA	LOC105376944	Intron
chr3	7958952	7959399	60.389174263351	-0.132903636079313	4.85992182735793	-0.0273468670485931	NA	NA	LOC124909342	Intron
chr3	8212619	8213156	16.2886266122467	-13.8723606109165	6.01095927866307	-2.30784471625999	NA	NA	LOC107986010	Intron
chr3	8580811	8581464	65.7230741674431	-1.46716134616665	4.91785849509937	-0.298333379788921	NA	NA	LOC107986009	Intron
chr3	10280652	10280929	77.0644494505989	-11.0122329860752	4.96826743691205	-2.2165137295668	NA	NA	LINC00852	UTR
chr3	10878539	10878868	22.5102804162516	-7.24549581002205	4.76349406240311	-1.52104646612424	0.128248177177796	NA	SLC6A11	Intron
chr3	11117893	11118423	59.5801060807658	-11.217773098903	3.7911258554552	-2.95895560490594	0.00308683567742634	0.0385042134500023	HRH1	Intergenic
chr3	11738414	11738726	58.1798129162404	30	5.87982727102417	5.10219069662815	NA	NA	VGLL4	Intron
chr3	12288434	12288907	20.8157292761739	-0.146874347904719	5.9016740351428	-0.0248868959942761	NA	NA	PPARG	Promoter
chr3	13017177	13017376	103.114397550493	5.51062208145867	4.39659334630054	1.25338452920498	NA	NA	LOC124906214	Intron
chr3	13314284	13314856	19.3225942062704	-5.41100477902442	6.01040300274438	-0.900273205732417	NA	NA	IQSEC1	Intergenic
chr3	13480027	13480496	12.7395093525629	9.25830514767722	5.09628524874308	1.81667718657637	NA	NA	HDAC11-AS1	Promoter
chr3	13867008	13867582	34.5416592431704	-5.18602307526745	4.42965881047157	-1.17075000517147	NA	NA	WNT7A	Intron
chr3	14062386	14062924	17.3453113824288	16.3998837052314	6.01198864947125	2.72786338455143	NA	NA	LOC112268445	Intron
chr3	14235267	14235907	25.6011834983586	-30	6.01184368332975	-4.9901497078487	NA	NA	LOC105376958	Intergenic
chr3	14304054	14304322	39.2467761151784	-9.38467400348177	4.0591358931411	-2.31198813011889	NA	NA	LINC01267	Intergenic
chr3	14437020	14437956	104.577226691795	-0.0866260361109206	4.60070835026492	-0.0188288475416905	NA	NA	LOC105376959	Intron
chr3	14915072	14915685	95.0080915204571	-2.89045166461202	3.7365510250174	-0.773561406029122	NA	NA	NR2C2	Intron
chr3	15087253	15087819	31.3053691201225	-9.6655642854081	6.12096547637152	-1.57909145586912	0.114315081185666	NA	RBSN	Intron
chr3	15410524	15410975	21.2585481876904	-27.9275739717738	6.01168849607842	-4.64554575473957	NA	NA	EAF1	UTR
chr3	15606090	15606691	43.9704401209629	29.8370541863364	5.45860756739301	5.46605591590208	NA	NA	HACL1	Exon
chr3	16686881	16687386	106.012356673693	1.11160534007077	3.8505618061321	0.288686533559989	NA	NA	NA	NA
chr3	17171383	17171941	21.1721604748512	-27.8710096010982	6.01194401927753	-4.63593964144188	NA	NA	DAZL	Intron
chr3	17454646	17455023	24.3784008910231	8.9221914065499	5.42509356809205	1.64461521162072	0.100049187879247	NA	LOC105376975	Intron
chr3	18552612	18553204	54.689734745703	-9.46355828247702	5.34224218365528	-1.77145811761043	0.076484551469026	0.121620527293874	SATB1	Intron
chr3	18732418	18732785	57.5657272905762	15.4055826107149	5.40366186133521	2.85095237378681	NA	NA	LOC107986066	Intron
chr3	18784945	18785449	44.2346137435874	-4.81084035565299	5.35871522645007	-0.897760032462105	NA	NA	NA	NA
chr3	18942503	18943068	41.5118158323674	5.04242159613478	4.15086974150564	1.21478675799298	0.22444743264188	NA	NA	NA
chr3	19849805	19850368	15.0441707343395	-8.60889563721678	6.12149287434884	-1.40633924010449	0.159623413242609	NA	EFHB	Intergenic
chr3	21272061	21272512	102.060253427116	-11.3704951643032	6.12062694429496	-1.85773373672147	0.0632068351221691	0.113615944516506	LOC105376988	Intergenic
chr3	22063384	22063835	35.8249237755707	-19.3441819968437	5.75233020486746	-3.36284276248175	NA	NA	ZNF385D-AS2	Intron
chr3	22645907	22646305	28.4639203380466	15.443800094063	5.4232749930056	2.84768891748636	NA	NA	ZNF385D	Intergenic
chr3	24556920	24557259	35.874519694393	-11.6299761097101	4.61334189248984	-2.52094390156576	NA	NA	LOC107986011	Intron
chr3	25205508	25205831	16.1874899708539	11.4057826501427	6.01459412437818	1.89635117753218	NA	NA	NA	NA
chr3	25449876	25450145	36.6677818766951	-5.51453345029461	4.30321662046893	-1.28149101861706	NA	NA	RARB-AS1	Intron
chr3	25723062	25723575	5.99488125313202	9.46772873021694	6.02889424816299	1.57039223786381	NA	NA	MIR4442	Intron
chr3	25867626	25867845	41.6433934047945	-10.2656257653022	4.70961230740069	-2.17971779740146	NA	NA	LOC124909357	Intron
chr3	26324086	26324650	79.9444832852754	4.07976927686072	4.83398307231589	0.843976740470084	NA	NA	LOC105377002	Intergenic
chr3	26381469	26381793	90.1594824473003	-14.333196220614	3.97139197902562	-3.60911143909059	NA	NA	LRRC3B	Intergenic
chr3	26435059	26436256	136.143096681696	0.0327672208259368	4.29053426539284	0.00763709570862421	NA	NA	NA	NA
chr3	28839074	28839575	51.0112396340892	-14.2602420867851	5.42939205896304	-2.62648965702223	NA	NA	RBMS3	Exon
chr3	28883773	28884068	43.5129749361202	-1.42682689916397	5.78569148737445	-0.24661302841287	NA	NA	NA	NA
chr3	29684990	29685595	26.5429565418822	-13.0341174772085	5.81546486381529	-2.24128556915695	NA	NA	RBMS3-AS2	Intron
chr3	29741151	29741364	40.5701133106719	-9.36322847103617	4.26463056013721	-2.1955544188416	NA	NA	NA	NA
chr3	29908308	29908656	78.3533496572323	-2.53832195286612	4.62643909481873	-0.548655650889008	NA	NA	RBMS3-AS1	Intron
chr3	31637675	31638422	9.96849249318418	23.8467330375505	6.02781538265779	3.9561153624841	NA	NA	OSBPL10-AS1	UTR
chr3	32542190	32542904	32.6272849124641	4.444917362013	4.95079739457246	0.897818474027225	NA	NA	DYNC1LI1	Intron
chr3	33479696	33479973	39.3515831268104	14.8937523625404	6.00763316882796	2.47913811379499	NA	NA	LOC124909363	Intergenic
chr3	34429621	34430227	39.7117518374715	-9.13352362363968	6.01648367824844	-1.51808333772439	NA	NA	NA	NA
chr3	34436971	34437474	40.1675754116323	10.8625783127656	5.00544721156441	2.17015140778412	NA	NA	LOC124909365	Intron
chr3	36559793	36560461	1.91041352782351	-8.91346526641578	6.0385879428236	-1.47608436787093	0.139921244831888	NA	LOC124906227	Intergenic
chr3	37402027	37402316	109.586999599983	-10.8181562639992	4.05471469315899	-2.66804376698842	0.00762943187297426	0.0645776912105322	APRG1	Intron
chr3	37690571	37691175	12.1243135110739	-30	6.01130816684573	-4.99059425458497	NA	NA	CTDSPL	Intron
chr3	38291244	38291939	11.6765421790396	-19.9462316184131	6.03946975733381	-3.30264616263573	NA	NA	SLC22A14	Intron
chr3	38526866	38528142	69.210885344872	15.7530949246119	5.86985866544773	2.68372644427382	NA	NA	EXOG	Exon
chr3	38532862	38533412	49.2449065909684	-15.6788109068761	5.15776660255573	-3.03984497846549	NA	NA	NA	NA
chr3	39291319	39291674	39.7425649968057	20.6484617965403	5.63081731508046	3.66704523360038	NA	NA	CX3CR1	Intergenic
chr3	39350746	39351425	30.0981071029426	-13.0556860353427	5.42645878299265	-2.40593111593535	NA	NA	CCR8	Intron
chr3	39583591	39584179	67.1653145164178	-4.04814785000706	4.00184752603994	-1.01156973714412	NA	NA	MOBP	Intron
chr3	39657137	39657567	57.9241854661658	-9.66040666254058	6.00776402039776	-1.60798703639844	NA	NA	LOC105377039	Intergenic
chr3	39967199	39967670	50.3272541122188	14.2350293422675	4.23482971009674	3.36141718008829	0.000775436075601642	0.0159807260797904	MYRIP	Intron
chr3	41084925	41085213	50.5128247291847	-9.40369942501649	3.87833262871641	-2.4246758401764	NA	NA	CTNNB1	Intron
chr3	41905931	41906863	5.70670061200083	9.99774065074559	6.03558964710399	1.65646460997274	NA	NA	ULK4	Intron
chr3	42189070	42189729	21.6797720666559	-1.30105378298151	4.45782840906418	-0.291858201705578	NA	NA	CCK	Exon
chr3	42413250	42414132	58.4876129256401	-1.34275537875605	4.53793328461436	-0.29589579540726	NA	NA	NA	NA
chr3	42427797	42428626	12.2093723542192	-0.100444344561846	6.01108110741742	-0.0167098634616495	NA	NA	LYZL4	Intergenic
chr3	42536806	42537195	80.0617086188581	9.31866790956482	4.1806259043928	2.22901262219449	0.0258130649661428	0.0888459522316748	VIPR1-AS1	UTR
chr3	42732315	42732565	16.6970328649322	3.92238718744539	3.59412990282322	1.09133150261606	NA	NA	CCDC13-AS1	Promoter
chr3	44103124	44103377	53.0264166946778	-7.64733087359897	4.31407192113036	-1.77264797931214	NA	NA	MIR138-1	Intron
chr3	45293326	45293579	58.1995637700939	-6.93467126296581	3.80977303690179	-1.8202321229627	NA	NA	LOC124906378	Intergenic
chr3	46153253	46153655	26.0218881756108	30	6.00825769950394	4.99312804150809	NA	NA	CCR3	Intron
chr3	46503102	46503746	34.2931225224361	25.8917683665544	5.0083937845627	5.16967504559251	NA	NA	RTP3	Intergenic
chr3	47479402	47479797	113.569911191372	14.5898348260141	4.62368260053361	3.15545769173911	NA	NA	SCAP	Promoter
chr3	47852066	47852797	99.9253220728282	2.96335696298537	4.55347535236846	0.650790162165696	NA	NA	MIR1226	Promoter
chr3	48331290	48331917	9.54203828007298	0.557423752771289	5.49390495910531	0.101462212564752	NA	NA	SPINK8	Promoter
chr3	48596960	48597637	76.9754263300183	1.59972597637886	4.14207114556587	0.386214026789806	NA	NA	COL7A1	Promoter
chr3	49120377	49120962	26.7047005932254	7.66535697527849	3.39779128363496	2.25598229420322	NA	NA	USP19	Promoter
chr3	49173701	49174249	40.0993706634185	-29.429148454992	5.42236081175013	-5.42736816613525	NA	NA	KLHDC8B	Promoter
chr3	49480326	49480517	67.0115853177594	-8.00123505504712	3.7340107394706	-2.14279915439705	NA	NA	DAG1	Intron
chr3	49648638	49648851	71.521811298596	14.8942268769215	4.63753317527045	3.21167015178343	NA	NA	APEH	Intron
chr3	49827141	49827560	71.6396720219696	-14.8648887990924	4.86780210719928	-3.05371674356027	NA	NA	UBA7	Intergenic
chr3	50705701	50706077	92.3520023615107	-13.0917168250479	4.02949170352342	-3.24897475619577	NA	NA	MIR4787	Intron
chr3	51806334	51806607	57.5555261520296	8.15838903413312	4.98642236083812	1.63612073822841	NA	NA	IQCF3	Intron
chr3	52406264	52407442	88.6176305332569	16.6254723684631	4.40792872443222	3.77171987294432	0.000162126208251818	0.00712750056880799	BAP1	Promoter
chr3	52482828	52483688	17.3049983343272	-17.1669094901013	5.43519287658876	-3.15847291529341	NA	NA	STAB1	Intron
chr3	52738181	52738398	78.5063286934055	6.00135838030623	3.87325652534555	1.54943478208452	NA	NA	GLT8D1	Intron
chr3	52931698	52932092	20.2944603112062	11.1112383705025	5.45298033933922	2.03764504528709	0.0415854437315977	NA	STIMATE-MUSTN1	Exon
chr3	53176929	53177431	101.347352627939	6.24250928611156	3.58215254390555	1.74266986388734	0.0813912986481374	0.124852671712677	NA	NA
chr3	53190024	53190612	48.4826632649739	15.7075783408448	4.8991709267559	3.2061707124895	0.001345141609299	0.0215096121581412	PRKCD	Intron
chr3	53624202	53624550	48.4772120379842	-8.72405256096573	4.97116966175947	-1.75492955472334	0.0792713581135342	0.122797409377601	CHDH	Intron
chr3	53836698	53837069	74.763000460432	-0.0355264117498068	4.60641618977602	-0.00771237558357361	NA	NA	NA	NA
chr3	53916491	53916687	34.2130681607416	-8.70395270003584	4.65524097920176	-1.86971044870126	NA	NA	SELENOK	Intergenic
chr3	54393747	54394003	76.4654207671279	-13.8411495539287	4.60836136631406	-3.00348615347399	NA	NA	LOC107986088	Intron
chr3	54439613	54440332	124.968814379581	5.70006157696477	4.6501150851597	1.22578935630128	NA	NA	NA	NA
chr3	54972926	54973517	55.1034644193945	30	6.00711781167717	4.99407551849297	NA	NA	LRTM1	Intron
chr3	55049841	55050213	18.4986710032298	3.77535845503367	6.09483401287619	0.619435811878994	NA	NA	NA	NA
chr3	56659493	56660017	27.055845456107	-8.48084666371494	5.14334699881537	-1.64889646093648	0.0991688483121804	NA	TASOR	Intron
chr3	56964706	56965125	7.44098595322686	30	6.03244792222566	4.97310550986598	NA	NA	ARHGEF3-AS1	Intron
chr3	57325350	57325758	42.0528327208186	-1.85858004979317	6.00825133843036	-0.309337932969814	NA	NA	LOC124909384	Intron
chr3	58075985	58076598	238.375229031498	-15.6593849384	3.88416069733684	-4.03160068766899	NA	NA	FLNB	Intron
chr3	58906552	58907353	56.6802787979157	7.67271032908826	5.06192468996726	1.51576935632717	0.129577683159264	0.163350589940137	CFAP20DC-AS1	Intron
chr3	59154459	59154661	65.9504793370703	3.93492531959236	4.99811216815114	0.787282315244226	NA	NA	CFAP20DC-DT	Intron
chr3	59416786	59417338	82.0942263788525	15.1455485485539	5.11877864313328	2.95882076652626	NA	NA	LOC339902	Intron
chr3	59420316	59420891	13.5187962717761	7.80630942994057	6.12155724521866	1.27521627540734	0.2022327021889	NA	NA	NA
chr3	59477950	59478310	41.7795638257332	12.6024261968179	5.97435930674795	2.10941885979032	NA	NA	NA	NA
chr3	59720726	59721367	90.1069626812388	-12.7142255147551	4.17529586347748	-3.04510768349857	0.00232597014063514	0.031500281333173	NA	NA
chr3	60793953	60794389	82.3938933932834	-3.32772334904898	5.09295287273246	-0.653397632415866	NA	NA	LOC124906379	Intron
chr3	61420633	61421169	12.9491918735488	6.77443930692072	5.96864493322442	1.13500457519442	0.256373401413279	NA	LOC105377114	Intron
chr3	62053512	62054070	44.2142431656344	-8.6708047472467	4.36845305623207	-1.9848684730346	0.0471591068299067	0.102710276128276	CEP15	Intron
chr3	62330348	62330920	40.4260433786801	3.73891482299591	5.01842105716556	0.74503808676183	NA	NA	NA	NA
chr3	62686268	62686960	17.9045117939235	-9.81323474993435	5.8756984605411	-1.67013927209441	0.0948918116951803	NA	CADPS	Intron
chr3	63644937	63645465	54.6499599547115	16.0367887187315	5.1698891760564	3.10195986269948	NA	NA	SYNPR-AS1	Promoter
chr3	65327854	65328204	52.0760459068724	-9.66850581618787	4.94296758615649	-1.95601238480016	0.0504636951809542	0.104911366297247	LOC105377127	Intergenic
chr3	65506166	65506559	50.7873525481512	-8.50720511253343	4.74002949839703	-1.79475784178355	0.0726922903843113	0.119446092753972	NA	NA
chr3	65682846	65683631	5.41585839453617	30	6.01633020276014	4.98642843543341	6.15056737071736e-07	NA	MAGI1-AS1	Intron
chr3	66311809	66312726	32.451089763377	4.32026699447726	5.6309265754398	0.76723909228737	NA	NA	LOC107986095	Intron
chr3	66472468	66472708	44.4924287114984	-6.72619816239722	4.36606854691373	-1.54056174110043	NA	NA	LRIG1	Intron
chr3	66714724	66715431	35.4875535910707	8.50868502471208	5.88194904408994	1.44657577971734	0.14801577377326	NA	LOC105377142	Intron
chr3	67787769	67788212	24.1905145186448	26.2488771547741	6.01223524067909	4.3659098661298	NA	NA	SUCLG2	Intron
chr3	68038605	68039027	58.4795961372164	-19.6106203167066	5.81173770254953	-3.37431269620163	NA	NA	TAFA1	Intron
chr3	69128079	69128476	6.91490626373771	-0.426232888912763	6.01582926984654	-0.0708518925311249	NA	NA	LMOD3	Intergenic
chr3	69338690	69338971	20.4003274161091	-9.0481224859137	5.7691093375833	-1.56837424227151	0.116793818716158	NA	NA	NA
chr3	69376781	69378740	109.370040254464	-8.34009843081755	3.88783047676773	-2.14518057838554	0.0319384118218783	0.0923098000217702	NA	NA
chr3	69450360	69450713	117.777868985695	13.6462463940691	4.33830211979576	3.14552698665246	NA	NA	FRMD4B	Intron
chr3	70436938	70437370	54.4458386350652	9.61304579493955	5.0141851242431	1.91717009977581	0.0552163253200554	0.109059189074709	MDFIC2	Intron
chr3	71223819	71224206	30.7449896012979	8.30283911708277	5.80415534684473	1.43049912018574	0.152573818153909	NA	FOXP1-AS1	Intron
chr3	71316561	71317055	100.155245033987	-10.6470286610484	4.43778101080001	-2.3991784712083	NA	NA	NA	NA
chr3	71370526	71370828	73.5966533816501	-0.47377487882108	4.90001375757203	-0.096688479310686	NA	NA	NA	NA
chr3	71643344	71643833	31.8491454856991	-3.63136202485391	5.41577829502296	-0.670515266142096	NA	NA	LOC105377155	Intron
chr3	71935593	71936142	114.675658083242	0.64613867441168	4.29004169217699	0.150613611888652	NA	NA	PROK2	Intergenic
chr3	72090529	72091043	43.3527635481531	7.60024441411213	4.71007075038155	1.61361576436967	0.1066107953006	0.14390483660853	LINC00870	Intron
chr3	72152341	72152719	66.2508449047555	-14.8539188522081	4.59063468914466	-3.23570047674077	NA	NA	LOC124909393	Promoter
chr3	74215290	74215596	55.0794393151293	7.77075473198316	3.82602400930415	2.03102612871383	0.0422523441333741	0.100769085935214	LINC02047	Intergenic
chr3	75434757	75435255	105.056274770157	11.6118848559494	3.52309099669964	3.29593668367556	NA	NA	MIR1324	Exon
chr3	75946952	75947383	82.9833897262854	15.7772242299037	4.96932105326003	3.17492552016805	NA	NA	ROBO2	Intron
chr3	76551805	76552280	27.4366231836552	-27.8902379610777	5.42736511146234	-5.13881734290823	NA	NA	NA	NA
chr3	77355035	77355656	3.56345325840762	-6.53169749224709	6.12476169360803	-1.06644108277123	0.286224298684024	NA	LOC105377171	Intron
chr3	79039827	79040034	41.1282485621021	-5.26885516813792	4.94584394270128	-1.06530962747284	NA	NA	NA	NA
chr3	79276006	79276330	26.4445326757445	28.4275625184452	5.44021388447468	5.22544942572424	NA	NA	LOC101927374	Intron
chr3	80224037	80224501	55.1650665426946	12.7959618503457	5.05087568026422	2.53341453252246	NA	NA	NA	NA
chr3	80258706	80258995	65.9655780604558	16.2788198659276	4.10990508648968	3.96087489208456	7.46756525395799e-05	0.00505660847196584	ROBO1	Intergenic
chr3	80910616	80911378	14.8443183441771	-24.4640556787923	5.45169591678613	-4.4874211717249	NA	NA	LINC02027	Intergenic
chr3	81561513	81561904	46.2066827879838	-29.5161869956758	5.85419665927151	-5.04188511483124	NA	NA	LOC124906198	Intron
chr3	81563129	81563605	46.2191929754134	13.0794610518369	6.00768508923555	2.17712161299407	NA	NA	NA	NA
chr3	84094373	84094793	38.6465787776378	30	6.0086636503472	4.9927907011847	NA	NA	LOC105377188	Intergenic
chr3	84231352	84231958	28.4956694203685	-6.66652695502207	5.41741867791004	-1.23057259395612	0.218482760614639	NA	NA	NA
chr3	87880818	87881492	159.745284215716	0.848390491204738	3.85948012341836	0.219819888709082	NA	NA	LOC105377198	Intron
chr3	88010767	88011376	99.4641689805355	-2.71703579509516	4.55317118353061	-0.596734821858448	NA	NA	LOC128031834	Intergenic
chr3	88928724	88929349	8.26774033885892	-8.57508994333784	5.21780076038743	-1.64342993094683	0.100294011618672	NA	EPHA3	Intergenic
chr3	89406150	89406512	36.4205576147555	-0.415910095805124	4.80045021161086	-0.086639810324282	NA	NA	NA	NA
chr3	89978839	89979323	44.3107058067342	14.5856852236905	6.00746032543483	2.42792868093304	NA	NA	LOC124906381	Intergenic
chr3	90217033	90217510	38.9712653935273	-2.15642161734097	5.87909533942135	-0.366794803084995	NA	NA	NA	NA
chr3	94604668	94604865	57.1396587783821	-8.59110276909316	3.9728317946706	-2.16246325369672	NA	NA	NA	NA
chr3	94696882	94697226	28.812328630172	-8.58002996541835	5.7989887316317	-1.47957348470379	0.138987106992555	NA	LOC105373992	Intergenic
chr3	95935539	95935778	71.0682266754061	-17.2015052444816	5.10625060149679	-3.36871544053073	NA	NA	MTHFD2P1	Intergenic
chr3	97097887	97098220	30.1807226406139	-17.8478937750224	6.00928405547143	-2.97005327261439	NA	NA	NA	NA
chr3	97107223	97107747	18.3603679737446	30	6.00913691025292	4.99239748537154	NA	NA	LOC107986103	Intron
chr3	98329148	98329469	74.7016215813017	15.2819684482987	6.00699062259553	2.54403068165529	NA	NA	LOC105373999	Intron
chr3	100509232	100509741	25.0297631120813	-11.746006135962	5.73320877958742	-2.04876650886719	NA	NA	TMEM45A	Intron
chr3	100551953	100552531	16.7263664444196	-0.953999701163314	6.00965750708433	-0.158744437605424	NA	NA	ADGRG7	Intron
chr3	100614548	100614946	71.9322742746112	-1.42665082275556	4.36807696124241	-0.32660844472616	NA	NA	NA	NA
chr3	100914315	100915123	34.1072970034998	27.6795490344078	5.87006538341884	4.71537320735713	NA	NA	ABI3BP	Exon
chr3	101985995	101986571	19.9958153071615	9.6029682788042	5.98901225499521	1.60343106174056	NA	NA	RDUR	Intron
chr3	104358510	104358798	5.64637618264376	-1.22554622032848	6.01793557613439	-0.203648943200504	NA	NA	NA	NA
chr3	104441990	104442679	21.8064951329789	25.9668168522299	5.70544244676009	4.55123631419251	NA	NA	LOC105374020	Intron
chr3	105600476	105600799	88.455019447032	5.09241512436424	4.21702243684236	1.20758549441756	0.227206741535239	0.267235720813159	ALCAM	Intergenic
chr3	107390239	107390750	17.1787366354514	-12.3890191488752	4.72710497408033	-2.62084705476327	NA	NA	LINC01990	Intron
chr3	107431244	107431674	33.7373380064789	1.86462254676845	5.18844369325441	0.359379932983118	NA	NA	CCDC54-AS1	Intron
chr3	107729120	107729614	63.0270091435124	-0.918865490885422	5.16067618087839	-0.178051375184138	NA	NA	LINC00636	Intron
chr3	108538987	108539376	35.2493638390115	-27.4601156816695	5.74244614121041	-4.78195441566325	NA	NA	MYH15	Intergenic
chr3	110969535	110970072	39.6481379592044	14.0097613791485	5.16512236374516	2.71237744094609	NA	NA	LOC105374037	Exon
chr3	111203675	111204176	39.9679931182976	26.1802999858837	5.27530862577637	4.96279968492474	NA	NA	LOC105374038	Intron
chr3	111824640	111825020	35.0732285505632	12.6814088227361	6.00819157054231	2.11068649756643	NA	NA	LOC105374040	Intron
chr3	111935843	111936610	24.6930433257551	-2.44446067642242	5.2520366208687	-0.465431003795647	NA	NA	ABHD10	Intron
chr3	112335534	112336043	38.620709807772	23.997949191797	4.97679684414625	4.82196680783214	NA	NA	CD200	UTR
chr3	112781770	112782113	71.6829875316316	-15.72701394252	5.45154887144584	-2.88487076120606	NA	NA	CD200R1L-AS1	Intergenic
chr3	112801975	112802337	26.6251765455945	-10.3893968275039	5.87015577507167	-1.76986731282732	0.0767492471962202	NA	NA	NA
chr3	112900310	112900980	3.53917143609291	-0.213943190709955	6.02408317324115	-0.035514647550068	0.97166936668758	NA	CD200R1L	Intergenic
chr3	113887570	113888584	41.9282638138791	-11.9096510059644	5.70880262465496	-2.08619071090836	NA	NA	ZDHHC23	Intron
chr3	113965219	113965732	5.19917061302543	-7.07525822373641	6.12338631628668	-1.15544861262762	0.247906764520154	NA	NA	NA
chr3	114481999	114482347	34.2637576757648	-3.87458726894951	5.33914974905056	-0.725693687396296	NA	NA	ZBTB20-AS5	Intron
chr3	115908355	115908712	84.0040576510162	7.05199803290041	3.83580045181692	1.83846842959728	0.065993409762409	0.115302348466625	LOC124909412	Intron
chr3	115938445	115939946	27.7450012949795	-20.0296990079246	4.60051472651051	-4.35379521610991	NA	NA	NA	NA
chr3	116048956	116049540	69.6610978443622	-2.78320725993074	4.52674334803786	-0.614836549356644	NA	NA	LOC105374052	Intron
chr3	116706509	116707654	39.6060763934959	14.7574177083506	6.00759634176398	2.4564596002829	NA	NA	TUSC7	Promoter
chr3	117750792	117751537	62.0524379006261	-1.16401487722745	5.91322925055318	-0.196849272691154	NA	NA	LOC101926953	Intron
chr3	119209480	119210113	44.105245760467	-10.1601233285161	5.72086229673135	-1.775977606439	0.0757366082069967	0.121280919899042	B4GALT4-AS1	Intergenic
chr3	119651535	119652233	71.0910875943717	-10.0320169915937	4.50991167113505	-2.22443757730379	0.0261190179841993	0.0888459522316748	LOC105374063	Intron
chr3	121109141	121109487	21.0049766197107	-10.0465156219076	5.85653260189976	-1.71543749601063	0.0862650457690302	NA	MIR5682	Intron
chr3	121314890	121315328	27.3676195550632	8.4479766252487	6.04049648989739	1.39855666489961	NA	NA	POLQ	Intron
chr3	121662414	121662967	47.7426921743403	-10.2698169051154	5.41635342960637	-1.89607584486262	0.0579500161496291	0.111207723299288	HCLS1	Promoter
chr3	121940893	121941173	64.1229238271519	11.4487459942581	4.58276288737127	2.49821914762542	0.0124819004307018	0.075851548771188	SLC15A2	UTR
chr3	122055411	122055763	64.0413727226182	3.38696254165831	6.00713044880298	0.563823704266854	NA	NA	CD86	Promoter
chr3	122911885	122912740	46.0164209582872	9.14002299152939	5.6427384625755	1.61978497712574	NA	NA	LINC02035	Exon
chr3	123374243	123375281	14.5531655584033	14.4599822742689	5.90294066326345	2.44962351803054	NA	NA	LOC124909420	Intron
chr3	123642228	123642843	53.7374938897861	-8.95214292060644	4.74421270083257	-1.88696070035718	0.0591656117288338	0.112628513893443	MYLK-AS2	Intron
chr3	123970234	123970882	71.7597198184599	-1.37098875074299	4.0858788855744	-0.33554316932482	NA	NA	CCDC14	Intron
chr3	124033271	124033692	48.6744542475295	15.1781307314841	5.49755821276555	2.76088585951485	NA	NA	KALRN	Promoter
chr3	124604720	124605297	85.8950549820693	4.21047159182068	5.68956243393755	0.740034341956725	NA	NA	LOC105374076	Intron
chr3	125475962	125476389	43.1478323673171	-28.7377331573893	5.43346570961504	-5.28902448147139	NA	NA	SNX4	Intron
chr3	125647036	125647530	44.4012868776045	13.8436853996136	5.50009114996747	2.51699199561365	NA	NA	OSBPL11	Exon
chr3	125738753	125739335	29.7688013498658	4.90529598552826	5.39961923715702	0.908452201920624	NA	NA	LOC112267908	Intergenic
chr3	126125770	126126004	131.710981925463	11.1702208639849	4.99127112605598	2.23795113146086	NA	NA	SLC41A3	Intron
chr3	126192850	126193166	36.4437262340808	-4.3360911465521	4.59888798243434	-0.942856439016128	NA	NA	ALDH1L1	Intron
chr3	127014312	127015127	39.6241018732601	2.60350173409523	4.93675204388694	0.527371379188283	NA	NA	PLXNA1	Exon
chr3	128216401	128217000	32.755328127549	30	5.60870931937294	5.34882417535485	NA	NA	RUVBL1	Intron
chr3	128463622	128464157	71.2990679570018	30	5.60228930972462	5.35495372363671	NA	NA	DNAJB8-AS1	Promoter
chr3	128603432	128603732	40.7867614355781	-6.75066177321641	4.55329455596745	-1.48258841817495	NA	NA	LOC124909430	Intron
chr3	129856966	129857533	41.3395002065382	-0.0860146309887182	5.82295111162949	-0.0147716560451506	NA	NA	TMCC1	UTR
chr3	129968066	129968642	40.7374643238433	-9.08127453190769	5.85745348053467	-1.55037928377687	0.121050507826228	NA	TRH	Intron
chr3	130111533	130112251	43.7094765071463	2.79280540756938	3.65688766269848	0.763711020181715	0.445039472096971	0.497520541919727	LINC02021	Promoter
chr3	130773671	130774250	48.3625101957066	8.8892300777055	4.63965972235828	1.91592284987383	0.0553749165409154	0.109059189074709	PIK3R4	Intron
chr3	132199234	132199716	39.380869354858	1.0346620451284	5.50389655250715	0.187987189667852	NA	NA	CPNE4	Intron
chr3	133302716	133303206	10.1399863117338	7.6441578232648	5.63677293420976	1.35612307121193	0.175060013355613	NA	TMEM108-AS1	UTR
chr3	133358738	133358936	64.1387011609257	-8.43227625958661	3.59319666410422	-2.34673385507241	NA	NA	LOC101927432	Intron
chr3	133398037	133398514	57.841612676141	0.494148558093623	5.18426806737939	0.0953169380269743	NA	NA	BFSP2	Promoter
chr3	134220945	134221363	28.33767485571	12.8096777367542	6.0084105082926	2.13195781464577	NA	NA	RYK	Intron
chr3	134320169	134320560	12.2287865044354	30	6.02522416690671	4.97906786020904	NA	NA	LINC02004	Intron
chr3	134996237	134996766	6.88191856117926	-3.29083587785979	6.02759543031798	-0.545961638584325	NA	NA	KY	Intron
chr3	135059579	135060202	21.1234935472378	-28.1104988864287	6.01034623835694	-4.67701822351474	NA	NA	LOC102724019	Intron
chr3	135197747	135197975	42.4648233707127	-10.6398077289663	4.55970491610138	-2.33344216889884	NA	NA	NA	NA
chr3	135540599	135541064	48.3937654488853	-12.8038075762338	4.58544987700066	-2.79226857117208	0.0052339893433735	0.053932846712153	LOC105374122	Intergenic
chr3	136639877	136640190	12.1682877227769	-8.30273736280592	6.12173296991079	-1.35627238293717	0.175012519101062	NA	STAG1	Intron
chr3	137024427	137025449	11.6789208135795	11.8702282793097	5.86013949106201	2.02558800817189	NA	NA	IL20RB-AS1	Intergenic
chr3	137119480	137119751	41.0200444101409	-0.397513225431277	5.1560651859281	-0.0770962373625857	NA	NA	NA	NA
chr3	137202994	137203512	27.003824335298	-3.01217059654093	5.09918852136992	-0.590715676409567	NA	NA	NA	NA
chr3	137985613	137985893	60.8221754719116	-18.3492121275031	5.09660688003648	-3.60028006071596	NA	NA	CLDN18	Intergenic
chr3	138251383	138251673	122.266510397438	-8.58226746665436	4.37942552364834	-1.95967882552431	0.0500333415931736	0.104911366297247	ARMC8	Intron
chr3	138540444	138541169	16.9928896151526	-30	6.02095526447509	-4.98259805665827	NA	NA	CEP70	Intron
chr3	139147565	139148367	3.44206649595432	1.22331312434399	5.99652040790677	0.204003829075771	0.838350506665878	NA	BPESC1	Intron
chr3	139237812	139238349	2.25668086324895	1.63492164496527	6.04731173348636	0.270355112654778	0.786887069548677	NA	LOC124906290	Intron
chr3	140353347	140354704	62.0254488005307	4.55165300314102	4.4768965646384	1.01669827243566	NA	NA	LOC124900599	Intron
chr3	141247456	141248683	78.9146305906699	-3.57977520574712	5.45063524012201	-0.656762936436559	NA	NA	NA	NA
chr3	141328693	141329482	28.141342034535	-9.51083307521039	6.12101501203604	-1.55379999175117	0.120232132528029	NA	ZBTB38	Intron
chr3	141603871	141604420	35.3203408567553	-13.7079533289686	5.42849311203553	-2.52518572761504	NA	NA	NA	NA
chr3	141619238	141619686	58.2641815086551	28.97744604526	6.00810549143222	4.82305879725029	NA	NA	LRRC78P	Intergenic
chr3	142205716	142206047	83.7589040621345	12.2227445792283	4.33367286244567	2.82041237702711	0.00479619700615558	0.0505199417981721	GK5	Intron
chr3	143150046	143150764	23.8847789205662	-29.1318348326585	6.00872137519051	-4.84825855845826	NA	NA	LOC105374137	Intron
chr3	143395043	143395524	43.9622755228613	-2.07665685398882	4.30719202074706	-0.482137049842658	NA	NA	NA	NA
chr3	143435809	143436713	28.2318768244441	-7.58431708461829	5.38107312335973	-1.40944323014197	0.158704148784334	NA	SLC9A9-AS1	Intron
chr3	143438205	143439007	15.651748068473	5.07603059990349	6.04937042796401	0.839100640363974	NA	NA	NA	NA
chr3	143600148	143600368	108.918610215416	9.79238378679931	4.66022543821923	2.10126825764489	NA	NA	LOC102724120	Intron
chr3	144134738	144135021	45.5279499601891	-2.14427929031681	5.13173229876779	-0.417847067126179	NA	NA	DIPK2A	Intergenic
chr3	144906866	144907374	35.1844319021363	-0.249252849282171	4.81043905922786	-0.0518149894870884	NA	NA	NA	NA
chr3	144913968	144914733	5.79990009036102	-2.3832976529706	6.02231951928314	-0.395744139004815	NA	NA	NA	NA
chr3	144916694	144917495	45.0707599704847	-12.5656084166323	5.49036966426646	-2.28866345711007	NA	NA	LOC105374141	Intergenic
chr3	145636167	145637044	82.1535734069151	-18.106771454243	4.79391134418779	-3.77703510854366	NA	NA	LOC105374142	Intergenic
chr3	146622126	146622522	57.846299605325	-1.97631961081437	5.91379607003532	-0.334187988122926	NA	NA	PLSCR5	Intergenic
chr3	147903554	147904007	33.2306294160583	6.31290321864268	4.66480101364367	1.35330600387425	NA	NA	LOC124906206	Intergenic
chr3	148357673	148359108	20.1845831633138	-5.2033889769922	5.78590774194352	-0.899321110717252	NA	NA	LOC105374148	Intron
chr3	149850816	149851655	37.3726445689906	2.025467914713	5.13454697626329	0.394478407555062	NA	NA	RNF13	Exon
chr3	152077647	152078124	13.7453926763977	3.47336108831432	5.90920286157443	0.587788432666684	NA	NA	LOC107986047	Intron
chr3	152344419	152344919	1.70540568588284	1.06455447692079	6.04496412970725	0.176106003952805	0.860210664172496	NA	TMEM14EP	Intron
chr3	153161188	153161634	72.7742357603129	-6.79998285746476	4.98182987438501	-1.3649568590104	NA	NA	LOC124909451	Promoter
chr3	153848809	153849309	26.7642764491023	3.97502724936426	4.90744493272686	0.80999935890376	NA	NA	LINC02006	Intron
chr3	154486824	154487573	70.1214030844114	12.5806459221385	4.12534659925004	3.04959731733222	NA	NA	GPR149	Intergenic
chr3	154665476	154665672	71.946674243155	-8.59786670087408	3.79655703610027	-2.26464836933034	NA	NA	NA	NA
chr3	154849020	154849954	33.0534583208213	4.54623130548932	5.45313914314263	0.833690684604342	NA	NA	LOC105374170	Intron
chr3	157274352	157274885	41.546809630659	8.23756034485176	6.01029707144386	1.37057457342501	NA	NA	CCNL1	Intron
chr3	158038897	158040010	14.1240494372314	16.7456131358264	6.0146295219716	2.78414706585904	NA	NA	RSRC1	Intron
chr3	158950574	158951175	6.82919519770385	0.887426425607992	6.01539147434128	0.147525963919941	NA	NA	IQCJ-SCHIP1	Intergenic
chr3	159753043	159753515	46.9393833027101	14.0854718520383	4.61886920462925	3.04954984174941	NA	NA	IQCJ-SCHIP1-AS1	Intron
chr3	160203676	160204425	48.2669010713289	19.0474591048004	6.01791780268205	3.16512450474338	NA	NA	IL12A-AS1	Intron
chr3	160501758	160502055	69.7054181774518	1.98264048181427	4.30218072424533	0.460845466263405	NA	NA	SCARNA7	UTR
chr3	160755138	160755658	109.914089240407	-5.12019797319571	3.84452116434058	-1.33181682563944	NA	NA	PPM1L-DT	Promoter
chr3	161017080	161017521	3.87857882177809	-1.42600536281805	6.03092142642368	-0.236449003724406	0.81308427450533	NA	NMD3	Intron
chr3	163009633	163010024	21.789702421046	-0.780809180831803	5.14340413615101	-0.15180786112913	NA	NA	NA	NA
chr3	163618122	163618705	4.20225110478848	9.86449700986145	6.03024625492783	1.63583651360843	0.101873807870531	NA	LINC01192	Intergenic
chr3	163773805	163774212	46.8235554111732	-10.2414559948336	4.86297950055133	-2.10600435261396	0.0352039742643832	0.0956142249818817	LOC102724419	Intergenic
chr3	164804824	164805319	42.4481761074729	-9.14062701257719	5.84626235520351	-1.5634992850503	0.117935203720047	0.152319581916356	LINC01324	Intron
chr3	166512247	166512698	43.0794229695794	-19.1341552922772	5.70676170391756	-3.35289193504296	NA	NA	LOC124909498	Intergenic
chr3	166646291	166646871	16.3385877188991	0.237280615895439	6.00995872179406	0.0394812388702409	NA	NA	NA	NA
chr3	166845539	166846104	24.7113719762795	-3.47669741061248	4.73905492854075	-0.733626738460917	NA	NA	NA	NA
chr3	167060625	167061282	19.7862113310579	-8.03451139544092	5.84993828449499	-1.37343524063084	0.169617080540151	NA	LOC105374193	Intergenic
chr3	167893835	167894514	78.7027788344099	-11.7646855785282	4.82829529958672	-2.43661268595878	NA	NA	LRRC77P	Intron
chr3	168110803	168111204	59.6840691899572	27.6150414983936	4.20924554584207	6.56056796821272	NA	NA	GOLIM4	Intergenic
chr3	171206814	171207809	22.8757520234172	-15.2864149996795	6.0096571137834	-2.54364179357579	NA	NA	MIR569	Intron
chr3	171715260	171718176	85.5328632262223	-5.19630962022656	5.37127078926128	-0.967426485109534	NA	NA	PLD1	Intron
chr3	172100861	172101978	37.5425330373576	-0.76811494939711	4.38138487206657	-0.175313279208638	0.86083347805944	NA	FNDC3B	Intron
chr3	172883622	172883911	76.013824554436	-10.4568202122969	4.38308129232482	-2.38572353896511	0.0170455595785491	0.0831315297380008	LOC107986052	Intergenic
chr3	173673707	173674217	46.1402820214068	-15.5026559835109	4.76610424738416	-3.25268923608196	NA	NA	NLGN1-AS1	Intron
chr3	174441165	174441611	78.5378261028514	0.28526411870482	4.84104180042321	0.058926183756538	NA	NA	NAALADL2	Promoter
chr3	175037530	175037737	55.3278315929302	-9.44201254817268	4.05742615235459	-2.32709412164984	NA	NA	NAALADL2-AS3	Intron
chr3	176680257	176680913	50.6479385715969	9.98248531996017	5.01685355781873	1.98979005564206	0.0466140673416244	0.102710276128276	LINC01208	Intron
chr3	176777016	176777351	58.5715100268754	8.65539708617663	4.6324363091573	1.86843304657353	0.0617017344146309	0.113191061634547	LINC01209	Intron
chr3	177785523	177786280	10.5656034282345	18.071085299023	5.92538491770781	3.04977407375142	NA	NA	LINC02015	Intron
chr3	178037280	178038188	15.5723218270144	-8.65793191127433	6.12145893420442	-1.41435759094896	0.157256935320948	NA	LOC105374234	Intron
chr3	178735684	178736127	84.3908447166328	-3.13329252467588	4.08920222576247	-0.76623564981349	NA	NA	LOC124909461	Intron
chr3	180367853	180368321	21.4022287836192	7.77803563851038	5.35682223284242	1.45198688708086	0.146505251362519	NA	LINC02053	Intergenic
chr3	181808462	181808993	15.9961198203749	13.2262530593577	6.01030355759885	2.20059651440329	NA	NA	SOX2	Intron
chr3	182806612	182807303	21.1138630153602	9.7157279950656	6.02981137732346	1.61128224202898	NA	NA	ATP11B	Intron
chr3	182925011	182925697	5.48619231143082	-3.00374950247356	6.02927252164078	-0.498194349598935	0.618347064662539	NA	DCUN1D1	Intergenic
chr3	183500953	183501356	99.4535953820222	5.09308224964939	3.7262343471684	1.36681748251279	NA	NA	SNORA63E	Intron
chr3	186199262	186199768	36.2072021282394	5.40133180129025	4.07200443338639	1.32645528502	0.184688936891806	NA	ETV5	Intron
chr3	186769129	186769492	60.989598282206	-8.80834089249726	4.38125705238341	-2.010459734999	0.0443825536929163	0.101746157149	EIF4A2	Intron
chr3	186920366	186920626	94.1904932447512	1.28091548251916	4.65613886618109	0.275102508609188	NA	NA	ST6GAL1	Intergenic
chr3	187201208	187201445	54.8712618166769	-8.16756706483386	4.05379346084737	-2.01479605305954	NA	NA	NA	NA
chr3	187276764	187277271	17.3706728404947	-17.0065781011074	6.01109208074701	-2.82919939882105	NA	NA	RPL39L	Exon
chr3	189104014	189104501	75.3836118786188	-1.3613035578952	5.09762115029355	-0.267046827875157	NA	NA	LOC107986167	Intron
chr3	189214322	189214977	30.29587550494	25.0169625104247	6.03066271443105	4.14829409221651	NA	NA	TPRG1-AS2	Intron
chr3	189779780	189780115	26.9051280468684	-7.71900316647418	5.79447072449424	-1.33213256800912	0.18281663004743	NA	MIR944	Intron
chr3	190797005	190797627	122.218707962788	-1.04617463881736	4.33849607864113	-0.241137624617847	NA	NA	GMNC	Intron
chr3	193073167	193073503	64.4582524977819	-14.5625699949953	4.1908635226801	-3.4748375641883	NA	NA	MB21D2	Intergenic
chr3	194485813	194486692	44.1634404020396	8.14034634503084	4.60800782813999	1.76656521616993	0.0773010706311942	0.12172992518002	ATP13A3-DT	Promoter
chr3	194521988	194522189	54.1812017398868	11.0822664258391	4.59613163996729	2.41121606036462	NA	NA	ATP13A3	Intron
chr3	194548839	194549228	71.2103481976538	-1.14019095338331	5.94551946788487	-0.191773142707231	NA	NA	TMEM44-AS1	Intergenic
chr3	195020261	195020925	106.403687372828	-7.83383324790607	5.39604686816042	-1.45177264751533	NA	NA	LOC105374295	Intron
chr3	195064978	195065370	39.8869503328619	13.9416129957572	4.7647719579343	2.92597696570591	NA	NA	XXYLT1-AS1	Exon
chr3	195141183	195142033	46.070293601308	17.8913279509036	5.79268665970793	3.0886062032925	NA	NA	XXYLT1-AS2	Intron
chr3	195294654	195295065	30.322212806054	-2.88078024846614	4.93587625364733	-0.583641100470745	NA	NA	XXYLT1	Exon
chr3	195387202	195387581	45.9581317256022	-6.38388645562646	4.41823159547742	-1.44489629338605	NA	NA	ACAP2	Intron
chr3	195793626	195793912	37.5116379925567	15.0946639958984	5.89429571525428	2.56089356983462	NA	NA	LOC107984010	Intron
chr3	196406650	196406995	61.5659104050665	11.0320885534724	4.32305160417989	2.5519215506948	NA	NA	UBXN7-AS1	Intron
chr3	196789087	196789623	98.7678169272106	7.9220425679083	5.02169089998074	1.57756475372442	NA	NA	PAK2	Intron
chr3	196948599	196949121	4.85410789095108	6.32882262240387	6.12349954734834	1.03353034869488	0.301355775583151	NA	NCBP2AS2	Exon
chr3	197906138	197907167	21.1555330966295	23.4515904409671	5.32102571231196	4.40734394248539	NA	NA	RPL35A	Exon
chr4	1548152	1548485	27.1223998516102	7.16543682039448	5.37664737092994	1.33269606988475	0.182631563521336	NA	LOC105374348	Intergenic
chr4	1754065	1755136	237.653001880397	-9.13149825960764	4.02774162619006	-2.26715095134971	0.0233810059430635	0.0870359547237145	NA	NA
chr4	1768412	1768965	77.1689889419291	-15.3554108089622	4.98133807792716	-3.08258756357125	0.00205209347566866	0.0294755244686953	LOC124900648	Intergenic
chr4	1786523	1787036	77.0863823100383	-14.0578132399393	5.14519246056785	-2.73222301161262	NA	NA	FGFR3	Intergenic
chr4	2697941	2698416	53.0314836524691	14.4968680064736	4.60657737342396	3.14699327316377	NA	NA	TNIP2	Intron
chr4	3073631	3074243	21.134946866305	5.80236273371841	4.3909181684352	1.32144633790481	NA	NA	HTT-AS	Promoter
chr4	3173367	3173970	5.1528783137521	1.88230728381904	6.03972719342944	0.311654355161402	NA	NA	MSANTD1	Intron
chr4	3497709	3498816	61.102955894134	10.4428331184979	4.34535507948222	2.40321744195464	0.0162515208484004	0.0831315297380008	LRPAP1	Intron
chr4	3941138	3941719	42.6096433301037	-19.6322997463845	4.99671015355159	-3.92904514031701	NA	NA	LOC105374359	Promoter
chr4	5651254	5651762	12.7382031312247	-5.95343169645588	6.01248686432156	-0.990177913199925	NA	NA	EVC2	Intron
chr4	6126464	6126972	15.2946643257383	3.48292353289978	5.87538710589558	0.592798988411313	NA	NA	LOC128125818	Intron
chr4	6600650	6601175	65.9017416458444	-0.591016056066525	5.19430247487751	-0.113781601846447	NA	NA	MAN2B2	Exon
chr4	6663267	6663467	51.6931954635212	-7.02895597144404	3.56875585450418	-1.96958162956782	NA	NA	MRFAP1L2	Promoter
chr4	7499501	7500897	29.5353179841882	-19.4863030043717	6.01660342406076	-3.2387547642653	NA	NA	MIR4274	Intron
chr4	8121696	8122292	69.8422868904953	0.18268765325657	4.23852959405032	0.0431016580639217	NA	NA	NA	NA
chr4	8132543	8133238	8.48350031920642	-2.99758969851277	5.98951501039107	-0.500472858539018	NA	NA	NA	NA
chr4	8161237	8161726	50.9435889631981	-8.65512858549795	4.37080516150875	-1.98021377427638	0.0476795127451974	0.103123932388335	ABLIM2	Promoter
chr4	8248443	8248863	49.3336501199124	-2.12928186783742	4.35298834806912	-0.489154047191951	NA	NA	HTRA3	Intergenic
chr4	8455183	8455674	34.7866405965317	-0.359408459188494	5.14851383100299	-0.0698081953328416	NA	NA	NA	NA
chr4	8489962	8490554	26.143138310053	-11.3801794721749	6.01009001740316	-1.89351231665778	NA	NA	ACOX3	Intron
chr4	9520388	9520790	24.0505401295141	30	6.05476523774929	4.95477509399717	NA	NA	LOC124900660	Intergenic
chr4	10108853	10109285	53.070161723822	-0.734504300106944	4.00918559958002	-0.183205362252096	NA	NA	WDR1	Intron
chr4	10523059	10523420	71.4316107036308	-1.65096386613794	3.92640228084869	-0.420477513012519	NA	NA	ZNF518B	Intron
chr4	10769708	10769944	47.174587270567	-8.54358155611218	3.61394440105954	-2.36406004298443	NA	NA	NA	NA
chr4	10963914	10964358	106.420602503445	-7.25998929677049	3.46068764179868	-2.09784587579743	0.0359187624821827	0.0956142249818817	LINC02498	Intergenic
chr4	11413370	11413746	77.3432956183211	5.0260866580999	4.28348818843749	1.1733630249447	0.240650258153555	0.281211804093568	NA	NA
chr4	11466364	11466899	19.9662495193948	-17.961045913902	6.02118581705741	-2.98297485904191	NA	NA	HS3ST1	Exon
chr4	11480890	11481250	44.7235523929282	14.265585391065	5.82376158077011	2.44954831910866	NA	NA	NA	NA
chr4	11651036	11652183	77.2943576347296	2.67710189651054	4.81410692518801	0.556095229730692	NA	NA	LOC105374489	Exon
chr4	11904542	11904861	28.5069941955445	4.80134749363837	6.00835374022383	0.799111986615406	NA	NA	LOC107986179	Intron
chr4	14071951	14072767	52.6393288857664	-17.6848301762148	5.82910324789022	-3.0338852176989	NA	NA	LINC01085	Intron
chr4	14089443	14089642	54.2312753239081	-7.46890584655207	3.68463622429512	-2.02704022646928	NA	NA	NA	NA
chr4	14956384	14956782	92.8382015205922	4.28708855902382	4.84611683788692	0.884644077399739	NA	NA	CPEB2-DT	Intron
chr4	15252380	15252862	38.2896780252017	15.1550176412448	5.1523800385335	2.94136254078772	NA	NA	C1QTNF7	Intron
chr4	15708217	15708605	47.1540615318402	9.60866154869156	5.65671746815117	1.69862850722011	0.0893892016706163	0.130876395279453	BST1	Intron
chr4	16754965	16755295	91.8913515000996	15.4452752945406	4.65549860349752	3.31764148375796	NA	NA	LDB2	Intron
chr4	16969484	16970238	54.1720476010959	-4.06966540796435	4.72029153808522	-0.862163994560218	NA	NA	NA	NA
chr4	17511511	17512394	11.7405678135582	22.2383431835884	5.84844787801895	3.80243504728322	NA	NA	QDPR	Promoter
chr4	19924204	19924537	66.9952888194737	-0.903707434008114	5.93383011569693	-0.152297490219262	NA	NA	LOC105374513	Intron
chr4	20561371	20561828	39.0667713772513	-25.7328775395007	4.95319631093086	-5.19520647358811	NA	NA	MIR218-1	Intron
chr4	20913617	20914419	105.044135267205	13.4365694860781	4.36608608654068	3.07748615573545	NA	NA	PACRGL	Intron
chr4	20931251	20931716	29.3255561872064	-8.04108537580675	6.04603437135159	-1.32997678840671	NA	NA	NA	NA
chr4	21605020	21605787	41.3649391833372	-2.47509512598117	5.78537508748739	-0.4278193010051	NA	NA	LOC124900677	Intron
chr4	22459721	22460226	8.94127880370747	30	6.01396960689433	4.98838570211735	NA	NA	ADGRA3	Intron
chr4	24215860	24216226	16.7023846380728	12.9104906432023	5.52104198490939	2.33841558866793	NA	NA	LOC124900679	Intergenic
chr4	24696114	24696710	4.81248200810939	6.59315611790965	6.12301801022821	1.0767820879991	0.281577629329411	NA	LINC02473	Intergenic
chr4	25145788	25146522	7.00503898865863	-23.2911557267635	6.02110077785086	-3.86825542140767	NA	NA	SEPSECS	Intron
chr4	25164953	25165457	22.868731929165	5.6472446573711	5.02095579415917	1.12473498849372	NA	NA	PI4K2B	Intron
chr4	25246701	25247531	21.9861173562049	6.96201461314068	4.46356087053506	1.55974452126294	0.118820266574365	NA	PI4K2B-DT	Intron
chr4	27198556	27199248	80.4234065934813	-1.54941869244015	5.0481669643665	-0.306926990207937	NA	NA	LINC02261	Intron
chr4	27325642	27325842	98.8687948343957	9.4760108326918	4.99330380883614	1.89774369745399	NA	NA	LOC124900842	Intergenic
chr4	27643724	27643953	57.1004083483621	-9.89796359752544	4.99240181000588	-1.98260556225417	NA	NA	LOC105374548	Intergenic
chr4	27942183	27942682	76.3982409372721	12.8132604207084	4.96540302811922	2.58050763415306	0.00986551749893771	0.07153640849665	LOC105374552	Exon
chr4	28285315	28285711	11.0102656867812	-7.2936975727284	6.02066328518081	-1.21144419264917	NA	NA	LOC107986269	Intron
chr4	28640955	28641349	1.64793089858153	0.90012095527694	6.04187030718851	0.148980515885287	0.881569007446378	NA	LOC105374558	Intron
chr4	30082567	30083018	2.93970480226139	9.22323385235102	6.03587501559311	1.52806905850828	0.126495392761377	NA	LOC105374562	Intergenic
chr4	32482831	32484066	12.4777489942131	-8.87159898916923	6.04574945072614	-1.46741095731377	NA	NA	LINC02353	Intergenic
chr4	33038410	33038896	21.6577741621322	-8.16732539665654	5.84680794193308	-1.39688621171919	0.162447791560855	NA	LOC105374391	Intron
chr4	33332179	33333313	43.1689681369074	-8.20069599280669	5.34839488748251	-1.533300394853	0.125201857382967	0.159323642376437	NA	NA
chr4	33901767	33902361	46.8704042584552	-7.84468677505205	4.34903700359235	-1.80377558723282	0.0712664944247739	0.119446092753972	LOC105374392	Intron
chr4	34741570	34742358	39.5917664735933	5.58723326557953	4.69741343847663	1.18942761559252	NA	NA	NA	NA
chr4	35276020	35276490	11.5599332041692	-30	6.01151363698347	-4.99042367889458	NA	NA	LOC124900893	Intergenic
chr4	37081262	37081571	9.18287945393132	6.54536858882174	5.58377905748384	1.17221124285874	0.241112255662536	NA	LOC105374402	Intron
chr4	37535301	37535859	36.7422049720356	-28.668694520605	5.26278732907919	-5.44743549909341	5.11012370514665e-08	NA	PGCKA1-AS1	Intron
chr4	37973613	37974624	9.42503309746662	7.28599640719024	6.12202993165722	1.19012753752054	0.233996268375756	NA	PTTG2	Intron
chr4	38527633	38528270	37.7069036356942	1.9344548726192	4.53872457960289	0.426211116954018	NA	NA	LINC01258	Intron
chr4	38691831	38692083	35.5753113588456	-21.885232956606	4.86594048392965	-4.49763679372665	NA	NA	KLF3-AS1	Intron
chr4	38844003	38844510	22.7786068178915	-17.6404018121079	6.01053023628242	-2.93491607539415	NA	NA	TLR6	Intron
chr4	39939041	39939583	15.9066116937757	3.02913357015938	6.02211136312328	0.503001918680621	NA	NA	PDS5A	Intron
chr4	41566656	41567041	16.36195004273	3.7086539174171	5.4347490391407	0.68239653583038	NA	NA	LIMCH1-AS1	Intron
chr4	41759771	41760320	69.9128420375324	-30	5.50637069366868	-5.44823472101043	NA	NA	PHOX2B	Intron
chr4	41794914	41795624	108.367129938	-15.6770862528048	4.63764302363485	-3.38039952038342	NA	NA	NA	NA
chr4	42836455	42836687	38.7532862423585	11.3763343650306	4.52349189356075	2.51494523096746	NA	NA	NA	NA
chr4	42918275	42918783	28.0320231403588	16.9721237542765	6.01141724904407	2.82331487753164	NA	NA	GRXCR1	Intron
chr4	46674715	46675211	41.5320458109788	-28.7358975258009	5.44238869556808	-5.28001565731634	NA	NA	GABRA2	Intergenic
chr4	47368483	47369067	1.61507808767426	-0.976600035799549	6.05714414344496	-0.161231103746544	0.871911384337191	NA	LOC107986277	Intron
chr4	47843577	47843808	71.5389068088137	-20.9903673731513	5.21573246687598	-4.02443329033012	NA	NA	CORIN	Exon
chr4	52275250	52275771	8.47321020382263	-3.97961794321389	6.02902184174326	-0.660076882730815	NA	NA	NA	NA
chr4	52298491	52298902	34.4203271829137	4.45508974242687	5.04631127957067	0.882840850595705	NA	NA	SPATA18	Intron
chr4	53054112	53054515	20.5563260513078	12.8328055523152	6.01003858076506	2.1352284814587	NA	NA	LOC124900701	Intron
chr4	53687415	53687989	41.8352909615439	-6.5878170181244	4.61040304330611	-1.42890262656956	0.15303222242286	NA	LNX1	Intron
chr4	54327531	54327993	10.9936962763587	4.86265969834624	5.8236387447429	0.834986494094581	NA	NA	LINC02283	Intergenic
chr4	54868960	54869755	110.510866969097	9.31489107310837	4.15474254483243	2.24198996029105	NA	NA	LINC02358	Intergenic
chr4	55916650	55916884	79.5172511093946	24.7431632071994	5.15196168196415	4.80266832997217	NA	NA	EXOC1-AS1	Intron
chr4	57224101	57224683	92.6763142373386	7.764449931421	4.60856079231684	1.68478843641718	NA	NA	IGFBP7	Intergenic
chr4	57935829	57936307	50.5800235704044	-7.54267678733552	4.99355043398837	-1.51048375039864	0.130920032648214	0.164605027785819	LOC105377670	Intergenic
chr4	58283735	58284610	95.6487547979107	-3.30083406562323	3.73719106761198	-0.883239311532559	NA	NA	NA	NA
chr4	58412422	58412837	23.8726696330897	-1.35371429333196	5.45286790536168	-0.248257305481559	NA	NA	LINC02494	Intergenic
chr4	58840894	58841349	11.9411579073793	-0.516002877690527	5.47956325656427	-0.0941686140902524	NA	NA	NA	NA
chr4	58961205	58961647	15.8996153153539	4.5852687785554	5.78176981869916	0.793056265181279	NA	NA	LOC105377246	Intron
chr4	60049214	60049612	19.4026616849369	-0.289396176001667	6.02728034946716	-0.0480143877872299	NA	NA	LINC02496	Intergenic
chr4	62341510	62342051	35.2472939100034	-14.1806019698347	5.43292794123379	-2.61012148941081	NA	NA	ADGRL3-AS1	Intergenic
chr4	62735202	62735650	36.3996547082558	-2.94706007813288	4.05538119464396	-0.726703591274017	NA	NA	NA	NA
chr4	63020266	63021022	9.75700507131778	-2.68390553523751	6.03687362685149	-0.444585343529428	NA	NA	NA	NA
chr4	63222792	63223391	127.467152234474	-14.9864113457751	4.10865910406119	-3.64751880509187	NA	NA	LOC105377253	Intergenic
chr4	63397825	63398058	27.7200358982876	0.630857904979174	5.5404706599503	0.113863594574984	NA	NA	NA	NA
chr4	64350086	64350784	80.6149480514465	-17.8661647612134	4.50640139053166	-3.96461904142665	NA	NA	TECRL	Intron
chr4	66307872	66308663	27.0551819375256	26.1330105124153	6.01363024084918	4.34562975536804	NA	NA	MIR1269A	Intron
chr4	66807723	66808201	59.4128691583386	13.8104841906543	5.02752485066983	2.74697482376726	NA	NA	LOC105377262	Intergenic
chr4	67282466	67283289	101.103430607051	1.62528479687808	4.047923930285	0.40151070644345	0.688044157178365	0.734533627257985	LOC101927237	Intergenic
chr4	67596323	67596791	49.011644804705	8.78575773787201	4.2619892652883	2.06142183637755	0.0392628133844242	0.0989579712211183	STAP1	Intron
chr4	68268276	68268821	51.0308479357184	2.27953892199232	4.84280636278336	0.470706187947225	NA	NA	TMPRSS11B	Intergenic
chr4	69197630	69198127	19.9077600378776	12.5675995100936	5.79654915403711	2.16811747405621	NA	NA	LOC105377267	Intron
chr4	70064065	70064499	18.9228557438476	11.8345388801527	6.01272009790367	1.96825042367743	NA	NA	CSN2	Intergenic
chr4	70203474	70203900	17.7513282150528	-5.62744838337221	6.00923424993163	-0.936466802477578	NA	NA	ODAM	Intron
chr4	70618733	70619205	51.3075168445626	0.0409990673159404	4.7697718430552	0.00859560345127097	NA	NA	ENAM	Intergenic
chr4	72546268	72547194	15.2187706633647	30	6.03919457072101	4.96754983610643	NA	NA	ADAMTS3	Intron
chr4	73110371	73110583	46.3181092678769	-5.8857470764001	4.92668716458968	-1.1946662898963	NA	NA	NA	NA
chr4	73119020	73119876	35.5864636893956	27.180992412354	5.85018561442672	4.64617607094805	NA	NA	LOC124900713	Intron
chr4	74522707	74523241	5.09391621288171	30	6.01809451266331	4.98496657652582	6.19725248968776e-07	NA	LOC124900716	Intergenic
chr4	75317329	75318181	21.086793575084	5.05266011208107	5.74715451542248	0.879158564211606	NA	NA	NA	NA
chr4	75375038	75375619	34.2095034598775	-26.8819569993968	4.76421961416673	-5.64246805908391	NA	NA	LINC02483	Intron
chr4	75477647	75477880	41.804346714403	-6.36692270779654	4.61812728646766	-1.37868064538916	NA	NA	THAP6	Intergenic
chr4	75932322	75932717	31.8808295280952	24.8894038371157	5.23955021611352	4.75029397763414	NA	NA	NAAA	Intron
chr4	77490434	77491050	14.926363559941	14.4769857731892	6.01019800680801	2.40873690963101	NA	NA	LOC105377295	Intron
chr4	77509725	77510871	62.396413210074	13.1505321168812	4.87357508668118	2.69833374534843	NA	NA	CXCL13	Promoter
chr4	78085381	78085903	93.0682562861755	-16.6651554172818	5.21368572326101	-3.19642500562122	NA	NA	LOC107986293	Intron
chr4	78202444	78202831	52.2459077704681	13.2226027152047	6.0074375467448	2.20103873112581	NA	NA	NA	NA
chr4	78338012	78338457	65.8195274040515	9.72753686240378	4.87558947040506	1.99515092922613	NA	NA	ANXA3	UTR
chr4	80530410	80530624	51.8101793946997	-5.48395086694601	3.85003928496641	-1.4243882882857	NA	NA	CFAP299	Intron
chr4	81603694	81604298	0.825786301585839	-6.50505518318875	6.08111431858377	-1.06971433891802	0.284747910092355	NA	PRKG2	Intron
chr4	82268374	82268735	63.0744626743016	15.1037534965303	5.45380424024087	2.76939780586317	NA	NA	VAMP9P	Exon
chr4	82482715	82482943	66.6638288091331	-4.74956796486275	4.59722902703854	-1.03313712171576	NA	NA	ENOPH1	Intergenic
chr4	82720306	82720511	94.1825247971249	10.3117916982478	4.21676915239892	2.4454247613677	NA	NA	MIR575	Intron
chr4	83088562	83089433	4.86963186675816	0.294576904424536	6.02080569908148	0.0489264924243405	NA	NA	PLAC8	UTR
chr4	84975772	84976340	30.7040118589775	15.6328783027408	6.00857655667852	2.60176069244968	NA	NA	WDFY3	Intron
chr4	85362692	85363134	67.9863140983876	8.75557596380844	5.03482883594424	1.739001711697	NA	NA	ARHGAP24	Intergenic
chr4	87577952	87578370	46.2498691412109	-9.25841089624036	5.02055027131163	-1.84410281660651	0.0651681575314682	0.114406320999689	DSPP	Intron
chr4	88605893	88606304	45.389429720034	9.82466424297392	4.86197904537976	2.02071299593734	0.0433094837354308	0.101262794762081	PIGY-DT	Exon
chr4	91046636	91046902	59.4338922917625	6.62449508170685	4.95671757168399	1.33646813357902	NA	NA	NA	NA
chr4	91414992	91415378	15.6937437687104	-12.4961540975837	4.71664311101384	-2.64937452409826	NA	NA	NA	NA
chr4	91686639	91687001	30.2838222502169	-9.99752696963635	4.94599466441056	-2.02133800134776	NA	NA	LOC124900733	Intergenic
chr4	92354574	92355730	89.0594980894564	10.531758847256	5.02133490241676	2.09740219521846	0.0359579869317129	0.0956142249818817	GRID2	Intron
chr4	92576496	92576907	53.6130778194393	-12.8558883788946	5.74994176079515	-2.2358293203159	0.0253629535466175	0.0888459522316748	NA	NA
chr4	93603752	93603949	52.8577623195856	-21.5663252781421	4.86526176520572	-4.43271633036793	NA	NA	NA	NA
chr4	93671908	93672289	39.7427927686872	6.28138227524866	6.00816283313693	1.04547470661162	NA	NA	ATOH1	Intron
chr4	93836851	93837144	46.4767682519017	-7.43395958621801	4.09860242112588	-1.81377914283667	NA	NA	NA	NA
chr4	93994377	93994881	46.66890211019	12.2231167559025	5.80430858644911	2.1058695577349	NA	NA	LOC124900734	Intergenic
chr4	94132858	94133576	79.1869060454454	-1.53670047809086	5.90378626356142	-0.260290669324443	NA	NA	NA	NA
chr4	94631866	94632090	74.6915476770761	9.28655746661946	4.97057016295782	1.86830829505751	0.0617191110768513	0.113191061634547	BMPR1B	Intron
chr4	95665521	95665737	0.245767079919432	-3.10007878611109	6.20953515102018	-0.499244904926864	0.617606863369682	NA	UNC5C	Intron
chr4	96245278	96245690	98.6596725425861	-9.79836984167915	4.77042013531491	-2.05398467299408	NA	NA	LINC02267	Intron
chr4	97982090	97982843	78.2423349894714	1.25615147099832	4.49417909121646	0.27950632262372	NA	NA	STPG2	Intron
chr4	98250108	98250623	24.6706988235323	-9.30596548191301	4.3066269445347	-2.16084782865223	NA	NA	RAP1GDS1	Intergenic
chr4	99355198	99355570	63.894056935283	-14.9074592182025	5.86778651462804	-2.54055923490726	NA	NA	ADH1C	Promoter
chr4	101316877	101317579	15.0355676971051	30	6.01100194430069	4.99084849380965	NA	NA	MIR1255A	Intron
chr4	101487854	101488319	44.2702565854129	4.43610616086742	4.50367213730523	0.984997581001038	NA	NA	BANK1	Intron
chr4	101816838	101817328	29.3663826354129	1.82359869670262	5.07634060004043	0.359234897809673	NA	NA	LOC124900741	Intron
chr4	102928410	102929224	13.468075238103	18.6126301184239	6.03743676175259	3.08286957742326	NA	NA	CISD2	Intron
chr4	102932630	102933255	36.119335783296	10.9964447538342	5.74887585073476	1.91279913488283	NA	NA	NA	NA
chr4	103102574	103103113	76.4032822542477	13.3695663722897	5.1408835227789	2.6006359243601	NA	NA	BDH2	Promoter
chr4	103111394	103111844	6.82123918796764	1.42133121042535	6.01700633523585	0.236218998491321	NA	NA	NA	NA
chr4	103563167	103564033	10.2868782093276	2.47819432301338	5.79125827197638	0.427919841704392	0.668709480765147	NA	TACR3-AS1	Intron
chr4	103714776	103715243	53.893819759221	0.748178634679729	5.19478225777902	0.1440250231007	NA	NA	TACR3	Intron
chr4	105401849	105402224	66.2968117378478	4.1861132868649	5.12534331446116	0.816747880098836	NA	NA	TET2-AS1	Intron
chr4	106161489	106162048	63.2047023645498	-2.9857329775372	4.15950762544401	-0.717809232821993	NA	NA	LOC101929577	Intron
chr4	107517290	107517781	23.1591494378555	3.95533030889258	6.00904666673899	0.658229254697913	NA	NA	PAPSS1	Intergenic
chr4	107763541	107764196	44.8887395456386	-0.784018896807844	4.03546299675238	-0.194282266356747	NA	NA	NA	NA
chr4	109012056	109012542	33.6478956658033	11.9827128650082	5.43367636845331	2.20526804551281	NA	NA	LOC124900754	Intron
chr4	109613347	109613975	36.0615510822633	0.377647622679087	4.87192370165464	0.0775150937915607	NA	NA	LOC124900755	Exon
chr4	110238718	110239173	58.4203820674199	-8.74544648823696	4.70888929266485	-1.85722066175137	0.0632797665661555	0.113615944516506	LOC124900759	Intergenic
chr4	110494428	110494639	88.0252199830814	-8.86140568997681	4.03967394092281	-2.19359428992741	NA	NA	LOC124900892	Intron
chr4	110920071	110920656	2.44515949026603	9.2634828514579	6.02923754778675	1.53642691601335	0.124433709558627	NA	MIR297	Intron
chr4	112183395	112183878	2.42234721828139	9.23571917044702	6.02885464307831	1.5319193639957	0.125542334435756	NA	FAM241A	Intron
chr4	112455991	112456391	48.6747377465873	-30	6.00908254744205	-4.99244265046258	NA	NA	LOC124900760	Exon
chr4	112967602	112967904	46.4630881198332	-0.188025025288107	5.38847689332527	-0.0348939095426046	NA	NA	LOC124900761	Intron
chr4	113065277	113066127	58.2307240486983	9.13504561100217	4.70911433108874	1.93986490213122	NA	NA	ANK2-AS1	Intron
chr4	113385100	113386741	27.4937433308027	-0.734464949871872	4.55638623964354	-0.161194620307108	NA	NA	MIR8082	Intergenic
chr4	113773640	113774273	121.57031709834	4.68438122057645	4.43979939060964	1.05508848676454	NA	NA	CAMK2D	Exon
chr4	114620493	114620885	42.8830665688494	-24.4231252095366	5.63076499355929	-4.33744353342269	NA	NA	UGT8	Intron
chr4	115893603	115894691	34.5078962810905	10.6446379526562	4.41792939745153	2.40941785054249	NA	NA	LOC124900835	Intergenic
chr4	117645816	117646263	38.6829132603191	6.07959429767644	6.00772982609556	1.01196200123193	NA	NA	NA	NA
chr4	117744436	117744806	97.7607556987614	5.34871058555821	4.27305999237278	1.25172840894006	NA	NA	LINC02264	Intron
chr4	117924025	117924483	1.7441432036376	0.277288374287241	6.04233298703191	0.0458909455805165	0.963397170955545	NA	LOC102723914	Intron
chr4	118754338	118754618	22.1124726818647	0.607983770063623	6.05243423046695	0.10045276774808	NA	NA	METTL14-DT	Intron
chr4	120636470	120636817	55.0544417631413	9.15240120974396	4.37638008655238	2.09131771663691	0.0364995926994628	0.0956142249818817	PRDM5	Intergenic
chr4	121533253	121533602	46.6811527114536	29.8475631836222	5.03222143355921	5.93128970529254	NA	NA	LOC107986310	Intergenic
chr4	122223724	122224015	34.6829024947944	-7.90455114763039	4.38644165579401	-1.80204178418499	NA	NA	BLTP1	Intron
chr4	122465658	122466485	39.0460849635215	13.5462528970607	4.77753840121858	2.83540429389442	NA	NA	IL2	Intergenic
chr4	122851843	122852184	31.7793025025695	5.69290031194901	5.34373348484645	1.06534136256846	NA	NA	FGF2	Intron
chr4	124411057	124412130	87.2336097843246	-3.79731063092267	5.43753762847228	-0.698351145385922	NA	NA	LOC105377407	Intergenic
chr4	124606431	124606793	9.60511880735286	1.25113603085806	6.01448831130804	0.208020361184468	NA	NA	LINC02516	Intron
chr4	125686776	125687354	46.2756255062694	13.3304507534515	5.43012659091043	2.45490607452238	NA	NA	MIR2054	Intron
chr4	127415979	127416447	31.5490507646762	-7.22142432038429	4.98193782928802	-1.44952116381916	0.147192094380134	NA	LOC102724210	Intron
chr4	128047336	128047876	77.9888779516659	7.49020100477762	5.28431944238771	1.41743910193915	NA	NA	LARP1B	Intergenic
chr4	128536995	128537328	59.2923461837187	-5.52561738050289	3.73557537441552	-1.47918776270642	NA	NA	LOC101927259	Intron
chr4	128845833	128846385	31.1315735011368	13.2824769461019	6.00800825718051	2.2107953880102	NA	NA	JADE1	Exon
chr4	129130594	129130992	69.4414795576986	-15.8622785953062	5.18387483197497	-3.05992700623579	NA	NA	SCLT1	Intergenic
chr4	129871806	129872314	20.8796854993975	-10.2871090236914	6.03349212498077	-1.7050008205197	NA	NA	LINC02466	Intron
chr4	130206666	130207155	73.265290070699	5.9038495991495	6.00726481487539	0.982784974707655	NA	NA	LINC02479	Intergenic
chr4	132177679	132178105	26.5880796419979	-0.411190425222978	5.48958112754669	-0.07490378877172	NA	NA	LOC105377428	Intron
chr4	135538571	135539194	39.4406316250182	-9.99919618749714	5.71551575105732	-1.74948274539308	0.0802076088135856	NA	LOC124900883	Exon
chr4	135885751	135885961	55.2177036874124	-6.90484905721639	4.3332581516187	-1.59345435134924	NA	NA	NA	NA
chr4	135972171	135972499	32.4268288531524	-5.75716194449499	4.97265498321503	-1.15776420522398	NA	NA	NA	NA
chr4	136172435	136172909	20.7786800543479	-4.96681800804384	5.32599249408177	-0.932561961655589	NA	NA	LINC00613	Intron
chr4	137483144	137484083	18.4921832920479	9.15850860212186	5.79986663044743	1.57908951803178	NA	NA	PCDH18	Intergenic
chr4	138662851	138663084	78.6411322628987	14.5064560075054	4.91766640630819	2.94986581214559	NA	NA	SLC7A11	Exon
chr4	138960627	138961221	43.7808804016772	7.16035332313955	4.3453639472658	1.64781440865155	0.0993907613740879	0.13946267485463	LOC105377448	Intron
chr4	139132469	139132836	71.7996814638504	-0.427038176009469	4.81996838459227	-0.088597713083463	NA	NA	ELF2	Intron
chr4	139177895	139179032	2.49940686724975	0.810978395334349	3.84407524604922	0.210968397709654	0.832911931320095	NA	LOC105379412	Promoter
chr4	139359172	139359700	38.2237048798	-13.4030395294048	6.00769326095467	-2.23097933719655	NA	NA	NDUFC1	Intron
chr4	140066231	140066714	42.3136046616753	-19.2205668948287	4.6354175729608	-4.14645856436875	NA	NA	NA	NA
chr4	140074626	140075050	34.3811024780616	10.2461318507874	6.01383378386796	1.70376039960939	NA	NA	MAML3-AS1	Intron
chr4	140565550	140566277	53.7982499614262	-9.78117318546717	4.32380416394332	-2.26216840878999	0.0236870003362008	0.0870359547237145	UCP1	Promoter
chr4	141208407	141208889	24.7869381942648	30	6.00851852872848	4.99291129028915	NA	NA	RNF150	Intron
chr4	141707323	141707593	42.0508030063909	-15.0464346856877	5.52534192546024	-2.72316806609834	NA	NA	IL15	Intron
chr4	142746595	142747335	33.5989687354759	-4.55279250004314	5.40398174204926	-0.842488505210357	NA	NA	LOC124900788	Intron
chr4	143365302	143365838	58.2841949759957	-11.8636246998912	5.32757556698738	-2.22683367898239	0.0259583916095691	0.0888459522316748	MIR3139	Intron
chr4	143494405	143494775	50.9027777345448	14.1444779568048	5.43424359462813	2.60284209025648	NA	NA	SMARCA5	Intergenic
chr4	143960627	143961359	0.541281250288326	-3.81844027616823	6.14821754560398	-0.621064600893708	0.534557119256864	NA	LOC105377460	Intron
chr4	145288569	145289113	41.1129559698848	4.13046941941548	6.00864255614067	0.687421390243002	NA	NA	LINC02266	Intergenic
chr4	146900977	146901330	29.4267463365828	25.4966504172453	6.02260007678167	4.23349551558968	NA	NA	TTC29-AS1	Intron
chr4	147711782	147712360	13.6451266213273	-3.36971585603355	5.7604953925122	-0.58496980318979	NA	NA	ARHGAP10	Intergenic
chr4	148212221	148212632	48.9037065472778	-11.2686478799908	5.74894186350619	-1.96012555832636	0.0499811166077866	0.104911366297247	LOC107986195	Intron
chr4	148971073	148971487	25.2651913839826	-0.969063156861264	5.40280973892009	-0.179362813737535	NA	NA	LOC105377480	Intron
chr4	150194548	150195030	13.8840112844445	8.12134905125812	5.98839775066192	1.35618063285132	NA	NA	DCLK2	Intron
chr4	151085911	151086466	51.0978919022833	-6.03905881566809	4.3672193273069	-1.38281555448972	NA	NA	LRBA	Intron
chr4	151346691	151347121	42.7082875290344	-12.2629910954025	3.97395933277475	-3.08583708803081	NA	NA	FHIP1A-DT	Intron
chr4	152002307	152002950	12.9574897791708	-2.20828524398116	5.90048124430658	-0.374255107769718	NA	NA	LOC102724700	Exon
chr4	152690879	152691487	4.27008957703258	-9.79526214917319	6.04542567975469	-1.62027666339133	NA	NA	TMEM154	Intron
chr4	153094766	153095241	16.0133500997777	30	6.0098163791578	4.99183304568851	NA	NA	TRIM2	Intergenic
chr4	153182579	153183157	27.5589022678735	-30	6.00899863287625	-4.99251236901019	NA	NA	NA	NA
chr4	153496473	153497080	64.5961917035296	6.80115186922812	5.72998370981262	1.18694087342362	NA	NA	TMEM131L	Intron
chr4	154306689	154307407	44.7331354579072	-1.8773454264463	5.89188879236198	-0.318632189541667	NA	NA	NA	NA
chr4	154350762	154351001	48.4246317104116	-9.42662633725331	4.94869880352169	-1.90486968625873	NA	NA	PLRG1	Intron
chr4	154833535	154833865	63.4716463562018	6.72506378508484	4.6890960142138	1.43419195612534	NA	NA	NA	NA
chr4	154889355	154890053	53.8753891344958	-10.0136014264349	5.21821181358046	-1.91897182103155	NA	NA	LOC105377500	Intergenic
chr4	155579782	155580217	21.4156146506146	-26.5947600728462	5.81270883728315	-4.5752782080302	NA	NA	LOC105377504	Intron
chr4	157555410	157555842	47.0052411941843	-5.66891208373437	5.04628239943751	-1.12338383685508	NA	NA	LINC02433	Intergenic
chr4	158671719	158672633	101.36080343755	18.6000151203904	4.39952719717835	4.22773045529066	NA	NA	C4orf46	Promoter
chr4	159023943	159025150	64.0653465357939	15.1376832027135	4.88127844688295	3.10117182771657	NA	NA	SPMIP2	Intron
chr4	159926655	159927146	19.8816925234988	-1.30341892303339	6.02614727424247	-0.216293904499246	NA	NA	NA	NA
chr4	160089595	160090305	64.5564364094407	1.74345255395624	5.55401757417198	0.313908361050903	NA	NA	LINC02233	Intergenic
chr4	160449685	160450083	97.4271705436797	7.95543453746142	4.44905862183886	1.78811636655246	NA	NA	LINC02477	Intergenic
chr4	161489329	161489641	35.2431776798224	-28.3960878324088	5.42878952484372	-5.23064814033773	NA	NA	LOC105377515	Intron
chr4	162407854	162408155	73.107336097184	-14.5397308716739	4.10596051675888	-3.54112778540578	NA	NA	LOC124900803	Intergenic
chr4	163070597	163071006	23.7777141042169	-6.00464804473704	6.01018949158224	-0.999077991325738	NA	NA	MIR4454	Intergenic
chr4	163762929	163763336	49.3590453609266	1.67406228695575	5.17472962066192	0.323507199346506	NA	NA	NA	NA
chr4	163905862	163906174	48.020906282545	-30	5.74745903913522	-5.2196979214164	NA	NA	TMA16	Intron
chr4	164452075	164452270	49.1753511035809	-8.19180916198968	4.34063434721476	-1.88723778754736	NA	NA	MARCHF1	Intergenic
chr4	165218167	165218615	25.3926348557149	-9.35394976656605	5.42226794630208	-1.72509913917945	0.0845096076612571	NA	TMEM192	Intron
chr4	166031654	166032230	14.3036645649542	-8.53486753628767	6.12153506328768	-1.39423648611822	0.163246203398889	NA	TLL1	Intron
chr4	167298197	167298490	10.0562950912875	-8.02762685822986	6.12199675610704	-1.31127590850515	0.18976456464802	NA	NA	NA
chr4	167332589	167333070	43.743597196982	-10.1938858273321	4.37746919503438	-2.32871674777188	0.0198740762892602	0.0831315297380008	SPOCK3	Intergenic
chr4	167393865	167394770	135.254822921622	-2.27668559260872	4.52341534459161	-0.50331119721978	0.614745495207024	0.669860608570413	NA	NA
chr4	167663034	167663988	82.3780891752475	1.28725250714549	4.44137348943037	0.289832077894125	NA	NA	NA	NA
chr4	167955699	167956272	45.9864902008405	-29.3728226688866	5.85163912324954	-5.01958887932502	NA	NA	ANXA10	Intron
chr4	168241290	168241934	38.1488737098477	-30	6.0094272639514	-4.992156270858	NA	NA	LOC105377524	Intron
chr4	170073568	170074074	90.8095928871907	-22.6337274810173	5.00669696429207	-4.52069051561175	NA	NA	AADAT	Intron
chr4	170208881	170209325	45.8599763254701	-9.25176926512832	5.81196103205338	-1.59184984450243	0.111418447369432	0.147109593462704	LINC01612	Intron
chr4	171694988	171695444	53.6289443513398	11.7815397629918	6.00798054417123	1.96098167701657	NA	NA	LINC02174	Intergenic
chr4	171890976	171891573	31.9994493240508	-8.20298737737821	5.64102457336832	-1.45416621939658	NA	NA	GALNTL6	Intron
chr4	172308090	172309249	41.0765699662092	-16.4672497205228	5.86355504491276	-2.80840711725044	NA	NA	LOC124900811	Intron
chr4	172958023	172958354	105.118591749226	-1.42997236894531	4.57761985824559	-0.312383381151567	NA	NA	GALNT7	Intron
chr4	174061260	174061654	24.2438464506438	-30	6.00992564390592	-4.99174229059224	NA	NA	LOC105377543	Intergenic
chr4	174285586	174285815	47.5673593831927	-0.606861244748476	5.19319900119883	-0.11685692087062	NA	NA	CEP44	Promoter
chr4	174721876	174722099	29.8977840445467	-7.66764747845112	5.38692205765	-1.42338192318232	0.154625469855168	NA	GLRA3	Intron
chr4	175912470	175912947	66.2788021681601	13.7613555398899	5.88249678368321	2.3393732365585	NA	NA	GPM6A	Intron
chr4	175985990	175986504	12.844268197533	-1.24250808952093	5.39321541851392	-0.230383545455208	NA	NA	NA	NA
chr4	176296728	176297355	52.9931952746222	-6.41373043212499	3.9776531237042	-1.61244086215144	0.106866039000427	0.14390483660853	ASB5	Intergenic
chr4	177342616	177343045	51.5043990498075	9.11815174229471	5.21854970878725	1.74725781129212	NA	NA	LOC105377558	Exon
chr4	177463005	177463230	102.27089558196	11.0658903943718	4.95782544138457	2.23200484268793	NA	NA	AGA-DT	Intron
chr4	177855334	177855808	20.2008376182248	3.54647111346465	5.10648673946126	0.694503147547349	NA	NA	LOC105377560	Intron
chr4	178603669	178604009	21.1392696742353	15.438726230323	6.00945142041927	2.56907413842541	NA	NA	LOC124900186	Intergenic
chr4	179028289	179028703	53.6522728617573	-27.144806214174	6.01363704707014	-4.51387504794608	NA	NA	LOC105377563	Intergenic
chr4	179283254	179284113	17.2690521884735	10.6813919750081	5.75893408096765	1.85475156076337	NA	NA	NA	NA
chr4	182137274	182137608	25.242795081477	-9.82961405188269	5.33619442773462	-1.8420644496748	NA	NA	TENM3-AS1	Intron
chr4	183036236	183036711	55.6705543411222	-2.43117289537149	5.08648892857345	-0.477966811588702	NA	NA	LOC107986328	Promoter
chr4	183207571	183208017	22.7030018666011	3.95426742451141	5.39498684335472	0.732952190491824	NA	NA	WWC2-AS1	UTR
chr4	183658799	183659419	53.32890411213	7.94101764326253	3.3752493603906	2.35272028681862	NA	NA	RWDD4	Promoter
chr4	184001209	184001778	43.0479396300117	6.81367182717933	5.36254866732318	1.27060326159809	0.203869826045254	0.244643791254305	LOC105377584	UTR
chr4	184100464	184101199	41.8311398218697	2.57192152829748	4.81911173779916	0.5336920304471	NA	NA	NA	NA
chr4	184697166	184697372	56.1150661007511	-6.95972705144282	4.37478296339297	-1.59087367526114	NA	NA	CENPU	Intron
chr4	185541190	185541476	81.9417788478479	9.98067288798838	4.63838406673721	2.15175646181648	NA	NA	PDLIM3	Intergenic
chr4	185729169	185729788	49.7440320826462	0.409603421662602	5.26970823120101	0.0777279127594603	0.938044490099261	0.95007070151079	SORBS2-AS1	Intron
chr4	185758703	185758958	73.7706254350341	0.97835318950725	4.34037468182675	0.225407542257501	NA	NA	LOC101928929	Intron
chr4	187848611	187849145	35.4076365408921	8.23041214248448	5.77976633753506	1.42400430429763	0.154445226077761	NA	LOC124900880	Intron
chr4	188254534	188255201	20.2768214383925	-27.1891068431919	6.01431678563057	-4.52073075168774	NA	NA	LOC107986337	Intergenic
chr4	188575512	188575812	44.8697463624551	-9.59296871047877	4.25043624721924	-2.2569374418343	NA	NA	LOC105377609	Intron
chr4_GL000008v2_random	2308	2676	61.1784613971796	-18.6303934978781	5.80214709020936	-3.21094815560869	NA	NA	LOC124900509	Intergenic
chr5	185867	186412	47.2110670371363	13.2360696934888	5.86636193809577	2.25626543898266	NA	NA	LRRC14B	UTR
chr5	197372	197872	36.0431403325817	5.12767294989863	5.66432785082707	0.905257090503672	NA	NA	LOC124900929	Promoter
chr5	375997	376423	76.9669484331522	5.08409157336581	4.09625721783158	1.2411553530462	0.214548364504815	0.25551739893287	AHRR	Intron
chr5	460005	460678	69.0895904412837	-7.27073387265451	4.06918297647905	-1.78677978225144	NA	NA	SLC9A3-OT1	Intron
chr5	546603	547457	21.6399430651081	18.0069467998405	5.79686057931637	3.10632739108658	NA	NA	MIR4456	Intergenic
chr5	995054	995342	104.106146525003	-1.46974024167351	5.55578842566185	-0.264542154788485	NA	NA	LOC124900932	Intron
chr5	1366669	1367327	44.7828724325758	-10.9456993519852	5.05565254536829	-2.16504185241391	0.0303844803097726	0.0911534409293178	MIR4457	Intron
chr5	1637169	1637804	36.9735324829799	9.62829064796368	4.11938146252322	2.33731465161911	NA	NA	PDCD6P1	Intergenic
chr5	1703166	1704231	7.25757374967762	-1.31365077093327	5.23690095017784	-0.250845067231729	NA	NA	MIR4277	Exon
chr5	2382443	2382876	35.3348178736313	-8.1708486510521	6.01270121439023	-1.35893142860596	NA	NA	LOC100506858	Intergenic
chr5	2888688	2889411	43.2085999865553	11.6357165144492	4.96284310783086	2.3445666650411	0.0190492047552857	0.0831315297380008	LOC105374620	Intergenic
chr5	3727170	3727785	14.7751573872045	-3.18470561760313	5.06481199032437	-0.628790490878452	NA	NA	LOC105374625	Intergenic
chr5	4875619	4876529	60.885687748568	-7.11571645832868	5.24103448262512	-1.35769311992097	NA	NA	LOC107986400	Intergenic
chr5	5274446	5274672	50.2450211305875	-3.32260811007411	4.51687745231133	-0.735598462688842	NA	NA	ADAMTS16-DT	Intron
chr5	6116824	6117539	16.0073176722323	-30	6.01911141365004	-4.98412438951811	NA	NA	LOC124900933	Intergenic
chr5	6310265	6310935	55.154192692882	-6.94523593674526	3.94595312694887	-1.76009083567486	0.0783924063700573	0.122230265195418	NA	NA
chr5	6316979	6317425	28.2761799317564	-16.9073365351705	5.04051389939206	-3.35428824771413	NA	NA	NA	NA
chr5	9186209	9186632	78.7240691606794	-5.09853557005579	4.09409861204327	-1.24533775397052	0.213007623436136	0.254321444606369	LOC124901170	Promoter
chr5	9948597	9949399	246.550765475961	-15.4710920229889	3.89110022301415	-3.97601992657095	NA	NA	LOC107986405	Intron
chr5	10421427	10421703	70.6064026069269	-15.0290786518447	4.81257436611257	-3.12287717726939	NA	NA	ROPN1L	Intron
chr5	10637410	10638015	43.9206070130761	14.7403564172053	5.9875294210381	2.46184283711623	NA	NA	ANKRD33B	Intron
chr5	11260971	11261544	38.5443791383461	-3.88538004099229	5.04755386230192	-0.769755043132988	NA	NA	CTD-2154B17.1	Intron
chr5	12415306	12415738	16.8128340774582	1.01386387059306	5.94097486254276	0.170656145506585	NA	NA	LOC105374656	Intron
chr5	13538284	13538933	16.6674514698598	-3.48481486053229	6.0161361976154	-0.57924467566302	NA	NA	LOC105374659	Intergenic
chr5	15595127	15595367	85.7427347788979	2.41198252268607	4.63016953562992	0.520927474496444	NA	NA	NA	NA
chr5	15667553	15667978	37.8785294408855	28.1544422212801	5.43942973392354	5.17599152824645	NA	NA	CTD-2350J17.1	Intron
chr5	15901212	15901752	13.938313586637	-3.5366080270984	6.02086618466902	-0.587391899873758	NA	NA	LOC107986343	Promoter
chr5	16389832	16390719	4.87545541611187	-6.98137112436571	6.12358187910002	-1.14007965635168	0.254253116555208	NA	LINC02150	Intron
chr5	18119379	18120287	56.1115315502945	-3.81778918639994	4.19250518480228	-0.910622412642285	NA	NA	LOC124900199	Intergenic
chr5	19037986	19038179	47.3875586616255	-5.89614968384518	4.04051275586105	-1.4592577823922	NA	NA	LOC105374669	Intron
chr5	20671597	20672168	123.308567105559	17.6695651393837	4.67336831924612	3.78090574770576	NA	NA	LINC02146	Exon
chr5	22434555	22434986	32.6797441935896	-0.739100869833167	5.52974051114148	-0.13365923199181	NA	NA	LOC105374682	Intron
chr5	22626125	22626473	40.7528486825859	11.3731848113904	5.25619710660429	2.16376680339865	NA	NA	LOC101929617	Intron
chr5	22651303	22651567	29.4528896236375	-1.64260725001955	5.72162890238828	-0.287087344887731	NA	NA	NA	NA
chr5	23409045	23409251	43.9868046302791	9.36174341207171	4.83976402357359	1.93433881620517	NA	NA	NA	NA
chr5	23541943	23542286	38.8609942517223	-6.559937774049	4.67618095247889	-1.402840873934	0.160664295398467	NA	LOC124901158	Intergenic
chr5	25746357	25747173	51.2672578567901	-10.3711595977856	5.39474664413923	-1.92245535924336	0.054548485531521	0.109059189074709	LOC124901176	Intron
chr5	29348052	29348783	23.709480705935	-9.26379381821934	6.12111546382508	-1.51341595710243	0.130174034224146	NA	LINC02064	Intron
chr5	29942240	29942937	6.57416782717275	6.7662101853323	6.12270701370973	1.10510108848613	0.26911578901005	NA	LOC105374705	Intron
chr5	30137628	30138158	27.3120295328299	25.2643496695563	5.33284531038535	4.73749906459048	NA	NA	LOC124901160	Intergenic
chr5	32235580	32236160	52.1553944008114	13.7623497906588	5.1231782595909	2.68629141781176	NA	NA	GOLPH3	Intron
chr5	33085711	33086420	9.94972056440935	0.0957409747435302	6.01247018933946	0.0159237337946866	NA	NA	LOC124900955	Intron
chr5	33445719	33446436	14.4086754398415	2.83631895891927	6.01294636406685	0.47170202213494	NA	NA	TARS1-DT	Exon
chr5	34469311	34469940	75.0020728614208	12.2541721511707	5.77446957284273	2.12212948680204	NA	NA	LOC105374721	Intron
chr5	34694904	34695337	27.3540232518745	2.51266504572716	6.01414397056913	0.417792633169934	NA	NA	RAI14-DT	Intron
chr5	35503922	35504690	92.2397238805927	-8.86671455772049	3.49499301994771	-2.53697632788209	NA	NA	LOC124901220	Intergenic
chr5	36241710	36242149	47.1747683857775	-7.37110811775839	3.35362718282608	-2.19795096947742	0.0279526001350881	0.0891473302352232	NADK2	Promoter
chr5	36866827	36867213	25.6014096779216	11.1734110345645	6.01308361972751	1.85818321200576	NA	NA	NIPBL-DT	Exon
chr5	37036395	37036690	22.8304213400254	7.56711540547458	4.67758557086438	1.61773959895217	0.10571872821631	NA	NIPBL	Exon
chr5	37998817	37999404	42.515710206523	-8.26365635902054	4.40323627984337	-1.876723353877	0.0605560200920307	0.113191061634547	LINC02119	Exon
chr5	38344256	38344784	14.349389942709	-5.98680434741678	6.01576927211968	-0.995185166951608	NA	NA	EGFLAM-AS4	Intron
chr5	39240625	39241137	59.0166270543905	-3.20289773959711	5.42353335192881	-0.590555553319874	NA	NA	FYB1	Intron
chr5	39837092	39837571	69.5551644123958	-10.8138348951517	4.92808416524077	-2.19432837032795	0.0282118113049632	0.0891473302352232	LINC00603	Intergenic
chr5	40591419	40592048	16.2235188999689	-26.362950438312	5.85486894964708	-4.50273962833977	NA	NA	LOC124900196	Intron
chr5	40924337	40924721	67.2150155052073	15.2888315571667	4.41302682269156	3.46447736926327	NA	NA	C7	Intron
chr5	41449951	41450381	9.13531552521047	-3.47309472592176	6.02402323254439	-0.576540725666294	NA	NA	PLCXD3	Intron
chr5	41661201	41661514	73.886709625571	-2.04956040651543	3.83905900555666	-0.533870514506	NA	NA	NA	NA
chr5	42552780	42553075	35.1455083634303	-0.276354798577323	4.5413559490388	-0.0608529262357897	NA	NA	GHR	Intron
chr5	43266476	43267042	7.34180790489599	-4.54074455549573	6.04828235475239	-0.750749434164211	NA	NA	HMGCS1	Intron
chr5	43344017	43344513	54.0325380162643	-3.02334368258041	6.00720476880457	-0.503286270226818	NA	NA	NA	NA
chr5	43759790	43760115	43.2223995807234	14.4825349224342	6.0074967119652	2.41074371186741	NA	NA	NNT-AS1	Intergenic
chr5	44190118	44190485	13.8698394960239	-1.66600248417057	5.94010460738048	-0.280466859472574	NA	NA	FGF10-AS1	Intergenic
chr5	50365275	50366070	1.34958845652509	2.0305480595408	6.07602167922118	0.334190390808657	0.738235894603164	NA	NA	NA
chr5	50471044	50471502	41.7240379923521	9.70326147212183	4.95735202961261	1.95734767556544	0.0503066058177098	NA	EMB	Intron
chr5	50781442	50781749	86.901581381383	9.5279463784486	3.88365862833975	2.45334291457068	NA	NA	PARP8	Intron
chr5	51011262	51011477	45.8340890217756	-6.16195887444949	4.07591816519891	-1.51179651423369	NA	NA	LOC124901181	Intergenic
chr5	51378074	51378633	71.8652355363528	0.423066879899893	5.24309709239143	0.0806902623477697	NA	NA	ISL1-DT	Exon
chr5	53118832	53119365	41.2803464101689	9.59054041048787	5.6738113668807	1.69031710614667	NA	NA	MOCS2	Intron
chr5	53153628	53154081	94.9959873232571	-1.64515453615991	4.65599765958857	-0.353340928505812	NA	NA	NA	NA
chr5	53536443	53536932	38.0751131399532	10.5214636686055	4.95519451144405	2.12332001181914	NA	NA	NDUFS4	Intergenic
chr5	53656564	53656816	47.4163803932323	-8.1072119222982	5.27086414779559	-1.53811817094334	NA	NA	NA	NA
chr5	53953543	53954130	23.4846264203542	30	6.01066812643304	4.99112567337887	NA	NA	MIR581	Promoter
chr5	54183465	54183900	44.2840314945084	-29.0898000150937	5.83124985446803	-4.98860462869799	NA	NA	ARL15	Intron
chr5	54720517	54720915	48.2693011178123	11.9462259914343	5.41792951469864	2.20494304309877	NA	NA	LINC02998	Intron
chr5	57105677	57106616	1.58080106422071	1.42311584713556	6.05341737401675	0.235092966370374	0.814136577754728	NA	GPBP1	Intron
chr5	60730986	60731384	63.4170936577869	29.7428953355956	5.48689555462084	5.42071469003039	NA	NA	DEPDC1B	Intergenic
chr5	61234039	61234251	65.7305393132948	-8.3861707537238	3.88330155783959	-2.15954662001302	NA	NA	LINC02057	Intron
chr5	61989050	61989624	59.0305704811015	14.841644302853	4.57980451855753	3.24067200744358	NA	NA	LOC105378995	Intron
chr5	62950615	62951199	21.7992314287043	-11.3203438090089	6.01163376779306	-1.88307276295786	NA	NA	IPO11-LRRC70	Intergenic
chr5	63846234	63847254	18.2361216716596	7.26972937207455	5.87898239000566	1.23656253579415	0.216249535766823	NA	HTR1A	Intron
chr5	64066848	64067531	18.6864152208171	-28.3320088504776	6.00941569519372	-4.71460293105323	NA	NA	RNF180	Intron
chr5	64977284	64977582	28.467929243142	-29.3745009559487	5.81583155279254	-5.05078262485854	NA	NA	LOC107986419	Exon
chr5	65938935	65939589	19.2642371899668	8.58049834990483	4.79793624451064	1.78837273207243	0.0737158925943198	NA	LOC124900212	Intron
chr5	66325689	66326423	12.8186867344462	0.590229589688458	5.94026546127463	0.0993608103099503	NA	NA	LOC124900988	Intron
chr5	67061047	67061476	33.0673910079493	-2.46512693480501	5.47814264362429	-0.44999319936914	NA	NA	MAST4-AS1	Intron
chr5	67142525	67143137	35.3387352385263	-22.3517491164676	5.3180633790373	-4.20298659932741	NA	NA	CD180	Exon
chr5	68768129	68768606	16.2652537415901	-25.4737897330758	6.01402330104751	-4.23573179848486	NA	NA	LOC105379011	Intergenic
chr5	71957922	71958277	20.2814986211979	-8.10925415539011	5.45023873897361	-1.48787136559769	0.136784820479063	NA	LOC124901000	Intron
chr5	72063438	72064061	11.1330204208512	7.78115477088997	5.63819774122059	1.38007837398152	0.167562515054606	NA	MAP1B	Intergenic
chr5	72370428	72370679	58.9353177704246	-7.66861917236022	4.13341208956966	-1.85527573979652	NA	NA	MRPS27	Intergenic
chr5	72435278	72435748	35.9945138712061	-1.54449533899379	4.8435586450482	-0.318876151230831	NA	NA	ZNF366	Intergenic
chr5	73398870	73399164	26.3184948231038	-8.43987885796459	4.66835658103175	-1.80789078800388	0.0706234997810921	NA	LOC107986383	Intron
chr5	74349283	74349905	17.0648288173586	24.7862614004041	5.41253811237734	4.57941558761926	NA	NA	LINC01333	Intron
chr5	76611864	76612376	31.2023397027987	-2.09875232026125	5.48175361026449	-0.382861483655773	NA	NA	LOC101929109	Promoter
chr5	78051154	78051764	63.7203717372921	4.98686494709228	4.2079156293887	1.18511524144241	0.235971885670397	0.276858103484574	LOC101929154	Intron
chr5	79552527	79553325	47.0697356610113	13.7340555158744	5.85967259876618	2.34382643132079	NA	NA	LOC124901013	Intron
chr5	81117749	81118620	91.1146025576226	-9.7827829632773	4.09306498309937	-2.39008738040351	0.0168443646668024	0.0831315297380008	CKMT2	Intron
chr5	81296502	81296944	22.0024954445264	-30	6.00973630531566	-4.99189955696804	NA	NA	LOC124901017	Intron
chr5	81907644	81908596	35.8169947917933	-2.51145058892432	5.89929501749576	-0.425720460067858	NA	NA	ATG10	Intergenic
chr5	82860311	82861026	4.88338684806571	-0.246519616712449	6.01915736638747	-0.0409558351288633	NA	NA	LOC124901020	Promoter
chr5	83139606	83140094	14.4284390326523	30	6.01136559537645	4.99054657781487	NA	NA	TMEM167A	Intron
chr5	84105138	84105376	51.5734947989343	-6.68846602385317	4.10094072851442	-1.63095895957416	NA	NA	LOC107986386	Intron
chr5	84158253	84158606	35.9309459274085	-17.9525023523389	6.00943026521265	-2.98738841454941	NA	NA	EDIL3-DT	Intron
chr5	85330452	85330864	29.1385930836519	6.52219202723784	5.44038778390243	1.19884689957881	0.230587482367803	NA	LOC101929321	Intron
chr5	85631232	85631848	2.46022836817004	-2.82647106298432	6.05329439825247	-0.466931042342876	0.640549215002195	NA	LOC105379061	Intron
chr5	88276900	88277316	39.0991090410504	-11.5481591906751	6.00879055178756	-1.92187747120585	NA	NA	TMEM161B	Exon
chr5	88550455	88551119	3.77267564599047	6.2419907238816	6.12371461163714	1.01931443898768	0.30805371126823	NA	LINC02060	Intron
chr5	88864790	88865424	82.867585333848	16.2060877008661	4.68991786992818	3.45551631186971	0.000549239957150788	0.0144633188716374	MEF2C-AS1	Intron
chr5	89132080	89132516	1.65362545956445	7.80478576575968	6.05044878172833	1.28995154695454	0.197067481740392	NA	MEF2C	Intron
chr5	89627027	89627529	24.7123004200844	30	6.00948120442223	4.99211146178871	NA	NA	LINC02161	Intron
chr5	89747212	89747493	165.160201167277	-0.202715385516112	4.578689947206	-0.0442736651429766	NA	NA	LOC102724637	Intergenic
chr5	90726101	90726626	15.5257357041604	-26.0929084720776	6.01037020632989	-4.34131469049902	NA	NA	LYSMD3	Intron
chr5	92825468	92825992	22.7361531308897	-7.2714910739064	5.41044075360363	-1.34397388402474	0.178956832163444	NA	LOC105379082	Intron
chr5	93690149	93690784	28.6614339024477	0.176734023024151	6.02323321401279	0.0293420521411967	NA	NA	NA	NA
chr5	93914720	93915074	34.1818842313449	1.09386627535747	5.90737786654771	0.185169511764571	NA	NA	POU5F2	Intron
chr5	94799847	94800269	91.0493972882981	0.287364360649699	5.24790085303231	0.0547579629831719	NA	NA	MCTP1-AS1	Intron
chr5	96538700	96539316	71.4027682190591	-10.3372687920356	4.38842918159818	-2.35557379742675	0.0184941231309713	0.0831315297380008	PCSK1	Intron
chr5	96548008	96548582	31.9494719123959	-9.69522220052816	5.77308443214792	-1.67938340664818	0.0930773450779542	NA	NA	NA
chr5	96662988	96663370	60.0318817212466	-2.59266809383551	4.53018417716554	-0.572309644032552	NA	NA	NA	NA
chr5	96725008	96725275	46.9484300792253	-8.96920535438493	4.9145969405928	-1.82501341672651	NA	NA	LOC107986363	Intron
chr5	97200368	97200736	5.53642409350161	30	6.02166434822274	4.98201132862119	NA	NA	RIOK2	Intron
chr5	98506457	98507209	97.3517793163709	-9.31857018201926	3.51108654829791	-2.6540417200871	NA	NA	RGMB	Intergenic
chr5	99150042	99150335	99.078440572289	-3.43213543587759	5.51430530828406	-0.622405768995333	NA	NA	LOC100289230	Intergenic
chr5	101564848	101565331	16.8486151099512	-1.77387622810071	6.01048748454291	-0.295130175823936	NA	NA	ST8SIA4	Intergenic
chr5	102537730	102538126	73.981598068596	0.0633915737588082	5.1926009704415	0.0122080579885996	NA	NA	LOC124901036	Intron
chr5	102607746	102608643	57.5454664629658	7.71209146341662	4.54506937838047	1.69680390361052	NA	NA	LINC00492	Exon
chr5	105023981	105024280	42.0881077693009	-7.41981433372767	3.99989902249275	-1.8550004117613	NA	NA	RAB9BP1	Intron
chr5	105590983	105591712	94.9143892472478	0.375291385926335	5.17086296665606	0.0725780954448755	NA	NA	NA	NA
chr5	106033973	106034589	94.0307485403821	1.88264628555559	3.76701974208849	0.499770751005362	0.617236507946743	0.671032350382469	LOC105379110	Intergenic
chr5	106416941	106417496	115.333245220909	0.35683909657216	4.37916703296376	0.08148560990848	NA	NA	NA	NA
chr5	106893343	106893939	15.8796959091411	-15.3908727586551	5.87124521053902	-2.62139839280228	NA	NA	NA	NA
chr5	107170966	107171357	4.91979633573996	9.84590163900499	6.02082151664832	1.63530867204415	0.101984356552488	NA	LINC01950	Intergenic
chr5	107765223	107765623	107.076581685897	-6.96917301558753	5.07098104207388	-1.37432440740053	NA	NA	LOC124901039	Intergenic
chr5	108515242	108515692	50.7065715930608	-20.6277344722937	5.36992154676554	-3.84134745594531	NA	NA	LOC105379114	Intron
chr5	109245098	109245414	105.131331667767	-0.437109054280679	4.07853380857459	-0.107173085916736	0.914651666757027	0.930353841293628	LOC124901040	Intron
chr5	109903343	109903812	41.3523236150232	6.13624445861593	6.00801923319236	1.02134234602898	NA	NA	LOC105379119	Intergenic
chr5	110368037	110368586	30.5485944154379	-3.98430722179697	6.00804935529969	-0.663161533165905	NA	NA	MIR548F3	Intron
chr5	112026851	112027442	25.8234835456833	-25.4498818216087	6.01798747514689	-4.22896889146276	NA	NA	NREP	Intergenic
chr5	113422476	113422843	39.0844571582499	13.9172286686197	5.83785308810375	2.38396349798181	NA	NA	TSSK1B	Intron
chr5	113511923	113512278	28.0493797125961	-9.90479491373572	6.03863841121096	-1.64023646379407	NA	NA	LOC124901046	Promoter
chr5	113781843	113782328	27.4911542762205	0.605425669006583	5.4380071339266	0.111332268254938	NA	NA	LOC105379127	Intergenic
chr5	114026657	114027264	7.04004141338272	5.1019672922456	6.05028205987506	0.843261064815705	NA	NA	KCNN2	Intergenic
chr5	114152825	114153240	65.7352897360412	0.0866708215644499	4.64407753688754	0.0186626560120994	NA	NA	NA	NA
chr5	115139020	115139601	35.4533267028815	-15.4022050465251	6.00834161123729	-2.56347026236301	NA	NA	TRIM36	Intron
chr5	115434235	115434832	24.5038189547258	8.66430253586285	6.12106927171166	1.41548839773872	0.156925347799581	NA	LOC105379130	Intron
chr5	115554312	115554709	52.3895733096943	0.406285605349963	5.18800199273411	0.0783125384143979	NA	NA	FEM1C	Intergenic
chr5	115578273	115578718	32.4166157542439	1.84936629378223	5.15145802638512	0.358998614433041	NA	NA	TICAM2-AS1	UTR
chr5	116025437	116025847	47.3996565793081	1.8379066749299	5.18600771955711	0.354397211558115	NA	NA	ARL14EPL	Intron
chr5	116358743	116359374	38.4480823923297	0.235269066062644	5.00652579786376	0.046992480526722	0.96251922057987	NA	SEMA6A-AS1	Intron
chr5	116555127	116555661	105.389604928775	-0.393596581156561	4.39823360805876	-0.0894896943253276	NA	NA	SEMA6A-AS2	Intron
chr5	116738702	116738953	99.9629152949556	10.0993887338856	4.16414192939947	2.42532288887235	NA	NA	LINC02214	Intron
chr5	116751398	116751768	27.8881702171739	-13.1428349424536	5.46238180069235	-2.40606303660205	NA	NA	NA	NA
chr5	116784380	116784906	11.3375529980642	6.85653205690594	6.03447651155567	1.13622648854065	0.255861787342374	NA	LOC105379133	Intron
chr5	117655301	117656288	55.2351085664133	27.8747957042642	5.09584832022518	5.47009917733039	NA	NA	LINC02147	Intergenic
chr5	117857980	117858587	39.4883813856548	2.15460369874398	4.69128566617525	0.459277872221454	NA	NA	LOC124901051	Intron
chr5	118221321	118221922	89.0321887173911	-16.7491890674799	4.64346999468783	-3.60704151994977	NA	NA	LINC02148	Intron
chr5	118783175	118783736	13.6144857870732	30	6.01015578575648	4.99155114599479	NA	NA	LOC124901052	Promoter
chr5	118829821	118830377	17.7648902909247	-9.80399747652937	5.96614843683646	-1.64327079359895	0.10032691831244	NA	NA	NA
chr5	119518203	119518813	36.8512986033628	-30	6.01768569616652	-4.98530523438787	NA	NA	LOC107986444	Exon
chr5	120692378	120692926	31.4700174587807	9.34957318962209	5.26778825966481	1.77485744087539	NA	NA	PRR16	Intergenic
chr5	121667129	121667748	20.2911464173863	-30	6.01341023899061	-4.98884972215627	NA	NA	LOC105379150	Intergenic
chr5	122475487	122476216	12.3620899165258	-8.32447711222795	6.12170114155679	-1.35983069407256	0.173883506852334	NA	LOC105379151	Promoter
chr5	124767879	124768470	17.8660186660814	1.76350004306475	5.46321856059966	0.322795074643907	NA	NA	ZNF608	Intergenic
chr5	124882721	124883159	38.7299210484788	-0.0180535054772072	5.22302503050805	-0.00345652287166066	NA	NA	LOC105379157	Intron
chr5	125376890	125377153	38.6941382598052	0.339716250208776	5.51570190154706	0.0615907560402224	NA	NA	LINC02240	Exon
chr5	126501487	126502226	49.2561814097753	-28.127556767352	5.71415546941558	-4.92243463061196	NA	NA	LOC101927514	Intron
chr5	126934791	126935461	65.0064255585201	-18.7684572399745	5.40295478993169	-3.47373945733345	NA	NA	MARCHF3	Intron
chr5	127891330	127891982	117.162682092354	-2.7317074701776	4.41489388666096	-0.618748160274272	NA	NA	LOC105379164	Intron
chr5	129216168	129216695	50.2416951825987	-29.6349952807982	5.86019770291207	-5.05699581877107	NA	NA	LOC102723654	Intron
chr5	129282107	129282635	42.1597669021615	0.726600058992601	6.03895803407381	0.120318779314723	NA	NA	NA	NA
chr5	129293897	129294252	28.3392637086383	15.5646661062295	5.35103153444873	2.9087225530307	NA	NA	MIR4460	Intron
chr5	129516294	129516699	43.003357874679	-2.45219039250661	5.08170054904572	-0.482553107732233	NA	NA	LOC105379169	Intron
chr5	129887799	129888196	94.6874775618046	-1.23814510178251	3.92621926758208	-0.315353019635353	NA	NA	CHSY3	Intron
chr5	130116966	130118172	82.8862282381361	-17.8477568964921	5.95354306526937	-2.99783787583715	NA	NA	CHSY3-AS1	Intron
chr5	130882266	130882772	38.3860109157328	27.1199449074987	6.01134713990515	4.51145879223448	NA	NA	LOC107986449	Intron
chr5	132232650	132233454	79.1917074661827	16.7762610170426	5.86982138772338	2.85805306650894	NA	NA	MIR6830	Intron
chr5	132574097	132574601	84.2936698129193	-8.77958727937042	3.27510522833657	-2.68070387583534	0.00734674965607588	0.0633156243087266	NA	NA
chr5	132585328	132585663	10.8484123179655	-26.8846967663869	5.86738953031788	-4.58205418738074	4.60430540842686e-06	NA	IL5	Intron
chr5	133244242	133244649	76.9795669076843	-6.96175822197224	4.362540757774	-1.5958035944	0.110532650556529	0.146347699340208	FSTL4-AS1	Exon
chr5	134153284	134154900	65.1809954373376	2.04997068361733	4.33903217196754	0.472448832451907	0.636606455822815	0.688930274109621	TCF7	UTR
chr5	134260578	134261102	32.1093609583302	-17.4360063885789	6.00878847692565	-2.90175073653114	NA	NA	PPP2CA-DT	Intron
chr5	134886303	134886908	15.3601965872492	-7.67122730433639	5.9111650011798	-1.2977521863804	0.194372504557355	NA	LOC124901071	Intron
chr5	134956551	134957057	101.261577087972	-4.66099983985473	5.57207455988117	-0.836492726320254	NA	NA	CATSPER3	Intron
chr5	135018253	135018873	28.2687787977568	1.21306986541117	5.12743871673887	0.236583981286997	NA	NA	PITX1-AS1	Intergenic
chr5	135236281	135236627	51.1293594593221	-0.134764091936525	5.22580222608389	-0.025788211284359	NA	NA	LINC02900	Exon
chr5	135647137	135647584	28.2938903374899	-2.15034094618751	6.00924501871526	-0.357838786651313	NA	NA	SLC25A48-AS1	Intron
chr5	135862120	135862707	55.641432308348	-16.7197956915263	5.8762362699183	-2.8453239324495	NA	NA	IL9	Intron
chr5	135932121	135932575	51.1032774616523	-29.5253876978818	6.00745833917489	-4.91478858960128	NA	NA	FBXL21P	Promoter
chr5	136344366	136344842	104.028758807285	-0.924918861937059	3.799687854166	-0.243419695889748	NA	NA	TRPC7	Intron
chr5	136993194	136994093	15.1838054907432	-8.62231478698574	6.12148347145433	-1.40853354047157	0.158973142513096	NA	LOC105379192	Intron
chr5	137579911	137580292	133.692522380367	-8.5791580041333	3.13681385696794	-2.7349911073225	0.00623819613235761	0.057978528759559	SPOCK1	Intron
chr5	138177727	138178400	10.9922353866728	-9.10427043705499	6.11106808248871	-1.48980019763539	0.136276779160238	NA	KIF20A	Promoter
chr5	138291462	138291936	14.805878359343	1.50638614962361	6.01132119562815	0.250591525656483	NA	NA	GFRA3	Intron
chr5	140772257	140772565	74.7330728270308	-14.1924149165734	5.88219258841434	-2.4127763080262	NA	NA	VTRNA1-3	Intergenic
chr5	143055159	143055583	5.59693486539302	0.329701022236795	6.01631683994804	0.0548011401340429	0.956296892073737	NA	ARHGAP26-IT1	Intron
chr5	145776974	145777346	89.7920779529296	14.022279889892	4.35507051247021	3.21975955377551	NA	NA	PRELID2	Intron
chr5	146369543	146369946	23.6745445009924	2.95102076210234	5.40452962606883	0.546027307884122	NA	NA	LOC105378213	Intron
chr5	146451821	146452066	81.6349274443762	-11.0655588515049	4.65859180604411	-2.37530123097463	0.0175346336477886	0.0831315297380008	TCERG1	Intron
chr5	148999864	149000273	15.7449186684165	0.696844674024161	5.92982360686006	0.117515245009649	NA	NA	MIR584	UTR
chr5	149801585	149802104	12.9070234123509	-0.574617224371856	6.01046336935178	-0.0956028161325984	NA	NA	MIR378A	Intron
chr5	150103903	150104566	73.0041969076813	14.1622536357367	4.8077417035776	2.94571849090772	NA	NA	CSF1R	Intron
chr5	150333217	150333613	19.2212633097698	30	5.79729114025509	5.17483067077427	NA	NA	ARSI	Intron
chr5	150748033	150748597	33.5861409755818	18.5717081657773	5.70211387738185	3.25698654308612	NA	NA	DCTN4	Intron
chr5	150750341	150750719	20.5521494154747	-10.0136802366761	5.42377720979576	-1.84625581939292	0.0648550694549512	NA	NA	NA
chr5	150774956	150775345	69.3473931043955	-11.7884290594861	4.98314909660831	-2.36565850849408	0.0179980370247714	0.0831315297380008	SMIM3	Intergenic
chr5	151602898	151603573	19.8045585712777	-0.476458418615523	5.42102747529255	-0.0878907957554321	NA	NA	LOC105378231	Intron
chr5	151716475	151716968	37.8254457317656	28.9992728004459	5.84428899087844	4.96198474197749	NA	NA	SPARC	Exon
chr5	151791061	151791582	66.5470974489804	-6.7249174372664	5.05014301068824	-1.33162910892496	NA	NA	ATOX1	UTR
chr5	152176469	152176982	1.10591227632466	6.90335977443182	6.06033174236025	1.13910592157505	0.254658977970679	NA	LOC105378236	Exon
chr5	152751759	152752190	75.8946190543773	7.29433135672436	5.04827631314156	1.44491523527267	NA	NA	NMUR2	Intron
chr5	153212394	153212844	54.9741816548501	-8.92300893167934	5.04109911877545	-1.77005226865027	0.0767184338836884	0.121620527293874	LINC01470	Intron
chr5	153716608	153717378	5.0299574696835	-2.73746434220084	6.0441900836109	-0.452908380499746	0.650614716067914	NA	LINC01861	Intron
chr5	154173902	154174225	63.7791710831894	-2.5570407650949	4.0175327814257	-0.636470417097004	NA	NA	LOC124901118	Intron
chr5	155021611	155022344	19.5852268231397	0.994624601106909	6.00987312727517	0.165498435664625	NA	NA	KIF4B	Intergenic
chr5	155385568	155386001	63.3572930489403	-18.0241376924502	4.51843337391028	-3.98902367278949	NA	NA	LOC105378239	Intergenic
chr5	156780938	156781367	8.46896450939582	-7.77847351086034	6.12226414010767	-1.2705223644146	0.20389862164893	NA	LOC105377673	Intergenic
chr5	156859938	156860506	52.8125637729162	-1.1142955952725	4.3149001020997	-0.258243660086189	NA	NA	PPP1R2B	Intergenic
chr5	156908570	156909112	58.4120363263761	-10.6266715649881	4.67705392063699	-2.27208660522365	NA	NA	TIMD4	Intergenic
chr5	157164784	157165284	51.8515508361002	-13.7224737291953	4.3570058618108	-3.14951922591451	NA	NA	GARIN3	Promoter
chr5	157270305	157270824	31.3722359401159	-9.66201644706128	5.41881259199269	-1.78305048994289	0.0745780847793547	NA	CYFIP2	Intron
chr5	158115418	158115833	37.7291025796709	28.1804569017946	5.43694326258532	5.18314345778081	NA	NA	LOC105377678	Intergenic
chr5	158340230	158340724	124.468065461474	3.20066470286973	4.91191544121253	0.651612337625998	NA	NA	NA	NA
chr5	158456107	158456394	54.198989147556	-30	5.41831154769298	-5.53678018252263	NA	NA	LOC124901122	Intron
chr5	158883232	158883969	100.805066232769	3.00209278053825	4.88612474143698	0.614411817012955	NA	NA	EBF1	Intron
chr5	159224165	159224760	11.982286160432	-0.383227179110277	6.01155816826412	-0.0637483940741666	NA	NA	LINC01932	Promoter
chr5	159471450	159471750	70.4912950532885	-15.6440512842745	4.32922936167746	-3.61358800315742	NA	NA	LINC01845	Intron
chr5	159756327	159756599	34.2213119898613	15.2245377677799	5.07762764849522	2.99835648096248	NA	NA	LOC105377688	Intron
chr5	159972328	159973005	13.4214564624964	3.42529872009263	4.6905321319341	0.730258022703331	NA	NA	LOC105377687	UTR
chr5	160783502	160783933	53.8483881188137	27.9725763728734	5.45580166139775	5.12712486797165	NA	NA	ATP10B	Intron
chr5	161889482	161889743	22.7060543085357	27.7961896686522	5.85117036900088	4.75053500679362	NA	NA	LOC105377696	Intron
chr5	162329471	162329838	47.5129378668152	17.0267154182079	5.79183185460509	2.93978068521964	NA	NA	LINC01202	Intergenic
chr5	163660259	163660658	75.7470083131688	0.00760298589447096	4.27029257337756	0.00178043676488832	NA	NA	LOC102724458	Intergenic
chr5	164170021	164170932	116.308808840287	0.997905095145622	5.14143443503235	0.194090794651813	NA	NA	LINC03000	Intron
chr5	165016313	165016681	23.0044117652809	-7.73282173397076	6.01287755293165	-1.28604344024942	NA	NA	LOC105377702	Intron
chr5	165246645	165247091	46.6470826487014	-3.78483233142024	5.75445753283152	-0.657721828656522	NA	NA	LINC01938	Intergenic
chr5	165751597	165752373	4.17153947241339	-11.1629984931565	6.02106807532309	-1.85398974957737	0.0637406264944137	NA	LOC105377705	Intron
chr5	166538201	166538689	106.059965116362	-0.577888295525879	4.17208590314788	-0.138513038547422	NA	NA	NA	NA
chr5	168433090	168433809	35.1063530989736	6.6255688665539	6.00886423480307	1.10263247889325	NA	NA	RARS1	Intron
chr5	168684126	168684748	52.0805262786545	8.35165402229723	6.02639357166592	1.38584609899425	NA	NA	SLIT3-AS2	Intron
chr5	169845796	169846631	52.2508041518388	3.4630992906271	5.53911832420602	0.625207675288919	NA	NA	INSYN2B	Intron
chr5	171604827	171605427	21.2764054047796	2.20477582581445	5.03637305016504	0.437770555090671	NA	NA	LOC105377722	Intergenic
chr5	172219538	172219941	16.0487520855978	-8.70185682726954	6.12142949580822	-1.42153999049214	0.155159836326565	NA	EFCAB9	Intron
chr5	172426859	172427483	14.1057142004508	-1.45532450360745	5.4032835324285	-0.269340761940982	NA	NA	SH3PXD2B	Intron
chr5	173018412	173018751	56.356106490697	-29.8949535717116	5.86457249058097	-5.0975503533677	NA	NA	SNORA74B	Promoter
chr5	173494003	173494679	31.9699810192774	-30	6.02876074491376	-4.97614705067039	NA	NA	LOC105377733	Intron
chr5	174904489	174904954	40.6181506177077	15.8724478565778	5.92491316697734	2.67893341374914	NA	NA	MIR4634	Intron
chr5	175558262	175558714	35.7806016797068	-28.0060359919604	6.00872436726253	-4.66089543806441	NA	NA	SFXN1	Intergenic
chr5	175810972	175811686	25.3344451667203	-0.432145011104161	6.03223747206202	-0.0716392570925162	NA	NA	CPLX2	Intron
chr5	176157461	176157846	34.1688445794893	-5.98274721841917	6.00788857179838	-0.995815276352291	NA	NA	CEP192P1	Intron
chr5	176529852	176530347	3.79802367417931	4.98477071527656	6.12441889965692	0.813917335986898	0.415692308628007	NA	LOC124901143	UTR
chr5	176791359	176791706	133.366343041051	8.03336683257184	4.68448594464151	1.71488759439252	NA	NA	UNC5A	Intron
chr5	176814328	176814663	52.909458953589	-0.517299493765784	4.84948413913286	-0.106671035294546	NA	NA	NA	NA
chr5	176895491	176896160	40.8472855917582	-7.61942909388487	4.66677254927928	-1.63269776133863	0.102532578508616	NA	HK3	UTR
chr5	178895257	178895620	31.4594061218683	-1.05229451766515	5.76513909074729	-0.182527169093633	NA	NA	ZFP2	Promoter
chr5	179386291	179387016	9.68313198066242	-0.271254435658665	6.01238056423433	-0.0451159790636455	NA	NA	ADAMTS2	Intergenic
chr5	180333590	180334145	35.3077729682731	9.9085125947291	6.02084157665647	1.64570226081776	NA	NA	GFPT2	Intron
chr5	180629199	180629421	108.569328324084	5.8706953139675	3.85109206205557	1.52442351919106	NA	NA	FLT4	Exon
chr6	1526493	1527038	31.0490826054436	11.5210359012371	4.81077766001655	2.39483857194047	NA	NA	LOC102723944	Intron
chr6	2261547	2262433	22.3460182009337	-3.25054160373916	5.86300397840619	-0.554415725404776	NA	NA	GMDS	Intron
chr6	2513867	2514351	18.6090453190094	0.0872644896473753	6.01436015714356	0.014509355503715	NA	NA	LINC02521	Intron
chr6	2837697	2838818	220.571463712676	6.88820775671087	3.56437536252701	1.93251469223134	NA	NA	SERPINB1	Exon
chr6	2852479	2853143	39.5881251781948	30	6.00800187746774	4.99334064999401	5.93437511744743e-07	NA	MIR4645	Promoter
chr6	2982385	2982894	54.2272668288298	-10.454185933995	4.93127277269547	-2.11997721802776	0.0340079665958188	0.0956142249818817	LINC01011	Intergenic
chr6	3170678	3171387	6.66455230473013	3.99607027286395	6.03482626895422	0.662168237289858	NA	NA	LOC105374889	Intron
chr6	3597363	3597936	55.2533988426494	-2.51153919825228	4.95741710920607	-0.50662253002441	NA	NA	LOC100507336	Exon
chr6	3620532	3621100	58.6933825305617	1.36348417170172	4.52907969200009	0.301051044456141	NA	NA	NA	NA
chr6	3750976	3751520	55.2344853592052	11.0728268000286	5.7717459849317	1.91845358907624	0.0550535215908633	0.109059189074709	PXDC1	Promoter
chr6	4575644	4575849	84.6534109288261	-7.5837371056131	4.37230356251487	-1.73449464273955	NA	NA	KU-MEL-3	Intron
chr6	4977936	4978320	41.4117160899935	-5.25890707863259	4.94625275679401	-1.06321034067843	NA	NA	LYRM4-AS1	Intergenic
chr6	5048332	5049157	36.0352197886535	-14.6638598017958	4.97282623495682	-2.94879794888372	NA	NA	PPP1R3G	Intron
chr6	5110834	5111405	48.7338592895154	-4.51874318030589	5.13623918168968	-0.879776626527612	NA	NA	NA	NA
chr6	5269298	5269529	22.6371065727505	11.648900450084	5.77151904846521	2.01834219938712	NA	NA	LOC124901250	Intron
chr6	7048379	7048573	51.7186347541942	7.89595544620733	4.51681465790139	1.74812473927721	NA	NA	LOC105374904	Intron
chr6	7778947	7779386	43.3920863615637	-5.73575131535778	4.98849328017413	-1.14979633993965	0.250227763083278	0.289995011495046	NA	NA
chr6	7813277	7813941	6.35016097361269	-3.54155391098517	6.0225061926437	-0.588053178809689	NA	NA	BMP6	Intron
chr6	9868968	9869418	88.0523660058131	-30	5.60060276284843	-5.3565662965788	NA	NA	OFCC1	Intron
chr6	10507205	10507697	19.1051858589758	-8.94304899593702	5.42758376536743	-1.64770354222835	0.0994135208119325	NA	LINC02522	Intron
chr6	11530883	11531294	135.837878632865	-0.495739394201345	4.41609535518243	-0.112257402598787	NA	NA	TMEM170B	Intergenic
chr6	11701124	11701519	65.4176085042927	-28.1985259416961	5.12944773094381	-5.49738050191762	NA	NA	LOC124900221	Intron
chr6	11724634	11725001	109.707073766878	-1.75139414821792	4.94881404669853	-0.353901789740173	NA	NA	LOC124901258	Promoter
chr6	11798618	11799306	5.68641767478235	23.3383467174795	6.01883132735498	3.87755453644449	NA	NA	ADTRP	Intron
chr6	11935392	11935745	66.7179006312863	-2.92689490849359	3.84220968795011	-0.761773860930307	NA	NA	LOC107986570	Intron
chr6	12662977	12664036	50.6991822705243	-12.5617814973776	4.48863630265515	-2.79857414376544	NA	NA	PHACTR1	Intergenic
chr6	13259940	13260483	14.0437460508054	2.05241547979882	6.01160081168532	0.341409142770981	NA	NA	LOC105374933	Intron
chr6	14408576	14408756	55.3133872206487	-8.5725392184769	4.2380165961061	-2.0227715073965	NA	NA	LOC105374943	Intron
chr6	15127221	15127842	27.4381949805783	30	6.0083293320296	4.99306851241892	NA	NA	LOC105374945	Intergenic
chr6	15648139	15649009	63.98852723642	8.46282102503928	4.09472700296892	2.0667607434887	0.0387567042416163	0.0989579712211183	DTNBP1	Intron
chr6	15816858	15817106	59.2780073331444	-5.01598187035408	4.293622703129	-1.16824001948254	NA	NA	NA	NA
chr6	15842103	15842363	39.1597464222575	-5.97024122428222	4.65959827654866	-1.28127809951556	NA	NA	LOC102724520	Intron
chr6	16423371	16423942	117.491163822844	-0.310475105906402	4.34156741215638	-0.0715122158502186	NA	NA	LOC127903862	Intron
chr6	16547754	16548209	43.2774622472467	12.2380147752918	5.3776541544806	2.27571621821296	NA	NA	ATXN1-AS1	Intron
chr6	17825969	17826464	53.0312192031007	11.1570148210234	5.02258085818308	2.2213708720778	NA	NA	LOC105374953	Exon
chr6	18575897	18576236	42.8544219329997	-2.6240997655185	4.10871534950103	-0.63866672239467	NA	NA	MIR548A1	Intron
chr6	18983246	18983719	16.5139346216804	1.99106481524172	6.01179835085692	0.331192880905248	NA	NA	LOC105374958	Intron
chr6	20162150	20162504	46.8723452171825	25.8913798213678	5.01469735945173	5.16309917936874	NA	NA	LOC101928573	Intron
chr6	20239116	20240746	52.5793136421977	-10.9191960330151	4.69094456937514	-2.32771798334628	0.0199270835935623	0.0831315297380008	MBOAT1	Intron
chr6	20306759	20307745	70.0521129149349	6.82413825116589	3.86750798869606	1.76447941959304	0.0776512973161674	0.121876539496236	NA	NA
chr6	20355740	20356405	76.6313980190212	-26.2172376136766	5.26932500402419	-4.97544516492235	NA	NA	LOC124901272	Intergenic
chr6	21714650	21714936	71.6501894075254	7.90361347704962	4.86501271392639	1.62458228617266	NA	NA	LOC124901274	Intron
chr6	22451530	22451709	71.6868456983346	-8.76690683838862	3.82242938049976	-2.29354318044782	NA	NA	LOC105374973	Intron
chr6	23118130	23118810	22.7509467929661	9.68409832316897	4.65964927201812	2.07828910671956	0.0376827391635149	NA	LOC105374974	Intron
chr6	24121288	24121804	32.0984468545649	7.12304152359331	5.37727656989342	1.32465597240696	0.185285282200553	NA	NRSN1	Intron
chr6	24281752	24282749	67.7803015299183	-0.658456992482804	4.80300206504404	-0.137092798122036	NA	NA	KAAG1	Intron
chr6	24402388	24402703	29.8602494842312	-9.89005089787227	5.21107703331361	-1.89788998217579	NA	NA	MRS2	Promoter
chr6	25050085	25051030	46.8567268299283	-29.1086550457768	5.42420417964538	-5.36643792927424	NA	NA	LOC102724765	Intron
chr6	27194244	27194945	13.2021022832725	-12.4397369661986	5.50489603510379	-2.25975874691774	NA	NA	MIR3143	Intron
chr6	28353412	28353884	79.2557082379559	-11.0028282426333	5.35351116386123	-2.05525456207278	0.0398544235768222	0.0989579712211183	ZSCAN31	Promoter
chr6	28482768	28483098	65.9971812088926	-0.115022486450031	5.19381197073727	-0.0221460628721418	NA	NA	LOC124901294	Intron
chr6	28547849	28548417	6.08645549312969	-0.209691168078163	6.01613393290657	-0.0348548038352688	0.972195520010127	NA	LOC124901295	Intergenic
chr6	29561429	29562079	93.0486592347537	17.2923087124577	5.19084996754556	3.33130582092978	NA	NA	OR2I1	Intron
chr6	31795288	31795935	34.2346634523164	-6.7355576957075	3.84852099547635	-1.75016784464074	NA	NA	EHMT2-AS1	UTR
chr6	32247344	32248071	77.3312224735446	10.815472342774	4.96390939060016	2.17882146746163	NA	NA	TSBP1-AS1	Intergenic
chr6	34275201	34275476	75.869618372673	9.32873990268987	4.83648744426893	1.9288254151769	NA	NA	SMIM29	Intron
chr6	34733472	34734012	16.3177681336762	10.9485926385819	5.73548422169109	1.90892210934437	NA	NA	SNRPC	Intron
chr6	35361199	35361423	58.1879552994626	-5.70631691805113	3.81978870030139	-1.49388287305025	NA	NA	PPARD	Intron
chr6	35797314	35797771	31.9955747803739	-2.30998575760491	4.87266721147917	-0.47407008468852	0.635449930450867	NA	CLPS	Promoter
chr6	36322599	36324479	34.1593883037194	-4.40343207496248	4.76959236988109	-0.923230274932753	NA	NA	BNIP5	Exon
chr6	36424739	36425016	38.7188032466788	-8.66655143171156	4.57020428697916	-1.89631598228621	NA	NA	KCTD20	Intron
chr6	37056151	37056560	45.5196958334975	12.9967528069388	4.27128881810272	3.04281760387064	NA	NA	FGD2	Intron
chr6	37645574	37645773	63.5620474683047	-7.57018940356821	4.63888889383402	-1.63189711519723	NA	NA	MDGA1	Intron
chr6	38663295	38663835	10.6322597349098	3.29347736198213	6.01426714667768	0.547610753174053	NA	NA	LOC105375044	Intron
chr6	39167721	39168440	34.5896664203844	-3.07122087321594	4.89552804437114	-0.627352319377931	NA	NA	SAYSD1	Intergenic
chr6	39796221	39796731	39.9283194423339	9.36872654086338	5.79582306090851	1.61646179367574	NA	NA	DAAM2	Intron
chr6	39869677	39869914	54.9281998675506	-5.54068526581795	4.10173483087291	-1.35081508051529	NA	NA	DAAM2-AS1	Intron
chr6	40268117	40269110	1.50188496754293	-0.704083045258456	6.04413846270988	-0.116490224306142	0.907264033226277	NA	LOC105375050	Intergenic
chr6	40489876	40490454	23.5161733256752	-13.8365821984344	5.4457940352659	-2.54078323727107	NA	NA	LOC105375051	Intron
chr6	40750147	40750922	18.7599308944017	-5.63408150288227	6.00906415731333	-0.937597162450882	NA	NA	LOC105375052	Intergenic
chr6	41072732	41073735	61.9255948205069	-3.2211896890907	3.87276735562058	-0.831753987085168	NA	NA	NFYA	Promoter
chr6	43132115	43132652	21.8225851928558	-3.06572296378171	5.84516339806321	-0.524488838891575	NA	NA	NA	NA
chr6	43138038	43139036	50.9711081588239	12.6819453813151	4.46767208480985	2.83860255197196	0.00453115564895694	0.0499480878512928	SRF	UTR
chr6	44222409	44223249	145.81734825801	1.16184794477855	5.16114394815515	0.225114423556013	NA	NA	SLC29A1	Promoter
chr6	45089333	45089790	29.8772451146546	13.1262102509688	4.73603209639262	2.77156277318452	NA	NA	MIR586	Intron
chr6	45729822	45730487	2.29866593805716	-1.23223183245138	6.03354170845699	-0.2042302667311	0.838173560344894	NA	RUNX2-AS1	Intergenic
chr6	46098920	46099424	64.1015750861386	-1.95395897975027	5.30691573679009	-0.368191069288041	NA	NA	CLIC5	Intron
chr6	47605436	47605865	92.5374598970317	10.4642591602476	4.68768792516955	2.23228579361309	0.0255960802053169	0.0888459522316748	ADGRF2P	Intron
chr6	48940825	48941303	107.902180896287	-15.7132001009199	4.77726664821719	-3.28916119990578	0.00100486453837125	0.0176409552291841	LOC107986602	Intergenic
chr6	49132330	49132705	16.0033951454157	9.08075220532534	6.04986489713464	1.50098429629829	NA	NA	MMUT	Intergenic
chr6	51384129	51385178	71.3294536396938	-15.5246623437766	4.32193483356122	-3.59206303233046	NA	NA	LOC124900230	Intergenic
chr6	52012302	52012537	94.7362222461404	5.43389140964316	4.92722329274038	1.102830354299	NA	NA	PKHD1	Intron
chr6	52363027	52363480	50.3908095136753	16.3395318433278	5.18118700233665	3.15362711980071	NA	NA	EFHC1	Promoter
chr6	54006036	54006424	26.6864805643219	8.9082769360673	5.14420496235857	1.73171111984289	0.0833250097789396	NA	MLIP	Intron
chr6	54339379	54340037	111.305994944456	-2.06276786810092	4.63089984062852	-0.445435647301963	NA	NA	TINAG-AS1	Intron
chr6	60483408	60483895	44.3517325011491	-30	5.83816041318756	-5.13860495032551	NA	NA	KHDRBS2	Intron
chr6	61855540	61856240	10.6261297989702	-2.02787761755715	6.01184657623611	-0.337313601044484	NA	NA	NA	NA
chr6	62196058	62196615	2.47168013579683	8.28262076067461	6.05467586233469	1.36797096145141	0.171321165796787	NA	NA	NA
chr6	62291848	62292242	6.82569489832934	5.84201336587268	6.12264951058036	0.954164264307027	0.340000500458737	NA	NA	NA
chr6	63056098	63056535	19.1830356389356	-8.95915367422468	6.12127394687668	-1.46360933230182	0.143300721223044	NA	FKBP1C	Intergenic
chr6	63742653	63743071	24.1444001157047	-0.0623344494297935	5.782580572035	-0.0107796940575714	NA	NA	NA	NA
chr6	63833861	63834145	43.1083817606578	14.0016549999502	5.83973932580125	2.39765068589412	NA	NA	SCAT8	Intron
chr6	63897827	63898281	58.4800416761102	-0.682640280026089	4.82824768047318	-0.141384685542724	NA	NA	NA	NA
chr6	65673274	65673796	36.7624491608221	28.1912984788569	6.00863136963218	4.69180030270065	NA	NA	EYS	Intron
chr6	67036311	67036865	9.78167672401987	2.14407764731669	6.0151320215632	0.356447313147998	NA	NA	LOC124900229	Intergenic
chr6	68255934	68257168	26.1994698102218	-15.6393605778978	5.95875424256209	-2.62460238185176	NA	NA	LINC02549	Intron
chr6	70021973	70022420	5.15216869251784	-8.3037018874968	5.35712236884157	-1.55003028039705	0.121134248334292	NA	NA	NA
chr6	70078170	70078695	28.2672545177683	12.344862293488	5.80105001487975	2.12803927941034	NA	NA	LMBRD1	Intron
chr6	71448927	71449478	38.211931423489	28.4155641464687	6.0083219574533	4.72936775820066	NA	NA	LOC105377853	Intron
chr6	71754696	71755202	74.211899685488	13.099550242083	4.63158170989965	2.82831029712457	NA	NA	RIMS1	Intergenic
chr6	71838495	71838864	61.9645504970924	0.133860449014306	4.27485833936981	0.0313134233669223	NA	NA	NA	NA
chr6	72353581	72353950	90.6661669149414	10.2203359657985	3.99739467525681	2.55674928199125	0.0105655338100066	0.0715437575134735	NA	NA
chr6	72427858	72428371	14.2345200640938	-8.52892669219913	6.12155075919464	-1.39326243099244	0.163540446943472	NA	NA	NA
chr6	72494545	72494965	50.111237645648	-16.8674285873928	5.88701837495717	-2.86519040931574	NA	NA	KCNQ5	Intron
chr6	73363220	73363685	84.3291122827169	-8.21911616001181	4.10016046574669	-2.00458402266825	0.0450075361237388	0.102316280635254	KHDC3L	Promoter
chr6	74168220	74168727	102.646634597868	-14.7837713294128	5.47322168413993	-2.70110954435714	NA	NA	NA	NA
chr6	74216379	74216760	27.9668412077542	-19.1455340671731	6.01429386173271	-3.18333864412426	NA	NA	LOC101928516	Intron
chr6	75433753	75434261	21.6430553201197	-5.69767947172954	5.0106622804689	-1.13711105494748	NA	NA	MIR4463	Intron
chr6	75464880	75465433	84.1356708374904	3.50844434043879	4.28508959675872	0.818756355314627	NA	NA	FILIP1	Exon
chr6	76305503	76305832	68.5553086849	-2.99229038576531	4.20731781222548	-0.711210923280009	NA	NA	IMPG1	Intergenic
chr6	77097810	77098043	24.9151075715628	7.10059568795821	4.97710836053168	1.42665081280241	NA	NA	NA	NA
chr6	77264950	77265930	74.2616352070118	12.244253570312	5.46088129498066	2.24217537589879	NA	NA	LOC101928570	Intron
chr6	77339949	77340485	67.3862490770433	-3.18740912760935	4.85584863699172	-0.656406195062949	NA	NA	NA	NA
chr6	77556823	77557186	80.3431833535484	-3.21874879568112	4.88426722321077	-0.659003418237466	NA	NA	LOC105377864	Intergenic
chr6	77815394	77816036	35.2901555267373	0.156441004693034	6.01606632644179	0.0260038696723547	NA	NA	MEI4	Intron
chr6	78418630	78419070	14.2774048537964	1.132677042634	6.01155843749795	0.188416540304885	NA	NA	LOC105377865	Intron
chr6	79199079	79199540	22.8227254833806	12.5159915844154	6.00995667838838	2.0825427293715	NA	NA	HMGN3-AS1	Intron
chr6	79673190	79673983	105.624614389894	5.35255550539884	3.99444215178969	1.34000075655136	NA	NA	LOC124901349	UTR
chr6	81361649	81362470	1.65110566059197	-0.687941152334887	6.04067874713283	-0.113884743938984	0.909329159450733	NA	LOC105377871	Intergenic
chr6	82061057	82061532	32.4818434034977	21.5405900040332	5.26685644867976	4.08983806829077	NA	NA	LINC02542	Intron
chr6	82625021	82625648	29.6313582266007	-3.33283611511694	5.75744039032528	-0.578874619478022	NA	NA	LOC105377877	Intergenic
chr6	84668610	84669022	71.3343574388264	0.216880591056277	5.21831127641134	0.0415614515057115	NA	NA	TBX18-AS1	Intergenic
chr6	86201847	86202323	17.4678724230282	-30	6.01010590529405	-4.99159257303174	NA	NA	LOC101928842	Intergenic
chr6	86210289	86210753	67.1638447234237	15.3747713482963	5.91976698834672	2.59719198045499	NA	NA	NA	NA
chr6	87092993	87093421	61.7704051459163	0.965858986624551	5.01837036847726	0.192464667951087	0.847378241385438	0.87193917991458	CGA	Promoter
chr6	87329111	87329366	105.692354390232	-2.63770131606584	4.41632123546256	-0.597262104686904	NA	NA	GJB7	Promoter
chr6	87913049	87914082	59.9853344106875	1.82211394477245	4.54892201609919	0.400559503619489	NA	NA	LOC107986541	Intron
chr6	89545636	89546441	8.15086375123178	30	6.01282829930087	4.98933255810551	NA	NA	MDN1-AS1	Intron
chr6	89856685	89857704	151.877286488271	-2.6203950770169	4.11847813608526	-0.63625324462877	NA	NA	MDN1	Exon
chr6	90753586	90753988	71.8249175214402	1.38748868862228	5.80481950396172	0.239023571305763	NA	NA	NA	NA
chr6	90878711	90879099	54.4707168742648	11.5938755105745	6.00844369106479	1.92959709813306	NA	NA	NA	NA
chr6	90970423	90970822	64.5415158245065	29.652469977147	4.85471087964804	6.10797856190702	NA	NA	LOC107986623	Intron
chr6	92960123	92960798	24.6245305716854	9.90416580202825	5.96582917069291	1.66014907880407	NA	NA	LOC124901507	Intergenic
chr6	93061324	93061706	60.9961201762987	-7.41658699338789	3.88400777443585	-1.90951909061643	0.0561951614093436	0.109166010278807	NA	NA
chr6	95851991	95852487	28.0388288386031	30	6.0087685981571	4.99270349821776	NA	NA	LOC107986626	Intergenic
chr6	95904092	95904399	47.3651318934342	-0.0800588958657553	5.14123649308974	-0.0155719146499799	NA	NA	NA	NA
chr6	96001377	96002153	22.7646095814246	-14.5580654244258	5.87163134080559	-2.47939023747162	NA	NA	NA	NA
chr6	99486827	99487590	25.5920783416826	-6.91858154842658	4.61468603571376	-1.49925292747602	NA	NA	USP45	Intron
chr6	100618102	100618591	39.548046415311	17.0365758952365	5.85152070531977	2.91147835805282	NA	NA	SIM1	Intron
chr6	101087938	101088159	39.4438018051863	-9.88126989141394	4.25164321921229	-2.32410608838544	NA	NA	GRIK2	Intron
chr6	101402700	101403299	27.4156146903517	3.63528952504051	4.7395920328669	0.767004733705232	NA	NA	NA	NA
chr6	101711241	101711476	16.2577529274874	-1.54302394767694	4.79135773474859	-0.322043152087433	NA	NA	NA	NA
chr6	101879556	101880096	30.499894590141	-12.4598377203581	5.82132202268237	-2.14037939694956	NA	NA	LOC101927388	Exon
chr6	104924468	104924678	40.7592390794308	6.57374586131616	4.62331737879629	1.4218677461913	NA	NA	LIN28B	Intron
chr6	105036631	105037130	16.5246606970228	-7.80926667818626	5.5775487390932	-1.4001252240883	0.161475822783736	NA	LIN28B-AS1	Intron
chr6	105354289	105354686	62.6420192237824	2.15530228316714	5.16533509385099	0.417262819160153	NA	NA	LOC105377921	Intron
chr6	106903343	106903570	101.741119119369	10.2271728856031	4.62336294886318	2.21206359931527	NA	NA	CD24	Intergenic
chr6	107050461	107051013	55.9893097908198	9.34528050224968	5.71477616596065	1.63528373305567	NA	NA	MTRES1	Intron
chr6	107645682	107646254	22.6104497224816	-0.983068797097484	4.54823099566191	-0.216143111032648	NA	NA	SOBP	Intron
chr6	108086473	108086818	60.4891442580543	1.30685192571565	5.1836771858116	0.252109049014988	NA	NA	NA	NA
chr6	108118362	108118724	28.5238009132909	-2.03990420172998	4.7487026841751	-0.429570840163966	NA	NA	OSTM1-AS1	Intron
chr6	108509619	108510095	46.2442963334286	-28.3739619057643	5.28555403583404	-5.36820959797208	NA	NA	LOC124901370	Intron
chr6	109031091	109031546	54.8583585917783	1.10630469721972	5.53276393347528	0.199955159938447	NA	NA	SESN1	Intron
chr6	109435572	109435823	54.4542582107988	-8.41090166521661	3.56997315216643	-2.35601258236703	NA	NA	SMPD2	Intron
chr6	110138712	110139130	74.6060903200086	-15.6078406244219	4.9362857467282	-3.16185922477581	NA	NA	WASF1	Intron
chr6	112169549	112169960	24.4928551254452	30	6.01214621921207	4.98989859962715	NA	NA	LOC107986633	Intron
chr6	112234970	112235546	20.0357167849356	-11.0092414665214	5.42541757704717	-2.02919707288472	NA	NA	LAMA4-AS1	Promoter
chr6	112315609	112315915	41.9394946326984	28.6247243888142	5.48777937436974	5.21608512953416	NA	NA	LOC107986632	Intron
chr6	112724033	112724491	28.9605798553187	-8.58728000845259	5.79846408483108	-1.48095769548993	0.138617846971294	NA	LOC105377949	Intron
chr6	112876139	112876638	52.5124101090368	-10.8650336096728	3.60956585349956	-3.01006659821399	NA	NA	LOC105377950	Intergenic
chr6	114205537	114206257	73.4744945437014	-17.5857985503668	4.84366903575122	-3.63067716240843	NA	NA	LOC107986638	Intron
chr6	114239366	114240037	28.025073166272	8.85796656997857	6.12099382651231	1.44714515665927	0.14785627300585	NA	NA	NA
chr6	114739866	114740216	85.9149920414663	4.84585508777544	6.00678484741853	0.806730257678196	NA	NA	NA	NA
chr6	114792968	114793680	19.7426907257796	30	6.00891641331325	4.99258068119113	NA	NA	LOC107986639	Intron
chr6	114913585	114913817	66.5403828898424	-0.698817014769231	5.23051713832466	-0.133603809391792	NA	NA	NA	NA
chr6	115656413	115656806	104.097646848616	-30	5.12567391525956	-5.85288890709327	NA	NA	LINC02534	Intergenic
chr6	115728091	115728640	85.9388125950359	10.908432696307	4.70113621932837	2.32038217728255	NA	NA	NA	NA
chr6	115761044	115761568	5.20245712745305	-1.11792485208086	6.01791948641078	-0.185766003451072	0.85262826575087	NA	NA	NA
chr6	116805814	116806211	64.5349466937921	14.522795233733	5.48856849740253	2.64600783257163	NA	NA	GPRC6A	Intron
chr6	119391644	119392022	42.3623044428599	-4.69276769486165	6.00740195159555	-0.78116425913789	NA	NA	LOC105377975	Exon
chr6	120295258	120295549	88.9567963112998	-15.6378637722596	4.3270283549438	-3.61399613995889	NA	NA	NA	NA
chr6	120443131	120443449	12.2078905166361	25.6677725139656	6.01192307536474	4.2694778679297	NA	NA	MIR3144	Intergenic
chr6	120670424	120670697	42.3355655440899	-9.76754710517972	4.60782045242551	-2.11977597782443	NA	NA	NA	NA
chr6	123136516	123136751	91.4956701139908	21.8645183328209	4.89082069584061	4.47052134857767	NA	NA	CLVS2	Intergenic
chr6	123255745	123256094	3.39322799408512	5.81180336715878	6.124805409189	0.948896002220638	0.342673508041626	NA	TRDN-AS1	Exon
chr6	123587168	123587716	41.4006526647055	-1.94150041821241	4.43346060263732	-0.437919853637015	NA	NA	LOC105377981	Promoter
chr6	124074383	124074957	45.1513170560134	-9.15539941144931	4.37691009443924	-2.09174947940581	0.036460931806588	0.0956142249818817	NKAIN2	Intron
chr6	124171595	124172053	133.065231782076	-1.42865484460687	5.58901290212101	-0.255618455284779	NA	NA	NA	NA
chr6	125924718	125925561	10.1957344869691	-1.66587055400692	6.01308422462219	-0.277040948002285	NA	NA	HINT3	Intron
chr6	126188484	126188871	60.4967969432455	12.2742938107593	6.00741171792906	2.043191708357	NA	NA	CENPW	Intron
chr6	127373349	127373689	85.9906807743309	-9.18605996969858	6.00699315534752	-1.52922764054109	NA	NA	ECHDC1	Intron
chr6	127930298	127930663	32.0437206374628	8.08635054112396	5.77407124729663	1.40045908593697	0.161375887094367	NA	LOC105377995	Intergenic
chr6	128400157	128400481	51.0196057641177	16.2032405843295	5.1737529646093	3.13181566556553	NA	NA	LOC105377998	Intron
chr6	129951955	129952644	23.9229125004397	-9.26697633137093	5.46348679168548	-1.69616523013723	0.0898545931525257	NA	L3MBTL3	Intergenic
chr6	131752791	131753181	28.3140329790631	-11.1900490959522	5.71157310469681	-1.95918863171868	NA	NA	MIR548H5	Intergenic
chr6	132558567	132559196	28.438951814823	-26.8554248102067	5.88363172041148	-4.56442994503547	NA	NA	TAAR8	Exon
chr6	132668642	132669102	38.2911581865957	15.492084076253	5.51195728667564	2.81063209863816	NA	NA	TAAR1	Intergenic
chr6	132674133	132674493	61.3339995837646	1.13639262517968	5.55263196759555	0.20465837314836	NA	NA	NA	NA
chr6	132781628	132782054	28.36353483052	-30	6.01222094068184	-4.98983658384945	NA	NA	VNN2	Intron
chr6	133636153	133637186	13.6429630842548	-4.65930695205356	6.01092849512373	-0.775139307651613	NA	NA	LINC01312	Intron
chr6	134186662	134188049	90.1864074228562	-3.44201816603381	4.13071893659899	-0.83327338869194	NA	NA	HMGA1P7	Intron
chr6	135258759	135259274	42.7046806550928	-8.18475730266903	5.35126843158632	-1.52949854923326	0.126140898440709	0.15986841139277	MIR548A2	Intron
chr6	135364018	135364624	67.8229290887256	-14.0930647930242	4.18599543336373	-3.36671767023394	NA	NA	LOC124901407	Intron
chr6	136248660	136249314	13.4867618626019	-12.6585998692109	5.73333900314974	-2.20789314259223	NA	NA	MTFR2	Promoter
chr6	137411268	137411530	107.294317358881	4.54732593503918	4.92238909138219	0.923804650672648	NA	NA	LOC102723633	Intergenic
chr6	137618034	137618380	106.548353139644	14.6202958926199	4.14733670440374	3.52522520708186	NA	NA	LINC03004	Intergenic
chr6	138241836	138242363	25.1929074283627	25.1778308854342	5.69167124382815	4.42362705202557	NA	NA	PBOV1	Intron
chr6	138255947	138256541	58.0132635543438	15.5066866942522	5.56810125508875	2.78491463855484	NA	NA	NA	NA
chr6	138481802	138483089	44.6853073075269	-9.21500096758358	5.37736855628513	-1.71366363884674	0.0865905185125089	0.130185017714933	MIR3145	Intron
chr6	139163429	139164460	4.40000359289616	-6.83627407515125	6.12394661228018	-1.11631836591172	0.264285882843016	NA	HECA	Intron
chr6	139697684	139698521	46.5506088378943	1.62322483247967	5.44346196846394	0.298197147676172	NA	NA	FILNC1	Intron
chr6	139855980	139856557	62.4116170860288	16.12295760625	5.42625791130701	2.97128479143125	NA	NA	LINC02941	Exon
chr6	140416664	140417319	20.7035035107617	5.36367718454412	6.00943434246981	0.892542771727782	NA	NA	MIR3668	Intron
chr6	140595081	140596199	61.0288523499134	-15.4960108310318	4.86215932692281	-3.18706356355438	NA	NA	LOC105378026	Intron
chr6	140962561	140962948	23.2792713810329	13.0162219831481	5.53214094941212	2.35283628927265	NA	NA	LOC102723724	Intron
chr6	142701388	142701827	69.3764719103663	-0.550011064371044	5.19571308241493	-0.105858629151901	NA	NA	LOC153910	Intergenic
chr6	143109829	143110091	47.3483199314981	-7.61454710448401	4.01288598278023	-1.89752391101041	NA	NA	LINC01277	Intron
chr6	144403129	144403480	34.4052228652265	1.17692371013492	5.74629637636311	0.204814306998869	NA	NA	UTRN	Exon
chr6	144895656	144896030	64.7341372615996	0.626293576908497	5.54822846887344	0.112881720791081	NA	NA	NA	NA
chr6	146329193	146329655	28.2375737879784	-0.340845637753424	5.89785172356107	-0.0577914898049733	NA	NA	NA	NA
chr6	146361639	146362232	2.98850870212522	-2.85621308486066	6.04632140984806	-0.472388563434379	0.636649466014362	NA	RAB32	Intron
chr6	146367305	146367790	41.0386206658564	0.0108529247052771	5.16118865899787	0.00210279558108314	NA	NA	NA	NA
chr6	147094826	147095346	61.5992438960659	-3.95791524957423	5.07700330764672	-0.779577047667672	NA	NA	NA	NA
chr6	147102194	147102918	27.2517158468322	17.6092950918511	6.01359247612994	2.92824882326971	NA	NA	LUADT1	Intron
chr6	147542974	147543503	35.8663674178434	5.03123789405906	4.68881721442298	1.07302922335782	NA	NA	SAMD5	Intron
chr6	147773143	147773417	42.0405748928154	-8.06996909979704	3.80295044589035	-2.12202846569243	NA	NA	LOC105378044	Intron
chr6	148585608	148585999	4.45052847945897	4.49494644421711	6.11374700489752	0.735219570030679	0.462205782329497	NA	UST	Intergenic
chr6	149475272	149475882	10.398996362405	0.228681944260019	5.97228779522051	0.038290509784714	NA	NA	ZC3H12D	Intron
chr6	149581350	149581836	34.3391930431717	-13.9161422020101	5.39683347600809	-2.57857543018051	NA	NA	RPS18P9	Intron
chr6	149682705	149683051	8.16397445956931	-0.664151148539869	6.0130932915026	-0.110450830603013	NA	NA	KATNA1	UTR
chr6	149780371	149780717	37.9801839874331	16.4003041685334	5.46070508813382	3.00333087098431	NA	NA	NUP43	Intron
chr6	149837951	149838338	47.3070888425242	27.8297307255523	5.4501663022286	5.10621679822367	NA	NA	LRP11-AS1	Intron
chr6	150169438	150170047	46.1557178668047	-14.8646733541907	5.10172825662518	-2.91365447285187	NA	NA	LOC124901527	Intron
chr6	150204802	150205580	10.0239628971456	10.0098183470796	6.03975169552474	1.65732282578712	NA	NA	NA	NA
chr6	151187368	151187861	50.8418208079414	-0.888761925674568	5.5110433468096	-0.16126926785816	NA	NA	LOC102723831	Intron
chr6	151363741	151363955	85.7066989265814	-23.9488940707537	4.55517612599972	-5.2575122033284	NA	NA	ZBTB2	Intergenic
chr6	152378263	152378872	28.411172557521	2.07281149501898	5.36346060722163	0.386469044300996	NA	NA	SYNE1-AS1	Promoter
chr6	152529357	152529836	67.0093997421964	-2.67145357569675	4.76903378512262	-0.560166628307512	NA	NA	SYNE1	Intron
chr6	153289375	153290058	35.5520544084619	7.54766601664287	5.49176559323672	1.3743605564553	NA	NA	LOC105378066	Intron
chr6	153916902	153917576	12.4353661533036	13.6065301687603	6.01130029283863	2.26349200770589	NA	NA	NA	NA
chr6	154047668	154047983	66.4222758690283	-4.35529800783051	4.75766903785939	-0.915426855708754	NA	NA	NA	NA
chr6	154156755	154157082	48.2097095701333	14.1474383624306	5.86624385765212	2.41166898371881	NA	NA	OPRM1	UTR
chr6	155605144	155605437	37.9562460902333	-1.16038694463453	5.46991521234686	-0.212139841220073	NA	NA	LOC105378068	Intergenic
chr6	155768436	155769083	10.7158378140308	1.12352114870915	6.01336195343133	0.18683743925776	NA	NA	LOC105378069	Intergenic
chr6	156566873	156567212	39.3843283246153	21.8480470371145	6.01750237063533	3.63075005067389	NA	NA	LOC105378073	Intergenic
chr6	156621909	156622331	95.8353931792803	6.53422648849663	4.32052511389167	1.51236859322662	NA	NA	NA	NA
chr6	156670389	156670677	29.3870063646016	-2.14126299042028	6.01912457232924	-0.355743258789487	NA	NA	ARID1B	Intron
chr6	156863028	156863438	64.7754477259342	1.71187131114176	5.22141123719406	0.327856059095185	NA	NA	LOC124901444	Intron
chr6	157252754	157253271	26.0728308086746	-15.4148356691815	5.00323191704647	-3.08097564229669	NA	NA	LOC105378075	Exon
chr6	157490762	157491473	13.8419108128028	-12.9072751403537	5.28749697318083	-2.44109362252534	NA	NA	MIR3692	Intron
chr6	157518077	157518583	29.3207861275017	5.73069358208718	4.84826304116584	1.18200962559761	NA	NA	NA	NA
chr6	157657184	157658812	52.620598979303	-4.648361845934	4.97604318168133	-0.934148212991068	NA	NA	SNX9	Intron
chr6	159440121	159440716	60.5091149067514	10.0400484551387	4.14040062180098	2.42489782323805	0.0153126958342597	0.0831315297380008	LOC105378084	Intron
chr6	159597008	159597736	50.2806290528135	12.3493611697225	6.00798290400446	2.05549206231785	NA	NA	LOC105378085	Intron
chr6	160093858	160095148	48.7375754287774	-30	5.08925134497035	-5.89477665111758	NA	NA	CHP1P2	Promoter
chr6	160193227	160193783	48.282237132	17.3702655663805	5.38240929196658	3.22722866733791	NA	NA	SLC22A1	Intron
chr6	160247303	160247989	7.79560327446241	-3.21260250125824	6.02429095041306	-0.533274791623064	NA	NA	LOC105378088	Intron
chr6	160493510	160493701	34.3806527699465	-9.77315714974894	5.22466683665403	-1.87057997290557	NA	NA	NA	NA
chr6	160546985	160547252	47.4919135825136	-11.9641762043642	5.30332205572611	-2.25597768316677	NA	NA	LPAL2	Intron
chr6	160902672	160903109	98.4753775946684	-1.80100358818173	4.8132746292793	-0.374174284015745	NA	NA	LOC102724087	Intron
chr6	161088858	161089492	17.0120686506451	-3.43559512745877	6.01016148109544	-0.571631084832778	NA	NA	MAP3K4-AS1	UTR
chr6	162480504	162481116	8.17040086078983	-7.72696976424201	6.12234878081499	-1.26209238331133	0.20691554568817	NA	NA	NA
chr6	162493941	162494298	68.3096484927161	29.3772981181984	5.51008849330865	5.33154742503205	NA	NA	LOC105369171	Intron
chr6	162874557	162876953	63.3468665838368	29.4989392899354	5.50835713875358	5.35530622776763	NA	NA	PRKN	Intron
chr6	163925858	163926193	37.6443950306027	10.4256099533415	4.63956322577565	2.24711022266509	0.0246329837679143	NA	LOC105378102	Intron
chr6	164561462	164562215	26.8221327028	-8.46732377555205	5.05082572703866	-1.67642366479283	0.0936552367918162	NA	LOC107986667	Intron
chr6	165987655	165988591	5.20792889172371	9.57137027709705	6.02728024621956	1.58800817053436	NA	NA	PDE10A	Promoter
chr6	166572640	166573153	33.0391860831663	-1.06284310560393	5.55655992627452	-0.19127717863317	NA	NA	RAMACL	Intron
chr6	166665038	166665296	75.8348102616913	-13.4678513809148	4.35113204646724	-3.09525227850752	NA	NA	LOC107986671	Intron
chr6	166697419	166698113	31.3840230725032	-8.10228039549058	6.01373836209219	-1.34729512786316	NA	NA	NA	NA
chr6	167033245	167033709	3.96643321235362	3.32554864358887	6.03462422689192	0.551077998986138	NA	NA	CCR6	Intron
chr6	167720545	167721057	131.389254525023	-17.1610048791042	4.17384009589444	-4.11156261016911	NA	NA	LINC02487	Intergenic
chr6	168147779	168148244	19.1930599752357	-7.04178357430136	4.76703961283283	-1.47718167798416	0.13962694376606	NA	FRMD1	Intergenic
chr6	168939228	168940656	39.4474320951608	-1.30642479687711	4.27579628400885	-0.30553953231192	NA	NA	LOC105378145	Exon
chr6	169728231	169728436	57.1781062501621	-8.92695975637112	3.6655928038927	-2.43533862978208	NA	NA	PHF10	Promoter
chr6	169929852	169930651	13.5961376992686	3.47079572552471	5.7575072016568	0.602829593426465	NA	NA	LOC107986674	Intergenic
chr7	173869	174147	38.7245454510617	30	6.00791500574377	4.99341285143331	NA	NA	LOC124901806	Intergenic
chr7	222267	222679	109.586948669094	-23.1755202264319	4.69458673186394	-4.93664757946229	NA	NA	LOC124901808	Intron
chr7	251327	252016	38.7599367522732	17.1361797017691	5.10458322783498	3.35701837680431	NA	NA	FOXL3	Intron
chr7	763038	763962	19.2208917325686	-8.96222402220749	6.12127225307205	-1.46411132386893	0.143163533744034	NA	PRKAR1B	Exon
chr7	1263525	1264190	48.524053728258	6.70312830948179	4.35403655955737	1.53952044678358	NA	NA	NA	NA
chr7	1274513	1274750	37.4517221510478	-10.2437738319956	4.52463998000069	-2.2639975505839	NA	NA	NA	NA
chr7	1283743	1284318	29.751462291466	9.35993286452481	5.6799209013889	1.64789845264149	NA	NA	UNCX	Intergenic
chr7	1296010	1296709	2.70375952138492	-2.61711852868543	6.04475312515315	-0.432957057881354	0.665045966970209	NA	NA	NA
chr7	1544006	1544651	66.2586635540662	-19.6159530173335	5.72496225659231	-3.42638992855292	NA	NA	LOC100128653	UTR
chr7	2045602	2046246	28.8182042346954	-1.21004731676445	5.76191179806671	-0.210007955548792	NA	NA	LOC124901573	Intron
chr7	2161928	2162265	71.2880031509073	7.75601463241162	3.87545790183421	2.00131567130191	0.0453583819587697	0.102316280635254	MRM2	Intron
chr7	2398183	2398811	15.8441517859958	8.3115224728713	6.12125814163264	1.35781276995034	0.174523101837906	NA	CHST12	Intergenic
chr7	2826060	2826592	19.9585106669915	-3.84195478935717	4.38446793931198	-0.876264769759054	NA	NA	GNA12	Intron
chr7	2913762	2914127	46.5474347582213	14.0045551668821	4.34047858111399	3.22650023613013	NA	NA	CARD11-AS1	Intron
chr7	2935040	2935532	56.9025531792041	8.97859662054718	4.12049649656932	2.17900843454731	0.0293310416398586	0.0891473302352232	NA	NA
chr7	3183894	3184228	42.119381477112	-4.14687950495035	4.24021773033991	-0.977987397976832	NA	NA	LOC100129603	Intron
chr7	3350786	3351538	5.68785684755836	-9.7095578241603	6.03425152443315	-1.60907409723402	NA	NA	SDK1-AS1	Intron
chr7	3742420	3742671	92.489365610157	-11.743153200307	3.77343882401407	-3.11205607086402	NA	NA	NA	NA
chr7	3942114	3942409	135.016235020863	-11.1735584437699	3.64084994990145	-3.0689423067469	0.00214818071944484	0.0299481665004957	LOC105375131	Intron
chr7	3984255	3984728	101.103538552432	2.74060078212674	4.59024905435651	0.597048384450009	NA	NA	NA	NA
chr7	4650693	4651115	40.1810302692129	5.88696767385983	3.57192062942131	1.64812387637336	0.0993272536649577	NA	FOXK1	Intron
chr7	4841200	4841641	48.8155752958372	15.9634955952965	5.49328319295069	2.90600266445061	NA	NA	PAPOLB	Intron
chr7	5470186	5470773	17.5701700199712	-13.1986305303934	5.89564931541578	-2.2387068538629	NA	NA	MIR589	Intron
chr7	5674789	5675377	1.81208398693392	-8.28805496515701	6.05377891224117	-1.36907129997727	0.170976988538283	NA	RNF216-IT1	Intron
chr7	6272731	6273236	58.4025901398202	0.598047819466934	3.79254199939321	0.157690493490282	NA	NA	CYTH3	Promoter
chr7	6491685	6492077	23.9519320961406	27.0960009588309	5.10156117715136	5.3113155008681	NA	NA	DAGLB	Intergenic
chr7	6508740	6509452	88.5948891677009	-0.448678863837183	5.17947248829568	-0.0866263629840849	NA	NA	NA	NA
chr7	6640773	6641059	70.7456274916001	-1.3488091739588	4.12189017406231	-0.327230740509879	NA	NA	NA	NA
chr7	6647481	6648278	27.9528183765036	-2.60295964098161	4.82066845000237	-0.539958237737825	0.5892258335157	NA	ZNF316	Intron
chr7	6686898	6687402	12.644062935666	30	6.01055109257045	4.99122285759829	NA	NA	ZNF12	Intron
chr7	6847288	6847677	83.6588466455136	-1.04130595560899	4.14267770251921	-0.251360600651062	0.801535326108796	0.829536560208667	CCZ1B	Intron
chr7	7078674	7079517	48.9843785966372	9.64615071322113	4.85291431252645	1.98770266524638	NA	NA	LOC100131257	Promoter
chr7	7359522	7360088	20.5353229199882	26.2277927230919	6.01282058949991	4.36197826505801	NA	NA	LOC107986764	Intron
chr7	7528530	7528825	20.0846245958222	-1.44263028964843	6.00941670712003	-0.240061616618995	NA	NA	COL28A1	Intron
chr7	8236680	8237496	94.7990010761306	24.4199948470501	4.53230171053032	5.3879896808972	NA	NA	ICA1-AS1	UTR
chr7	8449080	8449362	31.6931577756202	28.8328716850749	5.85002777072083	4.92867261748437	NA	NA	NXPH1	Intron
chr7	8662699	8663160	30.852649331719	1.19115770259071	6.01100980810732	0.198162661618709	NA	NA	NA	NA
chr7	8867920	8868474	108.294713187459	-9.78260792899686	3.75843152434098	-2.60284319819082	NA	NA	NA	NA
chr7	9471023	9471625	27.1599254155376	5.6779615609953	6.0087098251196	0.944955194417678	NA	NA	LOC105375148	Intergenic
chr7	9572648	9573002	101.965294943867	-0.424991237239987	4.06687629301285	-0.104500655200688	NA	NA	NA	NA
chr7	10380667	10380915	41.2750790250545	-7.56341145412528	4.59371874709872	-1.64646811668698	NA	NA	LOC105375150	Intergenic
chr7	10917995	10918193	59.369874231822	-8.3622122154513	4.03110159129901	-2.07442358523061	NA	NA	COXFA4	Intergenic
chr7	11252198	11252530	51.3813347110983	-9.41667598918773	5.75576477388424	-1.63604253459318	0.101830685684646	0.140722288672077	NA	NA
chr7	11328323	11329549	121.590121633216	-12.7860205222581	5.04878799794179	-2.53249305129676	0.0113254614520225	0.0725441720034953	PHF14	Intron
chr7	11819956	11820150	50.9942676881508	19.9737782797588	5.6427971836889	3.53969452198196	NA	NA	THSD7A	Intron
chr7	12032409	12032871	25.7861399856457	0.819624252609773	4.2766823253051	0.191649552214823	NA	NA	LOC124901589	Intron
chr7	12398442	12398947	13.4546133577722	0.998844653777493	6.02382294224598	0.165815739166642	NA	NA	VWDE	Intron
chr7	13944613	13945243	7.44664784351031	7.22275749675297	6.12212399841883	1.17977968081313	0.238087853022654	NA	ETV1	Intron
chr7	15442142	15442972	17.960978221578	11.4365320647123	5.80122999296039	1.97139780332621	NA	NA	AGMO	Intron
chr7	16139458	16139889	39.4427491791643	-18.6243178510886	5.29530568676805	-3.51713743318486	NA	NA	CRPPA-AS1	Intron
chr7	16574297	16574618	44.2659984483994	-6.86167363847816	3.99364142310075	-1.71814965629804	NA	NA	LOC105375169	Intron
chr7	17046971	17047285	55.4971392891202	-13.7517983026968	5.39147922032746	-2.55065404886445	NA	NA	LOC105375170	Intron
chr7	17528453	17528894	41.7694758224392	-4.99092400742895	6.00761945949027	-0.830765670342978	NA	NA	NA	NA
chr7	17533146	17533797	48.9393822987716	-2.52935279943489	5.49430762176639	-0.460358788323854	NA	NA	LOC105375172	Intron
chr7	18063217	18063713	67.1762221871671	0.175679797827972	4.59989794808087	0.0381921076969258	NA	NA	HDAC9	Intergenic
chr7	18803362	18804249	44.7478427346628	-2.37798575890116	5.05377649695706	-0.470536392009614	NA	NA	NA	NA
chr7	18814508	18814768	20.4009762669932	-1.32042746203988	6.0092576636445	-0.219732209192552	NA	NA	NA	NA
chr7	18827851	18828299	3.0719564150629	1.39896873586255	6.03027381438626	0.231990914330468	0.816545070633031	NA	NA	NA
chr7	18864972	18865682	76.47770426868	13.0903599931047	5.04563228140905	2.59439437180884	NA	NA	HDAC9-AS1	Intron
chr7	19759763	19760223	47.8981216119033	-13.8623543649019	4.91582072722846	-2.81994709207336	NA	NA	TMEM196	Intron
chr7	19873690	19874366	62.6390703497734	-6.88169395939429	5.04122776187817	-1.36508292908996	NA	NA	LOC105379720	Intergenic
chr7	20880079	20880774	24.3253870811471	7.68769984873648	5.84873258135033	1.3144214993262	0.188704399369693	NA	LINC01162	Intron
chr7	21370301	21370843	68.6182746448424	9.73610045598213	4.18491711902304	2.3264739011737	NA	NA	SP4	Intergenic
chr7	21454310	21454706	46.8348282005072	16.0842485284479	5.12845702358535	3.13627441050548	NA	NA	MIR1183	Intron
chr7	21684213	21684558	72.7255119623704	-0.466870062674446	5.06211230021096	-0.0922283100386749	NA	NA	DNAH11	Intron
chr7	21823810	21824408	48.6834152619188	7.94972742311344	4.36525446373195	1.8211372301804	NA	NA	NA	NA
chr7	21841387	21841592	111.93863328568	9.11570274150019	4.31314654877598	2.11346928244001	NA	NA	CDCA7L	Intron
chr7	21896226	21896788	11.9001457152715	0.651939958895494	6.02887957441311	0.108136172044697	NA	NA	NA	NA
chr7	21903370	21903752	85.156253478477	-0.661956954969152	3.94239003501483	-0.167907525407151	NA	NA	NA	NA
chr7	23129849	23130092	40.2630588022428	-0.403843475818522	4.48761190282838	-0.0899907310531898	NA	NA	KLHL7	Intron
chr7	23469888	23470379	48.1051222192809	-5.72692554095208	4.12933589967215	-1.38688779021508	NA	NA	IGF2BP3	Promoter
chr7	24414705	24415195	35.1247919018205	-26.2351404464892	4.88829499981316	-5.36693068799898	NA	NA	LOC107986777	Intron
chr7	24702223	24702737	68.5622300111421	-13.9149019202269	5.4811825967475	-2.53866782845073	NA	NA	GSDME	UTR
chr7	24716953	24717507	31.0649195070018	1.0345058533726	4.83625853285853	0.213906234818497	NA	NA	NA	NA
chr7	24951560	24951980	51.4757582949838	12.4196388385526	5.75172760823267	2.15928842332099	NA	NA	NA	NA
chr7	24990348	24991110	20.4490557492718	30	6.01047179299086	4.99128870964583	NA	NA	OSBPL3	Intergenic
chr7	25332396	25333614	61.2139534375404	-29.4210147427833	4.53539648457372	-6.48697745452977	NA	NA	LOC105375194	Promoter
chr7	25384417	25385093	14.7669921175299	30	6.01855375910614	4.98458619807286	NA	NA	LOC124901604	Exon
chr7	25613737	25614602	26.958816278999	-5.2602682310749	5.89662135666363	-0.892081738490874	NA	NA	LOC105375196	Intron
chr7	25898395	25898932	24.8668950505906	-26.9828590745747	5.30564862610614	-5.0856852716946	NA	NA	LOC100506236	Intergenic
chr7	25920688	25921207	31.7612898367716	2.40749015525296	5.44933920191511	0.441794879351036	NA	NA	MIR148A	Intergenic
chr7	27404178	27404542	30.9990367858858	-13.7203090753072	5.4077182821268	-2.53717156839597	NA	NA	LOC105375206	Exon
chr7	27778266	27778804	29.2949504724751	19.7609683381668	5.32986431449587	3.70759313411076	NA	NA	TAX1BP1-AS1	Intron
chr7	28380360	28380677	119.670382574471	-14.4957703579626	4.61389104546964	-3.14176694141834	NA	NA	CREB5	Intron
chr7	29223863	29224291	15.1624393889682	26.4264956706155	5.84445214546859	4.52163778791565	NA	NA	CHN2-AS1	Intron
chr7	29335396	29335933	29.4332276703848	-12.3116911616913	5.82201373059055	-2.11467916968352	NA	NA	NA	NA
chr7	29571099	29571584	57.6155748947144	-0.381242344387791	4.64402375988079	-0.0820931080674697	NA	NA	PRR15	Intron
chr7	30073726	30073965	102.821797093093	-15.9895528204012	3.77980563477033	-4.23025794588848	NA	NA	PLEKHA8	Intron
chr7	30204320	30205343	92.5377543284902	-30	5.47100511801491	-5.4834531046619	NA	NA	LOC105375217	Intergenic
chr7	30251590	30251976	118.510880683005	30	5.48441480350289	5.47004577057866	NA	NA	ZNRF2	Intron
chr7	30372699	30373163	26.2464937693652	30	6.00863111504326	4.99281773595516	NA	NA	DKFZP586I1420	Promoter
chr7	30556740	30557396	42.9903370798595	-26.2575877250195	5.70388877203637	-4.60345367422815	NA	NA	GGCT	Exon
chr7	30656686	30657359	63.0177556125463	-0.647215983552759	5.18894585244148	-0.124729762452278	NA	NA	LOC124901609	Intron
chr7	30742542	30743045	2.86421821966465	-1.89142710828115	6.03297991910358	-0.313514570517946	0.753889752608557	NA	INMT-MINDY4	Exon
chr7	31247104	31248363	46.9132883944515	23.9553278752573	6.02241737348053	3.9776930740044	NA	NA	NEUROD6	Intergenic
chr7	31513155	31514161	18.2072218853828	-8.88400063013019	6.12131655015053	-1.45132187779306	0.146690252033484	NA	ITPRID1	Promoter
chr7	31775699	31776907	29.7553107870485	13.4079243819633	5.80539995158648	2.30956083883578	NA	NA	PPP1R17	Exon
chr7	31968429	31968917	6.46172920783754	-1.6413764398962	6.01757014995024	-0.27276398928391	NA	NA	NA	NA
chr7	32190309	32190744	50.5002283448949	-27.5641519342237	5.0854596058743	-5.42018894464994	NA	NA	PDE1C	Intron
chr7	32907693	32908374	104.8643661361	28.8202194230682	5.41072365948064	5.32649997243337	NA	NA	KBTBD2	Intergenic
chr7	33383430	33383708	37.0623850972525	-12.2953907183445	6.00805450999033	-2.04648454801791	NA	NA	LOC124901611	UTR
chr7	33609911	33610460	45.1233530464558	-2.99566493470718	5.13771857245954	-0.583072990950746	NA	NA	NA	NA
chr7	33697691	33698095	43.7453077231079	-3.30645386755517	5.14728090559792	-0.642369034874168	NA	NA	NA	NA
chr7	33711871	33712248	48.2645610686212	6.39057034033566	5.76036392996916	1.1094039227431	NA	NA	FLJ20712	Intron
chr7	33813994	33814426	30.2078823658222	-30	6.00825238666328	-4.9931324567177	NA	NA	LOC124901612	Intron
chr7	34703656	34704147	24.3464924092735	-9.29175622936182	5.40152313502414	-1.72021039197498	0.0853942047197931	NA	NPSR1	Exon
chr7	35092894	35093244	54.3287646599206	29.3816935184585	5.47372344503685	5.36777091745465	NA	NA	DPY19L1	Exon
chr7	35233076	35233466	53.3478425528879	-1.21266834582858	4.38585319803975	-0.276495425421575	NA	NA	TBX20	Intron
chr7	35462007	35462589	80.2562146361822	-13.7878514214913	4.20260384273674	-3.28078780142946	NA	NA	NA	NA
chr7	35485559	35486257	132.869430729395	30	5.21843065296235	5.74885477935208	NA	NA	LOC105375230	Intergenic
chr7	36052672	36053297	27.4918455583041	10.5526873835584	5.03464516069048	2.0960141274606	0.0360809377371859	NA	LOC124901617	Intron
chr7	36317851	36318134	54.9435013101721	-6.99293932811376	4.06993403975636	-1.71819475691856	NA	NA	ANLN	Intergenic
chr7	36658988	36659650	23.5988293564986	-6.78180652499383	6.00849233510878	-1.12870353272591	NA	NA	AOAH-IT1	Exon
chr7	36709372	36709778	5.08226302048952	-3.72186641530719	6.04320084696958	-0.615876670253902	NA	NA	AOAH	Intron
chr7	36953497	36953879	88.6858487259664	-1.65530245826388	3.86259457072761	-0.428546778066863	NA	NA	MIR1200	Intron
chr7	37772371	37772784	36.8437388260865	26.2943331743573	5.44273186762877	4.83109104285398	NA	NA	NME8	Intron
chr7	37960281	37961004	39.7226329750918	-29.5077755036834	5.10154041573763	-5.78409129380911	NA	NA	SFRP4	Intron
chr7	38084728	38085027	28.2576216207058	1.23335404963311	4.80905992441584	0.256464687281459	NA	NA	NA	NA
chr7	38184843	38185400	5.96051508755278	-0.892689027089835	6.01599960233611	-0.148385818832699	0.882038291109665	NA	STARD3NL	Intron
chr7	38198946	38199570	59.3824831399184	0.612421519412414	4.56471924316846	0.134164115422643	NA	NA	NA	NA
chr7	38475590	38476496	118.248939701879	5.43176559890157	5.75706582241719	0.943495483020368	NA	NA	TRG-AS1	Intron
chr7	38538486	38539129	115.939494976724	-2.58532524583808	4.2307085747968	-0.611085637342026	0.541142887731741	0.593754001816771	NA	NA
chr7	38547183	38547692	19.2811275715175	1.70822098476545	5.2816457752427	0.323425889856643	NA	NA	AMPH	Intron
chr7	38816769	38817331	21.4124892136388	6.81111947380412	5.4371366040611	1.25270339331124	0.210313670600108	NA	NA	NA
chr7	38890443	38890966	14.1003042285046	30	6.01104007108022	4.99081683789355	NA	NA	VPS41	Intron
chr7	39540170	39540820	20.3473679158684	14.8507338802986	6.00906238522582	2.47138953271833	NA	NA	LOC105375238	Intron
chr7	39783286	39783613	28.7975879063984	23.7935403528291	6.0702157798621	3.91971903729748	NA	NA	LOC101928688	Intron
chr7	40330201	40330857	18.1443448778677	-11.7499160225225	6.02099812605937	-1.95148973251925	NA	NA	LOC105375245	Intron
chr7	40558413	40558653	78.2367915165838	-0.313105761548437	4.2236355960835	-0.0741318123748113	NA	NA	SUGCT-AS1	Intron
chr7	40843438	40844802	44.5864508685134	3.38627283692593	4.16234774653341	0.813548757368043	NA	NA	LOC105375242	Intron
chr7	40971067	40971597	32.3166555784316	1.94077485940814	6.0102034994447	0.322913335561343	NA	NA	NA	NA
chr7	41031116	41031502	56.6888738131171	-9.55419286408129	5.00310266658479	-1.90965356915275	0.0561778328966262	0.109166010278807	LINC01450	Intergenic
chr7	41167688	41168027	45.7542470293802	-5.65915819291846	6.00744851315183	-0.942023586307752	NA	NA	LOC105375241	Intron
chr7	41519071	41519898	80.9596623827702	-3.35084415361165	3.97071589874602	-0.843889172395806	NA	NA	LOC105379725	Intergenic
chr7	41827024	41827411	33.4243573064506	-0.628192733308069	5.08309320063492	-0.123584736402158	NA	NA	INHBA	Intron
chr7	41985322	41985686	21.901982288349	5.1678348909249	5.20669959256095	0.992535635877364	NA	NA	GLI3	Intron
chr7	42402156	42402681	18.0282099679012	30	6.00998740598006	4.99169099258834	NA	NA	LOC105375249	Intergenic
chr7	42692617	42693383	29.6546012624349	5.48999107250875	5.74077814751376	0.956314794168867	NA	NA	NA	NA
chr7	42749328	42749783	42.959337903458	12.5694250624507	5.15748629154869	2.43712234059595	NA	NA	LINC01448	Intergenic
chr7	42965762	42966369	28.918492452342	-2.20047255673751	4.79383125418731	-0.459021696855817	NA	NA	NA	NA
chr7	43020826	43021530	40.6426255803095	27.4451384684901	5.25809712405978	5.21959519212907	1.79314631884236e-07	NA	LOC105375253	Intron
chr7	43385891	43386460	26.9470343424927	9.72571760532229	6.02079735122315	1.615353754324	NA	NA	LUARIS	Intron
chr7	43967072	43967381	49.3380520066594	-27.5884969840742	5.44974760862898	-5.06234397724976	NA	NA	SPDYE1	Intron
chr7	44209802	44211111	35.1220729273545	15.3417459550547	6.00799465026145	2.55355519572359	NA	NA	YKT6	UTR
chr7	44293787	44294406	31.6137654460452	-1.48032824837872	6.03105355078141	-0.245451020441846	NA	NA	LOC124901621	Intron
chr7	44355754	44356115	53.892300309996	-1.6629581254484	5.45988585834882	-0.304577452458194	NA	NA	CAMK2B	Intergenic
chr7	44590441	44591033	43.8314834548538	-12.4398970897729	5.95915091418595	-2.08752845311558	NA	NA	TMED4	Intergenic
chr7	44682726	44683031	42.1716700273796	-10.8979489264983	5.29124150666728	-2.05962039584967	NA	NA	LOC124901622	Intron
chr7	44708914	44709809	43.6723737840476	-6.48490104760527	5.06386376334039	-1.28062312705812	NA	NA	NA	NA
chr7	45254535	45255052	57.4679783748973	-13.5154456586308	4.23114608662197	-3.194275352809	NA	NA	LOC124901624	Intergenic
chr7	45360475	45360673	65.4473306797827	-9.01825987793119	3.62027971450952	-2.49103952984279	NA	NA	LOC107986736	Intron
chr7	45363943	45364507	63.0967502519496	-2.31289134474091	4.04565808744114	-0.571697186156381	NA	NA	NA	NA
chr7	45778740	45779038	47.5512680455172	-6.86757467795729	4.93479155018515	-1.39166459375566	NA	NA	SEPTIN7P2	Exon
chr7	45980332	45980602	91.8463221890056	0.503060076797092	4.60484460337703	0.109245831320381	NA	NA	LOC102723446	Intron
chr7	46515233	46515920	33.4914563872008	8.37357289693104	5.39699917655444	1.55152384186149	0.120776198269392	NA	LOC105375266	Intergenic
chr7	46873231	46873570	116.208021522455	8.93000583564421	3.84978959519026	2.31960880324496	0.0203620492005338	0.0831315297380008	LOC105375267	Intergenic
chr7	47088058	47088548	10.3209923043929	-3.98314431405081	6.02581294311145	-0.661013601260929	NA	NA	LOC105375268	Intron
chr7	47409925	47410559	180.293318032909	-2.70378052511329	4.1086467297331	-0.658070820629772	NA	NA	LOC124901628	Intron
chr7	47998496	47998827	46.8543072578552	-6.75900378973178	6.00782852551361	-1.12503274037003	NA	NA	HUS1	Intron
chr7	48117993	48118270	91.4478455420323	-9.52393882043914	4.11098473566164	-2.31670498258523	0.020519807973304	0.0831315297380008	LOC105375271	Intergenic
chr7	49006282	49006820	33.5284055465881	25.9878737974952	5.3011146700762	4.90234137816181	NA	NA	NA	NA
chr7	49018718	49019102	26.6306606796087	28.3707221304122	5.44262950321222	5.21268664598021	NA	NA	CDC14C	Intergenic
chr7	49044209	49044650	9.34697328468667	10.885067250325	6.01675896156121	1.80912469983684	NA	NA	NA	NA
chr7	49387741	49388473	40.6325952061802	26.2604680411315	5.68157598757683	4.62203939515231	NA	NA	LOC124901804	Intergenic
chr7	49672523	49672973	81.6152018144901	29.9384538224155	5.51742538475742	5.42616378739335	NA	NA	VWC2	Intergenic
chr7	49747635	49748406	16.1888853868148	3.63718872259303	6.01509952679189	0.604676399183855	NA	NA	NA	NA
chr7	49788305	49789458	99.1662980722483	15.3625468677028	4.8794741172829	3.14840216352195	NA	NA	NA	NA
chr7	49854462	49855098	10.5914802106087	-9.04376474305429	6.0277613159463	-1.50035216542653	NA	NA	NA	NA
chr7	50262492	50263211	38.1256269285709	-2.75720110712995	5.46434958130644	-0.504579925955388	NA	NA	IKZF1	Exon
chr7	50358891	50359436	54.9083351073787	-11.9088328094808	4.93980125028541	-2.4107918934578	0.0159179282142421	0.0831315297380008	LOC124901631	Intron
chr7	50712800	50713619	64.3132151822672	11.442595066149	5.30537317680883	2.15679362880024	NA	NA	GRB10	Intron
chr7	50874303	50874921	129.327460313798	-10.338833381054	3.90240934480769	-2.64934620321424	0.00806476695887743	0.0670649041843492	NA	NA
chr7	50897697	50898092	122.788759214434	-15.1070942954027	4.32276933729065	-3.4947722435894	NA	NA	LOC124900241	Intron
chr7	51277781	51278541	8.43246625151726	-1.86930799140794	6.01570783543551	-0.310737828788291	NA	NA	NA	NA
chr7	51302526	51303104	32.6711868827206	15.2699400580533	5.28945098321187	2.88686672898914	NA	NA	COBL	Intron
chr7	51536385	51537216	28.344959185869	-5.36938508811424	5.3595818078137	-1.00182911291442	NA	NA	LOC105375277	Intron
chr7	52220807	52221557	27.445281553171	-5.75061001723669	4.59321194178421	-1.25198011546641	NA	NA	LOC124900240	Intergenic
chr7	52644231	52644587	20.4908375198536	0.41195036510683	5.84253936221287	0.0705087872871092	NA	NA	LOC101928257	Intergenic
chr7	53805976	53806476	34.2463697298467	10.1059095752774	5.84172342070423	1.72995344823414	0.0836385927448504	NA	LINC01446	Intron
chr7	54324128	54324614	21.3142967656911	27.3907777388855	5.83154680630992	4.6970004097794	NA	NA	VSTM2A	Intergenic
chr7	54419813	54420293	70.4053315262657	7.35361824269472	4.08246377636331	1.801269685544	0.0716603834520016	0.119446092753972	NA	NA
chr7	54691517	54692338	74.7475445782964	-9.09870080010042	3.87981254071458	-2.34513928305017	0.01901997287754	0.0831315297380008	SEC61G-DT	Intergenic
chr7	55365649	55367142	155.890433589274	-2.09827365774842	3.54519897414695	-0.59186343927376	0.553942037853538	0.606393824347753	NA	NA
chr7	55456373	55456798	125.440000783948	6.29309312315721	5.1002675225223	1.23387510466216	NA	NA	LANCL2	Intron
chr7	55607216	55607636	24.3561370902515	6.98673811071497	5.35387486134745	1.30498718996144	NA	NA	VOPP1-DT	Intergenic
chr7	56041349	56041872	42.1545051148861	-1.66077311452962	5.87485981441372	-0.28269153086087	NA	NA	PSPH	Intron
chr7	56051727	56052211	11.307266855927	-2.14092389289301	5.15367201726939	-0.415417179385689	NA	NA	CCT6A	Promoter
chr7	56083764	56084343	5.73960797654931	5.85886525991375	6.12264927329064	0.956916687270065	0.338609307781098	NA	NA	NA
chr7	56090653	56091210	20.9958530241865	26.5575059198898	5.05125679031737	5.25760360684833	NA	NA	PHKG1	Promoter
chr7	56166554	56167084	74.6993570865036	-0.22685260225264	5.16607502019003	-0.0439119837335027	NA	NA	NUPR2	Intergenic
chr7	56493872	56494414	11.74760126632	13.3785595917604	6.011789066635	2.22538739191807	NA	NA	DKFZp434L192	Promoter
chr7	56704787	56705434	3.99804011027096	1.38502885028728	6.02740530683448	0.229788570666849	0.818256066388909	NA	LOC105375289	Intergenic
chr7	56777977	56778455	101.640288038386	-15.4402257820132	4.88223541783969	-3.16253200851286	NA	NA	LOC401357	Intergenic
chr7	56826114	56826853	7.14836225648844	-4.17709509710635	6.00978976849043	-0.695048455606056	NA	NA	NA	NA
chr7	57388291	57388647	50.155270539272	-5.18356332239693	5.80360258430842	-0.893163039180538	NA	NA	MIR3147HG	Intergenic
chr7	57417197	57417762	85.9181242702985	-12.4254808022784	5.34094362955595	-2.32645795651497	0.0199941328837899	0.0831315297380008	MIR3147	Intron
chr7	57436244	57436667	22.5251417917866	-9.18143989512945	5.02925631336179	-1.8256058794888	0.0679096495462648	NA	ZNF716	Intergenic
chr7	57746534	57746995	93.6632870418528	6.91889733118044	3.88229367786905	1.78216742608152	0.0747219330244957	0.12006168221563	LOC102723842	Intron
chr7	64590061	64591226	58.5883901038299	-10.8244425039674	4.05976476623346	-2.66627332548877	NA	NA	LOC641746	Exon
chr7	64634062	64635053	101.064393776936	-30	6.01011943782813	-4.99158133383803	NA	NA	LOC124901656	Intergenic
chr7	64890799	64891455	26.9437210207081	0.260942296281801	5.40588494152499	0.0482700425747852	NA	NA	LOC441239	Promoter
chr7	65400126	65400664	32.2226100444127	2.57501927275652	5.06636119681411	0.508258130978851	NA	NA	NA	NA
chr7	65402645	65403227	32.9474506156975	28.8294329531129	5.84578743690527	4.93165946662869	NA	NA	ZNF92	Intergenic
chr7	65761328	65761793	54.8342279080519	-10.4731541639199	6.120753202423	-1.71108911232918	0.0870646637460626	0.130185017714933	SNORA15B-2	Promoter
chr7	65812386	65813044	63.3631394237493	14.7126427326394	4.82820466349361	3.04722847477505	NA	NA	LINC03129	Intergenic
chr7	66493624	66494202	18.6740378921019	7.12218319002347	3.39528248397726	2.09767028918327	NA	NA	LINC00174	Promoter
chr7	67305065	67305548	29.7829781963494	1.20325681804404	5.03258498289897	0.239093194080732	NA	NA	STAG3L4	Promoter
chr7	68992895	68993368	48.5113120025184	8.74974549681939	4.1447156349632	2.11106050871379	0.0347671112744042	0.0956142249818817	LOC105375342	Intergenic
chr7	69120682	69121247	46.7804561924619	6.32650137501152	5.26153943945321	1.20240500861265	NA	NA	NA	NA
chr7	69148614	69149102	12.6920677545228	6.74387459622059	5.52569178043186	1.22045797416763	0.222291311653502	NA	NA	NA
chr7	69156088	69157103	132.680583296278	-1.36266988803544	4.24026364888195	-0.321364424684946	NA	NA	NA	NA
chr7	69510308	69510500	34.4551522953635	-11.5839361292236	5.97111989277658	-1.93999389348001	NA	NA	LOC124901667	Intergenic
chr7	69589985	69590730	27.9720008071528	30	6.01669195079812	4.98612863103627	NA	NA	CT66	Exon
chr7	69637454	69638157	31.7096936303244	-27.9325734207227	6.00877338588846	-4.64863153040886	NA	NA	AUTS2	Intron
chr7	69691066	69691581	37.1126241402029	-15.7854234107791	5.31868576997571	-2.96791803341507	0.00299824272506247	NA	NA	NA
chr7	70749424	70749936	47.5542409609075	-8.03763674514551	5.68729509239695	-1.41326177287523	NA	NA	LOC107986709	Intron
chr7	71036109	71036443	82.0979583122628	5.36085761618911	4.17272759021615	1.2847370215968	NA	NA	GALNT17	Intergenic
chr7	71233340	71233774	50.609677542539	0.176816215658836	4.85428069197756	0.0364248025358426	NA	NA	MIR3914-2	Intron
chr7	71347481	71347722	84.4987262283732	4.28550713419006	4.27773621122614	1.00181659704578	NA	NA	NA	NA
chr7	71552181	71552872	45.5665257938762	-8.32837821926947	3.99582153157099	-2.08427182081756	NA	NA	NA	NA
chr7	71661017	71661328	135.836099955611	-14.7233979426733	4.11836028998284	-3.57506310909351	0.000350143425525627	0.0110645322466098	MIR3914-1	Intron
chr7	72109844	72110339	62.7609459400399	11.1126172652391	3.86409125959733	2.87586822325649	NA	NA	NA	NA
chr7	72227795	72228395	69.21485686314	-16.9135531451039	5.51132926118706	-3.06887002092503	NA	NA	CALN1	Intron
chr7	72260961	72261673	26.0641877876238	11.0826383150739	5.30321125656726	2.08979762994537	NA	NA	NA	NA
chr7	73710702	73711405	15.8086433307274	4.41336847586848	6.00994535976322	0.73434419311299	NA	NA	MIR4284	Promoter
chr7	73754066	73754708	24.4431877713632	14.7734869338953	5.47514661253666	2.6982815218259	NA	NA	ABHD11	Intergenic
chr7	73807311	73807814	13.4224167130174	1.71048951455682	5.4652351909473	0.312976377922417	NA	NA	CLDN4	Intron
chr7	73991464	73992012	29.6589300002889	14.4410138319966	5.4507668708669	2.64935451728462	NA	NA	ELN	Intron
chr7	74023609	74024300	47.6283973567125	6.05589095699982	4.67944194031577	1.29414811301007	NA	NA	NA	NA
chr7	74061609	74061849	57.2997857499983	8.92143446949545	5.00299881502649	1.78321738608052	0.0745509233747312	0.12006168221563	ELN-AS1	Promoter
chr7	74504425	74505337	31.831147298336	8.64516467612463	4.88637325535731	1.76923952067032	NA	NA	GTF2IRD1	Intron
chr7	74639507	74640201	18.8331903867638	6.55146994168338	5.44235660542571	1.20379284502452	0.228669655854827	NA	GTF2I	Intron
chr7	75025454	75026099	60.1704300629413	-3.20471463966859	4.77476366806002	-0.67117764615367	NA	NA	RCC1L	UTR
chr7	75688947	75689527	38.5142780021024	-8.03475915190847	4.93374600382558	-1.62853116996262	0.103412305519319	NA	HIP1	Intron
chr7	76153587	76154019	44.3405838249359	-0.972003331544881	4.83567645136082	-0.201006692925319	NA	NA	NA	NA
chr7	76164694	76165365	85.3683947018932	-14.1685011952887	4.89496667974079	-2.8945041145896	NA	NA	LOC124901674	Intron
chr7	76383093	76383624	28.8384683048133	-0.0756998744456133	6.01684450175225	-0.0125813247165633	NA	NA	ZP3	Intergenic
chr7	78308311	78308914	26.1520994069872	9.99211505704315	5.32504828592593	1.87643651672648	0.0605953642367646	NA	RPL13AP17	Intron
chr7	78716229	78716784	20.3140860429527	6.73519901286064	5.57287771775403	1.20856752183952	NA	NA	MAGI2-AS2	Intron
chr7	79077501	79078213	8.88129591203582	-0.506771661007832	5.97711446402898	-0.0847853364792739	NA	NA	LOC105375366	Intron
chr7	79264297	79264627	40.0974453677478	-1.64752565031794	4.81359124779317	-0.342265382644041	NA	NA	NA	NA
chr7	79922060	79923214	116.146661536678	7.57118270303515	5.4131284623973	1.39867042794734	NA	NA	GNAI1	Intron
chr7	80383767	80384365	24.7597467871597	-4.27255228949449	4.70952706860437	-0.907214721829941	NA	NA	LOC105375373	Exon
chr7	82625253	82625598	67.602572525491	1.56213799615981	5.51685033640615	0.283157581029728	NA	NA	LOC105375376	Intron
chr7	84743015	84743534	28.6290408798755	-2.71501705960815	5.67080370103824	-0.47877112359066	NA	NA	LINC03017	Intergenic
chr7	84889021	84889338	38.3516630446571	12.2843770603225	5.98532549659555	2.05241587400884	NA	NA	NA	NA
chr7	85191533	85191998	43.2038398309434	28.6929336182405	5.49401159435969	5.22258337563348	NA	NA	SEMA3D	Intergenic
chr7	85344200	85344504	37.2191115448478	13.0631340137922	6.00780768511401	2.17435954985038	NA	NA	LINC00972	Intergenic
chr7	85619193	85619606	68.2646167235338	12.509140044431	4.85632567319863	2.57584455537386	NA	NA	NA	NA
chr7	86224908	86225434	20.7483857314149	4.24555043377956	6.0219940088047	0.705007415745047	NA	NA	NA	NA
chr7	86421842	86422547	3.92072978015004	9.64057128252092	6.02031382977139	1.60134032130465	0.109301562968475	NA	GRM3	Intergenic
chr7	87365672	87366377	21.1588363547441	-7.09049333281344	4.62747101771533	-1.53226099216374	NA	NA	CROT	Intron
chr7	87615061	87615607	76.8311745787502	-1.14282918877789	5.14235585174754	-0.222238449015448	NA	NA	NA	NA
chr7	87668968	87669235	7.05017705390209	0.660112445862896	6.01470542602295	0.109749754827042	NA	NA	RUNDC3B	Intron
chr7	87909531	87909909	37.9304962302959	6.91552944480724	5.79785159757859	1.19277448351652	0.232957705885945	NA	ADAM22	UTR
chr7	88645607	88646128	88.4009296796777	-3.4300283281166	4.90157478669036	-0.699780882142293	NA	NA	ZNF804B	Intron
chr7	88817462	88817832	55.1948253760053	6.09393752965573	5.3705225683302	1.13470103739839	0.256500602518423	0.296539720960323	TEX47	Intron
chr7	89932766	89933153	73.9642601108396	-16.7541909543156	5.82307130547427	-2.87720861988501	NA	NA	DPY19L2P4	Intron
chr7	90107950	90108389	5.35497240373478	6.74635718662882	6.12276333547588	1.10184843296813	NA	NA	NA	NA
chr7	90247949	90249258	43.4191069626938	-26.4302604838038	5.8995448975759	-4.48005073995859	NA	NA	CFAP69	Promoter
chr7	90520553	90521103	11.6564711866386	-10.588145630368	6.03981934975625	-1.75305667557679	0.0795922791829456	NA	NA	NA
chr7	90606880	90607275	49.2085721741322	-2.98963320821849	4.73903813734542	-0.630852320992955	NA	NA	NA	NA
chr7	90709812	90710505	15.2000754470637	30	6.00981911090104	4.99183077666745	NA	NA	CDK14	UTR
chr7	90834926	90835310	33.8120061743371	-0.920642372937808	6.00794541460923	-0.153237472946929	NA	NA	NA	NA
chr7	90931059	90931907	31.5966418986993	30	5.73330899462999	5.2325803524804	NA	NA	FZD1	Intron
chr7	91038613	91039378	46.6806635734266	5.0901179030167	4.49384636722034	1.13268623069666	0.257346042016136	0.296793245536857	NA	NA
chr7	91646454	91646765	16.2733791356725	-4.31640490786916	6.00966819415245	-0.718243465099973	NA	NA	NA	NA
chr7	91714428	91715068	69.3208347887348	-29.1787292149561	5.71481840037927	-5.10580164944867	NA	NA	LOC101927473	Intron
chr7	91772656	91773074	60.6991753522841	4.10170897352237	5.60645842753025	0.731604278626435	0.464410135970138	0.517953892823166	MTERF1	Intron
chr7	92277456	92277967	95.035621817545	9.23258554563961	3.50906516205264	2.63106699912035	0.00851172540324261	0.0695613420885689	NA	NA
chr7	92304281	92304595	39.2487535883676	17.111116392324	5.43499119242534	3.14832458535931	NA	NA	KRIT1	Intron
chr7	92468897	92469969	65.7265292038024	-1.35546381597206	5.92845660456901	-0.228636879103984	NA	NA	ERVW-1	Exon
chr7	92589761	92590513	5.53191204892829	2.20166525766282	4.56114557145329	0.482700063651184	0.6293087180497	NA	FAM133B	Promoter
chr7	92943345	92943696	118.430441043133	-14.4001843948122	3.99382856349509	-3.60560904552454	NA	NA	CDK6	Intergenic
chr7	93054624	93055163	25.1904354599941	-9.34351298535935	5.40106133903626	-1.72994017265254	0.0836409648481786	NA	SAMD9	Intergenic
chr7	93140580	93141274	9.52322843129341	0.767030899264768	5.8831329494504	0.130377964573523	NA	NA	SAMD9L	Intron
chr7	93870223	93870810	18.6456887418327	-8.905185422849	5.46071826524415	-1.63077181247893	0.102938477255391	NA	TFPI2	Intron
chr7	93976464	93976968	23.0664930446758	-1.9051289307488	5.8835350076823	-0.323806848818137	NA	NA	LOC130890646	Intron
chr7	94074699	94075097	40.5072347027554	10.6247675256649	5.30248580417937	2.00373332773293	0.0450986341671852	NA	LOC124901812	Intron
chr7	94491594	94492083	3.15557563579235	5.98447816652127	6.12434461531715	0.977162217742276	0.328488849572665	NA	CASD1	Intron
chr7	94794460	94795089	16.6817619771338	-17.4223955799529	6.02264640611343	-2.8928139567131	NA	NA	PPP1R9A	Intergenic
chr7	95552816	95553061	58.1214551755031	-7.65924876322081	4.22035311127377	-1.81483600098787	NA	NA	LOC124901699	Intron
chr7	97031517	97031939	25.513069068133	-8.40332720633069	5.30853512080748	-1.58298419716445	0.113425066305922	NA	DLX5	Intron
chr7	97299312	97299836	53.5555017892641	-11.0068310451626	4.17841718738874	-2.63421064760679	NA	NA	SDHAF3	Intron
chr7	97863852	97864398	31.7029686318648	9.28196841128636	6.02018081504293	1.5418089084788	NA	NA	MIR5692A1	Exon
chr7	97881136	97881606	0.832596100004977	4.0649882937236	6.13505910179966	0.662583395900974	0.507597407250392	NA	NA	NA
chr7	97914800	97916137	40.4695659368642	-20.0057322226283	5.71754499646011	-3.49900739478472	NA	NA	NA	NA
chr7	99225288	99225568	73.8652214125813	-16.6407153932892	4.81878906020059	-3.45329815964107	NA	NA	MYH16	Intron
chr7	99400919	99401538	19.9372152376864	14.1243702175086	5.87259501366111	2.40513268574656	NA	NA	PDAP1	Intron
chr7	99633328	99633724	21.1390671993023	-15.8574536875059	5.44659031040531	-2.91144602104759	NA	NA	ZSCAN25	Intergenic
chr7	99695646	99695974	75.676675656991	14.9003498909513	5.09832478368504	2.92259723010062	NA	NA	CYP3A5	Exon
chr7	99960115	99960361	54.3875049321488	0.633798741040259	4.78878756949756	0.132350565115328	NA	NA	LOC124900245	Intergenic
chr7	100171789	100172496	37.3781808285799	2.2142758843855	4.80187556384608	0.461127293896798	NA	NA	GAL3ST4	UTR
chr7	100683277	100683995	27.9887313663497	-4.38486656921267	5.09961652677082	-0.859842410933054	NA	NA	GNB2	Exon
chr7	101030893	101031320	24.1818761389555	4.00783489174722	4.7522787652398	0.843350125220397	NA	NA	MUC17	Exon
chr7	101548292	101548998	92.406016400533	-16.7604474261391	5.23258686755688	-3.20309014458169	NA	NA	LINC01007	Intron
chr7	101553267	101554385	125.63091207622	-3.27066440524138	4.24479242757033	-0.770512212563823	0.440996113488594	0.49416585766807	NA	NA
chr7	101595485	101596091	81.9426759645797	-0.553478850621748	5.56666731259085	-0.0994273268980659	NA	NA	LOC107986832	Intron
chr7	102106515	102106760	50.3947965250582	11.4428481366151	6.00909623119393	1.90425443300674	NA	NA	LOC124900244	Intron
chr7	102722923	102723268	40.0641074129513	7.86830447432345	5.62510177055778	1.39878437675684	NA	NA	RASA4DP	Intron
chr7	103381385	103381852	107.143211453351	-7.01582815541844	4.63978908778878	-1.51210066291225	NA	NA	DNAJC2	Intron
chr7	103488431	103488917	5.98155973070563	-1.40125415263089	6.01774999422844	-0.232853500722832	0.81587516698998	NA	SLC26A5	Intron
chr7	103832714	103833246	51.8869628625883	-9.42640102551384	5.05225762456029	-1.86577995937692	0.0620721572867083	0.113191061634547	RELN	Intron
chr7	104082391	104082929	1.9138979735834	-8.87251510749474	6.03950498214379	-1.46907985567144	0.141811130887973	NA	NA	NA
chr7	104407535	104408121	13.2552973692168	4.26543514324228	5.8735579592204	0.726209764653184	NA	NA	LHFPL3	Intron
chr7	104707104	104707321	79.9084538938051	-17.6954724265468	5.54675292291004	-3.19023988854061	NA	NA	LHFPL3-AS1	Intron
chr7	105828206	105828621	137.816173689734	7.89229615583267	4.67883026149667	1.68680967565343	NA	NA	ATXN7L1	Intron
chr7	105921175	105921987	19.6979396176583	-30	6.02311110812124	-4.98081464237802	NA	NA	CDHR3	Intron
chr7	106674276	106674583	58.9375457467275	7.02191111489146	4.44796290831336	1.57868023174548	0.114409421327645	0.150221788668431	CCDC71L	Intron
chr7	106959387	106959633	31.6301383299896	-1.49450600272524	5.47714016917616	-0.272862471392627	NA	NA	NA	NA
chr7	106984048	106984243	31.5997766915014	-21.0700988078724	4.56065875060368	-4.61996828968697	NA	NA	PRKAR2B	Intergenic
chr7	107821831	107822177	51.5907349324222	16.0602561238674	5.11902514517775	3.13736613288499	NA	NA	SLC26A3	Intergenic
chr7	108180587	108181006	63.2282795005501	0.43299142487691	4.58123693555877	0.0945140866904536	NA	NA	LAMB4	Intron
chr7	108649852	108650479	18.2397761796549	-11.0789539634953	5.73569274092336	-1.93158079833122	NA	NA	LOC105375448	Intergenic
chr7	108823768	108824509	82.8236345052144	0.182671149808885	5.21723578083125	0.0350130140715589	NA	NA	NA	NA
chr7	109246757	109247293	22.3655610604912	26.9608202923381	6.0098221450997	4.48612615172339	NA	NA	LINC02903	Intergenic
chr7	109700702	109701049	56.1669952165289	-3.52064779984794	5.5345007664642	-0.636127439204812	NA	NA	NA	NA
chr7	109920293	109921160	4.65037394198087	-11.4800629247456	6.0195043856036	-1.90714420811813	0.056501915882845	NA	EIF3IP1	Intergenic
chr7	109938755	109939034	42.0758698245448	-0.570506232668567	5.48361749227552	-0.104038298344516	NA	NA	NA	NA
chr7	110177919	110178470	82.1768001696881	-7.68130809263348	5.72753479012539	-1.34111941246983	NA	NA	NA	NA
chr7	110477604	110478247	36.1581384421768	-1.45721095593146	5.49051811736808	-0.265404999087769	NA	NA	LOC105375451	Intron
chr7	111333408	111333879	112.646936149697	-15.8272191155563	4.79872540220978	-3.29821312723332	NA	NA	IMMP2L	Intron
chr7	111901142	111901541	39.2340037550652	-10.168886543068	5.75986398355348	-1.76547338133398	NA	NA	DOCK4-AS1	Intron
chr7	112286522	112286874	52.212471347302	-9.44005214881522	5.74970892474316	-1.64183131222367	0.100624967933088	0.13946267485463	ZNF277	Exon
chr7	112590101	112590547	61.5299598395997	-12.1505252920028	3.9933158022501	-3.04271585161294	NA	NA	LOC101928012	Intron
chr7	112885268	112885810	32.8957817066422	-25.8696798301399	5.06032354302483	-5.11225806219422	NA	NA	SAMTOR	Intron
chr7	112999200	112999805	66.88552631305	-30	5.2712935006015	-5.69120273735028	NA	NA	HRAT17	Intron
chr7	113373309	113373928	9.56479694826901	0.244170352409794	6.01259315091374	0.0406098244602974	NA	NA	LOC124901813	Intergenic
chr7	113627784	113628446	22.9034446498748	-8.24780558978147	5.31219103179054	-1.55261840931979	0.120514324948914	NA	NA	NA
chr7	113666170	113666473	13.8615023430835	7.14890606720391	5.95667946293981	1.2001495315774	0.23008127175943	NA	NA	NA
chr7	113793705	113794280	21.7073787699139	-18.6145970651221	5.43041094338842	-3.4278431704668	NA	NA	LOC124901814	Intergenic
chr7	113942175	113942763	73.8348225776513	3.27629353842671	4.46705770436235	0.733434344317338	NA	NA	PPP1R3A	Intron
chr7	114456486	114456729	40.70402749357	1.03561658579983	5.43447199555766	0.19056434307627	NA	NA	NA	NA
chr7	114465620	114466000	28.0253272136213	3.49147562666356	4.79747061424087	0.727774260106861	NA	NA	NA	NA
chr7	114510324	114510555	37.9779842771614	29.1034695680255	6.00788405568336	4.8442129206029	NA	NA	MIR3666	Intron
chr7	115075637	115076103	68.2525611457815	7.14393554721051	4.76344554786885	1.49974120107381	NA	NA	LINC01393	Intron
chr7	115164084	115164566	4.43620709387529	3.16863686962551	6.05204997212529	0.5235642276947	NA	NA	LINC01392	Intron
chr7	115752586	115752975	37.3305495333113	29.3348846826857	5.85816928808753	5.00751740690349	NA	NA	LOC102724407	Intron
chr7	115856142	115857028	68.5237828694871	16.0234139034167	5.13859381694812	3.11824878054541	NA	NA	NA	NA
chr7	116207140	116207611	28.0644514051872	26.2946429373126	6.01371523641124	4.37244563528822	NA	NA	TES	Promoter
chr7	116308357	116309132	51.2979218866768	-30	5.89955043140063	-5.0851332400387	NA	NA	CAV2	Intron
chr7	116746065	116746498	42.1873981241288	-11.0550892151444	5.74062536541359	-1.92576392142739	0.0541338582854606	0.10883919148767	COMETT	Intron
chr7	116768438	116768964	7.03393188663029	-1.19704888489345	6.01501168631868	-0.199010234280371	0.842254738923175	NA	NA	NA
chr7	116861598	116862224	117.866695154037	16.916049878365	5.21436188952028	3.24412655599577	NA	NA	CAPZA2	Intron
chr7	117414537	117414876	42.1222561529575	-0.660561846835164	5.16400021211389	-0.127916696301753	NA	NA	NA	NA
chr7	117424585	117425063	22.2578502089144	30	6.00873199032994	4.99273391595432	NA	NA	ASZ1	Intron
chr7	118139674	118139988	26.9984499581732	-13.3576325269797	5.81460321918655	-2.29725606777489	NA	NA	LOC105375470	Intergenic
chr7	118425343	118425993	59.7075696822153	23.848177938276	5.68574847791208	4.19437793122948	NA	NA	NA	NA
chr7	118608762	118609786	5.78210686392853	-12.0255078323222	6.01749146970617	-1.99842540581273	NA	NA	LOC105375473	Intergenic
chr7	118640454	118640867	33.9526047942768	9.30175963432497	4.76351987789867	1.95270721499083	0.0508542982780531	NA	NA	NA
chr7	118884548	118884923	83.2571043379752	0.761184870424744	4.02496357980599	0.189115964736614	NA	NA	NA	NA
chr7	119782420	119782704	49.4403221926573	-9.28445459210477	3.87463831176988	-2.39621194161572	NA	NA	LINC02476	Intron
chr7	120130123	120130480	150.234162078875	-4.52084626320053	4.93022034502667	-0.916966372052905	NA	NA	LOC105375477	Intergenic
chr7	120278247	120278554	34.5772608355289	-15.0079693000544	5.86941080307239	-2.55698055624226	NA	NA	KCND2	Intron
chr7	121419298	121419909	65.7826685062395	-0.871250123016254	5.93293023809865	-0.14684988497277	NA	NA	FAM3C	Exon
chr7	121541583	121542085	57.5319737888289	-1.97054999632512	4.86176089161461	-0.405316106706081	NA	NA	NA	NA
chr7	121605182	121605792	39.7091115712123	7.15168364347297	4.72319293856559	1.51416292675202	0.129984521911894	NA	LOC124901737	Intergenic
chr7	121717154	121717931	98.4366095436031	-1.44028963375784	4.35216320947132	-0.330936493976934	NA	NA	PTPRZ1	Intron
chr7	122134773	122135765	11.7127936775899	0.365575606387444	6.01103167677092	0.0608174479931917	NA	NA	AASS	Intron
chr7	122161427	122161973	11.4485122676785	5.90574216638351	5.6654128354168	1.04242044453748	0.29721679189962	NA	LOC102724527	Exon
chr7	122314715	122315166	108.436523401808	9.54417432948369	4.0789719016972	2.33984802040742	0.0192915884714518	0.0831315297380008	FEZF1	Intron
chr7	122560047	122560327	27.7963483301306	-8.52799039216897	5.27054393256423	-1.61804749211528	0.105652363088084	NA	RNF133	Intron
chr7	122689504	122689994	79.9861339392378	-10.0544254517234	5.79335715457902	-1.73550933999926	0.0826506286028232	0.125969125266039	NA	NA
chr7	122720404	122720826	16.9124949077825	-8.79652470575892	5.89759557235119	-1.49154423999474	NA	NA	RNF148	Intron
chr7	122909816	122910646	72.0745625491382	-2.18616186314344	4.47906595870691	-0.488084320101099	NA	NA	CADPS2	Intergenic
chr7	123046815	123047256	29.5158842488768	27.4681022148508	5.47772029767182	5.014513469504	NA	NA	TAS2R16	Intergenic
chr7	123172493	123173087	123.886590229668	0.529139561962256	4.61888003552018	0.114560143994445	NA	NA	SLC13A1	Intron
chr7	124307617	124308047	24.9275897352187	25.1612545338504	6.02364349543192	4.17708228465574	NA	NA	LOC105375484	Exon
chr7	125817690	125818111	10.5447091455316	-8.09555421845549	6.1219268772311	-1.32238662447354	0.186039440513548	NA	LOC105375487	Intron
chr7	126555408	126555967	28.5546221943827	-0.760083351820342	5.43292329118117	-0.139903199637316	NA	NA	LOC101928357	Intron
chr7	127053752	127054171	33.1965890257046	8.41356137645184	5.78920360375779	1.45331930820166	0.146135118815627	NA	NA	NA
chr7	127075687	127076618	74.885504409341	15.6705796134677	4.54568110870092	3.44735568526189	NA	NA	MIR592	UTR
chr7	127080041	127081227	28.0490059468436	13.8700130493132	4.71428602698723	2.94212378500443	NA	NA	NA	NA
chr7	127188203	127188704	30.2803919267532	-14.0430041710772	5.1399640530579	-2.73212108608476	NA	NA	GRM8-AS1	Intron
chr7	127409742	127410105	16.3619952486754	-5.65559809603812	6.01151903457125	-0.940793510511023	NA	NA	ZNF800	Intron
chr7	127508202	127508563	34.3358351393937	-8.83425893037662	5.78249215462027	-1.52775977799087	0.126572192105983	NA	LINC03012	Intron
chr7	128081950	128082678	46.4192662595357	4.64592973962084	5.35453828767155	0.867662063471984	NA	NA	NA	NA
chr7	128102186	128102988	10.0604890031611	-25.0230134455771	5.92896388961187	-4.22046986817037	NA	NA	MIR593	Intergenic
chr7	128150716	128151089	39.0415966773003	9.60696262279638	5.01514030258673	1.91559199606863	0.0554170491502493	NA	NA	NA
chr7	128169598	128170172	25.8243385571277	13.8669079432341	6.0082646422847	2.3079722297254	NA	NA	LOC124901744	Promoter
chr7	128386922	128387281	39.6363923938885	15.8080101868772	5.51738512695662	2.86512719760001	NA	NA	LOC107986845	Promoter
chr7	128501084	128501784	119.514000247565	0.742088724835636	4.12285249075775	0.179994003302128	NA	NA	LINC01000	Exon
chr7	128826226	128826931	11.009393187151	30	6.01222148567439	4.98983613153348	NA	NA	FLNC	Intron
chr7	128848480	128849244	110.740556456696	-26.4455797020363	4.55295115683113	-5.80844792555221	6.30546349052613e-09	2.98878969450939e-06	FLNC-AS1	Exon
chr7	128945192	128945859	60.8378161458266	-22.0217877085643	5.66592574631085	-3.88670602026561	NA	NA	IRF5	Exon
chr7	129038737	129039440	50.6623868918599	20.5465824109595	5.65195244068647	3.63530702471092	NA	NA	TNPO3	Intron
chr7	129348668	129348888	52.4966641928186	-6.35898875732497	4.24607483004482	-1.49761580091085	NA	NA	LOC107986847	Intron
chr7	129445295	129446247	59.6822845553203	-2.43303157767178	5.19842817237024	-0.468032162222303	NA	NA	STRIP2	Intron
chr7	129528338	129528944	36.2430460180878	-3.67953523314286	4.76079468982267	-0.772882569586278	NA	NA	SMKR1	Intron
chr7	130018349	130018946	40.3932853663636	6.75407041830664	5.35452977443809	1.26137507919926	0.207173742608679	NA	NA	NA
chr7	130059343	130060059	41.0560527102123	10.6440439133705	5.32924070355686	1.99729089103939	0.0457935923013931	NA	ZC3HC1	Intergenic
chr7	130739813	130740373	15.5635584630847	-8.6577345091719	5.89240631334113	-1.46930371885077	0.141750428596109	NA	KLF14	Intergenic
chr7	131231175	131231536	58.7260021498578	-2.11398191741028	4.0022030255185	-0.528204567317372	NA	NA	NA	NA
chr7	131327826	131328300	51.8917537137163	-6.60614051839528	4.21919936779335	-1.56573319782476	NA	NA	MKLN1-AS	Promoter
chr7	131544229	131545269	4.93248717466667	-2.11754893758459	5.31950790929908	-0.3980723355788	NA	NA	NA	NA
chr7	131647618	131648991	99.7523081441519	13.9788915546238	4.16563736596871	3.35576295450601	NA	NA	PODXL	Intergenic
chr7	131870603	131871316	63.8163734538779	6.56398139194833	4.51017194276458	1.45537276078322	NA	NA	NA	NA
chr7	131961720	131962084	100.376236677197	-2.91545706744441	4.59245141746377	-0.634836779406695	NA	NA	NA	NA
chr7	132025657	132026183	118.205750522956	-9.9939198108962	3.61280155580306	-2.76625207793201	0.00567046834586945	0.0563603184157185	LOC101928782	Intergenic
chr7	132153084	132153719	90.0036111014058	-15.7108306872487	4.36069299187539	-3.6028288890138	NA	NA	PLXNA4-AS2	Intron
chr7	132179105	132179686	56.2013508446225	-10.848952292932	4.98971741808238	-2.17426186373122	NA	NA	NA	NA
chr7	132511014	132511690	112.650844702835	-30	4.74428932169133	-6.32339175919083	NA	NA	LOC102724906	Intron
chr7	132575546	132576002	156.765382546738	-11.7185859371061	3.20987245004348	-3.65079488966841	0.000261429958380492	0.00902061401630786	PLXNA4	Intron
chr7	133101573	133102119	77.4972764429581	-14.5124135054092	5.24544909778183	-2.76666749307436	NA	NA	LOC105375512	Intron
chr7	133355159	133355706	29.7763215500493	18.1427834239855	5.40833133410509	3.35459909964772	NA	NA	MIR6133	Intron
chr7	133392873	133393457	6.02375276167717	2.09744738296443	6.02234964540619	0.348277251647844	NA	NA	NA	NA
chr7	133672078	133672579	25.5705233131139	-6.47640921819761	5.50297130808283	-1.17689314655975	0.239238157870712	NA	LOC101928861	Intron
chr7	134551710	134552121	56.7749822902362	30	5.87463278099072	5.10670217499802	NA	NA	AKR1B15	Promoter
chr7	134729280	134729597	46.9818304429187	-8.26962314762057	6.00841897352591	-1.37633929725239	NA	NA	CALD1	Intron
chr7	134927069	134927620	75.5720700068673	-15.2231284792775	5.19290433686565	-2.93152492165222	NA	NA	AGBL3	Intron
chr7	135195727	135196376	51.4981868966773	-2.08522218944261	4.59403009577927	-0.453898243147861	NA	NA	MIR6509	UTR
chr7	135456882	135457515	21.6356693792191	-8.15595485838164	5.14441394428683	-1.58540019265738	0.112875437444598	NA	CNOT4	Intron
chr7	135794543	135795357	17.4110075867535	-12.5129945492007	5.78351550240529	-2.1635620314317	NA	NA	FAM180A	Intron
chr7	135907771	135908138	18.6044667733649	16.1134961989427	5.89059902345888	2.73545969344914	NA	NA	MTPN	Intron
chr7	135966844	135967304	43.6109462379268	-10.4015761935353	5.66551104063273	-1.83594668140892	NA	NA	NA	NA
chr7	136487332	136487693	31.7363726860679	6.89993880784584	5.34527357072961	1.29084858175071	0.196756187940747	NA	LOC105375524	Exon
chr7	136611811	136612293	110.632407677456	3.24616365974599	4.51849269812036	0.718417374248795	NA	NA	NA	NA
chr7	136984930	136985393	13.8704485979095	4.00018804858334	5.35535733162365	0.746950726324467	NA	NA	MIR490	Intron
chr7	137051012	137051364	10.5095692416005	-14.194649887878	5.93350857625884	-2.39228606573076	NA	NA	LOC349160	Intron
chr7	137340175	137340883	113.991326334468	15.2380104799213	4.34357293085266	3.50817419725701	NA	NA	PTN	Promoter
chr7	137640435	137640961	25.0803806056591	25.268713522135	5.7932401398129	4.36175834460594	NA	NA	DGKI	Intron
chr7	138154202	138154589	24.672861989417	7.06323057080543	4.94888635434404	1.42723636492591	0.153511775885456	NA	LOC107986749	Intergenic
chr7	138294977	138295410	45.7062603184569	30	6.00801692254898	4.9933281458322	NA	NA	LOC124901754	Intergenic
chr7	138513291	138513782	108.960917083861	-9.2521864845335	3.69269501811067	-2.50553767347602	0.0122265372437932	0.0752646578384151	TRIM24	Intron
chr7	138557844	138558126	52.5448985544916	-7.93503392190216	4.89830965629834	-1.61995351022759	0.105242263852547	0.143274215755446	LOC124900246	Intron
chr7	139548030	139548316	114.46216778279	-30	5.93720240427372	-5.05288483653604	NA	NA	CLEC2L	Intergenic
chr7	139745507	139746088	20.6285594319333	-30	6.00969759099512	-4.99193171465928	NA	NA	TBXAS1	Intron
chr7	141266038	141266247	86.7258495912773	12.4811488740227	4.27846743963607	2.91720085523997	NA	NA	TMEM178B	Intron
chr7	141482997	141483585	26.8131316141211	-1.73156799160299	5.15647037338716	-0.335804894863686	NA	NA	NA	NA
chr7	141530464	141531056	66.837197252053	-11.7197520177727	5.44275482780076	-2.15327575622367	NA	NA	NA	NA
chr7	141576537	141577397	67.8237947538093	15.1592992423691	4.59249692247568	3.3008839196341	NA	NA	AGK-DT	Intron
chr7	141838897	141839609	15.3145395135291	-1.1401044804429	5.10168385923433	-0.223476113357995	NA	NA	PRSS37	Promoter
chr7	141965804	141966115	56.5255387828181	0.444141271380965	4.30273271960511	0.103223067832511	NA	NA	NA	NA
chr7	142052707	142053282	38.1446233915398	-2.79396041371447	5.53162299192442	-0.505088726725113	NA	NA	TAS2R38	Exon
chr7	142692706	142692927	47.1567828657987	10.8872920622981	5.701439262473	1.90956906863123	NA	NA	NA	NA
chr7	142757470	142757956	33.0347166746415	-28.1836380118304	5.41272956033241	-5.20691782171721	NA	NA	LOC105375541	Intergenic
chr7	142872662	142873105	28.4099117821944	-8.55910016888511	5.83783369778146	-1.46614319831307	0.142609279272335	NA	NA	NA
chr7	142882428	142883527	81.5016014575133	15.764038298525	5.55243262552244	2.83912284249316	NA	NA	NA	NA
chr7	143284917	143285467	24.544934373815	15.5393102516744	5.35537064572969	2.90163114369408	NA	NA	TMEM139-AS1	Promoter
chr7	143451265	143451861	6.099602719595	3.65937679871876	6.04363275524617	0.605492912444463	NA	NA	NA	NA
chr7	143498837	143499424	15.6073279340582	-5.86684506432904	5.73071101885981	-1.02375517540864	NA	NA	LOC105375547	Intron
chr7	143989267	143989878	94.6708894600209	-9.40413809575571	4.12301783718994	-2.28088707522186	0.0225551299576844	0.0870359547237145	OR2A25	Intron
chr7	144093431	144093838	9.99254950715873	1.69098115033966	6.01564845297593	0.281097069344725	NA	NA	OR2A12	Intron
chr7	144452508	144452898	68.3153092376663	24.3480337249737	4.80110990140473	5.07133438412852	NA	NA	LOC124901817	UTR
chr7	144535527	144535781	48.3114059634253	14.2781591022564	4.63341483969204	3.08156286373128	NA	NA	NA	NA
chr7	145440507	145441019	28.2523410436645	9.58401256750641	5.67510155335701	1.68878256669031	NA	NA	LOC105375553	Intergenic
chr7	145805095	145805334	27.0952243813421	-0.0915342379850502	4.79302476597507	-0.0190973847318373	NA	NA	NA	NA
chr7	147442272	147442667	53.2126723261495	-7.95056068948968	4.33709172444203	-1.83315484076199	0.0667795474917536	0.115946906634034	MIR548F4	Intron
chr7	147962995	147963246	79.6201327007803	28.1484553490414	4.81174610372983	5.84994609903088	NA	NA	LOC105375556	Intron
chr7	148031042	148032053	86.4905372959215	9.17110495426535	4.68559363874153	1.95729840471795	0.0503123949619627	0.104911366297247	NA	NA
chr7	148881142	148881710	72.1262411408102	0.725125278899309	4.57864978215176	0.158370985639905	NA	NA	EZH2	Promoter
chr7	148995089	148996028	4.31864750795342	10.9166253502559	6.01907537044712	1.81367148247637	0.069728318034977	NA	GHET1	Intergenic
chr7	149195170	149195890	37.0602636204944	1.30804440360923	4.50657852979948	0.290252215724161	NA	NA	NA	NA
chr7	149203994	149204605	52.9325939796852	14.3015006087728	5.16878438495759	2.76689827697081	NA	NA	ZNF282	Intron
chr7	149308723	149309196	11.1358778405653	1.40494131169742	5.98745151151881	0.234647630798271	NA	NA	LOC124901770	Intergenic
chr7	149382149	149382499	97.4998840580615	-1.35170518580964	4.3673877224095	-0.309499699070433	NA	NA	LOC101928733	Intron
chr7	149843593	149844001	31.8034688147907	5.171214322119	6.00798531095916	0.860723529514328	NA	NA	ZNF862	Intron
chr7	150003269	150003979	147.581925892179	6.95445863135805	4.23493009104836	1.64216609999257	0.10055558606371	0.13946267485463	LOC100134040	Intron
chr7	150409380	150409942	37.029176864716	13.348277427756	4.51892561463987	2.95386084349603	NA	NA	LINC00996	Intron
chr7	151080977	151082126	106.252630378362	-3.98191237852688	3.70163682018587	-1.0757166550788	NA	NA	FASTK	Promoter
chr7	151341691	151342119	16.4164034698625	9.6879069169733	5.30467689656626	1.82629538158004	NA	NA	NUB1	Promoter
chr7	151398092	151398588	82.1372367634436	-11.0640759677124	5.0589391616989	-2.18703479406873	NA	NA	WDR86-AS1	Intron
chr7	151553350	151553873	36.3144445877155	27.396235831922	5.85881317627668	4.67607261191635	NA	NA	RHEB	Intergenic
chr7	151580135	151580559	33.4170162062145	-11.9234190962373	5.38968752116172	-2.2122653770598	NA	NA	NA	NA
chr7	151649388	151650002	16.7103014166621	2.13088320217256	6.01210189889071	0.354432316352744	NA	NA	NA	NA
chr7	151877470	151877912	11.1593770612927	25.3160494973364	5.90911433170739	4.28423754834027	NA	NA	PRKAG2	Promoter
chr7	152281172	152281521	21.785503642138	-2.26749693644099	6.0103240548908	-0.377267001867538	NA	NA	LOC731075	Intron
chr7	153034836	153035250	77.6797720131773	17.5589560463662	5.12194153154595	3.42818361713442	NA	NA	ACTR3B	Intergenic
chr7	153144414	153144840	26.8656858903501	-27.7598548268385	6.0084283042251	-4.62015246271939	NA	NA	LOC105375577	Exon
chr7	153350341	153350811	65.2458597128704	7.80606660325228	4.65466226192828	1.6770425358463	0.0935341643973411	0.135168274159572	NA	NA
chr7	153433408	153433840	106.101256318701	17.4025828943556	4.67492962131807	3.72253366446381	NA	NA	LOC105375578	Promoter
chr7	154155838	154156196	32.3420323311313	1.77743801818369	4.79163961143506	0.370945680877564	NA	NA	NA	NA
chr7	154301175	154301718	31.7231945148381	13.1736228028562	6.00832157615447	2.19256287065909	NA	NA	LOC101929998	Intron
chr7	154574346	154574789	29.9334568992153	-16.0159231051525	5.86091304043611	-2.73266690610389	NA	NA	NA	NA
chr7	154740794	154741193	69.1753092583728	13.4444470999595	4.86687401945266	2.76243992472841	NA	NA	LOC105375580	Intron
chr7	155113991	155114740	18.3731460636182	-7.18256783666014	6.0135428934122	-1.19439870372066	NA	NA	HTR5A-AS1	Intergenic
chr7	155252664	155253196	27.6048648696472	3.60186865459039	5.36030543381221	0.671952130165979	NA	NA	LOC105375587	Promoter
chr7	155412149	155413146	10.6750296191327	6.49322492491305	6.06279412497169	1.0709954504588	0.284171475297371	NA	LOC105375594	Promoter
chr7	155561504	155562311	37.4579221686557	-0.136597444054811	4.79388473311332	-0.0284941027286861	NA	NA	CNPY1	Intron
chr7	155901424	155901908	44.8692521813395	-9.13420740366504	4.13758317957204	-2.20761903924064	0.0272708407959458	0.0891473302352232	LOC389602	Intergenic
chr7	155957305	155958478	45.8254208489614	6.95735303070015	5.2702457420638	1.32011928308597	NA	NA	LOC124901788	Intron
chr7	156235106	156236249	129.883653461574	-4.99023293441041	4.80163529981822	-1.03927779242195	NA	NA	LOC124901791	Exon
chr7	156382600	156383085	57.406930652774	0.368922067652946	5.19312711645473	0.0710404462243944	NA	NA	NA	NA
chr7	156470931	156471189	48.2479603697373	-5.4734539977164	3.78737157867455	-1.44518537038606	NA	NA	LOC105375599	Exon
chr7	156657365	156658183	53.6187370863236	8.93094920811325	4.26972627777127	2.09169127646634	NA	NA	RNF32-AS1	Promoter
chr7	157064670	157065471	33.3714078976359	-27.9912551405195	6.01382839803719	-4.65448185213522	NA	NA	MNX1	Intergenic
chr7	157513198	157513898	15.0532246801212	-6.65767231715915	5.23853761195956	-1.27090283783774	0.203763216725573	NA	LOC105375610	Exon
chr7	157582259	157582796	14.0639500905757	-5.86785552182436	6.01286585306677	-0.975883325058973	NA	NA	MIR153-2	Intron
chr7	157840357	157841038	78.5769483319332	-0.356854713638737	5.54393686174817	-0.0643684664053352	NA	NA	NA	NA
chr7	157868474	157869011	18.9963225430448	8.29694165011536	6.12124343563052	1.35543402861918	0.175279314091941	NA	PTPRN2-AS1	Exon
chr7	157936154	157936779	13.4831677854579	30	6.12140012346045	4.90083957835465	NA	NA	LOC105375613	Intron
chr7	157955729	157956494	58.3989370080627	8.13284873360495	5.34831494094043	1.5206375883644	NA	NA	NA	NA
chr7	158028752	158029134	39.7476029688975	-7.19350188654546	4.97747470961568	-1.44521113741648	0.148398588989197	NA	NA	NA
chr7	158131148	158131587	26.6690190767129	-22.8036839567509	6.08563267141449	-3.74713447031805	NA	NA	NA	NA
chr7	158262864	158263353	136.350998100619	-1.2390872033162	4.11907003321176	-0.300817221684877	0.763553875312041	0.797190609907285	NA	NA
chr7	158332470	158333559	63.8544124625282	-14.5567035239827	4.86919878434344	-2.98954800752615	NA	NA	MIR595	Intron
chr7	158553425	158553784	115.052994577396	0.29848701030834	3.63172001493925	0.0821888827003456	NA	NA	NA	NA
chr7	159055317	159055767	32.3014167650783	-19.7379460833991	5.72657818419698	-3.44672602879461	NA	NA	LINC00689	Intron
chr7	159205742	159206210	83.7059456686341	10.249850754745	4.12904588438242	2.48237753751144	0.0130508918921906	0.0765173982550865	VIPR2	Intergenic
chr8	579386	580198	109.137891949273	-6.712731980815	4.25435267023479	-1.57785038080648	NA	NA	TDRP	Intergenic
chr8	984000	984786	11.1310600425897	-0.471282381962395	6.01204268269592	-0.0783897265598025	NA	NA	LOC124902044	Intron
chr8	1253006	1255165	57.6712937859933	-10.5429500803838	5.34340222530779	-1.97307813184071	0.0484866613281614	0.103994015699315	LOC105379585	Intron
chr8	1493960	1494152	45.2008079190308	-7.62963461190533	4.08401435649938	-1.86817037010739	NA	NA	LOC105377775	Intron
chr8	1695451	1695735	79.1001676680886	0.385498071534927	5.51243985292301	0.0699323859888492	NA	NA	NA	NA
chr8	1709680	1710416	13.1534023328724	-1.71291808723773	5.94683415710979	-0.288038650815551	NA	NA	LOC105377778	Intergenic
chr8	2353798	2354195	123.888921644708	-9.81874493980143	4.2954466982733	-2.2858495587312	NA	NA	LOC105377782	Intergenic
chr8	3602086	3602575	47.34102397777	-2.75850637219449	6.00846424361903	-0.459103401526275	NA	NA	LOC105377791	Intron
chr8	4904597	4905175	14.9075712815748	-30	6.01092212599565	-4.99091476668079	NA	NA	CSMD1	Intron
chr8	5387469	5388519	1.34649561801813	7.53988746723758	6.0481832194807	1.24663674918978	0.212530720535773	NA	LOC105377793	Intergenic
chr8	5837933	5838181	45.2802549925145	-15.0541709273716	5.90384300779612	-2.54989350284083	NA	NA	LOC107986908	Intergenic
chr8	6141661	6142152	37.5793442010954	1.74250733024141	5.38616593557257	0.323515344882551	NA	NA	LOC105377796	Intron
chr8	6212746	6213012	103.947253475357	30	5.4714301582949	5.4830271303964	NA	NA	LOC105377797	Intron
chr8	6405758	6406512	12.8483271304588	1.79855390007725	5.48331594396025	0.328004790980231	NA	NA	MCPH1	Promoter
chr8	6637968	6638657	41.3694251499515	2.69750954575914	5.27145933056736	0.511719692138612	NA	NA	ANGPT2	UTR
chr8	8351344	8352013	105.547800423459	-6.08452466269734	3.65815415586103	-1.6632772713935	NA	NA	LOC105379222	Intron
chr8	8884767	8885092	54.2502816857071	-8.60130596595268	5.3895776598043	-1.59591465396289	0.110507849354125	0.146347699340208	LOC105379227	Intron
chr8	9230870	9231378	7.60215437486475	-17.9508981091679	6.04483328060251	-2.96962666725172	NA	NA	LOC124901883	Intron
chr8	9804860	9805925	43.0413566369039	-26.4406456242522	6.01578074189616	-4.39521431359851	NA	NA	LOC124902057	Intron
chr8	11382272	11382798	5.37474270245462	-30	6.01906786793764	-4.98416044780023	6.22314247950701e-07	NA	LOC105379244	Intron
chr8	12013363	12014174	3.26888309151436	5.75876453800892	6.12496775388996	0.940211405088874	0.347109132778269	NA	LOC105379245	Intron
chr8	13093688	13094356	75.6843510038849	2.39359366481028	4.75100952143711	0.503807381149228	NA	NA	LOC101930149	Intron
chr8	14315106	14315388	48.8795611950372	-8.43295714676521	4.27707993839562	-1.97166227150959	NA	NA	LOC105379292	Intron
chr8	15792438	15792913	106.264480186206	-15.7029958412233	4.93723742193122	-3.18052272946618	NA	NA	LOC124902060	Intergenic
chr8	16727413	16727766	42.6476912733183	-30	5.84195065712064	-5.13527103544321	NA	NA	LOC101929028	Intron
chr8	17397465	17398167	14.6901148939965	8.18634261498269	5.60274993290995	1.46112939413858	0.143979934896521	NA	MTMR7	Intron
chr8	17729881	17730593	8.15252433629024	30	6.03476042484314	4.97119983031966	NA	NA	MIR548V	Intron
chr8	17773339	17774082	35.1429011167504	-5.27574042151465	5.75526005379857	-0.916681500435861	NA	NA	NA	NA
chr8	17778228	17778746	30.1114291794812	-25.2931776176461	6.02189353349867	-4.20020338734733	NA	NA	MTUS1	Intron
chr8	17879763	17880144	38.7940938644649	-1.22724142317061	5.52454949832995	-0.222143257751894	NA	NA	LOC124901893	Intron
chr8	17935287	17936110	33.9432425958735	-28.4405101434021	5.11284404714047	-5.56256163520349	NA	NA	PCM1	UTR
chr8	18731481	18732080	24.3242496101579	3.42017577994059	4.610697578136	0.741791393163395	NA	NA	LOC124901895	Intron
chr8	18991199	18991663	88.7915233825749	9.11166798116362	4.36185063136245	2.08894543881195	0.036712634908655	0.0956142249818817	LOC105379303	Promoter
chr8	19894961	19895397	11.1349110560679	3.2395928650035	6.01187276729337	0.538865839381695	NA	NA	LPL	Intergenic
chr8	20035465	20035834	39.11838032179	7.4093283976993	5.36084450348683	1.38211962553289	0.166934973440799	NA	NA	NA
chr8	20063432	20064015	24.1353780635721	30	6.00838731982197	4.99302032361138	NA	NA	LOC105379311	Intergenic
chr8	20948195	20948592	51.9285218170838	-0.0454000977345851	4.57167224883371	-0.00993074202687368	NA	NA	LINC03023	Intron
chr8	22921306	22921531	55.824189898764	-8.86617488407576	3.49411643987045	-2.53745833507612	NA	NA	LOC124901907	Intron
chr8	23246409	23246986	25.4211056482373	-1.14668204894979	4.46836143114131	-0.25662249274605	NA	NA	CHMP7	Promoter
chr8	23356204	23356709	12.5654452341445	-2.27233039348936	5.89848704959496	-0.385239532507814	NA	NA	LOXL2-AS1	Intron
chr8	23529401	23530061	1.79462638588673	-1.90896620284355	6.05500193891601	-0.315270948234461	0.752555941018669	NA	SLC25A37	Promoter
chr8	23604768	23605166	58.2151368491054	12.9626262965647	5.19989131013596	2.49286485494363	NA	NA	LOC107986930	Intergenic
chr8	23700567	23701059	24.699640858746	6.97738939765369	5.88845228743779	1.18492755940963	0.236046089814879	NA	NKX2-6	Intergenic
chr8	24068245	24069471	38.9282201578141	2.47883312081712	6.00854059836058	0.412551613863351	NA	NA	LOC107986931	Intergenic
chr8	24135442	24136151	40.43847471253	26.5423833039184	5.8170459842438	4.56286289910924	NA	NA	ADAM28	Intergenic
chr8	24220958	24221316	73.4336373044515	13.9371452192105	5.50111038652507	2.5335149160703	NA	NA	NA	NA
chr8	25217449	25218128	29.9181787245502	-0.642208707927719	5.51062541543069	-0.116540076581766	NA	NA	DOCK5	Intron
chr8	25728921	25729310	41.681964691559	28.0349083275048	5.37333532666993	5.21741276565353	NA	NA	LOC105379333	Intergenic
chr8	26532509	26532780	57.1243600572511	-8.23961006471856	3.62689242913698	-2.27180988289724	NA	NA	PNMA2	Intron
chr8	26767056	26767296	58.6724635349421	-8.97567962101803	3.8921074510662	-2.30612328510079	NA	NA	LOC124901918	Intron
chr8	26892500	26893058	58.8480375997669	4.73578053097114	5.02450613451983	0.942536520840316	NA	NA	ADRA1A	Intergenic
chr8	27048398	27048867	84.388618899129	-2.93266912313229	4.31033185919864	-0.680381283606667	NA	NA	MIR548H4	Promoter
chr8	27288356	27288885	67.1138933645268	-30	6.00706964864673	-4.99411555961539	NA	NA	TRIM35	Intron
chr8	27616934	27617379	71.2261357725505	8.44456642434429	5.01147960400838	1.68504455602094	NA	NA	CLU	Promoter
chr8	28421179	28421840	35.4877719223932	-3.75490797091442	4.38357968699538	-0.856584855079509	NA	NA	ZNF395	Intron
chr8	28502572	28503075	26.7413505502716	6.79901020397832	4.35147340365614	1.5624616246685	NA	NA	MIR4288	Promoter
chr8	28701536	28702050	47.5387324216971	14.8620267025292	4.03693226440598	3.68151500424447	0.000231852141919705	0.00902061401630786	EXTL3-AS1	Promoter
chr8	29276551	29277090	35.7872634980069	-5.49867965091437	5.77809477272749	-0.951642343574572	NA	NA	KIF13B	Intergenic
chr8	29422118	29422471	59.0166897079581	-8.13329628682571	5.40763848717885	-1.50403846449965	NA	NA	LOC105379349	Intergenic
chr8	30772745	30773260	13.4849128018799	1.04694946787592	6.01168051888582	0.174152545962299	NA	NA	LOC105379356	Intergenic
chr8	31165937	31166360	24.6372591227421	25.5087859638179	6.02091186371783	4.23669811835887	NA	NA	LOC101929492	Intron
chr8	31246932	31247391	20.9104221599918	7.74447508326899	5.9192840820395	1.30834657974392	0.190755782895505	NA	NA	NA
chr8	32349154	32349573	70.3081661497134	1.43409595737649	4.37441361469554	0.327837302023462	NA	NA	NRG1-IT3	Intron
chr8	33472910	33473165	62.159647240099	0.478398253958378	4.57816491231451	0.104495635941721	NA	NA	POFUT3	Promoter
chr8	34555112	34555603	53.7288106532651	-30	6.00737500515596	-4.99386170736001	NA	NA	LINC01288	Intergenic
chr8	37371006	37371478	70.872814563381	-1.47789835002427	5.54445325084859	-0.266554389253453	NA	NA	LOC100507403	Intergenic
chr8	37482532	37483039	29.2217731940096	13.225384775095	5.83512432103131	2.26651293913777	NA	NA	LOC105379379	Intron
chr8	37849426	37849879	48.3839113894761	15.9973563408735	5.4998477442943	2.90869076466156	NA	NA	BRF2	Promoter
chr8	38290850	38291194	34.5397213509194	-12.90361133833	4.30647674591479	-2.99632671895202	NA	NA	NA	NA
chr8	38312549	38313002	6.88997803376316	30	6.01500686230724	4.98752548197303	NA	NA	PLPP5	Intron
chr8	38336243	38336904	142.49939115708	-16.7306426123204	4.32910952152524	-3.86468453365112	NA	NA	NSD3	Intron
chr8	38516132	38516495	50.8207096491391	15.5824739234787	5.88412394128888	2.64822326636197	NA	NA	LOC105379384	Exon
chr8	40349644	40350436	27.8622539591584	5.13531664540894	6.00906141521268	0.854595466840837	NA	NA	LOC105379388	Intron
chr8	42121135	42121668	25.7210464258506	14.5774616925238	6.0083261938987	2.42621009946611	NA	NA	AP3M2	Intergenic
chr8	42434606	42434965	88.9389150034113	1.48102432588084	4.14246298472338	0.357522645668188	NA	NA	VDAC3	Intron
chr8	42793734	42793974	34.0906408196629	-5.68928369916171	4.66278606116262	-1.22014684451191	NA	NA	CHRNA6	Promoter
chr8	43208455	43209241	44.5758745509715	-14.3653605451577	5.8262019281685	-2.46564755603545	NA	NA	HGSNAT	Intergenic
chr8	43484992	43485360	13.3225958872213	11.4928563540765	6.01643030718878	1.9102450734523	NA	NA	LOC105379397	Intergenic
chr8	43893870	43894567	16.7240737073044	9.40377907123875	6.03327055932711	1.55865363218313	NA	NA	NA	NA
chr8	48038885	48039266	7.55651725664325	-1.12031324067104	6.01422316581404	-0.186277297962455	NA	NA	UBE2V2	Intron
chr8	48710594	48711028	120.939888990073	-10.6167804691012	4.72313121047113	-2.24782670563205	0.0245872422689365	0.0888459522316748	CLXN	Exon
chr8	49175052	49175505	89.7588815980861	-15.46689799057	5.86729018239975	-2.63612289655733	NA	NA	LOC105375826	Intron
chr8	51063069	51063570	45.9394828870543	-6.33254597466088	5.30640765445698	-1.19337721242393	NA	NA	LOC105375831	Intergenic
chr8	52438219	52438858	4.44455996244042	-3.06973993039893	6.03624600125604	-0.508551164044701	NA	NA	ST18	Intron
chr8	53934078	53934368	73.5959758033633	14.9233476265436	5.13007012033226	2.90899486293514	NA	NA	RGS20	Intron
chr8	55120029	55120628	95.864273618531	9.49276354015351	4.67592052083906	2.03013791569966	NA	NA	XKR4	Intron
chr8	55939646	55940283	47.4791714943873	-2.49497203081383	4.73243208380167	-0.527207149861421	NA	NA	SNORA1B	UTR
chr8	57008528	57008843	65.0518806822553	-30	5.47581100863436	-5.47864050689395	NA	NA	BPNT2	Intergenic
chr8	57165545	57166047	21.9145537926012	-2.73926685929193	5.8309987474717	-0.469776615966462	NA	NA	NA	NA
chr8	57722400	57723089	23.2916143455823	-4.29308335074343	5.08245504996529	-0.844686929552432	NA	NA	LINC03018	Intron
chr8	58405762	58406822	38.7979349913753	0.324791144650733	6.01546653749046	0.0539926774800462	NA	NA	UBXN2B	Intergenic
chr8	59035402	59036261	19.2267904634485	-4.36582941830599	6.02067651461184	-0.725139344010655	NA	NA	TOX-DT	Intron
chr8	59239643	59239958	3.67311955832537	0.191862357657921	6.02155304617976	0.0318626035819188	0.974581621505458	NA	NA	NA
chr8	59286842	59287410	21.4152698023557	8.44434629472583	5.66057702883778	1.49178188932085	NA	NA	LOC124900267	Intron
chr8	61479954	61480356	42.541416655088	-2.67592439299777	5.74077654403139	-0.466125858143685	NA	NA	LOC105375870	Intron
chr8	61628559	61628992	34.0230058344013	-13.7238971558325	4.25847113848209	-3.22272869993531	NA	NA	NA	NA
chr8	61638529	61639340	14.6592216879363	30	6.01457585629534	4.98788288929794	NA	NA	ASPH	Intron
chr8	62120425	62120994	2.62648966775455	-2.63593961305139	6.04738360750342	-0.435880999806394	0.662923071186704	NA	NKAIN3	Intergenic
chr8	62831092	62831510	37.5865452457689	22.9787328068359	4.57670854365938	5.02079880936943	NA	NA	GGH	Intron
chr8	63336793	63337059	43.3729169821791	-17.4472234940466	5.88604159875527	-2.96416924707705	NA	NA	LOC105375874	Intergenic
chr8	64340612	64341086	43.1541405993648	7.29820573557786	4.94191861352612	1.47679601918221	0.139730323988459	0.172479618673254	LOC105375877	Intron
chr8	64967445	64968149	16.1503901383382	30	6.00950484885544	4.99209182029594	NA	NA	LOC105375880	Intergenic
chr8	65099524	65099966	69.8473696733077	2.07110324739843	5.09141001049688	0.406783826705858	NA	NA	LINC00251	Intergenic
chr8	65433607	65433948	32.3472341868688	-2.52503749571601	5.38083293793162	-0.469265172296286	NA	NA	LINC01299	Intergenic
chr8	68663588	68664708	38.4116245322943	-1.73848236270889	4.21474947912578	-0.412475847335412	NA	NA	LOC107986951	Intron
chr8	69386847	69387497	29.8507720540954	-28.8130608500032	5.98820796375657	-4.81163330071255	NA	NA	LOC124901958	Intron
chr8	69943095	69943637	47.0110480805679	0.673626424801687	5.49541893940085	0.122579630821582	NA	NA	SLCO5A1	Exon
chr8	70366180	70366380	64.6979108333917	-7.12006668185035	4.00813270256513	-1.77640492723548	NA	NA	NCOA2	Intron
chr8	70516720	70516913	44.5260708439177	-26.215379818289	5.6272615680374	-4.65863893144602	NA	NA	LOC105375890	Intergenic
chr8	70693583	70693999	81.7524079965189	-0.938978936796896	5.14139353125795	-0.18263121293638	NA	NA	LOC105375894	Intron
chr8	73293896	73294496	8.66857962388783	-1.16751832243704	3.24250370185503	-0.360066920438395	0.718797089643606	NA	RDH10	Promoter
chr8	73309151	73309513	50.5408371298867	13.301582027881	5.43631578149158	2.4468008413285	NA	NA	RPL7	Intron
chr8	73404052	73404640	4.52463667988861	10.2479021016524	6.0261425482913	1.70057412673687	0.0890229860270914	NA	STAU2-AS1	Intergenic
chr8	74315186	74315772	58.7945278107132	1.36990111693954	5.19121989909959	0.263888092503489	NA	NA	GDAP1	UTR
chr8	74320939	74321637	26.1731871619409	8.75035965491999	5.41234619989635	1.61674056531853	0.105934293632372	NA	JPH1	Promoter
chr8	74468505	74469778	61.9994658528418	-4.85661249633628	4.06890575033835	-1.19359178961873	NA	NA	MIR5681A	Intron
chr8	74890731	74890969	122.843627600549	-2.62389293806772	4.57943601648181	-0.572972944402781	NA	NA	PI15	Intergenic
chr8	75521334	75521702	57.924898174234	11.3312126041145	5.39602066535607	2.09992016466207	NA	NA	NA	NA
chr8	75676310	75677001	15.1205342401189	-27.4617439745605	6.0108656068218	-4.56868374222072	NA	NA	HNF4G	Intergenic
chr8	75893134	75893695	50.0758501815622	19.1300042666409	5.64829616752493	3.38686281654802	NA	NA	LOC102724858	Intergenic
chr8	76546499	76546907	27.7092424019343	5.81796396413013	4.42933737650694	1.31350661952021	0.189012291838585	NA	NA	NA
chr8	76549651	76550165	22.2739880832283	16.1453815244549	6.01031073878467	2.68628066437037	NA	NA	ZFHX4	Intron
chr8	77881831	77882334	31.6767043134273	-27.7346273847797	6.00918410051262	-4.61537322220063	NA	NA	LOC105375909	Intron
chr8	79146292	79146873	29.9577670212008	-13.662862641607	5.47184335992931	-2.49693964956328	NA	NA	LOC107986892	Intergenic
chr8	79809927	79810489	47.7844915968381	-14.5776544418403	4.95700005989932	-2.94082192166373	0.00327342662054155	0.0397847235419666	LOC124902076	Intron
chr8	80222690	80223477	39.4164733157065	-13.6664012237704	5.47660226316285	-2.49541605672086	NA	NA	LOC105375920	Intron
chr8	80253348	80253817	41.27436891687	28.3562769219639	5.49669876886535	5.15878313772275	NA	NA	MIR5708	Intron
chr8	80710815	80712195	65.3924272097358	-3.62173732283512	4.46517442827173	-0.811107691539149	NA	NA	NA	NA
chr8	80774365	80775037	82.5903611038042	-11.6463448273008	3.67545715470295	-3.16867925188535	NA	NA	ZNF704	Intron
chr8	82190748	82191252	42.6894676724527	-20.6413290951364	5.67435090172077	-3.63765467674494	NA	NA	LINC02839	Exon
chr8	83546479	83546900	36.6066271139475	-29.2679951737078	5.43967085486443	-5.38047171503673	NA	NA	LINC01419	Intergenic
chr8	83574480	83574926	20.3669718688059	-25.7392239935173	5.82310459166951	-4.42018919432423	NA	NA	LOC105375932	Intergenic
chr8	83925944	83926452	57.9211697484415	-2.62364160251395	4.92337035186885	-0.532895438491245	NA	NA	LOC124901968	Intron
chr8	86188882	86189247	47.8423859479549	11.7021667798679	4.72597853499522	2.4761362526755	NA	NA	LOC105375623	Intron
chr8	86813568	86814454	66.0465753277313	-14.8738895539397	4.84083122913476	-3.07258998504648	NA	NA	CNBD1	Intron
chr8	86902194	86902725	82.9964361031391	10.342012102708	4.73656079662655	2.18344333510376	0.0290031775971206	0.0891473302352232	NA	NA
chr8	87312456	87313048	73.6606771738538	7.49358367110986	4.41768868775831	1.69626793573641	NA	NA	NA	NA
chr8	87839630	87840235	20.1354741268956	-2.80685906499039	6.01330868000769	-0.46677448545462	NA	NA	NA	NA
chr8	87868381	87869119	27.6021600735687	11.5244830405867	6.01155391401597	1.91705559085436	NA	NA	DCAF4L2	Exon
chr8	88327563	88328141	29.0226188720814	12.0201518322841	4.48847438162325	2.67800388512789	NA	NA	MMP16	Promoter
chr8	89392503	89392841	15.2068212459663	-3.68634265877494	6.01093894232982	-0.613272351315238	NA	NA	LOC112268015	Intergenic
chr8	91788304	91789008	17.5120851301197	3.85126701953983	5.81220080806463	0.662617680758046	NA	NA	RUNX1T1	Intron
chr8	91943740	91944188	34.3552115863022	12.6454167507222	5.80563890425753	2.17812663847362	NA	NA	NA	NA
chr8	92400647	92401131	41.4176124362763	-4.34782985521643	5.44462452224573	-0.798554581211617	NA	NA	LOC105375638	Intron
chr8	93474680	93475049	68.9507159409349	-15.4480337554295	4.4026248946283	-3.50882351441701	NA	NA	LOC105375641	Intron
chr8	95809291	95809835	27.9946469981446	-6.62230822122552	5.35277677406265	-1.2371724995734	NA	NA	SRSF3P2	Exon
chr8	96110435	96111465	15.1234026401249	-30	6.01028348497939	-4.99144509156258	5.99292201343266e-07	NA	GDF6	Intron
chr8	96261096	96262181	23.865423488165	1.52214183105892	3.38824490296883	0.449241974724198	NA	NA	MTERF3	Promoter
chr8	96457461	96457824	42.8833866927391	-7.67753021468007	4.10117304512635	-1.87203274043842	NA	NA	NA	NA
chr8	96563556	96564310	36.7070411492445	-25.0283426895174	5.63975415054438	-4.43784286006538	NA	NA	SDC2	Intron
chr8	96743960	96744391	22.7867017247954	8.76113904045891	5.08992503316807	1.72127074237198	0.0852017060227406	NA	CPQ	Intron
chr8	97264960	97265685	10.4295934728154	-8.05940982129087	5.22784873220877	-1.54163026401985	0.123163466894072	NA	TSPYL5	Intergenic
chr8	97399701	97400518	76.8363019723994	-9.47279621247166	4.28314420621008	-2.21164540730082	0.0269911753615215	0.0888459522316748	SNORD3H	Intergenic
chr8	98373612	98374924	27.0961975508548	-10.4916306720777	4.70784953486503	-2.22853992982987	NA	NA	LOC124901988	Intron
chr8	99913090	99913358	30.3925665451325	6.54575469756157	5.00843731687084	1.30694551682065	0.191231215944151	NA	NA	NA
chr8	99945528	99945857	24.3067351492993	8.65268893122685	6.12107412593897	1.41358996038943	NA	NA	COX6C	Intergenic
chr8	100113334	100113863	15.388750102991	30	6.01798374630358	4.98505832928293	NA	NA	RGS22	Intron
chr8	100234430	100234904	25.7738461917369	-2.89676796557794	4.97546283063285	-0.582210753890706	NA	NA	SPAG1	Intron
chr8	101095189	101095588	41.3321137699427	-8.13682949329365	4.94596442900729	-1.6451451703883	0.0999398773796855	NA	LINC03090	Intergenic
chr8	101283866	101284078	106.792981392115	8.8573552258727	4.56395862206676	1.94071768815943	NA	NA	LOC107984005	Intron
chr8	101607347	101607931	44.4913434396721	2.05483069141654	4.92269864944814	0.417419557389907	NA	NA	NA	NA
chr8	101623799	101624355	97.5614863087037	-8.79816946364076	4.18129646052442	-2.1041726045269	NA	NA	GRHL2-DT	Intron
chr8	101901128	101901515	9.46399665027096	1.9663772539597	5.90445133059699	0.333033019303571	NA	NA	LOC124902079	Intron
chr8	102600818	102601236	51.1688745645567	-1.00701961815163	5.33039050044564	-0.188920421133769	0.850155188027059	0.872237140962827	NA	NA
chr8	102621275	102622325	3.64140892832776	-9.52562564778622	6.02655167733612	-1.58060963512666	0.11396732140467	NA	LOC101927245	Exon
chr8	103277065	103277288	31.4610215090771	-17.2159077522991	5.88926547928198	-2.92326909236193	NA	NA	BAALC-AS1	Intron
chr8	103583387	103583841	71.036913869938	-29.9997602659933	5.36922638505413	-5.58735246282428	NA	NA	SLC25A32	Intron
chr8	105384785	105385194	29.3488791232241	-8.60220383990602	5.3761730173178	-1.60006082620416	0.109585090269052	NA	LINC03084	Intron
chr8	106298957	106299424	4.09187303207839	-2.3127855537292	6.02839170352911	-0.383648851546136	0.701238727277912	NA	OXR1	Intron
chr8	107404309	107404713	37.8388085111284	29.0065100666323	5.44260419981723	5.32952774107777	NA	NA	ANGPT1	Intron
chr8	108315106	108315529	48.3302839348063	-6.17485773480565	5.34662261937285	-1.15490809327589	NA	NA	LOC105375704	Intron
chr8	108719207	108720163	30.121281581235	12.8467232556194	5.14189697930494	2.49844042137071	NA	NA	TMEM74	Intron
chr8	108753741	108754281	71.1537041067209	-14.5946447520576	4.89858285904747	-2.97936059713717	NA	NA	NA	NA
chr8	109230785	109231254	42.0208793556823	-14.1525416308242	5.21740681039143	-2.71256241752835	NA	NA	NUDCD1	Intergenic
chr8	109361998	109362542	18.2425013978895	1.20896551247855	5.31647007408788	0.227400040935238	0.820112688459089	NA	PKHD1L1	Promoter
chr8	111327930	111328475	12.03753223311	3.52944044799887	6.01362489388505	0.586907316348877	NA	NA	LINC02237	Intergenic
chr8	113020621	113020873	57.7566284448784	-9.35807269335961	4.67444152924874	-2.00196593214497	0.0452883956712577	0.102316280635254	MIR2053	Intron
chr8	113214460	113214669	58.2439481235214	-10.6731130961621	4.00194629056477	-2.66698059424878	NA	NA	LOC105375709	Intron
chr8	113840925	113841227	4.05162745962965	-2.36571596275712	6.04469606677543	-0.391370539829163	0.695523365013555	NA	CSMD3	Intergenic
chr8	115146614	115147197	38.470544527508	-7.38526299499336	4.85260768437082	-1.52191635412433	NA	NA	LOC107986901	Intergenic
chr8	115330587	115330836	20.8577356082718	5.851028465343	5.05714847418768	1.15698174479302	0.247279818779208	NA	TRPS1-AS1	Intron
chr8	115375049	115375569	31.9077012458152	2.346550330107	5.73346859976082	0.409272378365321	NA	NA	NA	NA
chr8	115451257	115451830	14.6689049114642	-0.512683842765919	5.52470488942412	-0.092798412408841	NA	NA	NA	NA
chr8	115761576	115761840	67.6803227098692	15.827838611006	4.59102028555921	3.44756451213939	NA	NA	TRPS1	Intron
chr8	116033990	116034763	7.04310774414005	3.82520076607183	6.03056203955865	0.634302531170342	NA	NA	LOC107986903	Intron
chr8	116223584	116224115	58.0338523613486	-7.02629368272885	3.99004363992096	-1.76095660018095	0.0782457488943142	0.122230265195418	LOC124902005	Intron
chr8	116702992	116703628	16.5732791561128	12.4506975455334	5.90721342053512	2.10771080358317	NA	NA	LOC105375713	Intron
chr8	116839294	116840109	96.5131720440852	7.49899840665307	4.6754330226075	1.60391526739717	0.108732731025768	0.145591283915859	RAD21-AS1	Intron
chr8	117739875	117740158	48.3495480296866	1.3512856461523	5.04615821782928	0.267785033251214	NA	NA	LOC105375721	Intergenic
chr8	118548276	118548943	28.6518323496074	2.61305787713523	5.85516845934673	0.446282271001776	NA	NA	SAMD12-AS1	Intron
chr8	119438803	119439659	49.8636007647133	3.16284601250857	4.71417912467684	0.670921899414543	NA	NA	LOC124902009	Intron
chr8	120162488	120163102	15.9835425600458	8.32414029642171	6.12125145063386	1.35987556850973	0.173869303518947	NA	COL14A1	Exon
chr8	120276403	120276966	9.38474597850184	-12.3138563384345	6.02720162211884	-2.04304702421845	NA	NA	MTBP	Intron
chr8	120709885	120710542	47.011987271355	-5.15507223645661	5.26058530857332	-0.979942712468753	NA	NA	SNTB1-AS2	Intron
chr8	121768013	121768506	47.5276557390107	0.356305490945854	5.12676947341523	0.0694990271736363	NA	NA	LINC02855	Intron
chr8	122436558	122436938	37.9462930218317	-8.81469090264885	5.69020951024679	-1.54909777694048	NA	NA	SMILR	Intergenic
chr8	122973349	122973937	14.1945705876389	12.2156674979567	5.51238138933526	2.21604178578612	NA	NA	LOC124902013	UTR
chr8	123167609	123168032	54.5450953438584	-13.5951266822088	4.84258566052272	-2.80741067587875	NA	NA	FAM83A	Intergenic
chr8	123267710	123268485	4.32828813622073	-5.82121383799239	6.12407710839984	-0.95054548382612	0.341835154222071	NA	ZHX1-C8orf76	Intron
chr8	123573764	123574583	29.2303315075996	1.77411934539822	5.52559245228334	0.321073144774747	0.748154961118369	NA	FBXO32	Intergenic
chr8	123747555	123747964	47.2816753612054	10.4913987829265	4.62652541510468	2.26766262834613	0.0233497773076128	0.0870359547237145	ANXA13	Intergenic
chr8	125490385	125491257	7.7464452775534	-4.70479292968289	6.05042711396115	-0.777596827639944	NA	NA	LINC02964	Intron
chr8	125902298	125902773	17.8979591941649	8.20006700099097	5.10467070524611	1.60638510777271	0.108189320923347	NA	NA	NA
chr8	125913511	125913931	48.9693425896526	14.517440768305	5.1574824903914	2.81483083953297	NA	NA	LOC105375747	Intron
chr8	126940723	126941143	20.8665047506678	-11.7207385735693	6.01072703778003	-1.94997019493638	NA	NA	PCAT1	Intron
chr8	129406570	129407150	38.4782399754285	28.4010808617045	6.00873989126915	4.7266284405108	NA	NA	MIR3686	Intron
chr8	130005650	130005902	17.435469682121	-3.58082853646188	6.01622153759524	-0.595195591466397	NA	NA	MIR5194	Promoter
chr8	130030352	130030881	40.5417000564506	13.4082143956789	5.82820490338823	2.30057361021814	NA	NA	CYRIB	Intergenic
chr8	130063137	130063817	28.2109326703116	-26.2448340638128	5.65050525171156	-4.64468802252031	NA	NA	ASAP1-IT2	Intron
chr8	130241096	130241622	73.1829002257877	12.5814573432707	5.46883763098955	2.30057247850567	NA	NA	LOC124902027	Intron
chr8	130770328	130771055	39.5409369065229	-14.1607268089899	5.8417082853169	-2.42407291110081	NA	NA	LOC105375762	Intergenic
chr8	131306692	131307143	46.9693983743208	-4.0399544973148	4.20498996698253	-0.960752470050204	NA	NA	NA	NA
chr8	131468838	131469317	16.1360128094785	24.1234507251037	5.45110951022691	4.42542030752553	NA	NA	IADEN	Intergenic
chr8	131551017	131551341	34.9518501993776	17.8222267919686	6.01249468115097	2.96419834646022	NA	NA	NA	NA
chr8	133898421	133898966	18.8421933577913	1.29313984636367	6.01414864756932	0.215016276141812	NA	NA	LOC101927822	Intron
chr8	134934518	134935534	86.7323163512566	0.82476717557582	4.65735248270491	0.17708927521346	NA	NA	NA	NA
chr8	135007609	135008779	49.5726717165893	15.6111839083129	5.8843975791968	2.65297911947747	NA	NA	LOC101927845	Intergenic
chr8	135272992	135273624	46.8586815068652	-8.31991020478049	5.35071241732609	-1.55491634681017	0.11996599364019	0.154521415721332	LINC01591	Intron
chr8	135571204	135571814	8.6193187329953	0.155228872519762	6.0133645682108	0.0258139799706089	NA	NA	LOC101927872	Intron
chr8	135950409	135950737	22.5528338403703	-27.0835629742004	6.01548109864467	-4.50231037718704	NA	NA	LOC107986979	Intron
chr8	136316273	136316491	29.3684652505115	12.1831850177017	5.81797962993405	2.09405769573651	NA	NA	LOC105375775	Intron
chr8	137007775	137008158	76.6975055025912	-9.955301732421	4.93036066130721	-2.01918326392404	0.0434681751564496	0.101262794762081	LOC124902073	Intron
chr8	137289206	137289661	43.6635034089247	7.99863771333196	4.90613598576505	1.63033347150174	0.103031037043691	0.141499812157821	NA	NA
chr8	138605462	138605963	47.2020712074416	0.109850956508001	4.86142977551236	0.0225964297707919	NA	NA	FAM135B	Intron
chr8	139337526	139337989	28.0726892854901	-12.4020244557527	6.01235204806422	-2.06275752926773	NA	NA	NA	NA
chr8	139582581	139582993	36.3201120134058	0.195268635870787	5.83550870385485	0.03346214456707	NA	NA	KCNK9	Intergenic
chr8	139684554	139685859	29.9084393189374	11.8649933846727	5.92095748501437	2.00389775044026	NA	NA	NA	NA
chr8	139763229	139764151	59.5485381435012	-10.5349360768829	4.70726981779854	-2.23801406859015	NA	NA	NA	NA
chr8	140597542	140598100	15.7643508281264	0.415994629659729	4.80533504644338	0.0865693288062448	NA	NA	AGO2	Intron
chr8	141440484	141440864	81.3977158071527	-1.71243380838185	3.7909837579307	-0.451712251417446	NA	NA	NA	NA
chr8	141489790	141490364	19.4974281874641	-7.07361871116914	5.4199983045201	-1.30509611142682	0.191860122711517	NA	LOC124902031	UTR
chr8	142268127	142268856	33.9912239570888	5.83448825885742	6.01639808240953	0.969764330574473	NA	NA	LINC00051	Intron
chr8	142422587	142423079	123.01546005169	-2.50909171619133	5.27730850707598	-0.475449125785817	NA	NA	TSNARE1	Intergenic
chr8	142575224	142575586	97.1843836028933	-0.736752794894293	3.84646618660214	-0.191540171979289	NA	NA	ARC	Exon
chr8	142798800	142799592	29.0405236351495	7.2514821161903	5.41051358147559	1.3402576311827	0.180161600883702	NA	LY6D	Intron
chr8	143475333	143475858	43.163422243812	2.22634632489437	5.1151288451757	0.435247359798989	NA	NA	MAFA	Exon
chr8	144179207	144179684	71.9404442242983	-8.84703660010123	4.10997160211469	-2.15257852281733	0.0313518179575912	0.0923028677757654	MROH1	Exon
chr8	144475355	144475772	28.0863702428852	-6.64637846036818	5.40281565850175	-1.23016939323288	0.218633678633874	NA	FOXH1	Promoter
chr8	144496384	144497145	31.7601122643939	-12.0385309849651	4.72443995476545	-2.5481392715812	NA	NA	GPT	UTR
chr9	908605	909549	2.52171204812085	4.64735172569782	6.1254897101437	0.758690642807202	0.448037635666765	NA	LOC105375949	Intron
chr9	940435	941042	91.7762860670214	-8.63449119635884	3.57171042802052	-2.41746674887756	NA	NA	DMRT3	Intron
chr9	1380729	1381628	94.4160064150003	-8.01797581478047	3.37488190202139	-2.37577967097992	0.0175119159718595	0.0831315297380008	LOC102723803	Intergenic
chr9	2194410	2194777	54.9609897359226	-13.0579847907282	5.85499147580237	-2.23023122146197	NA	NA	LOC107987043	Intron
chr9	2480626	2481109	61.3076371998355	-30	6.00715560022947	-4.99404410281199	NA	NA	LOC105375956	Intron
chr9	3732346	3732547	39.7561780099646	-7.491753712827	4.31847798751807	-1.73481345383277	NA	NA	NA	NA
chr9	3829297	3829824	15.8498286963234	-8.68356738843764	6.12144164457119	-1.41854940267848	0.156030426024952	NA	GLIS3-AS1	UTR
chr9	4720188	4720656	8.09191610805689	7.0660069164615	6.1222870794682	1.15414498287056	0.248440733967419	NA	AK3	Intron
chr9	4952965	4953496	36.1341631784235	-6.20539357808119	4.69214210309019	-1.32250759711527	NA	NA	JAK2	Intergenic
chr9	5383321	5383709	25.3010102275222	0.51572618408557	5.72332713706446	0.0901095065395981	NA	NA	RLN1	Intron
chr9	5885230	5886218	11.9782376494526	-3.27877831013404	5.9150430186303	-0.554311828300664	NA	NA	MLANA	Intron
chr9	6203905	6204373	31.923745624638	10.9912964968524	5.71177913200053	1.92432099400922	NA	NA	IL33	Intergenic
chr9	6392934	6393425	20.9575329440243	7.7359930208451	5.08827211130524	1.5203575696467	0.12842113233762	NA	UHRF2	Intergenic
chr9	7952446	7952877	9.08211861741389	-18.2673346144851	5.93108594983773	-3.07993085397538	NA	NA	NA	NA
chr9	8200792	8201478	10.9287280978451	11.1150580735651	5.86706503664844	1.89448352866983	NA	NA	LOC105375971	Intergenic
chr9	8842275	8842621	24.0144563351291	-6.41415491725388	6.00910290306102	-1.06740640337288	NA	NA	PTPRD-AS1	Intron
chr9	9300141	9300957	75.2605845276621	-2.07582729522935	4.93395144570649	-0.420723089408536	0.673957298806447	0.721119096239855	NA	NA
chr9	9790859	9791227	11.0034835103353	5.83986852199213	5.59797942161722	1.04321007316333	0.296851009156668	NA	LOC105375972	Intron
chr9	10255314	10255599	48.733070612065	-6.15925784475987	3.88996061448822	-1.583372803781	NA	NA	NA	NA
chr9	10465492	10465912	14.2586404930554	1.97020485951308	5.90065491582201	0.333895963688738	NA	NA	PTPRD	Intron
chr9	14460087	14460372	50.7166332201359	-9.46332117235105	5.0558988282754	-1.87173863516155	0.0612427716496138	0.113191061634547	LOC124902121	Intron
chr9	15592181	15592606	46.2413487685177	-13.595614339069	5.11456922219587	-2.65821298889996	NA	NA	CCDC171	Intron
chr9	16710724	16711564	54.3163077675381	-0.298511129370106	4.88566284952116	-0.0610994124163444	NA	NA	NA	NA
chr9	16728237	16728755	46.0835975099106	9.504751131969	4.59062561822787	2.07046967503269	NA	NA	BNC2-AS1	Promoter
chr9	18728805	18729292	23.8999617672903	13.7973844172699	5.07312263178057	2.71970252223673	NA	NA	LOC102724102	Intron
chr9	19260762	19261139	129.719910700224	10.1039371938806	5.01452224323697	2.01493516306716	0.0439114430548871	0.101531824429349	DENND4C	Intron
chr9	27193646	27194442	49.8345174860104	-8.13721073520501	6.00797743442611	-1.35440101498688	NA	NA	TEK	Intron
chr9	28507169	28507525	84.8738368645819	-14.8532656774602	4.63140065030139	-3.20707854901165	NA	NA	LOC105376004	Intron
chr9	28813502	28814137	2.7430532711088	-0.272280404849056	6.02835785537605	-0.0451665961744853	0.963974519456537	NA	NA	NA
chr9	28856980	28857595	13.4722150230377	30	6.01285295991406	4.98931209527345	NA	NA	MIR876	Intron
chr9	30115447	30115872	38.3976121051956	-3.89302437065843	5.39328334862797	-0.721828266569528	NA	NA	NA	NA
chr9	30182671	30183947	75.2610385433209	30	5.8675486486165	5.11286770618828	NA	NA	LINC01242	Intergenic
chr9	30435093	30435906	48.861592453199	-2.83096007974703	4.48575149694948	-0.631100514968832	NA	NA	NA	NA
chr9	31194528	31195183	19.3450280932486	1.70466046379149	5.76471282361984	0.295706050925375	NA	NA	LOC107987029	Intergenic
chr9	32325075	32325617	12.7830341187634	10.7688640474622	5.92462355580124	1.81764528092549	NA	NA	LOC107987059	Intron
chr9	32932843	32933999	37.9481995350225	15.718388167737	5.922902522314	2.65383198668547	NA	NA	LOC124902140	Intron
chr9	33761045	33761754	8.97951391197245	6.51696634917419	6.12185833014966	1.06454053617652	0.287083901241869	NA	PRSS3	Intron
chr9	35041519	35042116	17.8400031751707	26.4518090707001	6.01042077540979	4.40099122159989	NA	NA	SPATA31G1	Promoter
chr9	35057029	35057531	106.743224104192	-0.473383867148715	4.69297240870034	-0.100870796996612	0.919653025460564	0.933437974450337	NA	NA
chr9	35432937	35433419	51.9723433358319	2.72669338067633	4.52744331886576	0.602258976785916	NA	NA	ATP8B5P	Intron
chr9	35564691	35565300	87.0896793782684	-6.82832467290394	4.3008945639696	-1.5876521898741	0.112365009723277	0.147947262802315	CIMIP2B	Promoter
chr9	36211991	36212593	40.4978807221304	-0.569567670662584	6.01393414035443	-0.0947079993511562	NA	NA	CLTA	UTR
chr9	38597470	38597870	37.4912582776769	-9.92591117657567	6.12088485067781	-1.62164644797664	NA	NA	FAM95C	Intron
chr9	42932816	42934551	53.7458752316005	-28.1182810852658	5.77521491388757	-4.8687852321565	NA	NA	LOC112268044	Intron
chr9	68426896	68427514	15.6800888656361	-14.8620657952148	5.36590605821307	-2.76972157804867	NA	NA	LOC105376070	Exon
chr9	68551121	68551744	10.5940978382591	-2.07768629561435	6.01841122134994	-0.345221723674163	NA	NA	TMEM252	Intron
chr9	68604207	68604717	39.5608120707472	-9.99706112995809	5.45324493153748	-1.83323163647805	0.0667681310019874	NA	LINC01506	Intron
chr9	69069080	69070214	9.84635795160778	2.2117084871726	6.01849634413493	0.367485225662374	NA	NA	TJP2	Intron
chr9	69413870	69414261	14.817194940246	4.51278849128439	6.01154565871017	0.750686886116514	NA	NA	LOC124902177	Intron
chr9	69986336	69986890	65.3728274459686	-0.664515078916448	5.93354187282086	-0.111992987183645	NA	NA	LOC124902179	Intergenic
chr9	70460528	70461021	81.7671886312004	-0.84257882715169	3.8526119185259	-0.218703270656464	NA	NA	NA	NA
chr9	70475638	70476061	21.955853843411	12.6183249986871	5.83305688807027	2.16324394581065	NA	NA	KLF9	Intron
chr9	71709047	71709593	61.1557876326622	-7.83383054076385	4.60388423017894	-1.7015698373587	0.0888360357924424	0.130876395279453	CEMIP2	UTR
chr9	73329761	73330126	11.7278938553494	-1.76317340119273	6.01238374566771	-0.293256963590058	NA	NA	LOC105376084	Intron
chr9	73497842	73498450	7.28277589844639	3.0537374458037	6.03213741711432	0.506244674920646	NA	NA	LOC105376083	Intron
chr9	73769009	73769275	42.214580181427	8.47926699794377	5.01621495214213	1.69037154086126	0.090956896139167	0.132250210950813	LOC105376086	Intron
chr9	74677026	74677516	38.3877283870063	-14.846936327509	5.40013008351985	-2.74936642226805	NA	NA	LOC105376088	Intron
chr9	76593555	76594161	24.0585241690323	30	6.01133380948007	4.99057296613424	NA	NA	PCA3	Intron
chr9	78316793	78317110	59.4807760123194	28.6037999899969	5.12307891200991	5.5833221547577	NA	NA	PSAT1	Intron
chr9	78983524	78983871	60.7441533309514	-3.12587230236106	3.73083189834757	-0.837848605225431	NA	NA	LOC105376097	Intergenic
chr9	79672110	79672544	39.22938387947	15.9344801764031	5.51099652243456	2.89139724758233	NA	NA	TLE4	Intron
chr9	80255588	80256060	7.06112448236881	0.130878930164026	6.01408034366986	0.0217620854203891	NA	NA	LOC105376103	Intergenic
chr9	80520963	80521559	2.61389288152587	-0.494000100707744	6.02937126550771	-0.081932274354007	0.934700569485814	NA	NA	NA
chr9	80900065	80900433	42.9825410554187	-1.84991705014149	5.14542177551331	-0.359526804769457	NA	NA	LOC107987085	Intron
chr9	82768556	82768866	38.0176045801391	-17.2180832510246	5.42451607825059	-3.17412336928264	NA	NA	LOC124902189	Intron
chr9	83055065	83055976	20.5915915144521	-6.30982035332024	6.00893074494433	-1.05007373543605	NA	NA	LOC124902188	UTR
chr9	83957652	83958192	27.9938173426076	2.2791104832069	4.83032649880293	0.471833629418573	NA	NA	QNG1	Promoter
chr9	84230588	84231147	37.6223094915045	-28.6738082286582	5.07105530724478	-5.6544065271174	NA	NA	SLC28A3-AS1	Intergenic
chr9	85296902	85297592	6.21219428691904	-8.27105349709749	6.1229770220342	-1.35082223358559	0.176752384114295	NA	LOC105376119	Intergenic
chr9	85385148	85385982	85.0195370712929	-1.02354168431195	3.84542683515735	-0.266171150352953	0.790107400496909	0.819498704235306	NA	NA
chr9	86255047	86255473	40.0658695779845	-4.31988896012286	4.7309019959019	-0.9131216338586	NA	NA	C9orf153	Intron
chr9	86365831	86366434	4.7129919448417	-5.95355073833184	6.12376179434434	-0.972204820871756	0.330948662726256	NA	LOC102724080	Promoter
chr9	86522572	86522890	27.2782397036357	-9.46706555152345	6.12103750233073	-1.54664393869808	0.121949128352471	NA	LOC105376123	Intron
chr9	86736494	86736929	55.3087751749538	-30	5.8213718857256	-5.15342441419385	NA	NA	LOC124902195	Intergenic
chr9	86852688	86852921	55.040214759808	-24.8988162450904	4.82404550743953	-5.16139746333072	NA	NA	GAS1	Intergenic
chr9	86975507	86976208	20.7357278340155	26.023022016269	5.88315365584327	4.42331163498039	NA	NA	GAS1RR	Intron
chr9	87009673	87010579	61.3433919681909	-9.59516783422672	4.31687747215772	-2.22271025668716	NA	NA	LINC02893	Exon
chr9	88751294	88752911	87.6878800012514	3.50413244315562	4.37556490722947	0.80084115250261	NA	NA	LOC124902205	Intron
chr9	89188862	89189486	26.6640753619254	14.1761173752885	5.28037674838873	2.68467915279232	NA	NA	SHC3	Intron
chr9	89191984	89192380	65.115376308908	-1.04904619735832	4.90376541398264	-0.213926668344913	NA	NA	NA	NA
chr9	89598646	89599077	47.8625975332592	-17.2963289910308	5.39223554867324	-3.20763602311226	NA	NA	LOC105376139	Exon
chr9	89661708	89661996	50.7710993571633	-6.34189514948767	3.45014875455969	-1.83815122206145	NA	NA	LOC101927823	Intron
chr9	90963018	90963306	55.7208498059224	8.69156699443068	4.346700718957	1.99957796876253	0.0455458548819378	0.102316280635254	LINC02957	Intron
chr9	91359906	91361068	50.6845146300228	4.95265303025323	4.13261134555003	1.19843184275875	NA	NA	AUH	Promoter
chr9	91690346	91690715	48.4095943335638	14.6236929265191	4.89709209557253	2.98619928747928	NA	NA	MIR3910-2	Intron
chr9	91709321	91709959	31.2848283085624	-5.82308563244156	5.73653506883151	-1.01508760298186	NA	NA	NA	NA
chr9	92284281	92284829	119.651761108506	9.27046214360877	4.2998380956189	2.15600260694802	NA	NA	LOC112268048	Intron
chr9	93019223	93019749	20.0174142929323	-28.6647616201814	6.00925314268742	-4.77010386141965	NA	NA	SUSD3	Intron
chr9	93316953	93317536	25.4580374847098	-2.27805654655891	6.01608121977809	-0.378661202091108	NA	NA	NA	NA
chr9	93345478	93345845	71.4525019938414	9.24200371298302	4.64668504275528	1.98894558764906	0.0467072091734984	0.102710276128276	FAM120A2P	Promoter
chr9	93405111	93406721	61.6762849464659	2.18892698449847	4.87952770657471	0.448594027153303	NA	NA	NA	NA
chr9	93433603	93433972	41.8388972639605	-30	6.0079479051187	-4.99338550762738	NA	NA	LOC107987097	Intron
chr9	93659721	93660177	54.6318404419866	0.444057548190819	4.86556210893658	0.091265415639278	NA	NA	MIR548AU	Intron
chr9	93851328	93851828	28.6709971231746	14.8620271517837	5.09916944023307	2.91459762731564	NA	NA	MIR4291	Intron
chr9	94460823	94461260	17.1621372650952	-17.446334289085	6.01141230138333	-2.90220224706103	NA	NA	SLC71A2	UTR
chr9	96105974	96106428	46.3668160119181	-15.1279779989066	5.18256319353674	-2.91901467169237	NA	NA	LOC158434	Exon
chr9	96736845	96737536	10.8150885573952	0.417653453786434	6.03207156394248	0.0692388094801484	NA	NA	ZNF510	Intron
chr9	97349702	97350264	5.50043483617304	-3.20189948162475	6.0321827405786	-0.530802798808716	NA	NA	MIR1302-8	Intron
chr9	97833434	97834052	105.6443825752	-10.6282457203211	4.11660538221133	-2.58179852901322	0.00982869443552115	0.07153640849665	PTCSC2	Intron
chr9	98104570	98105039	119.197465620585	13.1249449224124	5.48686592146784	2.3920659098047	NA	NA	TRIM14	Intron
chr9	98276144	98276459	42.2328139436304	-1.87293202766801	4.07727131477584	-0.459359184874598	NA	NA	NA	NA
chr9	98368758	98369336	57.5144398028212	-8.69285136594445	5.33593810895236	-1.62911397929448	0.103288892419	0.141499812157821	TBC1D2	Intron
chr9	98395414	98397133	93.5666851731047	-3.63342799483155	4.91842435250977	-0.738738208503195	NA	NA	NA	NA
chr9	98623570	98624134	38.3703985748499	0.948996805281349	5.14120650104713	0.18458640108855	NA	NA	GABBR2	Intron
chr9	98795356	98796607	82.936083775996	-7.77515176142152	4.6365873236139	-1.67691261239125	NA	NA	ANKS6	Promoter
chr9	99352801	99353288	109.692783669386	-7.10502916782163	4.82788489201601	-1.47166498927333	NA	NA	LOC124902232	Intergenic
chr9	99370649	99371778	125.99662302946	14.8796743135097	4.52902177231429	3.28540578110454	NA	NA	NA	NA
chr9	100267768	100268090	55.3269063945465	-13.3452187681332	4.85060600005911	-2.75124773440073	NA	NA	TEX10	Intron
chr9	100742699	100743510	9.97603696515038	-2.9719199006768	6.01863499728149	-0.493786365516295	NA	NA	NA	NA
chr9	100824859	100825390	38.2766717110473	-9.95582350128372	6.12087648492565	-1.62653559924019	0.103835766691519	NA	NA	NA
chr9	100847790	100848243	39.163514858611	-0.762028356101261	5.41250193892744	-0.140790407966536	NA	NA	LOC105376179	Intron
chr9	103888164	103889543	127.835387832714	0.245680149090364	3.61903570013102	0.0678855279270855	0.945876759216286	0.954301947251506	NA	NA
chr9	104020302	104021388	100.91991875967	0.310161876666544	4.42389582469647	0.0701105742443256	NA	NA	LINC03094	Intron
chr9	104630504	104630781	25.6359189318654	30	5.76276913740748	5.20583061453269	NA	NA	OR13C9	Exon
chr9	106117504	106118193	24.5622950764389	-11.2500201442989	5.37727848712785	-2.0921401358009	0.0364259817349468	NA	LINC01505	Intron
chr9	107025857	107026346	41.9748280530845	13.4136717469568	5.12384297656803	2.61789282152071	NA	NA	LOC340512	Intron
chr9	107154585	107155377	107.916032973799	2.56441978580332	4.59214059880688	0.558436687776851	NA	NA	NA	NA
chr9	107857453	107858769	101.308508176186	-4.18049765729056	3.87992645260254	-1.07746827378297	0.281271117075144	0.322035047086034	NA	NA
chr9	107861179	107861680	122.07661124575	-16.9452522626675	4.38617443032204	-3.86333296403429	NA	NA	LOC105376209	Intergenic
chr9	108210469	108211468	81.5339964884561	27.7293327173721	5.79154512529538	4.78789893154081	NA	NA	LOC105376212	Intergenic
chr9	108223456	108223873	119.856599471714	8.02659830481347	4.42229980896674	1.81502807397603	0.0695195952786087	0.119446092753972	NA	NA
chr9	111186839	111187245	23.0403476842186	1.28286555572439	5.46935169705329	0.234555323333029	NA	NA	MIR7702	Intron
chr9	111622590	111623309	8.02995469351358	-3.0642787190479	5.99812336845092	-0.510872906543649	NA	NA	LRRC37A5P	Intron
chr9	112594357	112594941	31.9402459785529	-4.7518667980266	6.00865272647515	-0.790837316506754	NA	NA	HSDL2-AS1	Intron
chr9	113516635	113517222	24.5528041188506	-2.99068850549081	4.76971260721119	-0.627016500107213	NA	NA	RGS3	Intron
chr9	114324125	114324633	32.0571393931509	-0.244698120873855	5.40990018269639	-0.0452315408067092	NA	NA	ORM1	Promoter
chr9	114431493	114431875	14.7643469848325	0.489123067169042	5.45179441402418	0.0897178121593916	NA	NA	AKNA	Intron
chr9	114553264	114553964	152.110379845264	-3.5048641302689	3.56029595191538	-0.984430557910035	NA	NA	ATP6V1G1	Exon
chr9	116688709	116689229	100.858744084104	0.945537431598624	4.90244581885481	0.192870552074658	NA	NA	TRIM32	Promoter
chr9	116854433	116854885	38.4716342697398	10.4323913435016	5.28439178359047	1.97418960795017	NA	NA	LOC105376239	Intron
chr9	117324051	117324515	27.6338273384792	8.13831830301265	5.05373910678856	1.61035584367239	0.107320194481041	NA	ASTN2	Intron
chr9	117824953	117825453	64.5517927643765	-0.0508768334368361	4.908724556164	-0.0103645728854248	0.991730415374823	0.991730415374823	NA	NA
chr9	117848879	117849132	48.9938856934725	-7.72619242075412	3.90607991018302	-1.97799138737848	NA	NA	LOC105376243	Intron
chr9	118550211	118550849	60.3402108956961	8.9772785053686	5.00507860366711	1.79363386996383	0.072871626778312	0.119446092753972	LOC105376249	Intron
chr9	119246596	119247048	58.5221320226383	-0.361865078739762	4.87771487466359	-0.0741874193219871	NA	NA	NA	NA
chr9	119328913	119329150	25.6721469373652	5.91833403506721	6.04165123997562	0.979588824311397	NA	NA	BRINP1	Intron
chr9	119639017	119639322	45.2993411083766	-9.39092469567153	4.2601669009031	-2.20435605320552	NA	NA	NA	NA
chr9	119761311	119761752	42.0668630389914	10.9441820935184	4.96806488325211	2.20290643353158	0.0276013440870091	0.0891473302352232	LINC01613	Intron
chr9	120116140	120116531	94.1546055960608	-14.866614181462	4.05562735419797	-3.665675586805	NA	NA	LOC124902259	Intron
chr9	120326338	120326881	20.2336623827621	1.39582899147648	5.47625387181827	0.254887560757482	NA	NA	LOC105376253	Intron
chr9	120864053	120864681	27.1626815854321	-2.1176805097817	6.00928625117614	-0.352401337075136	NA	NA	PSMD5	Exon
chr9	121530447	121530868	26.0304548531768	-12.4981088089517	6.00873872420425	-2.0799887268533	NA	NA	GGTA1	Intron
chr9	121583484	121584381	71.162545334906	-10.335118196246	3.69160751197707	-2.79962541053314	NA	NA	LOC107987016	Promoter
chr9	122474676	122475747	151.480201921712	-1.16928404517343	3.7835928914184	-0.30904066022153	0.757290597268445	0.792396783896783	OR1J1	Promoter
chr9	122751993	122752509	70.6700146094406	-7.1421802290546	4.10971040088399	-1.73787920129806	NA	NA	OR1L6	Intergenic
chr9	123359919	123360364	69.5043988648643	8.55333615308952	5.37330669417135	1.59181983086275	NA	NA	NA	NA
chr9	123373226	123374746	63.1659987696699	-12.5783894518205	5.45027848220919	-2.307843441923	NA	NA	CRB2	UTR
chr9	123476977	123477382	70.7947233970712	-10.0129374861233	4.90734915361234	-2.04039638768166	0.0413108614087117	0.100417170808869	MIR7150	Intron
chr9	124242898	124243511	122.166263353739	6.43072102947501	4.6448780607577	1.38447574841738	NA	NA	NEK6	Intergenic
chr9	125553003	125554063	6.07067531187266	6.65102260961042	6.12289302321389	1.08625490995747	0.277366229885099	NA	LOC105376272	Intron
chr9	125847124	125847407	39.3761017089645	29.1341725420264	5.83073155404411	4.99665818465255	NA	NA	PBX3	Intron
chr9	127038035	127038242	49.2246709282265	29.7557060022427	5.47168509189947	5.43812472802838	NA	NA	ANGPTL2	Intron
chr9	127257682	127258447	1.54399557064945	-0.269875608725336	6.04923002197617	-0.0446132165159712	0.964415607893274	NA	LOC124902274	Intron
chr9	128224705	128225056	40.2470687034256	0.1107199601746	4.85294386861592	0.0228150094400696	NA	NA	MIR199B	Intron
chr9	128348743	128349425	72.5090439352405	-9.44263249810927	4.16741995003624	-2.26582216606876	NA	NA	SLC27A4	Intron
chr9	128764880	128765331	39.2716619572382	8.379234860651	5.75852821539805	1.45510007891345	0.145641557344856	NA	LOC124902282	Intron
chr9	129069908	129070269	99.4468864945751	-1.78532697647775	4.6526564000362	-0.383722076804094	NA	NA	DOLPP1	UTR
chr9	129153350	129153766	33.2697191066078	-30	5.70211727819354	-5.26120360847859	NA	NA	IER5L-AS1	Intron
chr9	129835334	129836305	60.1383618065063	-3.05426889652116	4.06591539711953	-0.751188502024645	NA	NA	C9orf78	Promoter
chr9	130110577	130110809	63.7696116469381	-9.54771033901518	3.5142769547006	-2.71683491713549	NA	NA	GPRACR	Intron
chr9	130520308	130520862	42.8859208391651	-0.828920730306368	5.15053948748562	-0.160938622511373	NA	NA	LOC124902286	Intergenic
chr9	130904021	130904799	79.9671503509122	6.30933117929571	3.84209409427751	1.64215946420806	0.100556960902175	0.13946267485463	QRFP	UTR
chr9	131019244	131019755	73.2864921841309	-2.52816005252925	4.61955677656882	-0.547273293696163	NA	NA	LAMC3	Intron
chr9	131443867	131444118	94.8198691998198	-10.5740269400972	5.01956801073235	-2.10656114579757	NA	NA	SNORD62A	Intron
chr9	132705568	132705773	49.6394061363016	-25.142056273217	4.48981140903083	-5.59980230408925	NA	NA	DDX31	Intergenic
chr9	134542632	134543421	6.30300017298182	6.93662304792606	5.42389868252495	1.27889981984267	0.200932336107458	NA	COL5A1	Intron
chr9	135406822	135407179	27.023350219301	9.99902040042233	5.11352960315168	1.95540481358698	0.0505353084243156	NA	LOC124902304	Exon
chr9	135881022	135882155	21.3800798732045	-0.453396976940999	5.91063356706291	-0.0767086932046608	NA	NA	CAMSAP1	UTR
chr9	136675632	136676051	90.5543559253601	-16.2806986084505	4.93039190353837	-3.30211044618308	NA	NA	MIR126	Intron
chr9	137140438	137140932	26.9197286646362	15.7262744574057	5.80983711096161	2.70683569212887	NA	NA	GRIN1	Promoter
chr9	138118706	138119115	66.0360750760269	9.34477159463778	4.68673219485396	1.99387786758935	0.0461654032071142	0.102710276128276	NA	NA
chr9	138176643	138177267	21.5379019747711	8.14143944224028	6.06019359371327	1.34342893776299	NA	NA	TUBBP5	Exon
chrUn_GL000216v2	56938	57462	51.5728023217319	10.0139557719084	5.03415063900909	1.98920463251761	NA	NA	NA	NA
chrUn_GL000224v1	36019	36713	77.1917556176427	-5.36362402108928	4.60977231147144	-1.16353339355653	0.244613157612019	0.284881171272965	NA	NA
chrUn_GL000224v1	39405	39702	177.124082707008	-15.3973001923509	3.71157066213569	-4.14845939737304	3.34720196494598e-05	0.00396643432846099	LOC100505874	Intergenic
chrUn_KI270435v1	959	1372	14.3867009585187	-27.7311410439798	6.01043356314129	-4.61383371975688	NA	NA	NA	NA
chrUn_KI270438v1	103888	104997	529.088670224045	0.751283679662764	2.68649374544193	0.279652123120494	0.77974441340174	0.810523798141282	NA	NA
chrUn_KI270438v1	112034	112377	63.8221698835755	10.0229307165827	3.69674381607745	2.71128626035488	0.00670227361187752	0.0597321442300088	NA	NA
chrUn_KI270442v1	315459	316109	21.9227670875556	-9.13813534659898	5.56303166636521	-1.64265384320016	NA	NA	NA	NA
chrUn_KI270467v1	2031	3543	1445.19686513381	0.339653628742686	2.54550155827903	0.133432889733652	0.893851035716404	0.911151378343173	NA	NA
chrUn_KI270744v1	107721	108587	159.282777748234	3.69254866584745	3.56561763419859	1.03559861002241	NA	NA	LOC102723393	Intron
chrUn_KI270744v1	110356	112359	174.053800293468	2.98746585777445	3.6352647490622	0.821801454363163	0.411189905878628	0.461857856366042	NA	NA
chrUn_KI270746v1	33568	34242	27.9228845223103	-9.00840586723055	4.34638451924933	-2.07262054871905	NA	NA	LOC105379557	Intron
chrUn_KI270750v1	8361	8824	36.272449961204	24.0768916212393	5.61030453111945	4.29154807688044	NA	NA	LOC105379562	Intergenic
chrUn_KI270751v1	125177	125607	20.3613877590939	27.3250882288477	5.43698007343285	5.02578414115741	NA	NA	LOC124905337	Intergenic
chrX	1848848	1849090	95.9676583534474	8.44912201388001	4.40647652076499	1.91743266395828	NA	NA	XG	Intergenic
chrX	7294259	7294475	54.1330308990515	10.7620291772476	4.63748992453623	2.32065823373706	0.0203052965713687	0.0831315297380008	PUDP	Intron
chrX	8670892	8671119	38.1776645427819	-6.89466445975982	4.31299508056994	-1.59857925431455	NA	NA	ANOS1	Intron
chrX	9213030	9213500	59.9031132866547	-15.2650825232812	5.19535603967182	-2.93821682416311	NA	NA	LOC124905242	Intron
chrX	9744669	9745384	38.2299821620946	7.79954033257216	4.84763017204165	1.60893881252647	NA	NA	GPR143	Intron
chrX	10740400	10740799	33.5100836189634	-29.8252817071463	5.8248028656728	-5.1203933240239	NA	NA	MID1	Intron
chrX	11045693	11046099	105.92587182195	-0.235345043862355	4.63142330704906	-0.0508148420603571	NA	NA	HCCS-DT	Intron
chrX	11391628	11392158	49.7705980555821	-10.3344903435622	5.70116108004552	-1.81269923765769	0.0698782221424717	0.119446092753972	MIR548AX	Intron
chrX	18684549	18684997	74.4990405803327	-9.06476372081416	5.69610375056917	-1.59139722830863	NA	NA	PPEF1-AS1	UTR
chrX	21776578	21776931	65.7461128044432	-16.9247717931735	5.49839623791505	-3.07812879625992	NA	NA	SMPX	Intergenic
chrX	21956245	21956603	53.8640592392678	10.7603566592097	5.72594003171908	1.87922971592476	0.0602131337687252	0.113191061634547	SMS	Intron
chrX	24773775	24774496	16.2480815735457	-7.75174591794985	5.97717986878229	-1.29689018703215	0.194668973377247	NA	SCARNA23	Intron
chrX	25547861	25548509	7.24244901523647	1.87553253291798	6.02048788278764	0.311525007513106	NA	NA	LOC107985707	Exon
chrX	27634132	27634533	131.304467998525	-9.19912173317054	3.65584131206127	-2.51628037103826	0.0118600793592874	0.0739694423197663	DCAF8L2	Intron
chrX	29334260	29334835	0.795919850475758	1.06136121691691	6.08956393854331	0.17429182575769	0.861636123026451	NA	MIR4666B	Intron
chrX	34086385	34087826	96.7980468294532	-28.3101421440461	5.01544992789328	-5.64458673719381	NA	NA	FAM47A	Intron
chrX	35871262	35871666	30.1644116326448	-30	5.17632053445812	-5.79562254699912	NA	NA	CFAP47	Intergenic
chrX	38619558	38619985	25.1089975196588	-14.198003837123	5.87664593469618	-2.41600463851273	NA	NA	MID1IP1	Intron
chrX	42361803	42362061	52.987167768701	-9.57107913587644	4.96553539931906	-1.92750194413858	0.0539171060058126	0.10883919148767	LOC105373186	Intron
chrX	54358192	54358786	15.2401877075846	-18.6358425650836	5.79673402440659	-3.21488660452923	NA	NA	WNK3	Promoter
chrX	56357415	56357793	19.6240648984287	-6.09489508607519	6.04965947195062	-1.00747738188146	NA	NA	UBQLN2	Intergenic
chrX	65380649	65380986	51.0473647695082	-10.6153864533808	4.31626453566006	-2.45939199640772	NA	NA	LAS1L	Intron
chrX	68662379	68662661	56.3137213453233	-0.0234578674068131	5.18694836004303	-0.0045224794577709	NA	NA	STARD8	Intron
chrX	70317590	70317799	58.0184074417385	-8.14862004572187	3.7092421188513	-2.19684231566026	NA	NA	PDZD11	Intron
chrX	72486395	72487703	26.5441887341425	-1.80339359352022	5.3657476298566	-0.336093629056575	NA	NA	HDAC8	UTR
chrX	76022690	76023120	61.1083143498593	-3.51278040720648	4.21873941078584	-0.832661149495399	NA	NA	PBDC1	Intergenic
chrX	78686890	78687940	47.130228534677	0.65727101263076	4.84456078053134	0.135671950958302	NA	NA	RTL3	Intron
chrX	80665683	80665897	117.371543742613	8.97865862831481	3.82890775253345	2.34496603434072	NA	NA	LOC124905202	Intergenic
chrX	81865675	81866319	22.6787539963866	-26.3953859192746	5.88284045460183	-4.48684374886062	NA	NA	LOC105373286	Intergenic
chrX	87140321	87140779	40.2210162505299	-2.88602848296628	5.40672260774493	-0.533785195273778	NA	NA	KLHL4	Intergenic
chrX	87937408	87937757	15.0319695982284	2.47665804042669	5.90604793122358	0.419342692316009	NA	NA	LOC124905233	Intergenic
chrX	92202551	92202918	41.7369247818704	2.85899724123049	6.01956606574734	0.47495072070042	NA	NA	LOC105373293	Intron
chrX	93354066	93354478	12.2549744252521	0.969704531208933	6.01115112159848	0.161317609820974	NA	NA	NAP1L3	Intergenic
chrX	95476358	95477092	4.5587615870577	0.761555689209072	6.02138084878497	0.126475256811358	0.899355733955808	NA	MIR548M	Intergenic
chrX	101223096	101223885	32.4568479845115	-2.86721741218987	5.46541939508714	-0.524610684912343	NA	NA	DRP2	Intron
chrX	101386678	101387422	39.14174807042	10.5377132821016	5.32693931341874	1.97819285373813	NA	NA	BTK	Intron
chrX	102168228	102168420	24.8883460384728	-6.80130218857272	4.63340292757178	-1.46788489904483	NA	NA	TCP11X1	Intergenic
chrX	103104982	103105525	25.7267542906178	0.335026074042032	5.04128530562117	0.066456479594295	NA	NA	NXF3	Intergenic
chrX	109277798	109278025	47.9783511978734	-10.6729277137445	4.65230170540399	-2.29411770551061	NA	NA	GUCY2F	Intergenic
chrX	110317568	110318019	53.9375883064652	8.3196690120913	3.63237615154701	2.29042055805481	0.0219969489204593	0.0870359547237145	GNG5B	UTR
chrX	111710357	111710840	42.995329899191	12.1553849992493	5.77354394497994	2.10535939712008	NA	NA	ALG13	Intron
chrX	113593223	113593605	81.9454420633929	1.23879155853672	4.26029689904947	0.290775874989631	0.771222737457083	0.803427642977269	LOC124905291	Intergenic
chrX	118172162	118172467	87.8266651285288	-7.74077248147036	3.77397962131985	-2.05109016427683	0.0402581669865489	0.0993873497480426	KLHL13	Intergenic
chrX	119834736	119835044	53.9198189646809	-7.6200568137962	4.63122989776481	-1.64536353884611	NA	NA	UPF3B	UTR
chrX	120718941	120719411	44.6483706230217	16.2941078141064	5.4929378774965	2.96637394732976	NA	NA	CUL4B	Intron
chrX	121235094	121235429	9.65747853141841	0.770135856535018	5.87807762560143	0.131018320204	NA	NA	MIR3672	Intron
chrX	125368977	125369616	40.6288935422365	-3.76700185699217	4.39919756177189	-0.856292949815809	NA	NA	LOC124905212	Intergenic
chrX	129014678	129015169	23.7737054131132	-6.61622713568485	6.00918173842519	-1.10101964355279	NA	NA	LOC124905213	Exon
chrX	130739944	130740433	51.2842283412299	1.92022413569946	4.89123502890502	0.392584720290845	NA	NA	ENOX2	Intron
chrX	131742820	131743224	5.7770844192854	-1.95699592172945	6.02033911024872	-0.325064067968855	NA	NA	FIRRE	Exon
chrX	134964806	134965412	36.3896855761617	-3.14433892574216	5.43386435971089	-0.578656130811011	NA	NA	LINC02243	Intron
chrX	140717212	140717959	28.9206919508304	-11.0839969960868	6.01044716289379	-1.84412185910479	NA	NA	LOC101928833	Intron
chrX	140960728	140961532	17.6333672339375	-18.2697681309536	6.02532740106908	-3.03216189176907	NA	NA	MIR320D2	Intron
chrX	141883309	141883559	90.6658310490611	6.07928875860392	4.15507718311735	1.46309887655154	NA	NA	MAGEC1	Intron
chrX	142748848	142749378	60.87427855141	8.58217529807401	5.27858591316821	1.62584742187572	NA	NA	SPANXN4	Intergenic
chrX	145902044	145902246	41.6829689377058	-8.15339123568019	3.91646588783248	-2.08182363109834	NA	NA	LOC107985703	Intergenic
chrX	145958902	145959483	14.1524543671253	6.89915298994301	6.0464346946416	1.14102828168426	0.253858154025527	NA	MIR892C	Intergenic
chrX	147309599	147310015	48.2435989547684	8.94854590293226	5.01683766359706	1.78370250404239	0.0744720190481472	0.12006168221563	LOC101928863	Intron
chrX	150980821	150981755	23.5795204702796	-9.25585849331128	6.12111898429664	-1.51211870199822	0.13050366794259	NA	HMGB3	Promoter
chrX	153594293	153594617	44.482605777416	-4.42088664249719	4.08701643166586	-1.08169044984613	NA	NA	LOC105373383	UTR
chrX	153740858	153741114	83.4168233556926	-0.21963882054412	5.5668813367997	-0.0394545540412734	NA	NA	ABCD1	Intron
chrX	153924467	153925179	29.2037197661141	-1.63733758706825	5.08839671190345	-0.32177868192509	NA	NA	ARHGAP4	Intron
chrY	10184190	10184900	41.2208699301044	8.62892934081701	5.02770435000461	1.71627620482678	0.0861115013462482	NA	TTTY23	Intergenic
chrY	12023390	12023817	33.967514333039	9.40477191862391	5.51167083877027	1.706337732012	NA	NA	GYG2P1	Intergenic
chrY	15193115	15193702	84.6913443204109	-4.7339240428445	4.50042190774267	-1.05188449880668	0.292852544667251	0.334487002824764	NLGN4Y-AS1	Intergenic
chrY	20755202	20755574	39.681906785357	1.71301064609915	5.18218369239455	0.33055768528877	NA	NA	RPS4Y2	Promoter
