CHR	START	END	baseMean	log2FoldChange	lfcSE	stat	pvalue	padj	SYMBOL	location
chr1	1615558	1616226	32.0670625212172	0.577111683173335	2.9749227530691	0.19399215746962	NA	NA	MIB2	Promoter
chr1	1946784	1947205	56.4562912695164	8.66225080997112	3.20720411633309	2.70087293972264	0.00691577533635972	0.0419587980138872	TMEM52	Exon
chr1	2043410	2044074	14.752064105566	6.59899310181049	3.49590902858932	1.88763295836486	0.0590752422812216	0.123050735074249	LOC105378590	Intron
chr1	2132768	2133273	59.3563548169555	-0.664262211160767	3.78938123307529	-0.175295693492861	NA	NA	PRKCZ-AS1	Intron
chr1	2655754	2656366	28.7435283793052	21.7604449197281	3.83670418827256	5.67165041971233	NA	NA	LOC105378598	Intron
chr1	3286187	3286940	34.6871954428285	-21.4390541121186	3.88661573694289	-5.51612393999671	NA	NA	LOC105378604	Intron
chr1	3856768	3857210	18.514304501094	-5.31843789575417	2.87790428581867	-1.84802459274328	NA	NA	DFFB	Promoter
chr1	3866327	3866938	83.1885258053362	-6.74090229450795	3.31422788648058	-2.03392842176167	NA	NA	CEP104	UTR
chr1	3938235	3939005	22.0407814444665	1.23847183730716	3.98862574073261	0.310500888729581	0.756180083751178	1	LINC01346	Promoter
chr1	4157746	4158294	30.7210645310735	6.98928190238893	4.24932664474039	1.64479751422262	NA	NA	LINC02780	Intergenic
chr1	5378020	5378608	70.9478433077687	1.21727855076724	2.80448698614716	0.434046781739414	NA	NA	LOC105376686	Intergenic
chr1	5727817	5728008	20.0284901812205	0.649132987959597	3.28089598601686	0.197852352139841	NA	NA	LOC124903830	Intron
chr1	6348807	6349434	12.8065856437185	-5.17701290202938	3.06311071510735	-1.69011615430556	0.0910057349266335	0.179235695803217	ACOT7	Intron
chr1	6784639	6785243	139.92908649155	-7.75967135418826	3.00800984961538	-2.57966952973258	NA	NA	CAMTA1-DT	Promoter
chr1	7066570	7067121	37.7980170721166	8.96663380177382	3.99901246103539	2.24221201837722	NA	NA	CAMTA1-AS3	Intron
chr1	7460158	7460781	37.9671933419519	-1.64796687140195	3.6812669026726	-0.447662969019043	0.654396450805667	1	CAMTA1-AS1	Intron
chr1	8025829	8026258	14.5847913071782	7.54375198006259	3.26469046602142	2.31070971615141	0.0208488942076128	0.0631053267351674	ERRFI1	Promoter
chr1	8878884	8879492	13.9042964639619	-6.1466219169546	3.12533902549713	-1.96670564915014	NA	NA	ENO1	Promoter
chr1	10461197	10461611	36.1207815682565	-6.40225007437639	3.41074109749457	-1.87708474239786	NA	NA	PEX14	UTR
chr1	10610403	10610867	23.772821393827	4.54641695939133	4.10007492684471	1.10886192094302	NA	NA	DFFA	Intron
chr1	12316556	12317354	3.30264735581987	-4.31656042746215	4.26546146681901	-1.01197970279198	0.311547758318204	NA	NA	NA
chr1	12375858	12376487	12.4307928392955	0.838230839349189	4.08735535101698	0.205079022341581	NA	NA	LOC124903845	Intron
chr1	12763019	12763585	88.4963313673061	2.09306085453634	3.74876928497799	0.558332800827093	NA	NA	PRAMEF12	UTR
chr1	13848233	13848744	48.3589701087378	-6.04413865189182	3.40353855026606	-1.77583963355412	NA	NA	KAZN	Intron
chr1	14885477	14885795	44.9086438468213	-0.0239756788107296	3.29078441011638	-0.00728570329220737	NA	NA	LOC107985469	Intron
chr1	15747196	15748176	118.052536276331	2.83509991517789	3.1128235507812	0.910780797217493	NA	NA	SLC25A34-AS1	Promoter
chr1	16156634	16157391	82.9270851414239	1.13291484786572	3.56406894399833	0.317871193197167	NA	NA	EPHA2	Promoter
chr1	16484537	16485437	29.1733298742718	-7.33833337914601	2.83796536765529	-2.58577270278985	0.00971609795275457	0.0450761155576392	NA	NA
chr1	16609827	16610387	26.9472992889363	-7.98117393353806	3.7695242127577	-2.1172894729065	NA	NA	NA	NA
chr1	16643224	16644152	31.8636954073076	-4.62918136448863	3.17068334351591	-1.45999485377667	NA	NA	NA	NA
chr1	17156042	17156577	11.9102647250044	-5.97349747230948	3.77096523953017	-1.58407651433396	NA	NA	SDHB	Intergenic
chr1	19256006	19256560	31.8040479050638	-4.52624355237803	4.10604661218988	-1.1023361349432	NA	NA	MRTO4	Exon
chr1	19284205	19284863	23.1678248250849	-8.89026625710146	3.38840426550979	-2.62373245943364	NA	NA	AKR7A3	Exon
chr1	19376769	19377022	48.3487780661406	0.875301893519845	2.72570055968765	0.32112914619651	NA	NA	LOC124903868	UTR
chr1	19689953	19690584	14.1793706516798	-8.20705584406715	4.21015541033662	-1.94934748107338	NA	NA	HTR6	Intron
chr1	20043787	20044231	33.7099290082491	7.2855958902775	3.34133462127043	2.18044485694384	0.0292245021515013	0.0758956451330886	PLA2G5	Intron
chr1	20651514	20652355	7.05328024641533	0	4.40735632392327	0	1	NA	PINK1-AS	Promoter
chr1	20999944	21000287	36.0593847906177	-1.9528136470467	3.46996838653467	-0.562775630643974	NA	NA	MIR1256	Intron
chr1	21613048	21613791	13.4204660968763	7.4435620823696	4.12633623416185	1.80391554637368	0.0712445474399638	0.144082932630262	LINC02596	Exon
chr1	22184667	22186087	21.5387916272872	-2.845432043981	3.87904079591022	-0.733540118211961	NA	NA	LOC105376850	Exon
chr1	22331679	22332062	47.0267181787023	-0.708458654885512	4.0823062588778	-0.173543729930802	NA	NA	MIR4418	Intergenic
chr1	22678135	22678527	92.2605292488742	3.5473985980043	4.03464039816543	0.879235383559169	NA	NA	C1QB	Intergenic
chr1	22801450	22801964	53.3909688374336	-1.15477566392666	2.98452785362041	-0.386920719311045	0.69881490175079	1	MIR4253	Intron
chr1	24125027	24125443	101.789080467091	0.355585400285475	3.08158799641221	0.115390311975342	0.908135757593297	1	MYOM3	Intron
chr1	26857518	26857724	77.142440487816	9.11107194306502	2.800770932255	3.25305859116774	NA	NA	SFN	UTR
chr1	26907107	26907807	47.3194343843064	1.31094800879666	4.31466037961057	0.303835735250845	NA	NA	NR0B2	Intron
chr1	27199517	27200557	128.878925030463	-1.01983762018167	3.01290192687511	-0.338490148346586	NA	NA	SLC9A1	Intergenic
chr1	27914198	27914539	101.178840605929	1.34158627742685	3.42107828369083	0.392153048301333	NA	NA	RPA2	Promoter
chr1	27917456	27918507	63.5145179010201	-1.4498432928683	3.44707066126805	-0.420601558639055	NA	NA	NA	NA
chr1	28684066	28684738	30.9588139152707	-2.68703149849581	4.02676249528954	-0.667293266399264	NA	NA	LOC124904809	Intron
chr1	28729121	28729671	26.803315585117	-7.79345232915553	3.60438719518495	-2.16221285536878	NA	NA	YTHDF2	Intergenic
chr1	29195945	29196739	5.09061070310866	6.99320549062569	4.25126021914102	1.64497234470363	0.0999755143280486	NA	SRSF4	UTR
chr1	29340374	29341286	21.7111539255346	-8.81763390446538	3.74680910105346	-2.35337154006223	0.0186040347939856	0.0600644551920105	LINC01756	Intron
chr1	30165602	30165900	115.98454353204	9.21214023265416	3.61855208191907	2.54580838526126	NA	NA	LOC105378618	Intergenic
chr1	30267297	30267746	26.3253824311582	2.86105367717237	3.72051340507285	0.768994320319172	NA	NA	NA	NA
chr1	30303602	30304093	59.8536844794444	-7.51240006124831	3.42197967506363	-2.19533742879657	NA	NA	NA	NA
chr1	30610767	30611341	32.6554652578533	1.23846473095511	4.15389701864371	0.298145265854347	0.765592294488439	1	LOC124903888	Intergenic
chr1	30716746	30717356	53.8641549580749	-7.5116261485559	3.70327719651926	-2.02837264129624	NA	NA	MATN1-AS1	Promoter
chr1	31043789	31044485	62.7206463338841	18.3162387398092	3.7701398636117	4.85823852759212	NA	NA	PUM1	Intron
chr1	31572581	31572987	35.4277356529054	-6.65322812279163	4.24916632489039	-1.5657725808046	NA	NA	TINAGL1	Intron
chr1	31799680	31800457	26.4010135078168	3.85110315382318	3.89932332582206	0.987633707705243	NA	NA	LOC124903930	UTR
chr1	32767616	32769189	49.6774987075467	8.48634217350293	3.35832775759207	2.52695471855542	0.0115056336170976	0.0474850211558731	NHSL3	Exon
chr1	32972009	32972469	31.5740825063235	9.64256303557343	3.64428739246583	2.64593924603981	0.008146444608916	0.0438184328867156	RNF19B	Intergenic
chr1	33110064	33110457	5.21604553700247	-4.95848662746373	4.25886000949685	-1.16427556116115	0.244312357206807	NA	AZIN2	Intron
chr1	33866939	33867523	17.5647222540407	-7.53868602201257	3.60137337877515	-2.09328087624631	0.0363240887552678	0.0866288936378305	NA	NA
chr1	33899965	33900758	49.6012549988378	0	4.40735632388776	0	NA	NA	CSMD2-AS1	Intron
chr1	33905561	33906270	71.2899064086352	-15.0645943565992	4.23618803120936	-3.5561675368547	NA	NA	NA	NA
chr1	34977139	34978018	12.7620685285124	-4.05843372951927	3.60991270877732	-1.12424705440976	NA	NA	GPR199P	UTR
chr1	35638325	35638642	64.5720069784312	0.276713957591234	3.86942674206686	0.0715129077346032	0.942989551973807	1	PSMB2	Promoter
chr1	36021800	36022137	14.3012185181802	3.17156435022169	4.0007129954198	0.792749780814731	NA	NA	LOC105378647	Intron
chr1	36964730	36965113	40.855026789137	0.276730949201468	3.56572507446506	0.0776086051006005	0.938139397149387	1	GRIK3	Intron
chr1	36988204	36988416	63.8718053049168	0.700986418644276	2.63958000426985	0.265567407508143	NA	NA	NA	NA
chr1	37265855	37266425	138.500052699712	-1.23534640964503	3.44924510309543	-0.358149790090707	NA	NA	MIR4255	Intron
chr1	37561676	37562543	5.10961668828025	-5.87051210424781	4.2533322567241	-1.38021479393412	0.167520520314861	NA	DNALI1	Exon
chr1	38448900	38449922	122.131231222708	9.14434671099166	2.70379404082088	3.382042630812	0.000719489780763228	0.0322130168465605	LINC01685	Intron
chr1	38859510	38860312	31.1085369370621	-0.277678040553564	2.65497354720842	-0.104587874649647	NA	NA	LOC105378662	Promoter
chr1	39640581	39641020	48.4817810149344	-21.2943641897147	4.24832570283531	-5.01241328448592	NA	NA	HEYL	Promoter
chr1	40455455	40456124	8.23828520347314	-5.40076513897517	4.25574611482235	-1.26905247476226	NA	NA	ZFP69B	Intron
chr1	40654524	40654753	109.066702570332	7.50922578879778	2.69593604516991	2.78538721356223	NA	NA	LOC105378675	Intron
chr1	40705840	40706587	36.5891565027217	-7.92493589018255	3.74673221935912	-2.11515940456992	NA	NA	RIMS3	Intron
chr1	40902088	40902681	42.4283345620175	-6.66746983016425	3.86426738026483	-1.72541627533737	NA	NA	NA	NA
chr1	40915188	40915918	85.2755896940705	1.51006464682721	3.11346975273087	0.485010219065949	NA	NA	LOC124904157	Intergenic
chr1	42396394	42396803	29.2540799259408	-2.66081817322267	4.08668433461092	-0.651094617386442	NA	NA	RIMKLA	UTR
chr1	42750399	42750898	40.7982248917898	-1.91150605820753	3.54920455248963	-0.538573088684528	NA	NA	CLDN19	Intron
chr1	42822566	42822794	39.4641488117771	1.1847343763937	3.51523354410583	0.337028638788511	NA	NA	SVBP	Intron
chr1	43946698	43946926	3.81974950549852	0.685584784364481	2.33260721059773	0.293913514992865	0.768823990528594	NA	IPO13	Promoter
chr1	44139452	44139696	42.9327490091507	7.97615680363335	4.0882372760621	1.95100143779233	NA	NA	KLF18	Promoter
chr1	44429426	44429887	17.8504245059418	8.81686124975366	4.09868603099769	2.15114336230519	0.0314648858185546	0.0787929550691782	RNF220	Intron
chr1	45016761	45017474	66.3210032351093	16.585339479164	4.28159421978179	3.87363646058204	NA	NA	HECTD3	UTR
chr1	46845974	46846423	10.9608659064848	20.5953997320754	4.24926314032425	4.84681674256207	NA	NA	CYP4B1	Intron
chr1	47225841	47226541	17.5477353474213	-8.52200449279973	4.24805354715025	-2.00609629756588	0.0448459748124319	0.101861209121705	TAL1	UTR
chr1	47349207	47349646	43.1540013291899	9.21795714594823	4.11801074478805	2.23844902726758	NA	NA	CMPK1	Intron
chr1	48200733	48200986	56.4658761615459	0.438072843585909	3.10418874464208	0.141123133811382	NA	NA	SKINT1L	Intron
chr1	48710041	48711029	51.526302063385	-7.84540047504852	3.48776199723246	-2.24940821113191	0.0244865366745286	0.0685319788042535	BEND5	Intron
chr1	49318639	49319111	19.6703871216954	-6.73490815798146	4.24894271600297	-1.58507859675667	NA	NA	AGBL4-AS1	Intron
chr1	50165795	50166387	6.76504992681014	0.276673496878682	4.4073563238821	0.0627753865462329	NA	NA	ELAVL4-AS1	Intron
chr1	51417218	51417819	45.2917902639659	0.276730651915367	3.40117235725738	0.0813633132484104	0.9351530241321	1	TTC39A	Intron
chr1	51502193	51502590	4.30462644343957	5.08746533610073	4.25515875433697	1.19559941939075	0.231852918156492	NA	EPS15-AS1	Intron
chr1	51583654	51583961	58.2491295212607	0.998785024675929	2.8499199768275	0.350460726194763	NA	NA	OSBPL9	Exon
chr1	51862844	51863344	16.2701798448111	-5.41735035041666	4.25146783138561	-1.27423058700437	NA	NA	NRDC	Intron
chr1	51952902	51953450	38.6489258272578	-2.53159734622718	3.51109694132071	-0.72102747048474	NA	NA	RAB3B	Intron
chr1	52248541	52248905	86.0258534745389	0.80195641475801	2.89283734594714	0.277221398528178	0.781610109645369	1	ZFYVE9	Intron
chr1	53143582	53143907	70.931403078025	-6.69114493585092	3.06714740165013	-2.18155310444195	NA	NA	SLC1A7	Promoter
chr1	53511564	53512196	96.1667558330387	0.799066456771551	2.9573613083401	0.270195750014748	0.787009662141241	1	DMRTB1	Intron
chr1	53680099	53681787	233.29691621553	-1.13270280782627	2.66388191110099	-0.425207590136051	0.670685351583198	1	NA	NA
chr1	53682310	53683444	42.899396438564	-0.414158723509454	3.00887523467467	-0.137645695220804	0.890520439660294	1	GLIS1	Intron
chr1	54277907	54278185	46.0375675140595	21.4515458242083	4.24820838128843	5.04955122227368	NA	NA	SSBP3-AS1	Intron
chr1	54891824	54892307	34.1925818626981	-0.613713475885407	3.71738934402108	-0.165092601040696	NA	NA	DHCR24-DT	Intron
chr1	56391216	56391965	49.8978829251413	6.45121721923504	3.63993870521511	1.77234226773986	0.0763377589068482	0.153354075670646	LOC124904187	Intron
chr1	57174712	57175145	29.8951837992548	-0.685092452571414	3.83842198223848	-0.178482838974334	NA	NA	LOC105378747	Promoter
chr1	58745561	58745958	84.460394438936	-7.96103959090893	4.1736648281656	-1.90744583445814	NA	NA	LOC105378751	Intron
chr1	59223401	59223601	61.6347453175849	1.09842441038795	3.06628464180483	0.358226498418428	NA	NA	HSD52	Intron
chr1	59978934	59979475	58.6785331118157	-15.0869152083819	3.87139090443915	-3.89702708426637	NA	NA	CYP2J2	Intergenic
chr1	61562735	61563337	61.7406135228448	7.801630728588	3.41382731465164	2.28530327093716	NA	NA	MGC34796	Intron
chr1	61834633	61835254	25.2916717173186	13.5258994629862	3.92187186015006	3.44883768396978	NA	NA	PATJ	Intron
chr1	63285383	63286241	26.2387359940545	13.5653709610958	4.28645674903829	3.16470496620299	NA	NA	FOXD3	Intron
chr1	64003787	64004343	29.7375575085308	-9.28298732787563	4.24764370392987	-2.18544397198077	0.0288563097642844	0.0753015243262145	LOC105378772	Intron
chr1	64606896	64607199	30.4531477069265	2.97560334823629	3.30802093847371	0.899511642634646	NA	NA	MIR4794	Intron
chr1	67510739	67511060	44.9753373693797	0.555409851467282	2.95927877571136	0.187684193873817	NA	NA	LINC01702	Intergenic
chr1	67780477	67781015	20.2710645628588	20.1901582055574	4.24838858586857	4.75242737274928	NA	NA	LOC105378781	Intron
chr1	68934660	68935242	36.8450474864357	-21.1083109495002	4.24996673873562	-4.96670027017199	NA	NA	LOC105378787	Intron
chr1	69997995	69998322	46.4226689194078	6.92858804828144	3.60033472459316	1.92442885961509	NA	NA	PIN1P1	Intron
chr1	70629235	70629636	59.9782666320324	-15.2820809037342	4.40735632387831	-3.46740308264582	NA	NA	LINC01788	Intergenic
chr1	73927389	73928026	49.180120538945	1.83582364062676	3.67884252397205	0.499022077912871	NA	NA	LRRIQ3	Intergenic
chr1	74703641	74704173	29.7067422449943	-22.2658459905814	4.24830261743223	-5.2411158045138	NA	NA	TYW3	Intergenic
chr1	75322809	75323304	34.2528896309928	2.12971771631402	3.71451736939293	0.573349779937114	NA	NA	LHX8-AS1	Intron
chr1	75365596	75365951	21.1638514724302	20.8665435616529	4.1202672148113	5.06436657473162	NA	NA	NA	NA
chr1	75399101	75399823	40.8637627534984	10.0158323016608	3.600852538499	2.78151693094211	0.00541055083992799	0.0379252716199222	NA	NA
chr1	76188236	76188972	57.1624961196206	22.3149173500827	4.0751964047804	5.47578941812626	NA	NA	ST6GALNAC3	Intron
chr1	76843455	76844034	43.7744617289732	13.5560023251641	4.40735632388012	3.07576726930709	NA	NA	ST6GALNAC5	Intergenic
chr1	76997476	76997826	41.3763576692905	-0.286055631736526	4.08242990940363	-0.0700699431673313	NA	NA	MIR7156	Intron
chr1	78060757	78061226	29.290667336275	2.95512372838627	3.86811081141958	0.763970804471796	NA	NA	GIPC2	Intron
chr1	79010909	79011578	57.5010654035131	-7.04040066842334	2.96622699825863	-2.37352052710616	0.0176194136545526	0.0593111022286735	LOC107984998	Intron
chr1	80030108	80030604	8.52195997771899	-6.50430784814924	4.24913221811017	-1.53073792818856	0.12583417591568	0.24515968755986	LINC01781	Intron
chr1	80697636	80698190	31.2520456938637	9.62816525536982	3.64346366460782	2.64258577597375	0.00822756223465136	0.0438184328867156	NA	NA
chr1	80842168	80842558	15.5251687104131	18.151108020406	4.25858586066632	4.26223836134325	NA	NA	NA	NA
chr1	81002773	81003107	27.2017944305747	1.16798907360898	3.62523152702196	0.322183304680806	0.747313831655534	1	LOC105378813	Intergenic
chr1	82591028	82591456	103.807443391518	1.05911197968349	3.07972539816729	0.343898186609027	NA	NA	LOC105378814	Intron
chr1	83330409	83330686	38.1107726498195	-22.5205224893824	4.24807831029878	-5.30134353568412	NA	NA	LINC01712	Intron
chr1	84259790	84260164	22.8971472679678	-8.26923962264003	3.53471663476766	-2.33943494686486	NA	NA	LOC124904808	Intron
chr1	85029329	85029790	51.3168531134834	2.89440439044747	3.90871833603069	0.740499606678425	NA	NA	MCOLN3	Exon
chr1	85607366	85607817	31.386243365517	-7.91755084063705	4.11010757362987	-1.92636097688427	NA	NA	LOC112268231	Intergenic
chr1	85776684	85777313	2.62648966775455	3.47011029398375	4.29534414213155	0.807877129086499	0.419161318564335	NA	ZNHIT6	Intron
chr1	86390100	86390554	25.6511284859606	0	4.40735632392266	0	1	1	ODF2L	Intron
chr1	86586686	86587069	50.3801694546885	0.27671647955703	3.87349036824346	0.0714385355971634	0.943048740969003	1	CLCA4	Intron
chr1	86745571	86745855	19.2843324703335	-1.38879533129994	4.08588745869428	-0.339900534544764	NA	NA	SH3GLB1	UTR
chr1	88024941	88025492	57.974235177595	-7.75071539801512	3.48618979618138	-2.22326260219822	NA	NA	LOC105378836	Intron
chr1	88633253	88633678	8.08240880552294	-6.54722129119221	4.25098260835321	-1.54016656721363	NA	NA	LOC105378838	Intron
chr1	89273039	89273797	16.459570106765	1.14168732033049	4.08594079544556	0.279418468716698	NA	NA	GBP5	Promoter
chr1	89472922	89473326	48.4043889197911	1.6697696421538	3.71875478867287	0.44901310708623	NA	NA	LRRC8B	Exon
chr1	89889412	89889811	18.2918199388367	19.4685565236414	4.25170379453569	4.57900114035754	NA	NA	LOC105378847	Intron
chr1	90225270	90225846	94.2525744355556	10.2980670651118	3.3278532517083	3.09450756574842	NA	NA	LOC105378849	Intron
chr1	90581194	90581580	201.828386066618	0.422532982044889	3.85638095373805	0.109567230808803	NA	NA	LOC105378851	Intron
chr1	90658845	90659510	24.9338548087046	-1.96502939772866	4.3011678365658	-0.456859502440994	NA	NA	SNORD3G	Promoter
chr1	92770281	92770689	7.63867446823876	-21.3684885292694	4.24948486419238	-5.02848914919726	NA	NA	EVI5	Intron
chr1	94058883	94059586	46.2618194077258	0.31773848054737	3.52681733710037	0.0900921284481956	NA	NA	ABCA4	Exon
chr1	94683223	94683950	27.485361380045	-8.19314967351983	3.21976993732321	-2.54463822975231	0.0109391005595025	0.0464092156781433	MIR378G	Exon
chr1	94998672	94999175	64.1439488838828	1.23843889089523	3.57587834762445	0.346331382251289	NA	NA	ALG14-AS1	Intron
chr1	95279549	95280028	26.7327545510614	-8.17275764530066	3.68761675732759	-2.2162708825587	NA	NA	LOC105379825	Intron
chr1	95468831	95469268	21.6068024942328	21.1243531287401	4.24838384665732	4.972326863864	NA	NA	LINC01761	Intergenic
chr1	95647224	95647920	9.44084689388007	7.17104904424273	4.25077038435934	1.68699986022028	NA	NA	LOC124904592	Intron
chr1	96023314	96023868	42.3217238066251	10.0547471285177	3.26125952206059	3.08308708966672	0.00204865191316488	0.0328342920264512	LINC02790	Intron
chr1	99112135	99112628	71.4520995209809	-9.24654911759871	4.24738489135171	-2.17699816572452	NA	NA	PLPPR5-AS1	Intron
chr1	99210876	99211220	66.8948507449015	8.69432039486919	3.61552322589559	2.40471982937284	NA	NA	PLPPR5	Intron
chr1	100449356	100450074	43.9741523933099	20.9416209974186	4.08168995685562	5.13062511331735	NA	NA	LOC105379827	Intron
chr1	101430128	101430605	37.6422807787845	-21.3871529627703	4.03704520966234	-5.2977244127913	NA	NA	LINC01307	Intron
chr1	101571474	101571886	4.82428939881869	6.47059734432063	4.25310281457367	1.52138277074998	0.128163809946677	NA	LINC01709	Intergenic
chr1	102366439	102367078	8.6262435188481	-5.57226813071137	3.93699791850358	-1.41535968422085	0.156963063828834	0.302547142220183	OLFM3	Intron
chr1	102635993	102637038	65.3240482586645	5.47353662859077	4.06652599458303	1.34599819007231	NA	NA	LOC107985096	Intergenic
chr1	103525680	103526381	16.5782058017526	-5.54427496357764	3.63786480565258	-1.52404645575692	NA	NA	RNPC3-DT	Promoter
chr1	105107217	105107605	42.8119666081737	-3.81546891331845	2.87121451595268	-1.32886933112083	NA	NA	LOC105378880	Intergenic
chr1	105725774	105726279	45.4505646760176	-3.01128347569546	3.32110080909183	-0.906712457342996	NA	NA	LINC01676	Intergenic
chr1	106235750	106236125	32.1009592639786	-0.0422186214892351	3.0732350195455	-0.0137375180292846	NA	NA	LOC124904596	Intron
chr1	106668437	106668902	52.3688408872033	-8.07043512048957	3.64772497565794	-2.21245712720815	NA	NA	LOC124904233	Intron
chr1	109343929	109344283	16.6215215634282	8.71448426806545	4.11073727549175	2.11993218832575	0.0340117644149634	0.0830378732942949	MYBPHL	Intron
chr1	109360318	109360956	15.711110435359	-7.54436278874372	4.15811936544451	-1.81436897926503	NA	NA	SORT1	Intron
chr1	109636176	109636738	56.2165663931638	-6.68268840567809	3.85743194524931	-1.732419003246	NA	NA	GNAT2	Intergenic
chr1	109724486	109724849	34.8062652522402	-9.08818792047158	4.08651010136931	-2.22394847804886	NA	NA	LOC124904258	Intron
chr1	110338779	110339848	109.656189765949	6.21423230753436	2.14447231606887	2.89779087422585	0.00375801078936927	0.0365844398920166	RBM15-AS1	Promoter
chr1	111755334	111755954	26.9092764344067	-6.51413388221341	3.00731285765264	-2.16609783901833	NA	NA	LOC101928718	Promoter
chr1	112302590	112303043	29.0966565870185	21.2317537482999	4.24833566116821	4.9976638951503	NA	NA	LINC02884	Intron
chr1	113290733	113291244	5.7918346281159	7.0030573329739	4.25123136082573	1.64730092027118	NA	NA	LOC643441	Intergenic
chr1	114067546	114067780	62.8191229622195	0.231342647621646	2.62966153982699	0.0879743054830038	NA	NA	SYT6	Intergenic
chr1	115510584	115511028	44.5651890819394	0.46267157239651	3.75283847017172	0.123285767845835	NA	NA	LOC124904375	Intron
chr1	116172951	116173313	37.4460599190216	-1.56870573010038	4.08342971843184	-0.384163763862406	NA	NA	LOC124904384	Intron
chr1	116921018	116921588	16.9686748992471	-3.46906874775851	4.0122783434182	-0.864613182544832	NA	NA	PTGFRN	Intron
chr1	118033829	118034167	18.4287613238011	1.8440739010366	4.08651496678981	0.451258325498127	NA	NA	WDR3	Intron
chr1	118386336	118387170	31.1692126706053	-15.0565129177056	4.40735632387931	-3.41622319850304	NA	NA	LOC105378930	Intergenic
chr1	118984275	118984701	71.7898542264502	8.97612235856492	2.99733257494043	2.99470350191063	0.00274711735627024	0.0345683251624032	TBX15	Intron
chr1	119214725	119215514	25.1734889698239	-8.14446146312339	4.01557345513786	-2.02821877226593	NA	NA	WARS2	Intron
chr1	145390044	145390407	0.869248188550794	-3.45401847125647	4.28046171834238	-0.806926611784778	0.419708765813548	NA	LOC105371288	Exon
chr1	146472955	146473489	40.9484747275092	-5.11159961286381	3.55737876441483	-1.43690058084232	NA	NA	HYDIN2	Promoter
chr1	147740236	147740830	21.4188285582174	2.75057852245465	3.59431851382502	0.765257311469463	NA	NA	GJA5	Intron
chr1	150319108	150319690	24.0967080645454	7.35198714705211	3.73056727149924	1.97074241314981	0.0487533465866322	0.106200060998351	PRPF3	Promoter
chr1	150629267	150629781	101.234016421116	4.92553226742136	2.65695099656648	1.85382879616015	NA	NA	ENSA	Promoter
chr1	150991994	150992416	47.4208881077837	-4.73193879828118	3.92766071579316	-1.20477280006748	NA	NA	LOC105371438	Intron
chr1	152318854	152319170	44.7546197706652	0.271411343704372	4.03021775083201	0.0673440891992352	NA	NA	FLG	Intron
chr1	152419669	152420114	54.9781914566842	-6.86445429722988	4.25020735581372	-1.61508691754538	NA	NA	CRNN	Intron
chr1	154675533	154676093	40.018040105969	4.34842185836544	3.64095413552595	1.19430833141689	NA	NA	LOC124904428	Intron
chr1	154831387	154831961	29.3714171249756	-9.25724433828156	3.73041142165318	-2.48156122527072	0.0130808236399561	0.0505344639765825	KCNN3	Intron
chr1	155281862	155282689	118.785925853643	-2.58043227996676	3.76620817085231	-0.685153916859245	NA	NA	FDPS	Exon
chr1	155688474	155689038	53.7822300657519	5.65181982257112	2.61864518830135	2.15829920289328	NA	NA	YY1AP1	Promoter
chr1	155859501	155860310	121.801401752657	2.18032395324011	2.45591052390461	0.887786396132076	0.374655661941621	0.70560149665672	SYT11	Promoter
chr1	156172161	156172742	43.2663171962295	-2.78515148011777	3.70556639068355	-0.751612894352703	NA	NA	SLC25A44	Intron
chr1	156978953	156979709	10.7636693768629	4.70103146811403	3.96550677453246	1.18548062969033	NA	NA	MIR765	Exon
chr1	157180328	157180744	50.0248284629963	-10.0313771623391	3.65194078597814	-2.74686194279361	0.00601684558134468	0.039542327098067	LOC107985211	Intron
chr1	157389213	157390232	26.6899757877452	1.5985138087425	3.33715673740147	0.479004714051041	NA	NA	LOC101928202	Intergenic
chr1	157454546	157454907	29.2792512082003	-9.24993344279116	3.8102077792654	-2.42767165956879	0.0151960936520826	0.0546850269316696	FCRL5	Intergenic
chr1	157918376	157919495	105.772069556234	10.3347849743587	3.68596655835153	2.80381951674047	NA	NA	LOC105371458	Intergenic
chr1	157975768	157976704	8.25517589589305	0	4.40735632392314	0	1	1	LOC105371459	Promoter
chr1	158069531	158070036	69.7382446279008	-0.575309733672507	3.0096987869643	-0.19115193060658	0.84840656292459	1	KIRREL1-IT1	Intron
chr1	159049783	159050303	1.5487770804304	-3.69804145442539	4.27528099326212	-0.864982081938833	0.387048623449163	NA	PYDC5	Intron
chr1	160375361	160375918	20.0131023262527	0.903549570575635	2.89959872980286	0.31161193488213	NA	NA	NHLH1	Intergenic
chr1	160862975	160863410	33.2656788125767	-7.38310616293922	3.84622609466242	-1.9195715439571	NA	NA	CD244	Promoter
chr1	161235677	161235913	57.8746205584246	-7.34704924247469	3.06065424003342	-2.40048325170976	NA	NA	NR1I3	Promoter
chr1	161858875	161859146	17.4433676642546	-0.685057144638224	3.97044507282007	-0.172539131526545	0.863013700115887	1	ATF6	Intron
chr1	161968968	161969490	33.0284250274719	-8.43746522200048	3.60033139933357	-2.3435246054189	NA	NA	OLFML2B	Intron
chr1	162072919	162073344	8.4136652828749	-5.28554391498738	3.43271782249244	-1.53975484974458	NA	NA	NOS1AP	Intron
chr1	165961750	165962416	10.6308030932838	4.10205624656469	4.11371208715858	0.997166588145468	NA	NA	MIR3658	Intergenic
chr1	167211504	167212510	29.4128369003533	7.99133488433561	3.66930937172967	2.17788528432765	NA	NA	POU2F1-DT	Intron
chr1	167396960	167397407	64.6878555491897	-16.6587035416688	3.54634419381544	-4.69742998175991	NA	NA	LOC101928512	Intron
chr1	167429957	167430536	63.5341149011072	8.11963788865149	2.9706502320572	2.73328640343787	0.00627057800450279	0.0400615981919775	NA	NA
chr1	169242562	169242900	48.8882666864579	1.23276462462364	3.6220589494274	0.340349133417202	0.733593620125848	1	NME7	Intron
chr1	169279897	169280132	43.813979095796	-1.82235828847763	3.00308705621032	-0.606828325109334	NA	NA	NA	NA
chr1	170420041	170420515	59.0182185025073	0	3.65143738731543	0	1	1	GORAB	Intergenic
chr1	170911666	170912164	14.033240426334	2.48834692073668	4.12862056748929	0.602706613519078	NA	NA	MROH9	Intron
chr1	171468650	171469187	1.48162236033814	-3.0160759302435	4.29224508329836	-0.702680269115902	0.482255026546201	NA	PRRC2C	Intergenic
chr1	171883756	171884216	49.6160672098897	-7.25468148310667	4.13179254831999	-1.75581939273705	NA	NA	DNM3-IT1	Intron
chr1	172323322	172323944	35.9793910365434	-23.3404653164346	3.82332523089479	-6.10475539141413	NA	NA	C1orf105	Exon
chr1	172664002	172664684	8.76112182181947	-21.4778627745192	4.24920985189893	-5.05455449909608	NA	NA	FASLG	UTR
chr1	174240727	174241003	95.4757541437122	-1.75990616239267	2.62499956189663	-0.670440554710452	NA	NA	RABGAP1L-DT	Intron
chr1	174491206	174491952	16.0986556439331	-1.07511421416576	3.98834252933209	-0.269564162621158	NA	NA	GPR52	Intron
chr1	175373666	175373997	89.6142506850354	-1.04747928825564	2.70059794976984	-0.38786939327452	0.698112689062956	1	LOC105371623	Intron
chr1	175782477	175783022	15.3706271170461	7.63877292173809	4.10778906778334	1.85958256270937	0.0629446082499169	0.129029310335431	TNR	Intergenic
chr1	178375133	178375872	2.01494560541462	5.67636955697124	4.25755164699096	1.33324737492804	0.182450637156501	NA	LOC105371629	Intron
chr1	178469355	178469762	75.665759362988	1.23847315544121	3.66171268955029	0.338222373092115	0.73519561703157	1	CLEC20A	Intron
chr1	178654497	178654941	11.4927631488763	-1.61333746067206	4.36547762956639	-0.369567226675333	NA	NA	MIR4424	Intergenic
chr1	179075699	179076451	23.3863012424968	-7.88190499195331	2.99860730526092	-2.62852190686151	0.00857568317126275	0.0438184328867156	TOR3A	UTR
chr1	179886637	179887235	28.4750399496546	-18.8422222897499	4.06562560263497	-4.63451978400029	NA	NA	TOR1AIP1	Intron
chr1	180103445	180103827	24.8826117855331	-0.685068282225977	3.95703991799929	-0.17312645220227	0.862552033041521	1	LOC105371636	Intron
chr1	180271265	180271823	82.7079278757778	-19.251807686667	3.36486357439735	-5.72142295252341	NA	NA	LHX4-AS1	UTR
chr1	180893861	180894276	53.4009720193276	1.23845960548113	4.13854462150192	0.299250030807128	0.764749278151457	1	LINC02816	Intron
chr1	182409432	182409809	95.9699255516746	-0.0397676128369956	2.54444225398323	-0.0156292062729036	0.98753020528978	1	RGSL1	Promoter
chr1	182637418	182638173	9.24305824888074	-7.59718373373481	4.24895171772932	-1.78801366511993	0.0737738031727561	0.148864995687883	LINC01686	Intergenic
chr1	182781694	182782200	39.9824963268333	-5.74012787781111	3.86945653494151	-1.48344549834771	NA	NA	NPL	Intron
chr1	183471113	183471548	75.2320342360865	6.87972490726225	2.90106331019923	2.37144942100204	NA	NA	SMG7	Promoter
chr1	184764481	184764740	51.3266944686359	1.44518886381714	3.0133843448732	0.479589955485069	NA	NA	EDEM3	Intergenic
chr1	185078361	185078574	34.2557415155467	1.77569344297074	3.48142872106734	0.510047335516421	NA	NA	RNF2	Intron
chr1	185254226	185254571	2.56959926344608	0	4.40735632392476	0	1	NA	LOC105371651	Intron
chr1	185681860	185682343	53.5731206070567	-9.059904639041	3.79615472815023	-2.3866004649014	NA	NA	GS1-204I12.4	Intergenic
chr1	186759001	186759615	13.9734696124282	1.23846774269024	4.28324320435997	0.289142522056556	0.772472314706139	1	PLA2G4A	Intergenic
chr1	187024708	187025078	32.664347121816	-7.02233027852104	3.18046299452865	-2.2079584923961	0.0272471667579326	0.0726591113544869	LINC01037	Intergenic
chr1	187899625	187900034	28.0845853068032	-22.9640711896017	4.24779730619871	-5.40611275309459	NA	NA	LINC03121	Intergenic
chr1	189413957	189414551	4.87997595496888	-4.74833040796267	4.26070830165859	-1.11444625442072	0.265087789366256	NA	LOC105371657	Intron
chr1	190399552	190399932	29.7973649545718	1.3442926171214	3.70035802726839	0.363287175785462	NA	NA	BRINP3-DT	Intron
chr1	192597566	192598095	55.3340456813651	1.20492806581965	3.54168298134296	0.340213416098229	NA	NA	LOC107985241	Exon
chr1	193060498	193060926	33.1803123234176	-7.46901779464599	3.39474717097175	-2.20016909020885	NA	NA	UCHL5	Promoter
chr1	193559670	193560095	34.0607390860862	-4.47889582592281	4.07353450483903	-1.09951095801502	NA	NA	LOC124904475	Intron
chr1	193800448	193801251	51.7373048096637	-1.5328726235927	3.6384899404859	-0.421293626934694	0.673540683378069	1	LOC124904476	Intron
chr1	194046382	194047173	191.934890923985	5.49678776585968	2.39359182685893	2.29645994951154	0.0216495966143976	0.0641679847193949	NA	NA
chr1	194518015	194518318	70.9368769525329	-8.76982411776505	3.93023092893982	-2.23137629221464	NA	NA	NA	NA
chr1	194565257	194565621	43.0049706902678	1.23847032835673	3.89335824339415	0.318098220336656	0.750410433542482	1	NA	NA
chr1	194570150	194570612	37.4714642306691	6.27278745348865	4.12489513609759	1.52071440522076	NA	NA	LOC107985242	Intron
chr1	196393355	196393607	55.0081527020118	0.628087738648206	3.15149419749711	0.199298396026566	NA	NA	LINC01724	Intron
chr1	197910433	197910931	76.7770079117435	6.53410313100245	3.58704278651278	1.82158494333287	NA	NA	LHX9	Promoter
chr1	198039990	198040643	10.6729129644313	-21.7984414308849	4.24880933662148	-5.1304823784393	NA	NA	NEK7	Intergenic
chr1	198795644	198796300	90.4172400559133	8.7443421862377	3.14081553856807	2.78409925029355	NA	NA	MIR181B1	Intron
chr1	199994791	199995262	28.2586214548576	-0.685117080653814	3.97205604212929	-0.17248424327028	NA	NA	NR5A2	Intergenic
chr1	200164794	200165182	99.2955699611109	1.28650533630429	3.37498959839564	0.381187941117166	NA	NA	LOC107985244	Intron
chr1	200426050	200426604	6.2516143575863	-7.03290166023766	4.24985993276339	-1.65485492969286	0.0979539285002223	NA	ZNF281	Intron
chr1	201197840	201198278	36.6932703292955	9.86035277476626	3.99149522799603	2.47034061461643	0.0134984456262998	0.0514877419669833	IGFN1	Intron
chr1	201277198	201277679	14.498381259886	-1.19608585672798	4.07962263776088	-0.293185415155079	NA	NA	PKP1	Intergenic
chr1	201394440	201394848	30.8259398136718	0.292123066459582	4.02477189830703	0.0725812726386953	NA	NA	LOC101929343	Intron
chr1	201634814	201635471	25.3019464117609	-2.20167548718708	3.99770745280094	-0.550734518015946	NA	NA	MIR5191	Intron
chr1	203175209	203176258	75.4700038063133	-0.0644694061517873	2.79562501538572	-0.0230608203163801	0.981601758226455	1	MYBPH	Promoter
chr1	203338842	203339601	53.2898786175863	6.4925167087839	4.11194462165146	1.57894069744946	NA	NA	FMOD	Intergenic
chr1	205100581	205100931	73.2241816826497	-23.015971989953	3.73337403045905	-6.16492529336072	NA	NA	TMEM81	Intron
chr1	205345181	205345621	46.5281510965287	-7.43247845134479	3.66771171988846	-2.02646200655345	NA	NA	KLHDC8A	Intron
chr1	205680853	205681289	22.3398523802544	-5.5038430118873	4.16239373300845	-1.32227832466711	NA	NA	SLC45A3	Promoter
chr1	205768621	205769525	2.69519519695621	-5.81910733026649	4.25355982285767	-1.36805583384438	0.171294599929985	NA	RAB29	UTR
chr1	206007839	206008267	51.4611806387575	-1.77091068758378	3.03743315516811	-0.583028694663002	NA	NA	RAB7B	Intergenic
chr1	207396399	207396644	48.2429867613	-6.60841941022265	4.12533730520981	-1.60191007941993	NA	NA	LOC124904498	Intergenic
chr1	207820294	207820583	123.436014066105	9.1080888577877	3.38812370001019	2.68823976461081	NA	NA	LOC148696	Promoter
chr1	207972041	207972649	22.0947684375891	-6.03731166195781	3.82894464197196	-1.57675605851761	NA	NA	NA	NA
chr1	208014554	208015015	12.9006380739113	-6.79978456180039	4.25035188205255	-1.5998168505796	NA	NA	LINC02767	Intergenic
chr1	208424910	208425380	34.5256396264612	9.76040999282291	3.59082192153923	2.71815484200872	NA	NA	LOC124904501	Intron
chr1	208488593	208489121	54.0984874907357	5.32299135009353	3.56539796756212	1.49295854166125	NA	NA	LINC01735	Intergenic
chr1	208511865	208512518	39.2836998741554	-9.68160760165278	3.63696674245786	-2.66200058654096	0.00776777431124595	0.0433460986257181	NA	NA
chr1	208798905	208799329	32.2266001701158	7.76579712891904	3.26185962506709	2.38078826852008	0.0172756383643608	0.0586628126726043	LOC107985255	Intron
chr1	208963026	208963645	32.7445495158901	-0.685072175767277	4.19854594244787	-0.163168912561157	0.870385442326293	1	NA	NA
chr1	208974950	208976125	115.024009240583	-8.80022660020272	3.1155658806029	-2.8245997476708	NA	NA	NA	NA
chr1	209015214	209015486	70.3206397637333	7.30774917952114	2.96690756270145	2.46308623544282	NA	NA	NA	NA
chr1	209029808	209030214	12.0252802712706	-6.09751333162243	4.252418745336	-1.43389296698734	NA	NA	NA	NA
chr1	209038765	209039122	89.3408500276574	5.82925204759021	3.77698951683865	1.5433593399193	NA	NA	LINC01774	Intergenic
chr1	209525828	209526408	15.6691488004966	0	4.40735632388797	0	NA	NA	LOC105372898	Intron
chr1	209959056	209960088	114.397895935809	-7.41893815512202	3.04988578712259	-2.43252982995189	0.0149937564064452	0.05443516382099	SYT14	Intron
chr1	209988173	209988605	12.2511891180858	-7.77727295139627	4.24872901882351	-1.83049399407209	NA	NA	NA	NA
chr1	209996045	209996698	4.21850404296159	6.44137217888011	4.25322694077699	1.51446707842572	0.129907417523865	NA	NA	NA
chr1	210269855	210270774	19.9449870655256	-2.35301046928604	4.08829687556943	-0.575547848138673	NA	NA	LINC02602	Intergenic
chr1	210547983	210548150	60.2940303985406	2.12318313508838	2.81470355169268	0.754318561829206	NA	NA	NA	NA
chr1	210717204	210717502	35.6290275022628	-7.14833229626251	3.83923084356914	-1.86191781310474	NA	NA	LOC124904503	Intron
chr1	210897523	210897735	60.2350874032972	0.462566650678975	2.81795611112497	0.164149700150692	NA	NA	KCNH1-IT1	Intron
chr1	211503808	211504317	46.3385964306112	8.25692755241912	2.87383340577609	2.87314064058953	0.00406413148413196	0.0368062963256237	RD3	Intergenic
chr1	211539517	211539970	38.9756672926364	-9.66368645130658	3.53100845294965	-2.73680637700936	0.00620387957712609	0.0400615981919775	LOC107985260	Intron
chr1	212208549	212208762	61.9462860928779	2.55216385382895	3.11210675635563	0.820075933647473	NA	NA	LINC02608	Intron
chr1	212634136	212634520	31.9646334074407	-23.2852548384553	4.24764868090993	-5.48191637013331	NA	NA	GARIN4	Intron
chr1	213647986	213648600	20.5579723354604	-20.7264285391357	4.12218276902971	-5.02802270070484	NA	NA	PROX1	Intron
chr1	214697920	214698438	59.3453243089567	-23.3238821912154	3.93209516602938	-5.9316677766901	NA	NA	CENPF	Intergenic
chr1	215832735	215833236	30.5644676282253	4.82848159263801	3.59257429521756	1.34401718541094	NA	NA	LOC124904778	Intron
chr1	216371028	216371378	27.1131269459545	-8.18326007417209	4.05917924432577	-2.01598884444713	0.0438011423152336	0.100054230970964	USH2A	Intron
chr1	216815460	216816684	43.6522956239034	-21.8102265204122	4.24878682919335	-5.13328331055691	NA	NA	ESRRG	Intron
chr1	217436968	217437422	28.3116640627445	21.4675096970478	4.24809788467793	5.05344045260279	NA	NA	NA	NA
chr1	217458087	217458568	38.0129866395211	-7.11071830753711	3.6891660309057	-1.92745955263808	NA	NA	NA	NA
chr1	217519375	217519656	40.560071140581	-15.3155955864518	4.12096479217111	-3.71650726440273	NA	NA	GPATCH2	Intron
chr1	217674887	217675126	51.1677208050553	-0.620823490500549	3.82391431993609	-0.162352876805808	NA	NA	SPATA17	Intron
chr1	217770318	217770844	89.4898069880855	-7.84579288044545	3.70162539995234	-2.11955344820858	NA	NA	SPATA17-AS1	Intron
chr1	218231783	218232655	44.9789674277079	0.836758058499811	3.76192013092133	0.222428448605814	NA	NA	RRP15	Intergenic
chr1	218824987	218825373	30.9813983080333	21.7402112927333	3.81304955038235	5.70152865979759	NA	NA	LOC105372924	Intergenic
chr1	220293390	220293895	39.7917813730717	-0.657279813523683	4.04954253769484	-0.162309645448948	NA	NA	RAB3GAP2	Intergenic
chr1	220375858	220376294	127.90094537968	-7.56181295139042	2.98228647262679	-2.53557564667153	NA	NA	NA	NA
chr1	220645712	220645938	49.71269982455	-0.0807947017945913	2.71748739712583	-0.0297313988944509	NA	NA	C1orf115	Intron
chr1	221325670	221326101	66.9658865217346	-5.69322768975486	3.59606222560478	-1.58318386406603	NA	NA	LINC02817	Intron
chr1	221517024	221517553	32.3753264363032	22.0940350588871	4.2477971249723	5.20129243673122	NA	NA	LOC105372934	Intron
chr1	221596185	221596528	42.0641786672168	13.5822153499084	4.14250299864221	3.2787460514477	NA	NA	LOC105372937	Intergenic
chr1	222058773	222059190	53.1186578367701	21.7585543289113	4.24781464229408	5.12229373482274	NA	NA	LINC02257	Exon
chr1	223688382	223688827	42.9708562860243	-8.82781129509701	3.05529136091698	-2.88935170243388	0.00386037043806594	0.0365844398920166	CAPN2	Intergenic
chr1	223726974	223727210	52.1476719485633	-2.24830108301771	2.78539870987961	-0.807173879647156	NA	NA	NA	NA
chr1	224095991	224096252	47.3875696363294	-0.563794443334833	2.75373269498764	-0.204738261037847	NA	NA	LOC105373056	Intergenic
chr1	224563370	224563680	37.7901795647659	-1.25974749343542	3.17668019645455	-0.396561005681783	NA	NA	CNIH3-AS2	Intron
chr1	225945856	225946305	79.5430571998809	0	4.4073563239225	0	1	1	LEFTY2	Intergenic
chr1	226020743	226020951	59.040698450165	-2.46930245704347	2.99030415893463	-0.825769662816914	NA	NA	SDE2	Intergenic
chr1	226215247	226215753	91.2700288674096	-0.685078840081581	3.64765966939636	-0.187813256217226	0.851023043732481	1	MIXL1	Intron
chr1	226308674	226309268	47.0125076013143	-1.17919690716438	3.71850408270509	-0.317115937198743	NA	NA	LIN9	Promoter
chr1	226790353	226791101	38.1036383471574	-23.5896264995854	3.68835645466885	-6.39570138881908	NA	NA	LOC124904530	Intergenic
chr1	227370088	227370553	11.451865123948	-19.6115918480328	4.25610467409973	-4.60787347815433	NA	NA	LINC01641	Intergenic
chr1	227624100	227624738	35.0503271349315	-1.13920447678472	3.96547365446249	-0.287280808309679	NA	NA	ZNF678	Intron
chr1	228105699	228106394	75.9346200713464	2.48461819275099	2.33414708158924	1.06446513690101	NA	NA	C1orf35	Promoter
chr1	228180789	228181312	26.8718655994243	6.30777201759409	3.60289529375601	1.75075085543723	NA	NA	LOC124904536	UTR
chr1	228206749	228207219	42.3393803292025	2.28077075675656	3.52256566749986	0.647474304822637	NA	NA	OBSCN	Promoter
chr1	228218109	228218470	60.8119473639435	-0.263435396541899	3.25190076984499	-0.0810096664033374	NA	NA	OBSCN-AS1	UTR
chr1	228268383	228269155	13.012529661876	-21.695061590474	4.24895571821675	-5.1059749805016	NA	NA	NA	NA
chr1	228315452	228315987	20.6071286515322	21.625419634927	4.24813474473662	5.0905681986007	NA	NA	LOC124904535	Exon
chr1	229199090	229199918	224.30701953715	-0.0751846747662397	2.55178770410112	-0.0294635304674469	0.97649490477654	1	LINC02815	Exon
chr1	229231669	229232639	51.295269122239	0.276712867517684	3.67931783612056	0.0752076552890164	0.94004949356713	1	TMEM78	Intron
chr1	229342182	229342541	86.6823345569312	8.52686548283756	3.12303232686528	2.73031611280064	NA	NA	CCSAP	Promoter
chr1	229457096	229457487	28.1727582173521	0	4.23645909985385	0	NA	NA	ACTA1	Intron
chr1	230750304	230751163	31.4027360487103	-15.230827483136	4.2331794292894	-3.59796406874555	NA	NA	CAPN9	Promoter
chr1	230764900	230765105	87.4573604134328	9.13787478214301	3.7511874455612	2.43599524544046	NA	NA	NA	NA
chr1	231107387	231107858	58.0979550464831	0.450901207258861	4.07974829972712	0.110521820007626	NA	NA	TRIM67	Intergenic
chr1	231308370	231309215	5.1811122039355	6.95606762329383	4.25137026831029	1.63619425838872	NA	NA	SPRTN	Intergenic
chr1	231751708	231752093	45.751097533164	9.21240839544376	3.21954372795175	2.86140185500901	0.00421772069082622	0.0368990868974514	DISC2	Intron
chr1	232755600	232756105	27.0988228646727	-3.06494049460814	3.31328638283748	-0.925045450488147	NA	NA	LINC01744	Intron
chr1	233058248	233058593	35.5953855139614	1.83738621050569	3.3612403570417	0.54663934004494	NA	NA	NTPCR	UTR
chr1	233544754	233545072	35.5810538808859	-0.573571967147706	3.64144382877597	-0.157512238034578	NA	NA	KCNK1	Intergenic
chr1	233682061	233682539	11.9740724093243	-19.0328770032923	4.14427754298151	-4.59256813905362	NA	NA	LOC124904552	Intergenic
chr1	233757391	233757910	79.4452880491015	-8.32340380478814	3.43016950684568	-2.42652842320967	0.0152440561800672	0.0546850269316696	NA	NA
chr1	234659255	234659876	113.568012875626	-17.1980754976595	3.7601062643348	-4.57382698483443	NA	NA	LOC124904554	Promoter
chr1	234869308	234869892	41.0395313041456	9.06040340970896	4.02716974801973	2.24981909793205	0.0244604311847204	0.0685319788042535	LOC124904557	Exon
chr1	235309695	235310131	10.1750951582673	20.7133541534829	4.2491658049749	4.87468719842183	NA	NA	GGPS1	Intron
chr1	240245345	240246322	6.80326057980705	-4.47374319449764	4.20957328444661	-1.06275455781399	NA	NA	FMN2	UTR
chr1	240535172	240535626	18.3509625873228	-22.4617440814152	4.1257217716599	-5.44431867308836	NA	NA	GREM2	Intron
chr1	241370242	241370707	36.6626656713831	8.0602593123564	3.50783595248752	2.29778684679955	NA	NA	RGS7	Intergenic
chr1	242652096	242652645	95.3715104531097	-0.152287126616288	3.35960655081361	-0.0453288575054743	NA	NA	PLD5	Intergenic
chr1	242903553	242903996	25.2768449588786	7.03441232285326	3.5945724258547	1.95695384303757	NA	NA	NA	NA
chr1	244673682	244673877	47.3850535723385	1.24235405638949	2.64136535089587	0.470345405253429	NA	NA	DESI2	Intron
chr1	245214926	245216386	29.8755768133847	-8.32785782307266	4.08151612389016	-2.04038341887897	NA	NA	NA	NA
chr1	245312521	245313026	87.6021872576582	-17.8875548386999	3.61363102808374	-4.95002248422288	NA	NA	KIF26B-AS1	Intron
chr1	245448065	245449201	73.5751229724411	2.6785181027327	3.18803288185611	0.840178944821057	NA	NA	LOC124904571	Intron
chr1	245503069	245503680	20.2858270556924	20.3964745799923	4.24937013241481	4.79988185176081	NA	NA	NA	NA
chr1	245519372	245519880	48.9821194033181	17.261483326387	4.27940065091443	4.03362169950097	NA	NA	NA	NA
chr1	246678069	246678561	38.5548370227619	7.24909439764386	3.49116404214621	2.07641185293242	NA	NA	LOC102724382	Intergenic
chr1	246825624	246826048	21.6319575894907	-22.7471681001071	3.76174304802801	-6.04697551366026	NA	NA	LINC01341	Intron
chr1	247331996	247332834	16.2702378357217	3.27768618157521	3.63189740842465	0.902472127646613	NA	NA	LOC107985375	Promoter
chr1	247787465	247787902	27.2430644969139	-9.15237276770578	3.67628997021869	-2.48956770054821	0.0127898557169066	0.0501200201228377	OR9H1	Intergenic
chr1	247881238	247881884	21.9905865601801	-21.9666683971856	4.24861886328155	-5.17030807047233	NA	NA	OR2W3	Intergenic
chr1	248301394	248301842	60.6475979808792	0.764900293417374	3.28848580566724	0.232599542348389	NA	NA	OR2T12	Promoter
chr1	248622469	248623017	18.8816561834688	-3.46961309651388	3.70149059948158	-0.937355641805446	NA	NA	OR2T29	Intron
chr1	248830433	248831309	123.614550181708	-0.575794229586611	3.18143546703644	-0.180985670007311	NA	NA	MIR3124	Intergenic
chr1_KI270706v1_random	29712	30236	11.0568780598371	-7.48228401212305	3.65202541173091	-2.04880392893453	NA	NA	LOC124905319	Intron
chr10	5296052	5296736	21.2769047239029	-2.8284189735671	4.27528198170666	-0.661574835454016	NA	NA	LINC02561	Intergenic
chr10	5373881	5374095	58.201743600867	9.56309130770467	3.67905638049645	2.59933263279163	0.00934052144058887	0.0443658889405056	UCN3	Exon
chr10	6603325	6603547	45.1485923183705	1.1680586418332	3.35042505224055	0.348629986828708	NA	NA	LINC02648	Intron
chr10	9183252	9183481	43.9885541766189	0.1812441475779	3.73792467666809	0.0484879079316967	NA	NA	LINC00709	Intergenic
chr10	9584466	9585238	4.47238561320792	-3.20779355830369	4.13516365647746	-0.775735575369283	NA	NA	LOC124902542	Intron
chr10	10360546	10360991	31.8629574753108	-22.7520096562568	4.00739244417655	-5.67750974560014	1.36669742812046e-08	2.7951913332711e-06	CELF2-DT	Intron
chr10	11275577	11276325	13.4699003393724	-18.3573514298234	4.26699845849953	-4.30216968868526	NA	NA	LOC124902375	Intron
chr10	11705124	11705631	24.1177823725321	-8.1778515813463	3.88155082428107	-2.10685160430973	NA	NA	LOC105376413	Exon
chr10	15185115	15185679	33.2544047167302	19.7239183820508	4.04330334939132	4.8781693278146	NA	NA	NMT2	Intron
chr10	15282624	15282947	61.4155925500133	9.70615748176529	3.2856783975111	2.95408019516387	NA	NA	FAM171A1-AS1	Intron
chr10	17552318	17552940	42.3844180589633	1.23848083743405	3.64466590721485	0.339806409959936	0.734002320413546	1	HACD1	Intergenic
chr10	18023848	18024066	44.5673378293607	-6.7479215441964	3.45261645431649	-1.95443705765814	NA	NA	SLC39A12-AS1	Intron
chr10	23227161	23227516	36.3168479671988	-0.315884498675785	3.01315779769807	-0.104835033504421	NA	NA	PTF1A	Intron
chr10	23475296	23475798	29.8094244842276	-6.28448792976221	3.36307143090057	-1.86867512596345	NA	NA	OTUD1	Intron
chr10	24515466	24515843	64.2992238646073	-7.65446244453058	3.45937967105401	-2.21266908300886	NA	NA	LOC105376455	Intron
chr10	25235770	25236099	38.9100459185232	6.47760843192953	3.24473128739914	1.99634664882273	NA	NA	GPR158-AS1	Intron
chr10	30923857	30924267	8.9675166516449	7.27154607612688	4.25051921218642	1.71074302058888	NA	NA	LOC124902405	Intron
chr10	33814790	33815001	34.1041728371488	8.77229579046279	3.78645015922141	2.31675987312258	NA	NA	LINC00838	Intergenic
chr10	35115687	35116336	55.2908692287501	-0.572447772710504	3.39341088536353	-0.168693916548564	0.866037404093501	1	CREM	Intron
chr10	38401636	38402033	58.9310858731279	-23.1127075728702	4.09120527701656	-5.64936394238442	NA	NA	HSD17B7P2	Exon
chr10	43297886	43298241	64.2102211916371	5.77344455793566	3.57788419283619	1.61364768862434	NA	NA	LOC105378271	Intergenic
chr10	48854157	48854626	127.386148333782	10.1891068510084	3.27417141283475	3.11196500313547	NA	NA	LOC105378299	Intron
chr10	54135472	54135868	17.4486939271248	20.7761020499717	4.12866879343314	5.03215517869033	NA	NA	LOC105378311	Intron
chr10	56775246	56775501	48.1939678243467	1.50193985724642	4.08252470538198	0.367894860566655	NA	NA	LOC124900300	Intron
chr10	58073212	58073404	55.0219971044031	1.48402768826858	2.60807865574768	0.569011860511984	NA	NA	IPMK	Intergenic
chr10	60516032	60516678	13.0951815520447	19.2165814963548	4.25310325697571	4.51824946051729	NA	NA	ANK3	Intron
chr10	61362417	61362795	47.2560906341415	9.25919723948621	3.19137784526055	2.9013165123136	0.00371598332196278	0.0365844398920166	TMEM26-AS1	Intron
chr10	65017163	65017473	6.89484406121847	5.74980559367605	4.25702994588342	1.35066129831578	NA	NA	LINC02671	Promoter
chr10	65574433	65575119	68.5145787613274	-1.27501688809945	3.57983336456975	-0.356166546945598	NA	NA	LINC01515	Intron
chr10	67728172	67728582	1.60121078908646	1.29037705029793	4.13879689289578	0.31177588166089	0.755210854710243	NA	CTNNA3	Intron
chr10	68407775	68408247	86.4124169327934	-0.602722392382045	3.30461852744877	-0.182387887550627	NA	NA	RUFY2	Promoter
chr10	70291018	70291847	40.1389897429812	0.259400870735109	3.23607997881375	0.0801589801344148	0.936110814246079	1	NPFFR1	Intergenic
chr10	70762755	70763482	33.8386087724069	-15.0801013688675	4.40735632387859	-3.42157526206019	NA	NA	TBATA	Intergenic
chr10	74289890	74290533	15.2668708031267	1.23848710274697	3.92714238884157	0.315365978647975	0.752483794952344	1	ADK	Intron
chr10	77715647	77716436	22.4902711276796	13.679442584004	4.14513889714265	3.30011681717917	NA	NA	LOC105378372	Intergenic
chr10	80078664	80078932	44.0428921390127	1.18193101726042	2.83521403511546	0.416875411387517	NA	NA	TMEM254	Promoter
chr10	81206513	81206903	39.2997458687724	-22.1551079419233	4.24838544998359	-5.21494770254637	NA	NA	LINC02655	Intergenic
chr10	81381866	81382226	71.124064237942	9.84813625216085	3.25017982230532	3.03002811862135	0.00244530971578368	0.0344512798559998	NRG3	Intergenic
chr10	82840877	82841437	31.918458936078	0	4.40735632387863	0	NA	NA	LOC105378392	Intron
chr10	83119138	83119684	81.1515730341729	-8.15384129277926	3.33775775620731	-2.44290984797065	0.0145693762191082	0.0535394963498937	NA	NA
chr10	83622995	83623753	27.4975267195539	0	3.76360449667823	0	1	1	LOC105378394	Intergenic
chr10	83837556	83838112	17.9228850062912	-22.5311157372246	4.24807963221588	-5.30383554167789	NA	NA	LOC107984181	Intergenic
chr10	84100959	84101780	44.1243177847529	19.8562893935529	4.25086174505105	4.67112095957251	NA	NA	GHITM	Intergenic
chr10	84917132	84917520	55.9334384879252	-7.44652915047579	4.15079538456868	-1.79400053738124	NA	NA	LOC107984249	Intergenic
chr10	85460671	85461232	56.3754509168793	-1.32584819084056	3.51018994255098	-0.377714087425429	NA	NA	LINC01520	Intron
chr10	86339294	86339903	20.6886288031156	0.372929360860682	4.00287752805904	0.093165318760455	NA	NA	GRID1	Intron
chr10	86644101	86644623	4.38392110144455	0	4.40735632388383	0	1	NA	LDB3	Intergenic
chr10	92414567	92414867	74.1190424033654	-0.197948995485685	3.33674223374709	-0.0593240297328549	NA	NA	LOC124902484	Intergenic
chr10	94213231	94213710	50.4256783258925	0.226511101353157	3.43948132414831	0.0658561800475093	NA	NA	PLCE1-AS1	Intron
chr10	95655369	95655982	14.1012264099417	7.50569024132566	3.80294828657834	1.97365035643933	0.0484215136257993	0.106200060998351	ALDH18A1	Promoter
chr10	97688880	97689415	36.5437958908541	-22.8784560548057	4.24785230108325	-5.38588784006718	NA	NA	AVPI1	Promoter
chr10	98675714	98676227	51.5944822289794	-4.15307555249615	3.57210901823609	-1.16263964265764	NA	NA	HPS1	Intron
chr10	98707949	98708249	6.22909230925022	5.04487106714553	4.25540184190564	1.18552166271713	NA	NA	MIR6507	Intron
chr10	102103159	102103855	32.9120213816626	20.2538940565887	4.24937045210108	4.76632816199263	NA	NA	PPRC1	Intergenic
chr10	102419308	102419699	88.6619703657506	1.06526591828775	2.77796575056188	0.383469781105936	NA	NA	FBXL15	Promoter
chr10	103691450	103692183	92.8441018679137	6.94143458277843	3.6714818661241	1.89063567134171	NA	NA	SH3PXD2A-AS1	Intron
chr10	103833339	103833657	4.25214372274153	-3.23755406385074	4.28584421978839	-0.755406379191867	NA	NA	SH3PXD2A	Intron
chr10	109528022	109528891	14.400327701689	-6.32478262442173	4.24948513660724	-1.4883644538339	NA	NA	XPNPEP1	Exon
chr10	110998581	110998914	53.5129699970733	-3.97629652750828	3.5300744643026	-1.12640584999496	NA	NA	MIR548E	Intron
chr10	112841081	112842497	155.732694879704	14.4172842614091	3.66124525280935	3.93780893272485	NA	NA	LOC103344931	Intergenic
chr10	118204151	118205084	69.8301172022666	8.23488654851513	3.72166047173844	2.21269151526563	NA	NA	LINC02944	Exon
chr10	120553328	120553820	12.146174858869	-6.94824848845065	4.25002946426758	-1.63487066310211	NA	NA	LINC01561	Intron
chr10	121306249	121306665	37.4546599162404	2.73202014829816	3.71510863880172	0.735380957575268	NA	NA	LOC105378523	Intron
chr10	121464729	121466174	99.9428724437726	-6.59821659843444	3.47295485762443	-1.89988550641506	NA	NA	FGFR2	Intergenic
chr10	122286998	122287574	17.95724607144	0.180298188715582	4.30201857121515	0.041910137236961	NA	NA	BTBD16	Intron
chr10	122445095	122445578	21.1171486523356	-8.72448556484246	4.02910748982227	-2.16536431129747	NA	NA	ARMS2	Intron
chr10	125425363	125425600	45.1623213854573	0.849337595582495	3.00802887693142	0.282356862361285	NA	NA	LOC105378543	Intergenic
chr10	126671860	126672437	20.5308605687187	21.0672110743323	4.24838527073749	4.95887489758554	NA	NA	LOC124902523	Intron
chr10	127426919	127427121	102.174511236765	8.08722002186682	2.9652076706341	2.72737053190524	NA	NA	LOC105378551	Intron
chr10	131944786	131945193	65.3526389320481	22.2285654453778	4.14550985584014	5.36208240201442	NA	NA	BNIP3	Intron
chr10	132735074	132735355	30.3903906632565	7.86953205865293	4.12164870961677	1.9093165412888	NA	NA	NKX6-2	Intron
chr11	215761	216213	64.0048230870812	7.74420445840883	2.97055011780963	2.60699336866234	0.00913411292447861	0.0441563533889233	MIR6743	UTR
chr11	345337	345837	21.7536967075753	-6.14935436789134	4.24971184251871	-1.44700501957958	NA	NA	IFITM3	Intergenic
chr11	372145	372523	62.0589713499341	7.08640135189681	3.38493134683679	2.09351405561565	NA	NA	B4GALNT4	Promoter
chr11	537379	537675	132.985198258776	9.79453585344806	3.03084660778311	3.23161714231794	0.00123091858782583	0.0328342920264512	MIR210	UTR
chr11	695133	696019	134.71324235403	-6.22411234211354	1.86019849291618	-3.34593989072435	0.000820041705797811	0.0322130168465605	NA	NA
chr11	707047	707492	55.1977640042798	-22.8943185050659	3.89431753655904	-5.87890388755893	NA	NA	TMEM80	UTR
chr11	719014	719600	29.4364775756023	-0.265580599353991	3.04627925387761	-0.0871819610811889	NA	NA	LOC105376509	Intron
chr11	1026682	1028038	108.39404060608	6.66677816897893	3.45069539273746	1.93201004731111	NA	NA	LOC124902605	Exon
chr11	1545219	1545859	22.8962470649537	8.19816432634075	3.29400824572824	2.48881111241065	0.0128171041455253	0.0501200201228377	LOC124902607	Intergenic
chr11	2370054	2370452	36.5895598973155	-6.13666086136096	4.13656362632915	-1.48351661323453	NA	NA	LOC105376520	Intron
chr11	2433893	2434605	20.0700419775941	-8.33647811135801	4.24819074908497	-1.96235964996478	NA	NA	TRPM5	Intron
chr11	2498472	2499069	26.5368038679073	-15.1989519765831	4.23889103763996	-3.58559628960061	NA	NA	LOC124902613	Intron
chr11	3000668	3001290	21.1812074295247	4.98346175205747	2.84927727843156	1.74902660045803	NA	NA	NA	NA
chr11	3099737	3100200	27.080369946426	21.41348943911	4.24808256640774	5.04074228887167	NA	NA	LOC124902615	UTR
chr11	3681640	3682797	11.6300588752939	-6.55884315838122	4.25095109992248	-1.54291192822727	NA	NA	CHRNA10	Intron
chr11	6586341	6587052	30.5350856484143	-2.20431856782196	3.65551639603067	-0.60301153900322	NA	NA	RRP8	Intron
chr11	7505025	7505753	17.9251732104277	0.529861891568694	3.669826420098	0.144383366108783	NA	NA	PPFIBP2	Intron
chr11	8749667	8750333	13.3865849398014	-22.026076940217	4.2485030080303	-5.1844324691743	NA	NA	DENND2B-AS1	Intron
chr11	9401909	9402472	38.0170925547842	1.7739085055173	3.30165135360641	0.537279172005747	NA	NA	IPO7	Intron
chr11	9460815	9461416	48.5980952811963	-7.07155593174644	2.33891456181921	-3.02343490744962	NA	NA	ZNF143-AS1	Promoter
chr11	9977223	9977480	46.0113390953007	0.624939182261313	3.08342589645123	0.202676893574957	NA	NA	NA	NA
chr11	10056462	10056738	36.2073610582227	-7.97049207499379	4.24783071283282	-1.87636763652438	NA	NA	LOC101928008	Intron
chr11	10382876	10383696	42.1880741102342	10.0515568004075	3.53998570561386	2.83943429050218	0.00451936019525582	0.0378287186714006	AMPD3	Intron
chr11	10407308	10408386	34.4258319573736	7.94158490368331	3.92295090717982	2.02439059054972	NA	NA	NA	NA
chr11	10836904	10837279	59.7741983979737	0.0757186720016573	3.69698261760565	0.0204812085512851	NA	NA	ZBED5-AS1	Exon
chr11	11378783	11379672	34.2232064545465	2.11366028884963	3.74531589816296	0.564347666878076	NA	NA	CSNK2A3	Exon
chr11	12084910	12085487	9.35878887125719	-6.64058780446183	3.92560495365218	-1.69160877950385	0.0907205914142837	0.179064224101556	LINC02989	Promoter
chr11	12757571	12758051	25.5909228747025	-19.9106097661165	4.2542521288629	-4.68016684555043	NA	NA	TEAD1	Intron
chr11	13362006	13362487	35.8720102664835	-0.685077050653253	3.90996623193823	-0.175213035104308	0.860912242238622	1	BMAL1	Intron
chr11	13997943	13998742	4.04637027935249	0.2306366244762	4.10031300953392	0.0562485410113645	0.955143812208804	NA	SPON1	Intron
chr11	15123066	15123926	12.7922564074086	-2.2826031511186	4.09227020658029	-0.557784074826785	NA	NA	INSC	Intron
chr11	15141810	15142317	33.510531143937	0.276725905272801	3.46371165561846	0.0798928816213458	0.936322451376617	1	NA	NA
chr11	15402627	15403192	43.7497947843278	0.163065247792666	3.56699127526726	0.0457150677444391	NA	NA	LINC02751	Intergenic
chr11	17401081	17401612	60.080908406972	-7.24403042607521	3.66916941204726	-1.97429707178152	NA	NA	KCNJ11	Intron
chr11	17541651	17542173	137.299635921292	0.128281285677982	3.68951916551711	0.0347691067380599	NA	NA	USH1C	Promoter
chr11	17592086	17592742	50.0050997736689	-1.24562382875906	3.55665352648144	-0.350223551291863	NA	NA	OTOG	Intron
chr11	17630128	17630719	86.8454593203783	-1.79795324533215	2.77484323300543	-0.647947683655191	NA	NA	NA	NA
chr11	17691818	17692379	36.9930631314627	-22.968995972802	3.65809516973102	-6.27894981050779	NA	NA	LINC02729	Exon
chr11	18526159	18526881	9.43852992553611	5.95087017233404	2.80715387609167	2.11989453909783	0.0340149400409051	0.0830378732942949	TSG101	Promoter
chr11	19045888	19046269	65.3728086527013	-0.27730207250554	3.55844477545909	-0.0779278842313252	NA	NA	MRGPRX2	Intergenic
chr11	20125783	20126106	48.2284058616804	-0.299171632707841	2.96324502459357	-0.100960814993311	NA	NA	DBX1	Intergenic
chr11	20820675	20821336	1.03606243519293	0.300399848034322	4.15765790195055	0.072252180222281	0.942401219833735	NA	NELL1	Intron
chr11	21272797	21274060	8.48608246075633	-5.41733812398506	4.25146786877538	-1.27422769998389	NA	NA	NELL1-AS1	Intron
chr11	22548304	22548791	11.345582365429	-21.874053285068	4.24871616539724	-5.14839128657653	NA	NA	LINC01495	Intron
chr11	22806357	22807524	33.7762215387897	1.23847274269993	3.89710951221209	0.31779264575938	0.750642229585237	1	LINC02718	Intron
chr11	23100118	23101028	48.1200625925407	-8.958851289762	3.33648039705898	-2.68512031350731	NA	NA	CCDC179	Intergenic
chr11	23331454	23332122	28.9334356826356	-1.72992477135333	4.08456384165352	-0.423527416492289	NA	NA	MIR8054	Intergenic
chr11	23718978	23719403	32.2993379512322	-16.722886893969	3.98491881024381	-4.19654394237103	NA	NA	LINC02726	Intergenic
chr11	24875222	24875567	15.4294421405364	-16.221247920357	4.35954148464301	-3.72086100740141	NA	NA	LUZP2	Intron
chr11	25647817	25648426	45.2690359100975	-15.095132733944	4.40735632387899	-3.42498577937952	NA	NA	LINC02699	Intergenic
chr11	26222154	26222733	34.9558268511804	-17.353963257377	4.00024247714896	-4.33822783406506	NA	NA	ANO3	Intron
chr11	26402079	26402678	16.2950968047938	0	4.40735632392279	0	1	1	LOC105376598	Intron
chr11	26703829	26704132	96.8660762192069	-5.82918451347714	3.38821396521779	-1.72042987052102	NA	NA	SLC5A12	UTR
chr11	28141122	28141649	6.30192280684799	-7.04449807599009	4.2498374736244	-1.6575923478745	0.0973997752317091	NA	METTL15	Intron
chr11	28842845	28843413	18.3200852080671	1.22903310951461	4.08548877463673	0.300828903788604	NA	NA	LINC02742	Exon
chr11	29524696	29525379	44.4647550987599	-4.4450974177625	3.15561015252724	-1.40863326041797	NA	NA	LINC02546	Intron
chr11	30662007	30662663	29.7274775406712	-9.2650016954181	3.51518895173427	-2.63570517051354	0.00839626492376495	0.0438184328867156	LOC101928338	Intron
chr11	30833768	30834160	13.7589713954631	-6.78718083561875	4.25038081090334	-1.59684064500947	NA	NA	LOC105376611	Intron
chr11	31524387	31524787	46.5728716123903	-7.8145522189361	3.88282343040821	-2.01259530828435	NA	NA	ELP4	Intron
chr11	32506196	32506639	30.6149464549294	-22.9050678504515	4.12694369456954	-5.55012850807518	NA	NA	WT1	Intergenic
chr11	33512448	33512852	117.719999669419	0.912706617487184	3.08711496444233	0.295650349274265	NA	NA	KIAA1549L	Intron
chr11	33847255	33847584	43.5796064801904	14.5539399667881	3.87886347707714	3.75211451828539	NA	NA	LINC02721	Intergenic
chr11	34163009	34163847	73.7669370547695	-0.236466293970693	3.20724587038498	-0.0737287702680272	0.941226205720791	1	NAT10	Intron
chr11	34284067	34284434	65.3605148476555	7.57748230457126	4.24848982511571	1.78357077843888	NA	NA	ABTB2	Intron
chr11	34505806	34506626	3.27387125707794	-6.10042004233207	4.25240795380234	-1.43458015049504	0.151406774269078	NA	ELF5	Intron
chr11	35316942	35317261	35.4101314303764	1.6705128786842	3.42633251666116	0.487551301737652	NA	NA	SLC1A2-AS1	Exon
chr11	36873267	36873467	33.543594313614	2.97259182583772	3.18372483051535	0.933683651723303	NA	NA	LOC107984326	Intergenic
chr11	39453809	39454261	24.0749870442063	-7.13909346436294	3.6317823449966	-1.96572723423205	NA	NA	LOC105376636	Intergenic
chr11	39687236	39687693	15.9322794570908	20.4598139617247	4.24930216154765	4.81486446100905	NA	NA	LOC107984362	Intron
chr11	39965907	39966371	42.7587706257082	22.2196927559412	4.2477479190659	5.23093488109516	NA	NA	LOC105376637	Intron
chr11	40424206	40424682	67.2195453454018	0.626753296479088	2.98567171891732	0.209920364823754	NA	NA	NA	NA
chr11	40483216	40483680	32.7608767294167	-7.48765905408151	3.02254193209614	-2.47727218424024	NA	NA	NA	NA
chr11	41055532	41055885	15.8886380783697	-8.36252845768773	3.79445612131072	-2.20388065913358	0.0275327380769662	0.0732046918281691	NA	NA
chr11	41399570	41399939	43.5558882508994	2.1972709686173	4.15024187204448	0.529432027424196	0.596505785563033	1	LRRC4C	Intron
chr11	41500814	41501140	25.5526538582414	-20.7786888238859	4.25084847978843	-4.88812737567162	NA	NA	NA	NA
chr11	41822577	41823197	2.75559267309123	-0.702746381678039	4.11208586777628	-0.170897788683111	0.864304135459891	NA	LOC105376639	Intron
chr11	42999489	43000032	18.0593275181428	21.2565673512923	3.75991812408333	5.65346548775571	NA	NA	HNRNPKP3	Intergenic
chr11	43556869	43557237	105.20809209436	-0.344367113986084	2.43595927458025	-0.141368173753818	NA	NA	HSD17B12	Promoter
chr11	44011677	44012225	21.178887552573	21.3834201515888	4.24810598047178	5.03363622515228	NA	NA	ACCS	Intergenic
chr11	44504170	44504602	48.8504957446439	3.1399284028772	3.60251372060589	0.871593738815549	NA	NA	LOC105376646	Intergenic
chr11	44792275	44792915	85.1282330831253	4.19779601707608	2.83356510414921	1.48145387975354	NA	NA	TSPAN18-AS1	Intron
chr11	44941534	44942262	130.554600925967	8.58074478747685	3.23451149044954	2.65287194459287	NA	NA	TP53I11	Intron
chr11	45138318	45138559	63.188310975262	-0.767105016008231	2.82564341015805	-0.27147976749314	NA	NA	LOC105376652	Intron
chr11	45220193	45220787	82.3104622692914	0	4.4073563239225	0	1	1	SYT13	Intron
chr11	45549837	45550743	108.866538138822	2.67368352112225	3.58467997232636	0.745863938137578	NA	NA	LOC105376654	Intergenic
chr11	46323330	46323954	48.3072811844822	0.232084471791738	2.70709670885678	0.0857318732029151	0.931679564246113	1	NA	NA
chr11	46346719	46347273	8.82052226049021	14.5931836657761	4.01258040544006	3.63685763056396	NA	NA	DGKZ	Intron
chr11	46421881	46422202	60.921738011471	-8.11193017655946	4.09835694574948	-1.9793127548279	NA	NA	MIR3160-2	Intron
chr11	46686253	46686841	119.129257860489	5.98653998952294	2.47164187191905	2.42209037544538	NA	NA	ARHGAP1	Exon
chr11	47834198	47834445	10.4988756494684	-1.55958445739359	3.42156455632963	-0.455810326450944	NA	NA	NUP160	Intron
chr11	48062038	48062819	14.1313059909251	20.8198949139235	4.24884325062648	4.90013250332398	NA	NA	MIR3161	Intron
chr11	48438001	48438304	8.63673130495502	-6.22826150582095	4.22800459754184	-1.47309714597805	NA	NA	NA	NA
chr11	48621380	48621919	7.20439996959058	7.39663834368964	4.25023007032168	1.74029128336806	NA	NA	OR4A47	Intergenic
chr11	48878055	48878478	34.7822998988354	7.87192063293587	4.02806864584641	1.9542667528899	NA	NA	TRIM51G	Intergenic
chr11	49282771	49282962	1.61000304915441	-5.07570356186903	4.25793992479197	-1.19205617071195	0.233239221140229	NA	FOLH1	Intron
chr11	54599163	54599674	28.9157037769703	16.5356841295953	4.28583784903775	3.85821505900134	NA	NA	OR4C46	Intergenic
chr11	54724244	54724485	40.7900186150039	2.79773704799189	3.254215459499	0.859727047213587	NA	NA	OR4A5	Intergenic
chr11	56120414	56120610	84.2968545750445	7.7697667331957	3.041513060125	2.55457286541336	NA	NA	OR8H3	Promoter
chr11	56241567	56242267	168.986772112677	8.36019314836154	2.93953933105111	2.84404874602312	NA	NA	OR5J2	Intergenic
chr11	57518762	57519284	36.0681218127839	7.73621295602642	4.12916281205735	1.87355483620949	NA	NA	SLC43A1	Promoter
chr11	58241919	58242406	20.4862965630338	1.23847644226374	3.92730118341471	0.315350512839178	0.752495536280503	1	OR10Q1	Exon
chr11	58646464	58646878	31.5030053543039	7.09493126084857	3.71621229169947	1.9091835191159	NA	NA	CNTF	Intron
chr11	58994294	58994886	32.9095023698861	1.34085458236074	3.29662453531679	0.406735607284404	NA	NA	GLYATL2	Intron
chr11	59218750	59219261	31.3421001297973	-3.54708024172824	3.28507727793292	-1.07975549481143	NA	NA	MPEG1	Intron
chr11	59244283	59244938	38.362802539288	3.84297124008239	3.66216076586687	1.04937262063991	NA	NA	NA	NA
chr11	61151088	61151873	45.2695114649444	-21.6895883587779	4.24898710824741	-5.1046491331258	NA	NA	VPS37C	Intron
chr11	61441964	61442232	47.3287837074847	-0.290523958652276	3.39630000250637	-0.0855413121449452	NA	NA	SAXO4	Intron
chr11	61780009	61780268	59.4441533912145	8.62540458384391	2.97580111249797	2.89851514189519	0.00374934204103345	0.0365844398920166	MIR611	Exon
chr11	62165245	62165662	26.9675942841593	-0.685117010991143	3.98892101166997	-0.171754970576446	NA	NA	SCGB1D1	Intergenic
chr11	62539463	62540485	44.2135026047597	1.97765538927785	3.75780702322943	0.526279124247917	NA	NA	AHNAK	Intron
chr11	63124978	63125381	10.1873249438625	-5.6145664159524	3.83052893608882	-1.46574180997708	0.142718639176922	0.275678738922944	SLC22A24	Intron
chr11	64109479	64109899	47.6597618257374	1.23846031332621	4.14948872554733	0.298460941874917	0.765351382250562	1	LOC105369339	Intron
chr11	64916580	64917250	18.2879719417027	3.89246671799426	2.95102575027991	1.31902160380168	NA	NA	ATG2A	Promoter
chr11	65013739	65014016	19.9371460108067	5.67105413823382	2.98668063245096	1.89878156928349	NA	NA	ARL2	Promoter
chr11	65320815	65322011	71.4167389275181	-1.61591444233111	3.7272661472326	-0.433538786472464	NA	NA	LOC105369344	UTR
chr11	66267543	66268512	48.32774693791	6.67133620804774	2.79453112190796	2.38728284532144	NA	NA	KLC2-AS2	Promoter
chr11	66294853	66295287	87.2948988662388	1.10097194205789	3.12699990953545	0.352085696804977	NA	NA	TMEM151A	Promoter
chr11	66435070	66435794	30.4692928572194	20.4854516769458	4.24937048313568	4.82082034462415	NA	NA	LOC124900311	Promoter
chr11	67995179	67995635	43.4965184552674	1.27831803148804	3.55780309134739	0.359299825950718	NA	NA	UNC93B1	Exon
chr11	68631481	68632316	22.3181532817875	-15.3008093407045	4.40735632387902	-3.4716524411255	NA	NA	GAL	Intergenic
chr11	69177220	69178039	165.652861437373	6.85315856762111	2.9695999336846	2.30777165970566	0.0210118399859352	0.0631053267351674	LOC338694	Exon
chr11	69536036	69536888	5.45563818490666	-5.85030442133121	4.25032387645366	-1.37643732369227	0.168686279292119	NA	LINC01488	Intron
chr11	69860502	69861339	112.637181192527	-6.55074262854691	3.44815602990144	-1.89978138220565	NA	NA	FGF3	Intergenic
chr11	70448982	70449208	126.322752594588	7.29824661732574	3.35204757388608	2.1772503093877	NA	NA	NA	NA
chr11	70492043	70492597	47.9631691916914	6.77693786503113	4.10967900518022	1.64901878139116	NA	NA	NA	NA
chr11	70684797	70685287	38.9922213478826	7.03282471003836	3.55893882021308	1.97610160368458	NA	NA	NA	NA
chr11	70736581	70736779	96.2620072813109	8.72351414716712	3.30105324525928	2.64264569488395	NA	NA	SHANK2-AS1	Intron
chr11	70739065	70740413	17.2436454983053	-18.5894677767177	4.26119871523308	-4.36249727342295	NA	NA	NA	NA
chr11	70882551	70883077	95.2258563214601	9.34361871971597	2.8817834201955	3.24230428082694	0.00118567356295604	0.0328342920264512	MIR3664	Intron
chr11	71866521	71866967	43.6781603333828	-0.52093671401632	3.53918717199388	-0.147191060743713	NA	NA	DEFB131B	Intron
chr11	71923589	71924091	63.7626310071477	-7.17201259729391	3.88678684318769	-1.84522920516317	NA	NA	XNDC1N	Intron
chr11	72095471	72096202	23.0606314024311	19.8256689739628	4.1632963035638	4.76201248443258	NA	NA	LAMTOR1	UTR
chr11	72137013	72137382	77.0880995624956	-7.12733918841278	3.20382096824661	-2.2246371626419	NA	NA	FOLR3	Intron
chr11	72465452	72465735	42.7833355473862	-1.68433175115504	3.36961483783497	-0.499858836162191	NA	NA	CLPB	Intergenic
chr11	72777650	72778238	27.4291471386319	17.7222129182862	4.26319697034824	4.15702418667242	NA	NA	MIR4692	Intron
chr11	72933820	72934178	44.2839792284795	-8.31877206842767	3.49764129805476	-2.37839485514259	NA	NA	ATG16L2	Intron
chr11	73223722	73224453	15.3931310550664	-0.686336964247038	3.70643828031336	-0.185174259582979	0.853092357809347	1	P2RY2	Intron
chr11	74003819	74004280	58.9899201453367	7.30624371154513	3.43065365970302	2.1296943487375	NA	NA	NA	NA
chr11	74047344	74047802	14.3699420688953	-20.2738723838021	4.25259103936861	-4.76741642827057	NA	NA	UCP3	Exon
chr11	75015296	75015988	21.8403226441092	9.10142463711311	3.7501624262543	2.42694145016106	0.0152267129834435	0.0546850269316696	NEU3	Intron
chr11	75212391	75212848	71.1676957479514	0	3.85528974012348	0	1	1	TPBGL	Exon
chr11	75525838	75526267	10.3656742190468	-2.05358990630835	3.94602540337686	-0.520419839302343	NA	NA	GDPD5	Promoter
chr11	75725363	75726671	14.9737634865098	-8.15328359822908	4.09065030278691	-1.99315096493933	NA	NA	MOGAT2	Intron
chr11	75893339	75893903	5.90113191062545	2.82623196528538	4.28583454962083	0.659435620429028	NA	NA	UVRAG	Intron
chr11	75923161	75923940	5.71740739165171	-4.01276359010006	4.2697640182224	-0.939809219660495	NA	NA	NA	NA
chr11	76234259	76234996	9.98614737149649	7.9857022491657	4.24915963454001	1.8793603761677	0.0601953028474084	0.124523006347957	LINC02761	Promoter
chr11	76544354	76544596	49.7447976387395	-0.547964453447293	2.7153572027463	-0.20180197761572	NA	NA	LINC02757	Exon
chr11	76754527	76754727	51.7067119433553	0.90001155500092	2.87528539598276	0.313016424824604	NA	NA	LOC105369397	Promoter
chr11	76808745	76809338	7.71079507077214	0	4.4073563239232	0	1	1	TSKU-AS1	Intergenic
chr11	77202172	77202718	41.9411466452009	-8.80490927162386	3.48651621867936	-2.52541755705902	0.0115560892193497	0.0474850211558731	MYO7A	Exon
chr11	77512472	77512679	65.9192113827091	0.298412100592014	2.45764161660696	0.121422138433676	NA	NA	PAK1	Intergenic
chr11	77838660	77839096	12.9141111940891	-21.6126956230589	4.24909067451352	-5.0864284334279	NA	NA	AAMDC	Intron
chr11	78669827	78670812	12.7542147818526	-5.59248396483847	3.96540963623071	-1.41031683429164	NA	NA	NA	NA
chr11	78951274	78951850	54.8586795029596	-0.571737729031705	3.52272535364834	-0.162299830851015	0.871069747875659	1	LOC124902724	Intron
chr11	79280433	79280843	71.4410082993487	-0.885232258224725	2.98070682590757	-0.296987362370061	0.766476157466603	1	MIR708	Intron
chr11	79808357	79808688	38.5256432902293	0.161846837637009	3.45279952555482	0.0468740905572856	NA	NA	LOC105369406	Intergenic
chr11	80417481	80417685	41.0619779344326	1.81482649609964	3.26984035831979	0.555019908382375	NA	NA	LOC105369408	Intergenic
chr11	81030064	81030694	32.8292568392955	22.068987880597	4.24779960570921	5.19539289257795	NA	NA	LINC02720	Exon
chr11	83630231	83631040	85.444976690607	-0.45256062182145	2.60054705788672	-0.174025161532441	0.861845687897338	1	DLG2-AS2	UTR
chr11	84770123	84770607	35.7075292277979	-19.25607210463	4.25844055280182	-4.52186002501797	NA	NA	LOC124902727	Intron
chr11	86622174	86622456	43.4040115074541	-6.90049065336708	3.37060207808736	-2.04725757995223	NA	NA	LOC102724775	Intron
chr11	86685601	86686051	5.65452874756203	-6.49911275196218	4.25111576827331	-1.52880163849359	NA	NA	ME3	Intron
chr11	87075635	87076647	1.46060283857161	4.78477377877851	4.26652377052943	1.12146891383304	0.262088316503732	NA	TMEM135	Intron
chr11	89229988	89230368	26.0990356642639	0.348044965587004	3.67408390106268	0.094729727180791	NA	NA	NA	NA
chr11	89318494	89319107	15.6173666220519	0	4.40735632388235	0	NA	NA	TYR	Intergenic
chr11	92127132	92127681	5.18228978568822	-3.50495316235099	4.27930739689566	-0.819046831011391	0.412759695130519	NA	NA	NA
chr11	92200134	92200346	50.9026440173552	1.24295909415987	3.06736964540695	0.405219858656769	NA	NA	NA	NA
chr11	92386271	92386809	16.0049399354351	-5.86487395741849	4.04590727303085	-1.44958190132346	NA	NA	FAT3	Intron
chr11	94295504	94295696	53.9617608816968	0.284391764789447	2.51340932154251	0.113149801089666	NA	NA	IZUMO1R	Intergenic
chr11	94591243	94591759	63.0948110289403	-8.76397404788081	3.92833830659108	-2.23096214324931	NA	NA	LINC02700	Intron
chr11	94680544	94681289	131.413544997542	-0.952819703732653	3.05534160636778	-0.311853738955683	0.755151681316773	1	AMOTL1	Intron
chr11	94879016	94879772	21.2920343537199	-8.80121987994772	3.97187531577851	-2.21588523813534	0.0266993627756736	0.0719410390587844	NA	NA
chr11	94886199	94886885	41.7358735666112	9.08254838110263	3.71470304224685	2.44502677005617	0.0144841390586418	0.0534435171796415	CWC15	Intron
chr11	96204059	96204757	7.08248697427508	5.29760095688046	4.26070295878459	1.24336312766372	NA	NA	MIR1260B	Intron
chr11	96740167	96740704	95.5067884426155	-22.5430095802034	3.66778720202185	-6.14621523510869	NA	NA	JRKL-AS1	Intron
chr11	97208770	97209230	20.3417869391384	-1.76530953792709	4.05336788145808	-0.435516733135031	NA	NA	LINC02553	Intergenic
chr11	97854811	97855208	46.2160563559293	7.53511722520737	3.45592452882895	2.18034773686469	NA	NA	LOC105369453	Intergenic
chr11	97923051	97923877	71.0688645779438	0.889131551586931	2.92187942876584	0.304301246257272	NA	NA	LINC02713	Intron
chr11	98734555	98735081	38.7089006038424	6.60019692917707	3.78581292132945	1.74340282162155	NA	NA	LOC105369455	Intron
chr11	102040574	102040980	25.9798168870869	1.23847224810821	3.95177381560641	0.313396541881323	0.753979411173427	1	CFAP300	Intergenic
chr11	103572017	103572756	4.94018551182088	-5.71074460744133	4.25406689673044	-1.3424200291327	0.179459844072401	NA	NA	NA
chr11	103640187	103640765	13.4068872630164	-6.51232681289031	4.25107875000479	-1.53192335307432	NA	NA	NA	NA
chr11	103665468	103665832	64.2692809570145	-5.90189163464166	3.58950863142227	-1.64420600161732	NA	NA	NA	NA
chr11	103752532	103753425	65.8175766460383	-22.7990143494079	3.5696315434593	-6.38693771943577	NA	NA	LOC105369463	Intron
chr11	104794497	104794700	48.6545186777824	1.55753088908129	3.28911891801039	0.473540461110311	NA	NA	LOC107984380	Intergenic
chr11	107445337	107445869	28.1796308592748	0	4.40735632392264	0	1	1	NA	NA
chr11	107494493	107494949	101.461659295365	1.24722569348764	3.79363417967925	0.328768045208064	NA	NA	CWF19L2	Intergenic
chr11	107505038	107505532	108.070229629724	-1.31238506102165	3.66058183862077	-0.358518158828033	0.719955581049236	1	NA	NA
chr11	107633953	107634398	37.4717263314403	-0.768773724520687	3.21324433462586	-0.239251561493907	NA	NA	ELMOD1	Intron
chr11	108567521	108568146	3.73794466026608	4.84897217991079	4.26567712267062	1.13674149272577	0.2556463681747	NA	EXPH5	UTR
chr11	108801765	108802112	75.7854818268184	-6.49403686980458	3.63766600792198	-1.78522075849242	NA	NA	DDX10	Intron
chr11	109136197	109136490	51.0422572094845	0	4.40735632387843	0	NA	NA	C11orf87	Intergenic
chr11	109353204	109353752	51.8385098027851	-0.123124149255405	4.08200421516417	-0.030162670777755	NA	NA	NA	NA
chr11	110041136	110041358	55.6322388935848	0.565855858448836	2.84129108093162	0.19915448376493	NA	NA	LINC02715	Intron
chr11	110877752	110878229	11.2584801194988	-7.55831790642527	4.24900353454283	-1.77884481502049	NA	NA	LOC105369488	Intergenic
chr11	111107670	111108048	69.9321778031992	-24.3699408927578	3.81205291565048	-6.39286532269957	NA	NA	LOC102723966	Exon
chr11	111957972	111958589	115.607006467501	-2.14957480664277	3.78144454837184	-0.56845334610772	NA	NA	DIXDC1	Intron
chr11	112082744	112083459	35.825561382599	0	3.82437050748448	0	1	1	TIMM8B	UTR
chr11	112453987	112454461	35.7778879508091	0.3718737830441	4.08279509869842	0.0910831364431322	NA	NA	LOC124902757	Intron
chr11	112624994	112625735	16.5892730118117	-15.0787596861718	4.40735632387944	-3.42127084312965	NA	NA	LINC02764	Intron
chr11	113222139	113222597	40.8517068457564	7.8765903579298	3.66737497396656	2.14774611645742	NA	NA	NCAM1-AS1	Intron
chr11	114241306	114241892	19.7334395682895	-7.72291705968438	4.06154393034104	-1.90147323090407	0.0572400555422889	0.120899556565956	NNMT	Intron
chr11	114778586	114779068	20.8729126122809	-21.9396526153025	3.89678330255182	-5.63019570550285	NA	NA	NXPE2	Intergenic
chr11	116403790	116404281	62.508684168082	-0.285197775836378	3.8073635408985	-0.074906893647743	NA	NA	LOC107987166	Intron
chr11	116646981	116647388	47.0769600636573	1.27621187617778	3.73652176940709	0.341550766979817	NA	NA	LINC02702	Intron
chr11	117194905	117195512	4.43232945695563	-3.86834534659965	4.27214771045058	-0.905480242908469	0.365211022039576	NA	TAGLN	Intron
chr11	117478829	117479339	82.5360929845092	8.30893661257435	3.52336533200052	2.35823873758122	0.0183618798454191	0.0599246909034617	BACE1	Intron
chr11	117626221	117626705	40.8740945694734	-22.0094794273379	3.89430938749504	-5.65170284056326	NA	NA	LOC105369515	Intron
chr11	117782245	117782540	58.8915601585888	8.44040697304543	3.65155617068191	2.31145478215914	NA	NA	DSCAML1	Intron
chr11	117870099	117870453	52.9025762643631	4.91300764456915	2.41470156631906	2.03462312407345	NA	NA	FXYD6-FXYD2	Intron
chr11	119141667	119141973	62.4577382944891	0.276728959003301	3.37688764283579	0.0819479320226699	0.93468811834358	1	ABCG4	Intergenic
chr11	119752284	119752777	33.0456318464368	13.5915314196806	4.28883968035263	3.16904627653583	NA	NA	LOC124902771	Promoter
chr11	120232250	120233168	13.3782297534251	-6.44726343500305	4.25126433712488	-1.51655200047225	NA	NA	POU2F3	Intergenic
chr11	120264255	120264537	113.043316176844	6.24390705717503	3.10350821470113	2.01188675048386	NA	NA	POU2F3-AS1	Promoter
chr11	120578355	120578746	101.719020479571	8.79064485108354	3.06186843289183	2.87100672146814	NA	NA	GRIK4	Intron
chr11	121991910	121992130	52.2047089667429	0.541290218544836	2.70183210712451	0.200341915072183	NA	NA	MIR125B1	Intron
chr11	122931482	122932113	65.6140425512757	5.80366100981261	2.85028245763998	2.03617048347482	NA	NA	LOC124902774	Intron
chr11	123433144	123433649	41.5951030286101	5.7749451223817	3.85388808189738	1.49847245162826	NA	NA	MIR4493	Intron
chr11	125330385	125330992	26.5456718695604	-8.14848047066076	3.77966374829218	-2.15587444103794	0.0310934707343757	0.0781557119123503	PKNOX2-AS1	UTR
chr11	126357268	126357884	20.362828656186	0	4.40735632392271	0	1	1	ST3GAL4	Promoter
chr11	126470938	126471170	45.365855322636	-0.685069550192472	3.64701688217857	-0.187843811072035	0.85099909075936	1	KIRREL3-AS1	Intron
chr11	126936274	126936472	87.8112305460245	-0.743270126413655	3.6116729507525	-0.205796631242259	NA	NA	LOC105369559	Exon
chr11	127198255	127198730	19.8689171436087	-3.73884052563623	4.10301299441877	-0.911242672329356	NA	NA	LINC02712	Intron
chr11	130346506	130347040	90.7790014968804	8.69913722062037	3.29499456203013	2.64010670028561	NA	NA	NA	NA
chr11	130363575	130363883	61.4110784238924	-7.49734837809527	2.65509244195043	-2.82376171150852	0.00474636581070225	0.0379252716199222	ZBTB44	Intron
chr11	131120851	131121263	15.9118318794666	7.81557041779403	4.24847262983017	1.83961886983051	NA	NA	LOC107984412	Intergenic
chr11	133179687	133180409	17.8277499716976	-7.36707489291856	3.69418447954885	-1.99423578700603	0.0461262929322794	0.103715729655201	OPCML-IT1	Intron
chr11	133450138	133450897	5.34714269927857	2.93215631075739	4.11444450628065	0.712649376187109	NA	NA	OPCML	Intron
chr11	134677680	134678347	61.5692885362522	2.01414512096071	2.75592335824673	0.730842211171674	NA	NA	LINC02706	Exon
chr11	135009970	135010176	46.674752004946	15.9234185379102	3.7176794236498	4.283160736403	NA	NA	LINC02717	Promoter
chr12	206321	207021	42.118322840604	-23.4978164929613	3.83332615648732	-6.12987664855882	NA	NA	SLC6A12-AS1	Promoter
chr12	327558	328128	44.505555960332	-21.4531792751674	3.8701968869964	-5.54317516694011	NA	NA	CCDC77	Intron
chr12	340155	341098	102.101803855762	-8.16649906078532	2.60211432219209	-3.13840902036373	0.00169867658848442	0.0328342920264512	NA	NA
chr12	461954	462206	101.442233243762	-0.975247933281401	3.24208592644597	-0.300808786505694	NA	NA	B4GALNT3	Promoter
chr12	477758	478216	118.969370210322	1.2752544567225	2.43521072550244	0.523673143916277	NA	NA	NA	NA
chr12	664047	664563	92.9167428712798	15.0959935045012	3.93913391581141	3.83231284519344	NA	NA	NINJ2	Promoter
chr12	1164260	1164724	34.6045937687036	9.77865106982558	4.24764891383845	2.30213260751557	0.0213276950566675	0.0636311430073512	RAD52	Intron
chr12	2010179	2010718	102.938827061076	-8.60666405090956	2.6630080134785	-3.23193321512664	0.00122955789244556	0.0328342920264512	FBXL14	Intron
chr12	2984424	2984912	44.7978426531289	8.24467728687383	3.37758994155786	2.44099414953583	NA	NA	LOC124902859	Intron
chr12	3358018	3358574	17.384020738606	3.90921739187517	4.09858479896772	0.953796879561881	NA	NA	LINC02417	Intron
chr12	3754973	3755456	51.8878457408236	-16.2117556029819	4.18767521014601	-3.8713020445577	NA	NA	LOC107984495	Promoter
chr12	5390076	5390479	46.680094785873	-8.95766517025109	3.26231353546548	-2.74580142983497	0.00603632869417394	0.039542327098067	LOC105369618	Promoter
chr12	5768567	5769251	52.2917614632999	0.641522389058926	2.97575831724158	0.215582826515829	NA	NA	ANO2	Intron
chr12	6586200	6586661	80.5922199381591	-16.0921573751151	4.26989150480428	-3.76875088207955	NA	NA	NOP2	Promoter
chr12	6852093	6852359	34.621555734144	-0.412420182834565	3.30249910653076	-0.124881239791707	NA	NA	USP5	Promoter
chr12	7202612	7203199	31.1262831283848	-1.61250894118785	3.96800576278595	-0.406377671199676	0.684465123445228	1	LOC124902869	Exon
chr12	7259917	7260378	13.3465378628316	20.7186332903744	4.2490099808747	4.87610840728345	NA	NA	ACSM4	Intergenic
chr12	7468491	7468914	22.3458693801634	21.5609884037534	4.24812008564024	5.07541876620561	NA	NA	CD163L1	Intron
chr12	8243169	8243634	122.395951872264	-5.75166687554319	2.84980821555821	-2.01826454290594	NA	NA	FAM86FP	Promoter
chr12	8620850	8621202	20.2010349388149	-0.685124315215905	4.26668446763365	-0.160575341442083	NA	NA	AICDA	Intergenic
chr12	10457681	10458169	25.3051679790664	8.02412783935024	4.09906693078984	1.95754984605828	NA	NA	KLRC1	Promoter
chr12	10773962	10774656	20.0841685111913	-7.77418811887775	4.24797275688584	-1.83009368557649	NA	NA	LINC02366	Exon
chr12	12589888	12591027	39.5225848484044	-1.0351418516994	3.91367132619749	-0.264493812950087	NA	NA	CREBL2	Intergenic
chr12	13879070	13879490	69.0629733018761	0.813247259651544	3.34325242863817	0.243250330930832	NA	NA	LOC105369667	Intron
chr12	15882034	15882642	21.6750837190233	0.235985920693922	2.53558776460518	0.0930695138965805	NA	NA	STRAP	Promoter
chr12	16086241	16086753	92.5777922118776	3.40744554989726	3.3982228692842	1.00271397167514	NA	NA	DERA	Intron
chr12	16323200	16323808	33.6481672369373	-2.81863400476368	3.96966830244689	-0.710042701307382	NA	NA	MGST1	Intergenic
chr12	16632555	16632982	30.191541209055	-8.06720404533695	4.15481337474338	-1.94165256480027	NA	NA	NA	NA
chr12	16723887	16724720	53.1259975559906	4.36030477855959	4.04523593998072	1.0778863935883	NA	NA	LMO3	Intron
chr12	16885719	16886274	4.84107504703112	2.77148017350037	4.28732822566276	0.646435268685764	NA	NA	LOC105369677	Intron
chr12	17837351	17837658	81.3595476902148	-9.32933169446248	3.71890680552805	-2.50862207157079	NA	NA	MIR3974	Intergenic
chr12	18138275	18139085	3.97974923095686	6.43161924520507	4.2532689232332	1.51215908546783	0.130493396708679	NA	PIK3C2G	Intron
chr12	18603916	18604305	50.4418786934693	-8.57880558187695	3.47657860718098	-2.46760006063351	NA	NA	PLCZ1	Intron
chr12	19109709	19109945	22.8750369530443	-0.68506758257847	4.19784128797031	-0.163195208104141	0.870364739009656	1	PLEKHA5	Intergenic
chr12	19368801	19369077	19.3063047700218	7.96953364074693	4.05875014287574	1.96354379062622	0.0495830213911957	0.107747719561637	AEBP2	Intron
chr12	21235567	21235983	8.42422250935802	-3.24044071659023	4.14447306722595	-0.781870376288674	NA	NA	IAPP	Intron
chr12	22614303	22614673	32.0452721009305	-15.1704610122213	4.10964325202514	-3.69143015144822	NA	NA	ETNK1	Intron
chr12	25655327	25655983	28.6559556664436	-21.0852015928909	4.17569267217544	-5.04950992523739	NA	NA	LMNTD1	Intergenic
chr12	25802684	25802995	71.1403508134846	-7.22896116315165	3.61682358069926	-1.99870438849385	NA	NA	MIR4302	Intron
chr12	26434881	26435147	31.9783571465753	-7.85392173482365	3.93749172331745	-1.994650982582	NA	NA	SSPN-AS1	Intron
chr12	26889229	26890001	19.5391717476839	21.2635510649886	4.24821385598047	5.00529205587299	NA	NA	INTS13	Intergenic
chr12	26981956	26982419	142.077319077115	-5.42329571140261	3.03142017144654	-1.78902804780596	NA	NA	TM7SF3	Intron
chr12	27205350	27205571	34.5425738333382	7.9533405588641	3.31823023092221	2.39686218416909	NA	NA	STK38L	Intergenic
chr12	27806455	27806961	39.5662305763872	-0.737324887535863	4.08266520497279	-0.180598910397498	NA	NA	LOC105369709	Intergenic
chr12	28758267	28758471	58.2970702258511	-0.0437996347831966	2.83204005707352	-0.0154657539796442	NA	NA	LOC124902907	Promoter
chr12	29100923	29101466	18.8089628504385	0	4.40735632388584	0	NA	NA	FAR2	Intergenic
chr12	29515479	29515689	56.5513073770536	-0.415024526187556	2.6575986901235	-0.156165235831099	NA	NA	LOC105369714	Intron
chr12	29574068	29574463	25.5402242797253	-22.7858147139354	4.24791344135549	-5.36400165128236	NA	NA	NA	NA
chr12	30584164	30584603	21.9751789120209	-6.89950419017753	3.48261837361359	-1.98112553544549	0.0475771972952371	0.105819075671796	IPO8	Intergenic
chr12	30802075	30802699	66.2123413479	-20.653771473551	4.09301486346663	-5.04610224064958	NA	NA	CAPRIN2	Exon
chr12	31701946	31702489	20.0527618227937	-7.74630802761503	4.05295487151398	-1.91127418715161	0.0559693544507639	0.119050109231742	AMN1	UTR
chr12	31972489	31973981	30.1836716636689	8.24779416982311	4.24810091939965	1.94152500760003	NA	NA	RESF1	Intron
chr12	32171040	32171722	12.1474983137225	-6.94665032577548	4.15513080591595	-1.6718247030599	NA	NA	BICD1-AS1	Intron
chr12	32398877	32399507	17.2429091294402	7.75632366506321	4.01555601200241	1.93156903847928	NA	NA	FGD4	Promoter
chr12	32595015	32595451	3.68047306221952	-2.90656311892569	4.27214762159317	-0.680351751946665	0.4962817632033	NA	NA	NA
chr12	32650144	32650759	20.6781345782301	-22.755471895932	4.24794730194566	-5.35681595802977	NA	NA	DNM1L	Intergenic
chr12	33542742	33543213	11.2501112754827	20.2886943965389	4.24958754352686	4.77427378274473	NA	NA	SYT10	Intron
chr12	33885630	33885939	27.0401161854454	-6.25536676535692	4.25186301949762	-1.47120608934763	NA	NA	ALG10	Intergenic
chr12	38437399	38438289	47.7090946134589	7.32609158820349	3.40213695445758	2.15337938662482	NA	NA	NA	NA
chr12	38471600	38472131	14.5363436636867	0	4.40735632392284	0	1	1	ALG10B	Intergenic
chr12	38648015	38648275	52.5254258631188	-2.33448714534283	3.13755014898281	-0.744047755252509	NA	NA	CPNE8-AS1	Intron
chr12	39305105	39305612	53.7334763422831	0	4.40735632392253	0	1	1	LOC101927019	Intron
chr12	40520087	40520543	19.4011734593691	6.87158644963179	4.19855212003471	1.63665622175842	NA	NA	LOC105369736	Exon
chr12	41102370	41102619	30.4532970791762	0.319951527165779	3.54715746032002	0.0901994148116879	NA	NA	PDZRN4	Intergenic
chr12	41797258	41798056	1.60954132663637	4.95592933109148	4.26434816266552	1.16217746348217	0.24516338696686	NA	LINC02400	Intergenic
chr12	42002619	42003168	8.54272355835259	0	4.4073563238808	0	NA	NA	LOC105378247	Intron
chr12	42018916	42019453	77.8223870095435	1.44785763485389	3.61974139353052	0.399989247143902	NA	NA	NA	NA
chr12	42183185	42183508	84.3282697620578	9.21148480077338	2.9488361053345	3.12376967445211	0.00178550163345481	0.0328342920264512	GXYLT1	Intron
chr12	42412448	42412822	38.3279376834788	-16.7299620282399	3.71047689811456	-4.50884414257938	NA	NA	ZCRB1	Intron
chr12	42669828	42670175	11.5571233616173	0	4.40735632392294	0	1	1	NA	NA
chr12	42784014	42784445	56.0029789301128	1.17385805271283	3.07598492953894	0.381620222335997	NA	NA	LINC02450	Intergenic
chr12	43272992	43273260	35.9061301813037	15.1781847335944	3.35342924727021	4.52616817425027	NA	NA	LINC02461	Intergenic
chr12	43441300	43441617	3.88307619090594	-0.85011027574745	4.10360096622332	-0.207162022512592	0.835883325559224	NA	ADAMTS20	Intron
chr12	44186471	44186844	41.923028527049	-7.92942933940538	2.72470869329663	-2.91019343055405	0.00361205132187431	0.0365844398920166	NA	NA
chr12	44267607	44268705	190.906629238909	7.43599274094455	3.53930776074007	2.10097376199624	NA	NA	TMEM117	Intron
chr12	44388495	44389926	133.145397795951	8.50364983553061	2.57965985790918	3.29642290221271	0.00097924487684651	0.0324730744377145	NELL2	UTR
chr12	44630017	44630519	56.3600665402434	-7.60399280734426	3.829385288971	-1.9856954141555	NA	NA	NA	NA
chr12	44689283	44690131	45.4596687954204	-7.1170112609032	3.89487982120722	-1.82727364838109	NA	NA	NA	NA
chr12	44835621	44836369	111.149653494435	0.186642128652348	3.12220220485089	0.0597790009764156	0.952331650454611	1	NA	NA
chr12	46405972	46406456	19.2776468713922	-1.74698163416554	3.69054137845339	-0.473367307128705	NA	NA	SLC38A4-AS1	Exon
chr12	46569722	46570160	75.4093662953464	-8.24514861667639	3.14491986848707	-2.62173567577825	NA	NA	NA	NA
chr12	46601207	46601808	6.89105818419852	0	4.40735632392329	0	1	NA	LOC124902923	Intron
chr12	47491940	47492432	67.2657957764596	0.183078456675041	4.06159689488744	0.0450754866652306	NA	NA	LINC02156	Intergenic
chr12	47670605	47671709	43.3415476418793	-1.20207633162226	3.37767548540792	-0.355888639040494	NA	NA	RPAP3	Intron
chr12	47751570	47752342	50.9622456798881	-8.16627936821051	3.52838703896633	-2.3144511296592	NA	NA	SLC48A1	Promoter
chr12	47868536	47869352	23.7827425457401	0	4.40735632392267	0	1	1	HDAC7	Intron
chr12	47955337	47956488	63.721786709872	-5.12926671905259	3.7782097531084	-1.35759183693617	NA	NA	TMEM106C	Intergenic
chr12	48034044	48034721	30.873164504852	7.57403891802555	4.09934264155279	1.84762279718989	NA	NA	LOC124902927	Intergenic
chr12	49536099	49536391	28.396133025502	-17.4102445583758	3.72586704027997	-4.67280350322634	NA	NA	KCNH3	Promoter
chr12	49924778	49925173	27.533651083705	0	4.40735632387895	0	NA	NA	LINC02396	Exon
chr12	50119918	50120459	80.3734564749333	-0.197431729377353	2.91465141351293	-0.0677376815841573	NA	NA	LOC124902931	UTR
chr12	50994347	50995114	26.6425854448033	2.74902420568143	3.47855071173044	0.790278605515544	NA	NA	SLC11A2	UTR
chr12	51218067	51218343	32.459335248316	9.6863345744275	4.24768941570446	2.28037731257267	NA	NA	POU6F1	Promoter
chr12	52375976	52376657	0.963050828311697	3.14804979818702	4.30734123721067	0.730856838318577	0.464866601879095	NA	KRT85	Intergenic
chr12	52899483	52900112	100.107309478355	-6.02551531425071	3.82445675550453	-1.57552188440311	NA	NA	KRT18	UTR
chr12	53109766	53110131	50.2357134318522	-5.90522747644688	3.08857588109899	-1.9119580362538	NA	NA	SOAT2	Intron
chr12	53146792	53147465	30.0548149853008	-23.0636871422451	4.24775077547452	-5.42962343163098	NA	NA	LOC124902936	Intergenic
chr12	53379565	53380188	46.4539911349785	6.66127419496705	2.70488539532387	2.46268259885719	NA	NA	SP1	Promoter
chr12	54636455	54637038	54.3325585690996	10.4213702921118	3.46078598732254	3.01127267917957	0.00260155113916941	0.0344512798559998	LACRT	Promoter
chr12	54642812	54643262	51.0918764699522	-9.09452643817945	3.45413456694037	-2.63293923902776	0.00846494894215574	0.0438184328867156	DCD	Intergenic
chr12	55696920	55697874	98.4996409772711	-9.13350614418213	3.73308282968406	-2.44663902755009	NA	NA	TMT1B	UTR
chr12	56289852	56290488	12.0051529456354	3.14792879259318	4.05500057730282	0.776307853126626	NA	NA	CNPY2-AS1	Intron
chr12	56628568	56628962	86.5825197469083	5.09518418908552	3.16258505912705	1.61108210335121	NA	NA	BAZ2A	Intron
chr12	56939191	56939845	52.9557033886949	0.363346121822017	3.19029121308637	0.113891208530304	NA	NA	SDR9C7	Intergenic
chr12	56995197	56995808	44.5715942059032	0.840748343125782	3.62837894624967	0.231714590890455	NA	NA	ACKR5	Promoter
chr12	57111514	57112178	12.0927553042298	-0.688557152366628	4.0888398793441	-0.168399148092119	NA	NA	LRP1	UTR
chr12	58676724	58677793	56.8216556448916	1.26113735980998	4.03676678444811	0.312412737012351	NA	NA	LOC124902949	Intron
chr12	58952883	58953092	60.0256733908159	0.781133831823308	3.06284162795085	0.255035658616771	NA	NA	NA	NA
chr12	59050650	59050858	60.9190684237656	-0.425806156235328	2.64774765122295	-0.160818254730074	NA	NA	NA	NA
chr12	59058407	59058962	1.39055031212924	-4.86511333835428	4.2596481834441	-1.14213970939277	0.253395951877496	NA	LRIG3	Intron
chr12	60284943	60285663	25.8649291171973	4.21941383375602	4.09516994637282	1.03033912853684	NA	NA	LOC124903071	Intergenic
chr12	60819374	60819824	10.9037390593077	0	4.40735632392297	0	1	1	NA	NA
chr12	61494092	61494584	22.5929879043866	-2.63529305089574	3.83702134276668	-0.686806982677758	NA	NA	NA	NA
chr12	61543098	61543437	33.4259219408351	20.7199445532855	4.12562587641818	5.02225484664507	NA	NA	LOC105369793	Intergenic
chr12	62173708	62174167	144.112075756171	6.63327132720719	2.61766796975425	2.53403846624213	NA	NA	USP15	Intron
chr12	62755871	62756238	51.4863247264741	6.43969163943098	3.55160328800465	1.81317875821905	NA	NA	LINC01465	Exon
chr12	63426412	63427109	21.9426877225735	14.4406025258407	4.37437943916763	3.30117739593905	NA	NA	LINC03056	Intergenic
chr12	64116954	64117360	105.677262611579	-8.02131568682682	3.19992826273172	-2.50671734746303	0.0121858113214922	0.0490582426580192	LOC105369798	Intron
chr12	64652298	64652916	17.0078324114091	-21.7158414016655	4.2488287230704	-5.11101831047043	NA	NA	MIR548Z	Intron
chr12	65164685	65165126	59.3107364274706	1.35549776555245	3.52985092408345	0.384009918465442	NA	NA	LOC124902953	Exon
chr12	65315493	65316118	14.9798968446776	-8.27537066478448	3.52427802973036	-2.34810380877289	0.018869261545659	0.0604816784868621	MSRB3	Exon
chr12	66290849	66291364	62.494042188985	8.28345216729373	3.65433553263391	2.26674646958959	NA	NA	HELB	Intergenic
chr12	66684718	66685232	40.2325367797388	-2.47633264347344	3.93773115950582	-0.628872958352041	NA	NA	LOC124902956	Intron
chr12	67393340	67393894	26.3088864981847	-6.19191899047083	4.12101820019924	-1.50252163171021	NA	NA	LOC105369812	Intron
chr12	68164085	68164511	60.2555112155443	-9.14698417958394	3.61658338803244	-2.52917828740021	NA	NA	IFNG	Intron
chr12	69025349	69025879	29.2683107126774	-7.3018583877321	4.09991375361966	-1.7809785343132	NA	NA	CPM	Exon
chr12	69294434	69295030	15.771830894835	0	4.4073563239228	0	1	1	MIR1279	Intergenic
chr12	69434457	69434850	32.3050976408685	-8.42120907349347	3.28643110000294	-2.56241765527533	0.0103946233540761	0.0456693379356607	LINC02373	Intron
chr12	70330045	70330442	39.1202728645067	-9.67867621920716	4.24750216837001	-2.27867481534951	0.0226864029102362	0.0661564781640435	KCNMB4	UTR
chr12	70491318	70491713	66.2772423008032	-6.66081292255585	3.38498862847744	-1.96775045757004	NA	NA	PTPRB-AS1	Intron
chr12	70634215	70634630	9.49192186872659	6.17840917801932	4.25446348423118	1.45221817061519	NA	NA	PTPRB	Promoter
chr12	73272702	73273241	31.2330839370094	17.794233480819	3.55160857054073	5.01018992588753	NA	NA	LOC105369839	Intron
chr12	73597981	73598339	40.2733753552636	-5.14614013151689	3.10652841477406	-1.65655659450685	NA	NA	NA	NA
chr12	73682124	73682473	5.45896299876476	-6.83778553942792	4.25026617287476	-1.60878995839525	0.107662277332462	NA	LINC02445	Intron
chr12	74513089	74513461	16.7249443405448	21.0199541792211	4.24846803389953	4.94765501623124	NA	NA	LOC107987178	Intergenic
chr12	76256769	76257235	43.2127159085084	-5.31887386479477	3.65654801640487	-1.45461616829096	NA	NA	LNCOG	Intron
chr12	76559324	76559867	64.4813362703842	8.77588071193187	2.98419393198468	2.94078766727314	0.00327378860897372	0.0365844398920166	LOC105369850	Promoter
chr12	76801377	76802157	7.86088811069806	0	4.40735632392319	0	1	1	ZDHHC17	Intron
chr12	77425388	77425952	33.3865945931283	-0.577622412711701	3.97186920725913	-0.145428356919714	NA	NA	LOC124902972	Intron
chr12	77566808	77567485	5.92690926919724	7.23335874239198	4.25061274565056	1.70172141646955	0.0888076037318694	NA	NA	NA
chr12	78035833	78036356	38.1431068573687	1.22273665202757	3.8160392931518	0.320420351599072	NA	NA	LOC105369859	UTR
chr12	78181053	78181415	43.4406831902334	2.7204930611119	3.55511669693603	0.765233125387009	0.444132737771703	0.822737694560696	NA	NA
chr12	78787945	78788371	20.5875559320023	-16.0084286175056	4.2949949122699	-3.72722877314076	NA	NA	SYT1	Intron
chr12	79465565	79466668	72.3297045301641	8.12275117258349	4.21933762644092	1.92512472139736	NA	NA	MIR1252	Intron
chr12	79545782	79546239	64.8901885380188	8.82685549673216	2.68383342553287	3.28889841402121	0.00100580319054868	0.0324730744377145	NA	NA
chr12	80696896	80697793	69.8605329883009	-9.5398989248913	4.11170454722378	-2.32018103813724	NA	NA	LOC105369867	Intron
chr12	81001142	81001467	52.9219008596347	-9.20890261279143	3.76026680937237	-2.44900244574095	NA	NA	LIN7A	Intron
chr12	81296782	81297353	11.7038474697228	0	4.4073563238801	0	NA	NA	PPFIA2-AS1	Intron
chr12	82488474	82489061	32.6761166698558	2.19590275447641	3.85676369891879	0.569364090180587	0.569109081201806	0.996760992472849	CCDC59	Intron
chr12	82528763	82529433	65.7782132643715	-5.33707185528006	3.06795295805484	-1.73961984693008	NA	NA	TMTC2	Intergenic
chr12	84382116	84382658	1.82327856486997	-3.23754143134449	4.28584455783745	-0.755403372113452	0.450006990539833	NA	NA	NA
chr12	84530579	84531097	48.850060161991	0	4.40735632392254	0	1	1	LOC124903066	Intergenic
chr12	84879636	84879857	37.2342134582471	0.54890989536861	3.09297596233025	0.177469822608987	NA	NA	LOC102724680	Intron
chr12	85019645	85020019	11.67597371213	20.389926794033	4.24953896328478	4.79815033352987	1.60137570546144e-06	0.000206806233962449	TSPAN19	UTR
chr12	85206883	85207314	42.579367715684	22.7148113392867	3.92884272730472	5.78155271561852	NA	NA	ALX1	Intron
chr12	86073983	86074618	25.2908923503608	-22.7335372626672	3.53036328950512	-6.43943282841407	NA	NA	NTS	Intron
chr12	86998504	86998996	109.774796197201	9.56649529748802	3.44834989756338	2.77422407286678	NA	NA	MGAT4C	Intergenic
chr12	87495497	87496141	21.0759363312484	5.04047380169026	3.87294717384099	1.30145689456729	NA	NA	LOC105369879	Intergenic
chr12	87715795	87716296	19.131761571929	16.4504170451608	4.28159693066456	3.84212183247419	NA	NA	LINC02258	Intron
chr12	87901088	87902078	47.4553308331817	0	3.90429651506231	0	1	1	MKRN9P	Intergenic
chr12	89693217	89693671	48.6245968344638	21.6151076240413	3.83158859486452	5.64129135706583	NA	NA	LOC107984543	Intron
chr12	92200735	92201132	57.1030368230272	-6.86371042062922	3.86334592921654	-1.77662330694294	NA	NA	BTG1	Intron
chr12	92868560	92869143	14.1470975436001	-3.57129927076411	3.84641524741467	-0.928474707239301	NA	NA	EEA1	Intron
chr12	93015187	93015622	9.86998151043031	2.60215519896453	4.09610018574795	0.635276258139025	NA	NA	LINC02413	Intron
chr12	94092386	94092904	34.416905040369	2.53849310317066	3.52431116833247	0.720280639797125	NA	NA	LOC124902986	Intron
chr12	94500680	94501162	96.7332972129963	-1.5759632752893	2.7683324324032	-0.569282524325015	NA	NA	CEP83-DT	Intergenic
chr12	94755229	94755723	31.7384344963242	5.1968013140069	3.57169172821906	1.45499715805489	NA	NA	KRT19P2	Intergenic
chr12	96532664	96533244	20.8362643415657	-0.429391258440071	3.43265303072146	-0.125090201251661	NA	NA	CFAP54	Intron
chr12	98420200	98420686	31.5049596161171	-8.39722573658012	3.42797914794815	-2.4496140070182	0.0143009428727593	0.0532018615513351	SLC9A7P1	Exon
chr12	98910985	98911568	9.38126844439259	-6.70089512076592	4.25058578848556	-1.57646391678955	NA	NA	NA	NA
chr12	99233259	99234340	16.6261930385063	-2.28343819087809	3.71789687464153	-0.614174698188274	NA	NA	LOC101928937	Intron
chr12	99502475	99503051	32.0752980490331	-6.47112111652982	3.42678853542291	-1.8883923094867	0.0589733030220504	0.123050735074249	NA	NA
chr12	99536765	99537205	59.2370789781864	-8.76056864809188	4.14811511732818	-2.11193961601881	NA	NA	GARIN6	Intron
chr12	100084171	100084496	99.4847934358378	-7.53344407273753	3.44285396613441	-2.18813930153302	NA	NA	BLTP3B-DT	Exon
chr12	100721090	100721665	48.4502359104137	-8.04402653468539	3.09658498406073	-2.59770895231068	0.00938480019057802	0.0443658889405056	GAS2L3	Intron
chr12	101221594	101221995	44.1435905611153	-4.21317733319627	3.17554132342257	-1.32675878034405	NA	NA	UTP20	Intergenic
chr12	101398324	101398772	34.0847823358623	8.14501497772821	4.1715883362557	1.95249730347049	NA	NA	ARL1	Intron
chr12	103470050	103470786	1.1916093242897	3.14805298334812	4.30734123720794	0.730857577791705	0.464866150155507	NA	LOC105369945	Intron
chr12	103542755	103543287	52.3838568275239	6.05472968949711	3.04480071752465	1.9885471172706	NA	NA	NA	NA
chr12	103549419	103549790	11.3099825795696	5.07023176729167	4.25666150265717	1.1911287200372	NA	NA	LINC02401	Promoter
chr12	103665704	103666467	54.4685272329682	-9.18028014710733	3.07957781380133	-2.98101905591257	0.00287290915225802	0.0345683251624032	LOC105369946	Promoter
chr12	104172496	104173535	62.9579889531486	21.185921841217	4.19313474864494	5.05252588127855	NA	NA	LINC02385	Promoter
chr12	104271229	104271861	6.14755910504354	0	4.40735632388258	0	NA	NA	TXNRD1-AS1	Intron
chr12	106107076	106107645	64.1390476672596	-10.3824235665027	3.76693430792435	-2.75619979479376	0.0058477265176985	0.0394503341193989	LOC124903007	Intron
chr12	106910629	106911114	133.204202554149	-1.33827934206886	3.65044590821387	-0.36660708738557	NA	NA	TMEM263-DT	Exon
chr12	108146611	108147745	110.897359941441	-0.254709819644895	2.81240968168483	-0.0905663998042797	0.927837131247864	1	WSCD2	Intron
chr12	108880737	108881261	39.3587525169282	-21.6454263751561	4.24904315244977	-5.09418840867183	NA	NA	NA	NA
chr12	108903714	108903978	48.9351439758454	-0.308411773111927	3.03343968379738	-0.101670646282917	NA	NA	DAO	Intergenic
chr12	109690653	109691382	52.4940093708346	-3.31963419561489	3.07330311141477	-1.08015190017711	NA	NA	FAM222A	Intron
chr12	110330967	110331459	18.6896501134777	-4.03541323740702	3.90503252857016	-1.0333878675486	NA	NA	LOC124903014	Exon
chr12	111193994	111194705	2.12868777799391	2.99395632246415	4.28159409627182	0.699262063414915	0.484388270653941	NA	MIR6760	Intron
chr12	111333950	111334260	116.68211333335	0.74649706372788	2.60930004686574	0.28609092489174	0.774808482088446	1	LOC105369983	Intron
chr12	111735255	111735559	20.8390900316502	0	4.40735632392271	0	1	1	ALDH2	Intron
chr12	111817129	111817325	53.5796846796325	1.11910683001607	3.57022057480731	0.31345593544356	NA	NA	MIR6761	UTR
chr12	112329784	112330455	28.8061930843909	2.70907966825932	3.97688908430565	0.681205739166928	NA	NA	HECTD4	Intron
chr12	113000059	113000669	19.925146944628	0.827328157759064	3.37341988614573	0.245249090146415	0.806263568282562	1	OAS2	Intron
chr12	113082521	113083170	57.4758810974773	-0.63380958614733	3.25319635759484	-0.194826723160332	NA	NA	DTX1	Intron
chr12	114068193	114068392	47.715588692534	-17.3266522663997	4.28466602115407	-4.04387464060332	NA	NA	LOC105369995	Intergenic
chr12	114442073	114442579	21.5997910934459	0	4.26560007424749	0	1	1	LOC105369998	Intron
chr12	115117908	115118535	25.5013118798984	-1.53502188759736	3.27250143515356	-0.469066834045661	0.639021864716286	1	LOC124903081	Intron
chr12	115509521	115510194	24.9647882368105	6.06309979583847	4.25508087716905	1.42490823814195	NA	NA	LOC105370003	Promoter
chr12	115701843	115702247	69.2363120796951	-8.20218698633826	3.33053059389469	-2.46272681036888	NA	NA	LOC105370002	Intergenic
chr12	116700649	116701067	36.8186544131859	6.74986129892819	3.57115305383255	1.89010697586435	NA	NA	SPRING1	Intron
chr12	116774583	116775001	23.1563682144362	21.6792732012585	3.66710890292072	5.91181603142241	NA	NA	RNFT2	Intron
chr12	117123927	117124444	58.5941347991253	7.60907702859966	3.68734605083526	2.06356466783909	NA	NA	LOC105370010	Promoter
chr12	117272853	117273460	97.0111455162728	8.73334201343528	2.72138261231909	3.209156247968	NA	NA	FBXO21	Intron
chr12	117396902	117397436	47.8298429403645	-1.40590048487752	3.58006081946016	-0.392702961143973	NA	NA	NOS1	Intron
chr12	117838678	117839056	7.6970319245223	5.96828007830488	4.25144901031273	1.40382257057009	NA	NA	KSR2	Intron
chr12	118643970	118644442	18.6839724002236	13.4812128082972	4.24405285428968	3.17649503225933	NA	NA	LINC02460	Intergenic
chr12	120416175	120416758	15.110498547735	8.58328390801477	4.24843952720974	2.0203380212998	0.0433483375162475	0.0999665742721625	COX6A1	Intergenic
chr12	120620428	120620972	41.3467580244394	2.14862486537144	4.08349219668569	0.526173373642134	NA	NA	CABP1	Intergenic
chr12	122078767	122079431	3.75915716406527	-2.58600127834219	4.18143527235961	-0.618448238440123	0.536279908169338	NA	BCL7A	UTR
chr12	122225807	122226338	67.2058644246982	-6.25715548554307	2.17113612134647	-2.88197290995397	0.00395193708421401	0.0365844398920166	LOC128125816	Promoter
chr12	123653468	123653850	42.2570965885066	0.992582087261857	3.55483048148783	0.27922065269521	NA	NA	TCTN2	Intron
chr12	123843876	123844278	31.8209470532638	-2.49460939132814	3.30803645420822	-0.754105774183562	NA	NA	LOC105370042	Intron
chr12	123853245	123853806	84.4044672908589	6.67466559805055	3.03386857126062	2.200051004608	0.0278032764946166	0.073499828805595	ZNF664	Exon
chr12	124330500	124330923	43.5207617919881	21.4134899290652	4.24818675771997	5.04061877462232	NA	NA	MIR6880	Exon
chr12	125334893	125335389	57.5075773906805	-14.9701823727537	4.00614438406045	-3.73680550114886	NA	NA	TMEM132B	Intron
chr12	126567033	126567653	3.77211684610603	-6.30408379247012	4.25170341780233	-1.48271955331462	0.138148937342309	NA	LINC02824	Intergenic
chr12	128652137	128652776	82.676816880639	9.48502174603017	3.65604674019087	2.59433820737614	NA	NA	SLC15A4	Intron
chr12	128946747	128947398	30.3535452521766	0.183975796784902	4.0020154490177	0.0459707862522267	NA	NA	LOC100128276	UTR
chr12	129295698	129295941	37.0083457571664	2.47183775410699	3.2701741117389	0.755873439653831	NA	NA	TMEM132D-AS2	Intron
chr12	130719419	130719852	85.8496057350189	1.6086597584197	3.10049881390455	0.51883901751727	NA	NA	LOC105370080	Intron
chr12	131004424	131005178	69.7975204879865	7.0409503506948	3.31868972900305	2.12160549061329	NA	NA	ADGRD1-AS1	Intron
chr12	131411528	131412146	73.5166984068546	8.19357062406257	3.495739529354	2.34387332215702	NA	NA	LINC02370	Intergenic
chr12	131677408	131678275	19.3084394581077	-0.685066676897765	4.23691785356302	-0.161689865268844	0.871550085864614	1	LOC124903057	Intergenic
chr12	132062313	132062820	21.1394166912448	18.0896892048606	4.25786204374413	4.24853812054313	NA	NA	SNORA49	Exon
chr12	132512125	132512978	204.476542425167	1.94952651815405	2.60696840584178	0.747813634329242	NA	NA	FBRSL1	Intron
chr12	132852386	132852661	52.0204710864733	-22.887920704993	4.11303325462056	-5.56473028251858	NA	NA	GOLGA3	Intron
chr12	132918808	132919362	83.5196052789858	0.881019167367948	3.54760046567709	0.248342274134807	NA	NA	CHFR-DT	UTR
chr12	132951491	132952096	40.3814689744702	-1.59713642483589	3.46780022575548	-0.460561831957302	NA	NA	CHFR	Intron
chr13	19722612	19723281	131.006458884502	6.80152301135359	2.51921778923725	2.69985510598228	NA	NA	PSPC1	Intron
chr13	21433842	21434404	20.8273373301156	7.92149245545951	4.07340098935961	1.94468761512843	NA	NA	LOC124903131	Intron
chr13	21486630	21487076	42.9882685818721	-6.73980818489561	3.88407620254283	-1.73524097711656	NA	NA	ZDHHC20	Intron
chr13	22062917	22063398	7.56978197552645	0	4.40735632392322	0	1	1	LINC00540	Intron
chr13	25830367	25831048	21.839003959888	-7.86555313702781	3.73336650120001	-2.10682587270754	NA	NA	LOC105370122	Intron
chr13	26221843	26222544	78.2964214442338	-3.25966692529118	2.82231371802862	-1.15496264801067	NA	NA	RNF6	Promoter
chr13	28426056	28426501	27.7610950967004	5.25509823362394	4.10702227868218	1.27953974364857	NA	NA	FLT1	Intron
chr13	29203448	29204103	16.4979393352232	-6.21403186143485	4.16531869848566	-1.49185027875395	NA	NA	MTUS2-AS2	Intron
chr13	30312263	30312496	33.3585056872001	-23.4240566124808	4.24759089953059	-5.51466870669429	NA	NA	KATNAL1	Intron
chr13	30979350	30980557	97.7999131387602	-23.0837343833766	3.9364676521956	-5.8640731800505	NA	NA	TEX26-AS2	Promoter
chr13	31090087	31090296	71.5006094229327	-1.23674247931211	2.88311969139262	-0.428959811486264	NA	NA	LOC102723392	Intron
chr13	31974207	31974651	15.7722407926581	19.149716165167	4.25222191195315	4.50346114612139	NA	NA	FRY-AS1	Intron
chr13	32424385	32424768	32.4336322313703	8.13922543740286	4.08166082451704	1.99409646889656	NA	NA	LOC124903256	Intron
chr13	32538055	32538544	9.86094782175506	-7.39985604360395	3.62621600445779	-2.0406550615041	NA	NA	N4BP2L2	Promoter
chr13	34119541	34119839	37.7377232645208	7.3235504077858	4.16475435570491	1.75845915083898	NA	NA	LOC124900343	Intergenic
chr13	34632842	34633233	75.5295653730778	5.9283956397381	2.58708319605417	2.29153652606925	NA	NA	LINC00457	Intron
chr13	34782422	34782980	57.5288505434556	21.7277631440596	4.24803510840717	5.11477956033338	NA	NA	LOC107987189	Intergenic
chr13	36133068	36133381	41.5076078758366	22.0217172364393	4.24771993791346	5.18436185961371	NA	NA	DCLK1	Promoter
chr13	36463679	36464037	57.963023059338	-2.84062476488078	3.09542440006585	-0.917685072463844	NA	NA	CCNA1	Intergenic
chr13	36727788	36728146	87.6444536450551	22.4243292251411	3.68409786426906	6.08678977901965	1.1519706476718e-09	5.20690732747655e-07	SERTM1	Intron
chr13	36933067	36933568	29.380605757248	-0.685058751937324	3.83540360182808	-0.178614514417936	0.858240396910684	1	SMAD9	Intergenic
chr13	37075662	37075944	49.7026097455344	0.981035672279872	3.19959233997541	0.306612708132502	NA	NA	SUPT20H	Intron
chr13	37117403	37117794	14.4244936489701	-8.00328701084246	4.12397842077723	-1.9406714085895	NA	NA	NA	NA
chr13	37173409	37173749	56.7491813041166	0	3.58297019195456	0	1	1	CSNK1A1L	Intron
chr13	37531009	37531586	18.9436182847932	-0.636052480664513	4.08499701669984	-0.155704515343407	NA	NA	LINC00547	Intergenic
chr13	39257254	39257764	59.6359888299853	-1.25797262489278	3.83151239810057	-0.32832273373731	NA	NA	LOC105370169	Intron
chr13	41725750	41726076	24.0223746276411	0	4.40735632392267	0	1	1	MIR5006	Intron
chr13	41824339	41824776	13.4792654362909	1.2670027554313	4.08736751139968	0.30998014049327	NA	NA	VWA8-AS1	Intron
chr13	42194342	42194756	52.9627641740223	-15.2045066261162	4.40735632387842	-3.44980199212402	NA	NA	AKAP11	Intron
chr13	43100296	43100791	67.5289345720488	-21.1242998178846	4.03728237222982	-5.23230675247952	NA	NA	LINC00400	Intron
chr13	43361798	43362132	63.1456968119545	8.26121572922688	4.11613879645312	2.00703040829079	NA	NA	NA	NA
chr13	43588461	43588911	23.1996625985252	-3.96913278793959	4.09717095449937	-0.968749615775936	NA	NA	ENOX1-AS2	Intron
chr13	44215296	44216163	30.4463058142516	-9.30875098784811	3.34119150571732	-2.78605730079205	0.00533534395030611	0.0379252716199222	MIR8079	Intron
chr13	44350869	44351311	57.9959241831131	-8.20385786695789	3.88577472942035	-2.11125410972593	NA	NA	NA	NA
chr13	44359639	44359857	17.605242006947	-0.685092739228019	4.17653740504923	-0.164033665399423	NA	NA	LOC105370297	Intergenic
chr13	44388446	44388914	84.1443102631961	-16.0370997460712	3.79418585671463	-4.22675650368843	NA	NA	SERP2	Intron
chr13	45490104	45490700	30.648776136049	4.95634691868612	3.56832634688284	1.38898364019194	NA	NA	COG3	Intron
chr13	46670024	46670224	83.0453124519812	9.10610177774557	3.20656186055248	2.83983349573572	NA	NA	LRCH1	Intron
chr13	47632780	47633329	48.9081455517449	-7.38564513822935	3.73096433932647	-1.97955393472419	NA	NA	LINC00562	Intron
chr13	48631058	48631983	36.938665987424	9.8495886434413	3.78621374841318	2.60143491570419	0.00928346785317791	0.0443658889405056	CYSLTR2	Intergenic
chr13	48929796	48930096	37.3550426942389	19.5249286385904	4.07174829409999	4.79521994689166	NA	NA	FNDC3A	Intron
chr13	54357520	54358074	91.5994537123887	15.0974344905128	3.93681411744427	3.83493709383309	NA	NA	MIR1297	Intergenic
chr13	54717628	54718177	2.38906113483129	-4.07544482162582	4.26880101983971	-0.954704799470566	0.339727002078134	NA	LOC105370213	Intron
chr13	57347208	57347579	23.3056237551352	-6.43519551317143	3.40838422591294	-1.88804873119836	0.0590194086623893	0.123050735074249	LOC105370216	Intergenic
chr13	57527207	57527632	40.3447448585211	4.48490784716703	3.53869950071406	1.26738872466058	NA	NA	LOC105370217	Intergenic
chr13	59062921	59063659	39.187625883121	-9.54211571226966	3.70122508041132	-2.57809657747408	0.0099346227504369	0.0456693379356607	LOC105370224	Intergenic
chr13	64545543	64546227	11.8899441689207	-2.43977939456413	4.09428757774237	-0.595898394589431	NA	NA	LOC105370240	Intergenic
chr13	65084831	65085169	96.0365083095028	22.755781017752	3.80994650757481	5.97272979358364	NA	NA	NA	NA
chr13	65354226	65354689	57.4720199961857	-6.19100293938282	3.63114221351213	-1.70497396558719	NA	NA	LOC105370241	Intergenic
chr13	66480809	66481260	27.7198913018303	-7.6691015834465	3.59891310385471	-2.13094936224837	NA	NA	PCDH9-AS1	Intron
chr13	67509574	67510443	22.9280089831694	-15.2766793156389	4.40735632388015	-3.46617749803122	NA	NA	LOC105370249	Intergenic
chr13	72384236	72384747	80.2864739208586	7.90235057729417	2.80320970380695	2.81903653749566	NA	NA	LOC124900345	Intergenic
chr13	72727577	72728040	32.1949035765507	6.16849152954685	3.34819235082308	1.84233487303394	NA	NA	MZT1	Promoter
chr13	76402281	76402757	70.7886647541765	6.7077418032652	3.52191795154682	1.90457071844026	NA	NA	LOC105370263	Intergenic
chr13	78500834	78502008	44.5253742008727	0.899520171687821	4.082380416257	0.220342074958453	NA	NA	LOC780529	Intron
chr13	83499226	83499467	54.8752647523747	1.38452320061421	3.05049584683748	0.453868246386756	NA	NA	LOC105370286	Intergenic
chr13	87221342	87221902	10.038078711353	-5.12635772395502	4.25756481561412	-1.20405864525061	NA	NA	LOC105370302	Intergenic
chr13	88610373	88610845	18.8765342014907	8.00794210796137	4.24829374156421	1.88497843960594	NA	NA	LINC00433	Intron
chr13	91753657	91754093	60.8833035316449	9.20749384641639	4.19115992750117	2.19688439613089	NA	NA	GPC5	Intron
chr13	95328228	95328674	21.8556888690093	-5.74536547039326	4.16084675941953	-1.38081640651308	NA	NA	ABCC4	Intergenic
chr13	96956353	96956704	72.5478447869728	8.41015057963	3.63833621477481	2.31153749493449	NA	NA	LINC00359	Intron
chr13	97096370	97096824	61.233773682639	8.27598873796298	3.65416958972857	2.26480696496019	NA	NA	LOC124903196	Intergenic
chr13	97295552	97295888	44.8306014182056	-6.38157088745691	3.2045439328503	-1.99141313746346	NA	NA	NA	NA
chr13	97313340	97313844	45.5159568479508	-8.41958660180435	4.24762312171145	-1.9821877696183	NA	NA	LOC101927385	Intron
chr13	98300704	98301434	62.0755672302163	-0.580212901205592	3.75820613110643	-0.154385598065845	NA	NA	LOC105370327	Intron
chr13	98857490	98858271	13.9500733407372	-3.37789436782172	4.0998593754806	-0.823904933916362	NA	NA	DOCK9-AS1	UTR
chr13	99261621	99262294	48.217210329251	4.4896657455659	3.59947626423961	1.2473108352374	NA	NA	LOC124903198	Promoter
chr13	99500350	99500901	32.5396577975428	-2.37417760908025	3.86306810047702	-0.614583421086231	NA	NA	LINC01232	Promoter
chr13	100014557	100014835	11.9969897973804	-5.61642949055182	4.25454026760267	-1.32010255804125	NA	NA	LINC00554	Intergenic
chr13	100098192	100098779	18.1996204875571	-22.4651256727699	4.17524348345366	-5.3805546339509	NA	NA	PCCA-DT	Intron
chr13	100278616	100279003	23.8219561826561	-8.08463058445261	4.13960034733119	-1.95299785151115	NA	NA	NA	NA
chr13	100353824	100354233	3.43892893081155	-5.09239012643763	4.25781490207752	-1.19601021734245	0.231692571903132	NA	NA	NA
chr13	100404969	100405537	25.2464954707458	-6.46866213428922	3.84856472035136	-1.68079858449117	NA	NA	LOC105370335	Intron
chr13	100886618	100887481	25.3436443574089	-22.9568450714367	3.84777573746771	-5.9662637944032	NA	NA	NALCN-AS1	Intron
chr13	100901383	100901916	66.0364142690715	-4.17934554365674	3.81638500401959	-1.09510584997448	NA	NA	NA	NA
chr13	101445359	101445946	2.73682101040616	0	4.40735632392462	0	1	NA	ITGBL1	Intergenic
chr13	102775588	102775915	35.9265863696776	7.97206161006055	3.05123391921885	2.61273367467726	NA	NA	TEX30	Promoter
chr13	103366729	103367068	62.3866882216731	-5.51601143912712	3.34444613493478	-1.64930491225708	NA	NA	LOC105370339	Intron
chr13	104232038	104232454	11.0793701147091	-6.33184234444912	4.25161485683015	-1.48927938152185	NA	NA	LOC105370340	Intergenic
chr13	104750251	104750598	83.1605556550571	3.64782166770285	3.42395380685038	1.06538285078629	NA	NA	LOC107984624	Intergenic
chr13	106001515	106002153	62.3304941270855	0	4.4073563238799	0	NA	NA	LOC124903244	Intron
chr13	107298096	107298467	109.036800296736	0.299469811535609	3.10379933769917	0.0964849137952341	NA	NA	SNORD31B	Intron
chr13	107431399	107431932	103.36145380774	-5.42966145257505	3.6468416586373	-1.48886679511167	NA	NA	MIR1267	Intron
chr13	107759343	107759927	101.615533609877	9.36530327049817	3.51333614740568	2.66564395707303	NA	NA	NALF1-IT1	Intron
chr13	108167821	108168425	23.2772470048082	6.81586505488452	3.66308384643114	1.86069042932912	NA	NA	LIG4	Intergenic
chr13	109588224	109588579	122.778076042716	-8.20249297342806	3.18273292573398	-2.57718544559828	NA	NA	LOC101927627	Promoter
chr13	109978621	109979138	68.7511349101052	1.25573270018657	3.55594222959296	0.353136417609999	NA	NA	LINC00396	Intron
chr13	110068030	110068465	55.2698352400444	-0.718233006749022	3.36563954898422	-0.213401642182922	NA	NA	NA	NA
chr13	110155945	110157459	79.7087821170905	0.503679306108977	3.14007417058145	0.160403633400707	NA	NA	LOC101927712	Intron
chr13	111565229	111565794	24.3401753957697	1.14344854078481	3.63089200112384	0.314922212070998	0.752820716274002	1	LOC102724489	Intergenic
chr13	111639149	111639607	39.1090028488252	-7.18221922071809	4.13325757207149	-1.73766553268988	NA	NA	LINC02337	Intron
chr13	111953431	111953695	58.2445917671556	-1.14804955709331	2.50676483171199	-0.457980558275682	NA	NA	NA	NA
chr13	111954297	111954855	80.3235499667757	22.612128751693	4.24747642528993	5.32366197892422	NA	NA	LOC105378193	Intergenic
chr13	112446415	112446901	60.6870026361567	-0.892582475161658	3.29409792709145	-0.270964159207547	NA	NA	LOC105370372	Intron
chr13	113062334	113062852	52.6333355656724	-8.22232838206795	3.43895474097846	-2.39093823599682	NA	NA	F7	Intron
chr13	113490928	113491287	30.4000501029009	-3.22990130179738	2.98876607484978	-1.08068052865587	NA	NA	SLC9D1	Promoter
chr14	19873135	19873735	46.8072464050713	-5.33185562020085	3.2300238030577	-1.65071712943832	NA	NA	OR4M1	Intergenic
chr14	19910670	19911222	3.3031663906469	-5.91702215025788	4.25313322062394	-1.39121486286053	NA	NA	NA	NA
chr14	20429021	20430163	28.4700139430758	-4.11380238631657	2.96253461260043	-1.38860905415907	NA	NA	RNASE9	UTR
chr14	21057895	21058379	49.6815494264813	9.08838189554073	4.12264688366241	2.20450165925124	NA	NA	RNASE8	Promoter
chr14	21192488	21193303	24.7044888297438	-3.11537942587415	3.71548891546456	-0.83848438166707	NA	NA	LINC00641	Intergenic
chr14	21366501	21366975	13.1421587067988	-7.24223688841032	4.24845818153031	-1.7046741615335	NA	NA	SUPT16H	Exon
chr14	21810121	21810633	50.4923886850367	1.88803847791806	3.44263511551	0.548428286637737	NA	NA	OR4E1	Intergenic
chr14	21902802	21903288	68.2714918665739	14.5291502545753	3.69044794042819	3.93696117357763	NA	NA	NA	NA
chr14	22011063	22011665	18.8142435000966	0.304520659217142	4.32497937407097	0.0704097367591618	NA	NA	NA	NA
chr14	22177392	22177601	23.8659387732715	-8.12953110953505	3.52400019900216	-2.30690427084453	NA	NA	TRD-AS1	Exon
chr14	23611948	23612248	29.3574373020276	-1.44688347206372	3.97692638572214	-0.363819525867586	NA	NA	DHRS2	Intron
chr14	24670332	24671110	6.51234334084478	4.32691534324112	4.1426007035681	1.04449249465783	NA	NA	GZMB	Intergenic
chr14	24866784	24867420	23.5354710767904	2.05935534135896	4.18398773094374	0.492199182643026	0.62257854221693	1	LOC124903294	Intron
chr14	26340956	26341368	22.7375296002154	2.82053392572579	4.08801620568489	0.68995174769696	NA	NA	LOC105370418	Intergenic
chr14	26495543	26495867	14.0802985115524	-1.64797644383146	3.68410169768625	-0.44732110540446	0.654643230484869	1	NA	NA
chr14	28146897	28147336	26.9605732021284	19.6680338770925	4.25129456956198	4.62636346535707	NA	NA	MIR3171HG	Intergenic
chr14	32028144	32028558	93.0975412988157	4.61115247934979	2.81566067237395	1.63768046504766	0.101488367778235	0.19884230580616	ARHGAP5	Intron
chr14	32300564	32300782	58.5546745990329	-0.460257294436594	2.70886928037153	-0.169907532183859	NA	NA	AKAP6	Intergenic
chr14	33060764	33061206	25.5492203978872	7.78732093650855	3.67316929148584	2.12005500387882	NA	NA	NA	NA
chr14	33220846	33221320	26.8950050265606	6.43577285518962	4.13492285019036	1.55644327315401	NA	NA	NPAS3	Intron
chr14	33822619	33822835	37.5054014297303	8.91459792440757	4.24761146057288	2.09873195963296	NA	NA	EGLN3	Intergenic
chr14	33939416	33939758	17.6567793350661	5.78478218377998	4.02477684469694	1.43729265174094	NA	NA	NA	NA
chr14	34111976	34112802	62.6166803175019	8.25636559939786	2.77666663277941	2.97348104447574	0.00294442592644363	0.0345683251624032	EGLN3-AS1	Intron
chr14	34797891	34798219	21.1799491902123	-5.92900046066861	4.17762002361683	-1.41922923270927	NA	NA	BAZ1A-AS1	Intron
chr14	37839244	37840011	14.3364170394698	-8.08522995513997	3.74368936433045	-2.15969573548899	NA	NA	LINC00517	Intron
chr14	38089821	38090388	11.3373524621553	7.19306999027602	4.25071382611975	1.69220283569223	NA	NA	NA	NA
chr14	38171485	38171677	58.4021479941458	-0.200654097907996	2.85095316714821	-0.0703814079516113	NA	NA	LOC105370456	Intron
chr14	38734810	38735395	34.0351719781749	-5.75090997025058	3.91467170838986	-1.46906570937362	NA	NA	LOC105370457	Intron
chr14	39157333	39157721	91.1986038551551	1.22533892976115	3.5354414988807	0.346587245227812	NA	NA	TRAPPC6B	Exon
chr14	39504887	39505698	19.5903907213365	-7.15253824100862	4.2496366754781	-1.68309405890656	NA	NA	NA	NA
chr14	39697312	39697713	36.5478166392328	-8.2464842670512	3.63548542216559	-2.26833099557278	NA	NA	NA	NA
chr14	39727562	39727750	36.8678231323054	-8.40653332700014	3.5687404325928	-2.35560234367971	NA	NA	LOC105370462	Intron
chr14	40284896	40285523	24.0144110719217	7.47281639514639	3.93099111985241	1.90100057906693	NA	NA	NA	NA
chr14	40345208	40345711	4.16981086089639	0	4.40735632392386	0	1	NA	NA	NA
chr14	40434927	40435255	31.0953526171113	-7.2776480753932	4.12831903114615	-1.76285990023709	NA	NA	LOC105370463	Intergenic
chr14	40522889	40523255	51.9056179813388	-8.26601769230257	3.40894063021195	-2.42480541287357	NA	NA	LOC105370466	Intergenic
chr14	41071903	41072176	57.5809812503455	0	4.40735632387838	0	NA	NA	LINC02315	Intron
chr14	42139562	42140058	25.4125545287222	-3.76780969818687	3.75914087373669	-1.00230606533284	NA	NA	NA	NA
chr14	42356952	42357344	7.36458503747052	-0.685096307676147	4.40735632388629	-0.155443821041464	NA	NA	LOC124903305	Intergenic
chr14	42988506	42988843	40.5901773912609	1.74060739096321	3.2224902072647	0.54014357810591	NA	NA	NA	NA
chr14	43305340	43306063	37.182224262802	-7.1498015217617	3.47427659678027	-2.05792524647797	NA	NA	LOC105370470	Promoter
chr14	43424193	43424855	38.4220186738205	8.93604851506922	3.48788858512819	2.56202235162302	NA	NA	NA	NA
chr14	45822339	45822726	60.1854066912111	1.81784584177608	3.79655879335416	0.478814089474448	NA	NA	LINC00871	Intergenic
chr14	46442913	46443425	79.6404756962271	-15.5079451058602	3.7579135681922	-4.12674342409649	NA	NA	LOC105370480	Intron
chr14	47339133	47339631	35.7602066592173	-9.53713139515676	3.47108513890194	-2.74759362375473	0.00600343662161199	0.039542327098067	MDGA2	Intron
chr14	49179849	49180096	71.1102091199093	0.519039966552079	2.76117125357644	0.187978187111642	NA	NA	NA	NA
chr14	49285226	49285665	71.7451804540903	0.329944299361357	3.29172065314797	0.100234598900676	NA	NA	LOC105378178	Intergenic
chr14	49710328	49710818	35.4241838052647	1.16123273228009	3.54637686778189	0.327441999419084	NA	NA	KLHDC1	UTR
chr14	50713856	50715039	101.063899321167	2.73686405494992	3.17552181747197	0.861862777919357	0.388763033973902	0.727622738535004	SAV1	Intergenic
chr14	51682888	51683343	28.3859059028256	-0.976571683451732	3.96419468607089	-0.246348063298491	NA	NA	FRMD6-AS1	Intron
chr14	52141308	52141530	61.350879515533	1.23373053344818	2.75348005592602	0.448062273337682	NA	NA	LINC02319	Intergenic
chr14	52572380	52573445	12.2116019186875	5.09377437842217	4.03895551552331	1.2611612974802	0.207250739528375	0.395263013784074	GPR137C	Intron
chr14	53488183	53488612	30.1031480422074	0.22369203419524	2.83334050608848	0.0789499298494321	0.937072448873301	1	NA	NA
chr14	53525938	53526589	79.8937926793086	-8.64361267973961	3.54713109730536	-2.43678974433899	0.0148182926376917	0.054015066711586	NA	NA
chr14	53649859	53650869	123.208513643279	-0.285451589994098	3.214627905503	-0.0887977079728091	NA	NA	LOC124903316	Intron
chr14	54360003	54360363	41.9974656710391	-7.06875785343734	3.27395226258606	-2.15909008027313	NA	NA	CDKN3	Intron
chr14	54559567	54560102	44.6823657207818	-6.8229927539307	3.37847996169698	-2.01954513014296	NA	NA	SAMD4A	Intergenic
chr14	55317346	55317909	23.7416741277028	16.5353889741949	4.27938973468881	3.86395958287201	NA	NA	FBXO34-AS1	Intron
chr14	55404333	55404995	41.3635706799828	1.1679918593847	3.6020548857406	0.324257096694558	0.745743398212017	1	ATG14	Intron
chr14	55530426	55531005	45.5306548574202	5.25459549756576	3.39393091083662	1.54823290031867	NA	NA	KTN1	Intron
chr14	55844804	55845393	29.6986139470774	6.04224758384867	3.84969618468571	1.56953881396798	NA	NA	LOC102723670	Intron
chr14	56388194	56389138	135.296689525796	1.73931127361723	3.59331365634366	0.48404103842887	NA	NA	LINC02284	Intron
chr14	56429241	56429918	17.2337511409867	0.502349565824513	3.72725387314834	0.134777394543342	NA	NA	TMEM260	Intergenic
chr14	56533661	56534482	120.577172090439	0.171351807816769	3.4395995291116	0.0498173715766925	NA	NA	LOC101927690	Intron
chr14	56548729	56549582	10.8607117495652	-21.8317510639582	4.24879285820649	-5.13834206386185	NA	NA	NA	NA
chr14	56552161	56552505	31.69165845962	0	4.40735632387917	0	NA	NA	NA	NA
chr14	57268257	57268801	32.7642415168936	7.0418029097121	3.17255368685865	2.21960086566246	NA	NA	EXOC5	Promoter
chr14	57997543	57998189	31.7907048110917	0.441730271877694	3.7346798195251	0.118277949710255	NA	NA	SLC35F4	Intergenic
chr14	58593423	58593890	48.0273737001149	-6.98108021782218	3.59701080374284	-1.94080045869144	NA	NA	DACT1	Intergenic
chr14	59702268	59702810	93.5078913689704	1.31264280089351	3.63817348789133	0.360797198171633	NA	NA	MIR5586	Intron
chr14	59823296	59823826	12.2868050289211	13.5990335425045	4.40735632387993	3.08553076791687	NA	NA	RTN1	Intron
chr14	60656513	60657118	36.5298924830528	-22.6907190333547	4.24796093220543	-5.34155548873521	NA	NA	SIX1	Promoter
chr14	60706829	60707464	40.484993218436	-5.5594459052826	4.14655348375507	-1.34073898408951	NA	NA	SIX4	Intron
chr14	62497643	62497935	77.0596350260071	-0.650489939212444	3.8728564979185	-0.167961281178906	0.866613739425072	1	LOC105370528	Intron
chr14	63437941	63438587	32.6826848473596	-5.06532067477117	4.10190922378282	-1.2348690325477	NA	NA	PPP2R5E	Intron
chr14	64739345	64740735	51.8501280829831	-6.77896067503779	3.83349953158612	-1.76834785531668	NA	NA	PLEKHG3	Intron
chr14	68461693	68462074	54.1555771188332	10.4130652453957	3.44157927368683	3.0256647943607	0.0024808717116425	0.0344512798559998	LOC124903335	Intron
chr14	68506100	68506647	46.8998029480664	-7.56941710889063	3.69474979006282	-2.04869545679355	NA	NA	NA	NA
chr14	69005784	69006664	51.4043497798817	-5.73691817427744	3.6704517164119	-1.56300058345016	NA	NA	ACTN1	Intergenic
chr14	69241268	69241812	21.3615567913644	-0.684842397766594	3.49843413107016	-0.195756836375565	0.844800495925989	1	GALNT16	UTR
chr14	69624741	69625417	2.51295245273169	3.37475023482306	4.29862505647286	0.785076667652454	0.432408618812177	NA	NA	NA
chr14	69627745	69628417	22.4908355471526	4.58726905286108	4.10173074165431	1.11837400887288	NA	NA	SUSD6	Intron
chr14	69829149	69829542	67.1392916457617	5.68616765038053	3.54228695047104	1.60522502267198	NA	NA	LOC100506358	Intergenic
chr14	71532573	71532876	43.4377354527048	-7.10555203368237	3.2694111085535	-2.17334308771775	NA	NA	SNORD56B	Intron
chr14	72579699	72580372	39.6663396999153	4.2333024500302	3.39970591551187	1.24519665972132	NA	NA	NA	NA
chr14	72621683	72622189	46.2870757095028	-12.6626527745772	4.20750690711661	-3.00953820257776	NA	NA	MIR7843	Intron
chr14	72709050	72709593	38.0264401035707	6.3710138207909	3.30849598621284	1.92565257668142	NA	NA	NA	NA
chr14	72748747	72749220	19.5458697573815	-7.15717212297506	3.83546533206303	-1.86605053189865	NA	NA	DPF3	Intron
chr14	72890387	72890673	50.9301122419328	-1.15312084111025	3.28765983173282	-0.350742138824768	0.725781809168381	1	NA	NA
chr14	72960976	72961585	84.0307307083929	8.78033862517568	3.11467552897529	2.81902193133561	0.00481702267715901	0.0379252716199222	DCAF4	UTR
chr14	73118648	73119228	13.7983548968291	-4.91990554853747	4.17263991388516	-1.17908701687046	NA	NA	PSEN1	Intron
chr14	76024422	76024854	28.4511493679143	-9.20611377499799	3.75366131748974	-2.45256910422451	0.0141840132326502	0.0532018615513351	TGFB3	Intron
chr14	76324320	76324907	85.5274796621915	-6.58064848660915	3.22187712828679	-2.0424889667063	NA	NA	NA	NA
chr14	76359898	76360437	48.2845709279185	-8.23222255127372	3.94748897600474	-2.08543268931572	NA	NA	NA	NA
chr14	76417543	76418153	41.1456460213384	-7.28142224055522	3.19377193110418	-2.27988171905495	NA	NA	ESRRB	Intron
chr14	76528984	76529282	56.8679240182125	-0.0145937380884952	2.73052078983685	-0.00534467202843278	NA	NA	NA	NA
chr14	76551118	76551802	22.3246272275063	-15.230508251727	4.1618964655309	-3.65951156590922	NA	NA	LOC105370577	Intron
chr14	77336309	77336997	44.453491820727	8.08980649436342	4.07016792364477	1.98758543778192	NA	NA	GSTZ1	UTR
chr14	77357713	77358226	56.8147155721818	0.327671764287883	3.78064284452015	0.0866709122663694	NA	NA	SAMD15	Intron
chr14	77555895	77556500	68.2143806090209	-6.54281490878817	3.27866371665926	-1.9955736465266	NA	NA	ISM2	Intron
chr14	78284315	78285051	10.3605346225391	-21.5439849660745	4.24917678231477	-5.07015501349377	NA	NA	NRXN3	Intron
chr14	79103729	79104851	77.9897954513877	-5.29319570733265	2.85252892690362	-1.8556150850601	NA	NA	NRXN3-AS1	Intron
chr14	79245218	79245847	54.1232579343382	0	4.40735632392253	0	1	1	LOC105370586	Intron
chr14	79448601	79449373	108.692871861312	5.28732596545496	2.70141224298008	1.95724513324268	NA	NA	NA	NA
chr14	79497630	79497901	55.6254959518882	2.12976842123852	3.55742952820328	0.598681830336688	0.549385075863292	0.979574178659598	NA	NA
chr14	79566152	79566819	82.6520146614552	-1.69586905799025	2.79640621973973	-0.606445889734893	NA	NA	NRXN3-AS3	Intron
chr14	79896784	79897621	46.0155300574481	-7.88467853676967	3.82433273456508	-2.06171352861282	NA	NA	LOC105370582	Intron
chr14	80137989	80138689	97.9070145186306	-3.27416635055889	3.58313746646447	-0.913770789204345	NA	NA	LOC105370591	Intergenic
chr14	81772409	81772885	8.52305640536495	-5.47195950407558	3.83392536807161	-1.42724726715999	NA	NA	LINC02311	Intron
chr14	84053958	84054182	53.7742806871698	-2.42452945123003	3.15878349156548	-0.767551640593275	NA	NA	NA	NA
chr14	84495844	84496213	42.1094712845662	-7.89109371341373	2.82614280909302	-2.79217797771026	0.00523545504680843	0.0379252716199222	LOC124903402	Intergenic
chr14	85054620	85055544	41.4173143848953	9.05528302638872	3.1389944373304	2.88477192526977	0.00391697319658102	0.0365844398920166	LOC105370604	Intergenic
chr14	85341748	85342096	65.8147064683587	1.2284083454756	3.36245724089065	0.365330547712846	NA	NA	LINC02329	Intergenic
chr14	86482115	86483395	35.6713980461523	-9.54103202530693	4.03801786860154	-2.36280084332841	0.0181374135971144	0.0599246909034617	LINC02309	Intergenic
chr14	87617785	87618037	116.380410052592	3.3660892968964	3.17323429431143	1.0607755320591	NA	NA	LINC02330	Intron
chr14	88479029	88479258	97.8425033168064	7.72711510741108	3.2355424114625	2.38819775010099	NA	NA	NA	NA
chr14	88493639	88494637	4.81039057247574	5.84207894397134	4.25185233430004	1.3740079580946	NA	NA	LOC105370614	Intron
chr14	88946679	88947209	117.933591037602	1.2922349990785	3.27396193877778	0.394700678640423	NA	NA	LOC124903356	Intergenic
chr14	89780631	89781060	54.3244104700335	0.408681906861642	4.18117894889284	0.0977432231093241	NA	NA	LOC105370616	Intron
chr14	90004408	90004669	56.747426690181	-17.4015455969549	3.49279912679997	-4.98212034681132	NA	NA	TDP1	Intron
chr14	90609934	90610229	86.8000760991892	1.89366944963291	3.9950025485662	0.474009572362489	NA	NA	TTC7B-AS1	Intron
chr14	91154055	91154329	146.941189707344	1.09515076142794	2.46956320250601	0.443459296897778	0.657433553966599	1	SNORA11B	Intron
chr14	91235705	91236568	26.9181275786696	0.27671965876958	3.96549856848477	0.0697818077577357	0.944367327181343	1	GPR68	Intron
chr14	92133733	92134043	63.4558553915375	-8.29977950902279	3.45170462856627	-2.40454511673273	NA	NA	CPSF2	Exon
chr14	92470709	92471396	25.2810510672995	-0.685068799115422	4.19602455212088	-0.163266156002151	0.870308879918175	1	RIN3	Intron
chr14	92937986	92938603	16.8249444112881	-15.2250658208138	4.4073563238796	-3.45446673742317	NA	NA	NA	NA
chr14	92948291	92948808	26.6438656742043	8.43560327462357	4.01032031018996	2.1034736934078	0.0354243825100133	0.0851692600772661	NA	NA
chr14	93092671	93092894	32.8790925502864	-6.5752765770148	3.68088899830282	-1.78632840600369	NA	NA	NA	NA
chr14	93135531	93136259	76.1360988145332	-7.70725401521709	3.42506179700414	-2.25025254200042	NA	NA	NA	NA
chr14	93321638	93322172	14.2946497110157	-1.18449533614539	4.08732772866192	-0.289797005471141	NA	NA	GOLGA5	Intron
chr14	93366501	93367001	8.5246349928762	-1.82592612251528	4.09493070066624	-0.445899150922923	NA	NA	NA	NA
chr14	93486580	93487223	7.64161314859629	-7.32261230381843	4.24934951285562	-1.72323135144926	0.0848466963324706	0.168574535130887	MIR4506	Intron
chr14	93801512	93801927	85.1137476651583	8.30732927964942	2.82436186571063	2.94131194040861	NA	NA	NA	NA
chr14	93997641	93998303	44.125304478764	-23.5964396861308	4.24752193704337	-5.55534262939109	NA	NA	LOC107984663	UTR
chr14	94106628	94107005	47.4994166353202	0.276720811193436	3.62795299437562	0.0762746407195554	0.939200600831727	1	NA	NA
chr14	94746488	94746977	139.498167033135	0.209687914328232	2.57297002583273	0.0814964466056563	0.935047150678615	1	GSC	Intergenic
chr14	94912380	94912828	22.2640037492434	-8.33212123434232	4.0813189171865	-2.04152662494853	NA	NA	LOC124903369	Intergenic
chr14	95373548	95374172	83.1293483213224	-16.9111105372194	3.99836436988271	-4.22950711160812	NA	NA	LOC105370638	Intergenic
chr14	95844878	95845732	60.1462144680319	2.2147246807687	2.86073182670383	0.774181158854213	NA	NA	TUNAR	Intron
chr14	96514080	96514679	53.9651944160856	1.46941783113347	4.08227585145254	0.359950646306919	NA	NA	PAPOLA-DT	Intron
chr14	97304394	97304847	20.502211729979	1.23846623310182	4.22501712015524	0.293126914727464	0.769425144902282	1	LINC02325	Intergenic
chr14	99386399	99387022	27.8841171918584	-6.93903707212447	3.85565512973304	-1.7997037698247	NA	NA	LOC105370660	Intergenic
chr14	99526127	99527446	95.5970882372913	0.735008648674833	2.92635819578842	0.251168380457543	NA	NA	CCNK	Intron
chr14	100044001	100044874	118.003775193729	2.20513536458759	2.86782549033884	0.768922436883373	0.441939356951316	0.821493430736792	LOC124903379	Intron
chr14	102188516	102188756	50.1493158351203	-0.660569258958211	3.65593428493065	-0.180684117239471	NA	NA	HSP90AA1	Intron
chr14	102592129	102592621	21.3382407692919	3.11044442714777	3.53413174826742	0.88011558388355	NA	NA	RCOR1	Promoter
chr14	103087837	103088597	36.8375597779631	-4.50856734102715	3.81603463419045	-1.18147967018743	NA	NA	LBHD2	Exon
chr14	103613253	103613543	97.3118161860694	8.75666498983872	2.76723740398878	3.16440684749946	NA	NA	LOC105370688	Intron
chr14	103894462	103894981	55.0925817653062	-0.738326635542967	3.83759091467018	-0.192393262325206	NA	NA	ATP5MJ	Intergenic
chr14	104025116	104025574	18.5950295342254	-1.31607896665451	4.08595502735582	-0.322098250676586	NA	NA	ASPG	Exon
chr14	104177698	104178282	24.9998336091445	-8.06629521589458	4.0436169646177	-1.99482178615729	0.0460623203563177	0.103715729655201	KIF26A-DT	Exon
chr14	104357429	104357625	64.5213713114019	-0.764058601945677	2.79177432496929	-0.27368207921107	NA	NA	LOC124903394	Intergenic
chr14	104466452	104467171	13.8659883670091	7.00071196602706	4.20304805947978	1.665627389208	NA	NA	NA	NA
chr14	104580599	104581075	42.1174231857581	-7.49226104579805	4.15275856615283	-1.8041648524583	NA	NA	LINC02280	Intron
chr14	105077112	105077846	30.9465943488005	4.247647998772	3.20133995281381	1.32683440727329	NA	NA	GPR132	Exon
chr14	105456658	105457191	72.3950889961313	-0.681992822439115	2.91299882172488	-0.234120528080161	NA	NA	CRIP2	Intron
chr14	105605388	105605620	64.5755106137762	-2.10706973420569	2.97843438087892	-0.707442053359558	NA	NA	MIR8071-1	Intergenic
chr14	105954247	105954451	61.0598791435451	-0.0547924172732675	2.87040700381902	-0.0190887275568821	NA	NA	MIR4537	Intergenic
chr14	106510054	106510528	44.8079718447612	1.2076188709385	3.33168252269064	0.362465169689468	NA	NA	LINC00221	Intron
chr14	106578796	106579334	16.8301172000206	-22.1464506245352	4.24842339688681	-5.21286335085242	NA	NA	NA	NA
chr14_GL000225v1_random	95568	96439	30.5767780759954	-6.85418779882679	3.8417971225447	-1.78410977472094	NA	NA	NA	NA
chr15	19845563	19846483	15.8435264795984	-8.32005130255092	3.99876737210168	-2.08065399367757	NA	NA	NA	NA
chr15	19928770	19929356	19.3690595189791	0	3.99501112238514	0	NA	NA	CHEK2P2	Intergenic
chr15	23486025	23486576	59.8443828084411	-9.32644728363882	3.41573696114783	-2.73043486360985	0.00632508308919667	0.0400615981919775	LOC105370729	Exon
chr15	25050124	25050611	43.0926587406047	0.653505695206435	3.92944261074349	0.166310024078144	NA	NA	SNORD116-1	Promoter
chr15	25055815	25056766	17.8734232052562	19.9878952789758	4.25041388950616	4.7025762193004	NA	NA	SNORD116-3	Promoter
chr15	25228652	25229831	40.2619254275237	-4.86980302062088	4.22563685412298	-1.15244238649362	0.249139331758995	0.472163429580988	SNORD115-32	Promoter
chr15	26260666	26261120	18.6275107215612	19.9672873748738	4.2502423051287	4.69791742244427	NA	NA	LOC124903568	Promoter
chr15	26560898	26561447	51.3891941197421	-0.685062403229202	3.43148709786472	-0.199640092965959	0.841762069278896	1	LOC105370740	UTR
chr15	26816999	26817682	11.6863848475774	2.41965924614848	4.29862456475025	0.5628915039453	NA	NA	LOC112268151	Intron
chr15	28180582	28181200	51.991634088009	-7.54498368677774	4.08105525712317	-1.84878253574453	NA	NA	MIR4509-2	Intron
chr15	28693741	28694043	12.5414228754986	0	4.40735632389203	0	NA	NA	GOLGA6L7	Intergenic
chr15	28984934	28985304	85.2839291817586	0.738509493703557	3.1094118445742	0.237507776588755	NA	NA	NA	NA
chr15	31325434	31326561	71.3242470408037	-0.147541693832455	2.710259435756	-0.0544382179380919	NA	NA	LOC105370939	Exon
chr15	31575705	31575910	100.605659887052	8.85388290718924	2.72300802071476	3.25150819969498	NA	NA	NA	NA
chr15	33042913	33043661	109.160468605031	7.99347908712294	2.87686741058158	2.77853579825113	0.00546044961475641	0.0379252716199222	LOC124900367	Intron
chr15	33919933	33921032	65.2013802843006	-5.5629891793806	3.01253581881016	-1.84661345589503	NA	NA	NA	NA
chr15	33922153	33922742	31.2560713052704	-3.49881525812625	3.56766629165204	-0.980701380707357	NA	NA	CHRM5	Intron
chr15	34423664	34424217	0.792029805127043	0	4.40735632393005	0	1	NA	MIR1233-1	Intron
chr15	35308134	35308474	30.9039778189508	7.34298776251056	3.8775477997019	1.8937194695769	NA	NA	MIR3942	Intron
chr15	36633435	36633792	39.8899466137804	6.14931090995979	3.35774134203172	1.83138314824421	NA	NA	CDIN1	Intron
chr15	36736074	36736798	36.8585832311883	8.07914727148058	3.92724500035211	2.05720480152275	NA	NA	CSNK1A1P1	Intron
chr15	38055361	38056766	16.7949639785528	18.4889632790655	3.86020615739264	4.78963105212853	NA	NA	LINC02345	Intron
chr15	39437381	39437930	34.1355107610514	-7.83625117131782	3.81711031183886	-2.0529276156923	NA	NA	LOC124903468	Intergenic
chr15	39675057	39675568	4.284175954735	5.14857099806631	4.26218776937625	1.20796437807332	0.227060964589749	NA	LOC105370785	Intron
chr15	40083588	40084135	18.8759570809307	0	4.27529626971947	0	1	1	LOC105370787	Promoter
chr15	40654179	40654811	49.8309670825071	1.99681876502418	3.12974354634613	0.638013541830098	NA	NA	RAD51	Intron
chr15	41554465	41554860	42.7810660506601	21.3895670430649	4.21104566169712	5.07939565643289	NA	NA	TYRO3	Promoter
chr15	41722420	41722871	12.0502441610534	-6.98636663960074	4.24995189516672	-1.64386958062891	NA	NA	MIR626	Intron
chr15	41922800	41923028	93.3309149717099	2.98850451069031	3.72407417984684	0.802482540993106	NA	NA	EHD4-AS1	Promoter
chr15	42154787	42155876	112.695310356058	0.707927232789905	2.99525949460055	0.236349215841252	NA	NA	PLA2G4F	Promoter
chr15	43307154	43308025	74.8132505614715	6.13083934928075	3.86879476869733	1.58468973306255	NA	NA	TGM7	Intergenic
chr15	44259952	44260487	8.30952848318548	7.47034361023287	4.21530964482393	1.77219332378248	NA	NA	GOLM2	Intron
chr15	44577661	44578234	18.0019785068092	-1.53280366625826	3.65039178055759	-0.419901138946826	0.674557675700761	1	EIF3J	Intron
chr15	45242523	45243017	51.6937536948475	0.978060643260344	2.81833387166606	0.34703505255116	0.72856498515101	1	SLC28A2	Exon
chr15	45752579	45753140	55.6902698156771	-18.3493776121982	3.75434616046039	-4.88750286413335	NA	NA	LOC105370802	Intron
chr15	46406083	46406741	88.231975641375	22.2596847292028	3.5790229760648	6.21948640119593	NA	NA	LOC124900371	Intron
chr15	46666867	46667490	2.72514062056657	0.445300659617093	4.11018735344002	0.108340720586471	0.913725422341187	NA	LOC105370803	Intron
chr15	47531669	47532155	73.0799239107716	0	4.13781682485706	0	1	1	LOC105370804	Intron
chr15	47727081	47727524	43.8484772736904	-7.26034528238318	3.82228177634466	-1.89947934433197	NA	NA	LOC124900354	Intron
chr15	47945405	47946295	56.7674600920223	-7.86502985808487	3.25586865005045	-2.41564716007908	0.0157072739062529	0.0554663109814554	LINC01491	Exon
chr15	48016163	48016643	59.4691477259155	0.321241633014937	3.84460242429333	0.0835565287544612	NA	NA	LOC102724553	Intron
chr15	48529061	48529833	15.5536644085835	0	4.40735632392281	0	1	1	LOC124903488	Promoter
chr15	48944777	48945376	33.7861623059399	-2.35372929134705	3.68456916703266	-0.63880719417804	NA	NA	SHC4	Intron
chr15	49215779	49216260	53.2605010470796	1.85471540390701	3.22950387425962	0.574303507944301	NA	NA	MIR4716	Intron
chr15	50810907	50811385	37.501260923485	20.6831377213889	4.24914718834505	4.8675973800391	NA	NA	SPPL2A	Intergenic
chr15	52203439	52204075	104.59462416595	-9.03088357976217	3.2939065123142	-2.74169395700831	NA	NA	LOC105370820	Promoter
chr15	52705443	52705876	49.3816950042531	0.41470254791753	3.73222935833825	0.111113896843192	NA	NA	ATOSA	Intron
chr15	56563663	56564226	10.6031780378115	-0.848043179185821	4.08902297020677	-0.207395063653295	NA	NA	LOC105370832	Intron
chr15	57028848	57029313	125.851679742826	8.26687968823053	2.87724116973709	2.87319664933959	NA	NA	TCF12	Intron
chr15	58113825	58114540	11.0462000195041	19.0887232078212	4.25286908202305	4.48843424043066	NA	NA	AQP9	Intron
chr15	58357577	58357898	96.0244294171871	-1.32726211960511	3.82512593330227	-0.346985208526002	NA	NA	LIPC	Intron
chr15	60957412	60958133	23.5903514909911	8.12158339587426	3.52841122047225	2.30176781797764	NA	NA	RORA-AS4	Intron
chr15	61187360	61187769	74.3359176599004	-7.56112476541026	3.65203218076151	-2.07038831838378	NA	NA	LOC107984805	Intron
chr15	62945360	62946299	31.0593965534695	5.47142294216333	3.23319108276647	1.69226711385141	0.0905950551591282	0.179064224101556	LOC105370854	Intergenic
chr15	63058009	63058454	81.4599622789916	1.23849487553969	3.25961125320769	0.379951711824816	0.703981260167622	1	TPM1-AS	Intron
chr15	63355277	63355777	60.7822260062642	10.5869786175076	3.35264518573703	3.15779870251322	0.00158965285260358	0.0328342920264512	LINC02568	Intron
chr15	65613870	65614226	13.0498470703186	-5.17146767485584	4.14461475006595	-1.24775594034971	NA	NA	SLC24A1	Promoter
chr15	66200194	66200554	8.41290567562217	-5.51298311972722	4.2550962514766	-1.29561889882376	NA	NA	DIS3L	Intron
chr15	66851603	66852220	24.2997389881755	-0.68506608685822	3.90234870152762	-0.175552247955197	0.860645720210766	1	SMASR	Intergenic
chr15	67374340	67374828	28.8036913185678	21.9482398052824	3.99729753744464	5.49076960113239	NA	NA	AAGAB	Intron
chr15	68180910	68181395	36.1349455997503	-8.52291362711918	3.40708701655985	-2.50152508160029	NA	NA	CALML4	Exon
chr15	68486025	68486333	32.3940620313144	14.5668347751383	3.86111823398551	3.77269844961524	NA	NA	LOC105370873	Intron
chr15	68512011	68512272	69.9253962523435	7.27301742412856	3.40400603957171	2.13660532313381	NA	NA	NA	NA
chr15	70038687	70039300	19.6104178890096	-8.68230313100819	4.0488530966707	-2.14438581092199	0.0320019862196963	0.079657221110107	LOC101929129	Intergenic
chr15	70766211	70766558	6.42130533287126	2.06196363049504	4.09938136620077	0.502993853535034	NA	NA	UACA	Intergenic
chr15	71170052	71170449	39.5737073894388	-8.03244124640713	3.61968793942447	-2.21909771804369	NA	NA	THSD4-AS1	Intron
chr15	72972608	72972905	80.7189851492038	-8.03665224239857	4.24779593731546	-1.89195817336687	NA	NA	NEO1	Intron
chr15	73870340	73870858	5.07297644105808	-6.33182099273938	4.25161492430177	-1.48927433586409	NA	NA	LOC102723657	Promoter
chr15	74719504	74720348	27.2456741023198	1.23841978130056	4.00128313703105	0.309505660781473	NA	NA	CYP1A1	UTR
chr15	74756721	74756997	48.1334241522091	-1.00841972266446	3.13108403818197	-0.322067280969561	NA	NA	CYP1A2	Intergenic
chr15	75585582	75586601	91.9516164801185	-8.42218815528198	3.7651723809595	-2.23686655035319	NA	NA	PTPN9	Intron
chr15	75607541	75607797	60.9305908666171	-0.472563352962353	2.59038882771159	-0.182429505527102	0.85524567224238	1	SNUPN	Intron
chr15	75973088	75973692	9.85113701819685	-6.53374161010874	4.25101947260213	-1.5369822820664	NA	NA	FBXO22	Intron
chr15	76989646	76990331	17.9846256382872	-8.51378855273201	4.01297204654506	-2.12156687212957	NA	NA	PSTPIP1	Intergenic
chr15	77784563	77785030	51.2518505514912	22.6997519583025	4.24755046066336	5.3441983017095	NA	NA	NA	NA
chr15	77793940	77794248	88.4473778115012	-23.7498861667004	3.32491881090026	-7.14299732337521	NA	NA	LINGO1	Intron
chr15	77839808	77840261	64.9812848682887	-7.58023219693807	3.43319823579562	-2.20792149952314	NA	NA	NA	NA
chr15	77908123	77908693	65.0874477003269	-5.85726774239248	3.54926345695867	-1.65027696969318	NA	NA	LOC124903533	Intergenic
chr15	78035469	78035938	52.3138536948084	6.60838853110249	4.14048790895695	1.5960410165205	NA	NA	TBC1D2B	Intron
chr15	78046729	78047224	49.9913606992255	0.242792487282658	3.24034461876216	0.0749279832388342	0.940272011728573	1	NA	NA
chr15	78218387	78218804	49.8301698288787	5.87482883653644	3.01137377579457	1.95087998831574	NA	NA	ACSBG1	Intron
chr15	78397993	78398599	71.7470831289858	7.36718216472139	3.59530328757058	2.04911284958648	NA	NA	LOC105370912	Intron
chr15	78579323	78579664	87.0316906168529	9.3028662424081	3.32826532627287	2.79510956322279	NA	NA	CHRNA5	Intron
chr15	80540036	80540244	63.9204372600476	-0.739937132151968	2.75749533537207	-0.268336675917578	NA	NA	ARNT2-AS3	Intron
chr15	80582914	80583808	16.6132999661326	-3.56191855422285	3.11443849861819	-1.14367920760137	NA	NA	MIR5572	Promoter
chr15	81989345	81989573	62.0315703946004	1.41298989960411	4.33878937946811	0.325664552027028	NA	NA	LINC01418	Intron
chr15	82714857	82715657	49.7124926268017	7.74609797229666	3.99925661114694	1.93688445765304	NA	NA	AP3B2	Exon
chr15	83204901	83205171	58.9634627090877	2.98811834034793	2.81987522476055	1.05966331918167	NA	NA	HDGFL3	Promoter
chr15	83428003	83428347	17.9456659544495	-6.48220700734927	4.25116362510708	-1.52480769478404	NA	NA	LOC105370934	Intron
chr15	84835122	84835474	46.7694729357776	-6.97376909449857	3.45825530363179	-2.01655704458108	NA	NA	ALPK3	Intron
chr15	84955648	84955913	51.9761136820912	1.50138486720475	2.9849332941609	0.502987745200788	NA	NA	PDE8A	Intergenic
chr15	85284181	85284761	17.8795325601084	5.85675222121753	4.0491769651754	1.44640559589962	NA	NA	LOC727751	Intron
chr15	85698994	85699664	58.5155628203946	-2.83398718299476	3.99154386631306	-0.709997754731549	NA	NA	MIR1276	Intron
chr15	88142456	88142842	61.4069814030296	0.333457959109761	3.55567702649891	0.0937818470644673	NA	NA	NTRK3-AS1	Intron
chr15	88404914	88405535	48.5023155422552	-3.86515855435652	3.70502920611294	-1.0432194564025	NA	NA	MRPS11	Intergenic
chr15	89630920	89631492	41.9162828134995	0.403167425846126	3.69566864811871	0.109091875986057	NA	NA	KIF7	UTR
chr15	89652425	89652814	80.5929504665369	-0.39303731361141	3.20159722410466	-0.122762885553577	NA	NA	NA	NA
chr15	90641460	90642116	5.55316186445132	4.95589556530029	4.26434816268967	1.16216954531556	NA	NA	LINC01585	UTR
chr15	90930499	90930826	33.5578929437109	1.46529895810782	4.0833810380316	0.358844532131679	NA	NA	UNC45A	Promoter
chr15	92426455	92427380	38.7158069732201	-6.01520194643125	3.84804543194955	-1.56318371308411	NA	NA	ST8SIA2	Intron
chr15	92483504	92484159	4.41576557663604	-5.55839608215301	4.25484726822144	-1.30636794501826	0.191427461266019	NA	C15orf32	Intron
chr15	92586102	92586795	41.5714562952586	6.25982416482239	4.25065884175789	1.47267150760883	NA	NA	LINC00930	Intron
chr15	92825030	92825330	70.8451532243966	-6.45855174111284	3.36931009845806	-1.91687661639353	NA	NA	CHASERR	Intron
chr15	93088105	93088937	19.8809270357306	-5.13196894180874	3.16254707268188	-1.62273282384909	NA	NA	RGMA	Promoter
chr15	93132212	93133030	8.1533808630353	6.763372645414	4.25198911148508	1.59063733892107	NA	NA	LOC105370982	Exon
chr15	94461760	94462021	79.045591044822	1.48758567876757	3.99373102483787	0.37248018695199	NA	NA	LINC02852	Intron
chr15	94967833	94968452	5.31553174902548	6.76575867354213	4.2519810259512	1.59120152047917	0.111564230816659	NA	LOC105370989	Intron
chr15	98590103	98590501	27.1900605291025	-4.31368123572059	3.57286041344996	-1.20734670167405	NA	NA	IRAIN	Intron
chr15	99168073	99168714	22.1571434043732	-8.8482489376768	3.74348289323464	-2.36364080991733	0.0180963482528569	0.0599246909034617	TTC23-AS1	Intron
chr15	99872458	99873058	10.0894232557936	-7.00474512081057	4.24991522107832	-1.64820820097048	NA	NA	DNM1P46	Intron
chr15	100010164	100010899	6.72610577371984	-3.01696077784696	3.92747240664337	-0.768168548490303	NA	NA	NA	NA
chr15	100033700	100034085	64.0813648491161	-15.2873024863888	4.30337614946384	-3.5523974561911	NA	NA	LOC105371022	Intron
chr15	100957815	100958382	15.9561529366349	-7.39726666418048	3.27986422349161	-2.25535758803627	0.0241108926083884	0.0684284226764316	ALDH1A3-AS1	Intron
chr15	101153491	101154270	62.3985485809983	-5.84132917555195	3.82080096739807	-1.52882320366712	NA	NA	LOC124903564	Intergenic
chr16	274110	274898	36.6214593643725	0.276729623605159	3.47245381966357	0.0796928160824238	NA	NA	RGS11	Promoter
chr16	684176	684652	21.117025798989	5.78797747389989	2.66244447671734	2.17393358791699	0.0297101231350878	0.0764432328866875	JMJD8	Promoter
chr16	725152	725674	195.430531436651	8.45704494596348	3.44440080001749	2.45530222438705	NA	NA	HAGHL	Promoter
chr16	2153483	2154274	47.6441225105987	2.50403451546846	3.30020264128962	0.758751745768545	0.448001076203918	0.824832938672794	SNHG19	Promoter
chr16	3523312	3523995	42.6047294382792	9.11447477232537	3.99828981370884	2.27959332539497	0.0226318191950914	0.0661564781640435	C16orf90	Intron
chr16	4224243	4225119	154.268965858882	-7.09263461652546	2.72011982940506	-2.60747138411058	NA	NA	SRL	Intron
chr16	4960050	4960570	64.3040995166468	0.201988606950641	2.94359751231326	0.0686196418177791	0.945292383808216	1	PPL	Promoter
chr16	5376573	5377304	118.091878494835	8.43299991780819	3.48845976078482	2.4173992237511	NA	NA	RBFOX1	Intron
chr16	5905963	5906642	3.25201570876008	-6.08997246741218	4.25244684332386	-1.43211019250556	0.152112287938235	NA	MIR8065	Exon
chr16	7363411	7363878	20.7709799631004	0.276682642697178	3.98029239603734	0.0695131450575428	NA	NA	LOC124903640	Intron
chr16	7785603	7785978	21.0974309625935	-5.61990867691211	3.38390555064923	-1.66077586764615	NA	NA	LOC124903641	Intron
chr16	8326465	8326688	49.6614878143839	-15.219175877877	3.83611738707735	-3.96733841595815	NA	NA	LOC105371069	Intron
chr16	8534527	8534759	58.1531147232058	-1.9388107152236	2.75653498369733	-0.703350665487685	NA	NA	TMEM114	Intergenic
chr16	10576622	10577312	36.6104485259873	4.69557751548397	3.50530759231568	1.33956219014206	NA	NA	EMP2	Exon
chr16	11354423	11355087	22.2766031303229	9.12305597165295	4.1200190853375	2.21432371614988	0.0268065183107941	0.0719410390587844	LOC105371083	Intron
chr16	11671391	11671996	21.0065671262464	-22.1174167065463	4.24841580178197	-5.20603861262102	NA	NA	SNN	Promoter
chr16	13218094	13218854	40.675680213175	19.3800703687058	4.25106106124039	4.558878381072	NA	NA	LOC105371091	Intron
chr16	13464428	13464619	54.7357211393473	0.341354475598381	3.25635576903367	0.10482714414822	NA	NA	LOC107984137	Intron
chr16	14105824	14107319	17.346878775752	-8.49026617267119	3.51114507483771	-2.41809039265164	0.015602200440776	0.0553763774263726	LINC02186	Intron
chr16	15021367	15021885	40.8514539220407	13.7964959589711	4.27999418312611	3.22348474522789	NA	NA	MIR1972-1	Intron
chr16	16048357	16048896	40.7743811635508	-15.0600606395862	4.40735632387986	-3.41702815313299	NA	NA	LOC105371100	Intron
chr16	16863453	16864137	34.5971715871726	-15.0697254536541	4.40735632387915	-3.41922103552326	NA	NA	LOC124903652	Exon
chr16	17099272	17100013	8.97244169651049	20.3362233773244	4.24966450490842	4.78537149316983	NA	NA	NA	NA
chr16	20105226	20105425	31.5896144439837	-7.4529641990689	3.73703780536671	-1.99435076315412	NA	NA	GPR139	Intergenic
chr16	20385683	20386201	26.4025202469762	21.0593020455986	3.8710818549965	5.44015932352783	NA	NA	PDILT	Exon
chr16	20479636	20480053	39.1739906181894	8.99355303494706	4.0163889827626	2.2392136502578	0.0251420180966231	0.0698991258754452	ACSM2A	Intron
chr16	20978328	20978763	32.4730009323668	0	4.18357944116027	0	1	1	DCUN1D3	Intron
chr16	21059833	21060179	63.4713551391433	-0.497281432706632	3.20124212734508	-0.155340150143234	0.876553164527725	1	LOC107984888	Intron
chr16	22258137	22258376	27.5364073057747	2.14618104171959	3.29905388384662	0.65054440372377	NA	NA	LOC124903666	Intron
chr16	23641275	23641974	48.3880773451838	0.68657608342541	3.00520009110588	0.228462685548754	NA	NA	PALB2	Promoter
chr16	24027857	24028711	15.6653914220449	1.82128133355866	4.0259054991107	0.452390483075414	NA	NA	MIR1273H	Intron
chr16	24094663	24095222	17.5317434694045	-8.51355964736173	4.16623738817065	-2.04346484709071	NA	NA	NA	NA
chr16	24829158	24829414	114.936130028442	-6.16426743540263	3.39447441641465	-1.81597109867557	NA	NA	LINC01567	Intergenic
chr16	25513669	25513874	53.4302200605974	2.01359430834826	3.28493678110845	0.612978100500552	NA	NA	LOC105371147	Intron
chr16	26178150	26178436	36.7691493262124	-9.58293024104223	3.39198483196465	-2.8251689543941	0.00472556910315113	0.0379252716199222	LOC102723536	Intergenic
chr16	26441006	26441344	18.2583782104947	-1.44433056125853	4.2239519777819	-0.34193820593978	0.732397396543754	1	NA	NA
chr16	26641404	26642137	32.5914341463576	-17.4360442393675	4.29218909460298	-4.06227308607899	NA	NA	LINC02195	Exon
chr16	27518678	27518899	24.2200718884054	1.53082299455685	3.08068734547093	0.496909560396444	NA	NA	GTF3C1	Intron
chr16	28006352	28006676	104.039473005987	-24.1784171924935	3.96902433433167	-6.09177852182779	NA	NA	GSG1L	Intron
chr16	28076061	28076562	104.51753998784	9.3793821802346	3.43671254035188	2.72917273996802	NA	NA	NA	NA
chr16	29997950	29998554	10.0795291038339	-3.73792388239928	4.261175496769	-0.877204866411517	NA	NA	HIRIP3	Promoter
chr16	30019223	30019613	38.1510612701874	-6.92224136603096	4.16993273353238	-1.66003669804215	NA	NA	C16orf92	Intron
chr16	30698173	30698803	199.51467140794	8.12654858005695	2.07932256525855	3.90826739238818	9.29603889433769e-05	0.0105045239506016	SRCAP	Promoter
chr16	30735698	30736065	70.1874670900115	21.7677559088418	3.65316706946446	5.95859852422049	NA	NA	TMEM265	Intron
chr16	31377278	31377690	35.2241675925146	20.8519489451814	4.24903102614752	4.90745979891968	NA	NA	ITGAD	Intron
chr16	31914150	31914612	16.8769141737713	0	4.40735632392278	0	1	1	NA	NA
chr16	31976589	31976996	29.5566883356888	14.7112286688778	4.03683259451414	3.64425036818956	NA	NA	ZNF267	Exon
chr16	35616670	35617304	15.1656121964444	-3.66662695652366	4.03470488588404	-0.908772031717077	NA	NA	TP53TG3HP	Intergenic
chr16	35837144	35837518	18.8169223251455	20.1716362742053	4.24999671681065	4.74627102520276	NA	NA	NA	NA
chr16	35864119	35864577	71.9865411091682	0.279412170994342	2.87353382768854	0.0972364300367747	NA	NA	LINC02167	Intron
chr16	46689105	46690179	127.228115566786	-2.84809650637173	2.41170430944676	-1.18094763740961	0.23762352535282	0.451285014535607	ORC6	Promoter
chr16	47057188	47057685	43.3664207873247	9.03735864350614	3.60828653912195	2.50461224337946	0.0122585702610655	0.0490582426580192	DNAJA2-DT	Intergenic
chr16	47805723	47806092	87.4801399545651	-7.58595813333339	3.10290835312407	-2.44478961993695	NA	NA	LOC105371236	Intron
chr16	47902906	47903652	6.47633093467479	-5.67330608230577	4.25425111321551	-1.33356163783611	NA	NA	LINC02192	Intron
chr16	48004720	48005121	44.1292957866187	-22.9474712885217	3.67188933250919	-6.24949970178991	NA	NA	LINC02134	Intron
chr16	49465670	49466324	36.9178094867349	4.23730922359335	2.69848446588407	1.57025518477652	NA	NA	NA	NA
chr16	49488689	49489358	5.29142468752169	7.06974346473778	4.25104208256441	1.66306127472467	0.096300170604575	NA	LINC02179	UTR
chr16	50247649	50248104	130.940092641854	7.25537292961278	3.30484582159488	2.19537410253874	NA	NA	ADCY7	Promoter
chr16	50874704	50874982	63.8582547016813	1.77102783819506	3.83108032697023	0.462278962340542	NA	NA	LINC02128	Intron
chr16	50897041	50897319	45.1841184154406	-7.540491523972	3.85824901007089	-1.95438176859234	NA	NA	NA	NA
chr16	51812230	51812567	33.3133999706762	2.50230267020012	3.68218820595989	0.679569465284245	NA	NA	LOC105371257	Intergenic
chr16	52432933	52433514	29.5826580530259	21.8067123151577	4.06818980626082	5.36029864722581	NA	NA	LOC107984901	Intergenic
chr16	52734400	52735162	14.836482330113	-8.27242175142996	4.10909121072085	-2.0131998359751	0.044093610498659	0.100404594183344	CASC16	Intergenic
chr16	52743488	52744694	37.4344028663775	22.4732256968681	4.24764152447107	5.29075383772329	NA	NA	NA	NA
chr16	53438050	53438724	48.005360722093	-1.67988208476432	2.85645782658526	-0.588099732868287	0.556465352428101	0.9844318563503	RBL2	Intron
chr16	54018471	54018908	8.61311618527925	-6.12550454217892	4.25231572084703	-1.44051028764129	NA	NA	LOC105371271	Intron
chr16	54220864	54221805	7.4177328887665	-4.93822966999964	4.25902670716839	-1.1594737505844	NA	NA	LINC02169	Intergenic
chr16	55240468	55240945	81.2934276999018	7.53445778351209	3.45839953634012	2.17859669027295	NA	NA	NA	NA
chr16	55245555	55246161	59.7719332894137	-7.19047503361768	3.86821769095081	-1.8588599732737	NA	NA	IRX6	Intron
chr16	56005925	56006182	76.7532737305403	-8.31601318193821	3.48227859353486	-2.38809531132218	NA	NA	LOC105371281	Intron
chr16	56187990	56188428	24.599206706616	-14.9967111740242	4.28764238473015	-3.49765904624718	NA	NA	GNAO1	Promoter
chr16	56848045	56848518	66.1143372633589	0.258508704246579	2.85917086383932	0.0904138705091068	NA	NA	MIR138-2	UTR
chr16	57669975	57670736	30.1123537480341	8.15260105954842	3.8677613014517	2.10783459064252	NA	NA	ADGRG3	Promoter
chr16	59720708	59721081	79.6036579658757	0.356361038394885	3.38411226397929	0.105304142001438	NA	NA	APOOP5	Intron
chr16	59729012	59729203	87.292139937682	5.91209902728545	2.69118243424684	2.19684067198514	NA	NA	NA	NA
chr16	59966868	59967269	45.3937722795074	8.68991805415638	4.24781987275652	2.04573600445945	NA	NA	LOC105371300	Intron
chr16	62343529	62344001	45.2920180956777	2.86075672987659	3.53938843616507	0.808263004039258	NA	NA	CDH8	Exon
chr16	62869873	62870453	13.9826395786055	21.0125660236815	4.24878246002589	4.94554998317175	NA	NA	LOC102723560	Intron
chr16	63180557	63181241	93.7497184174986	0.55448092796127	2.72977197901245	0.203123532743517	0.839038478654091	1	LOC105371307	Exon
chr16	64278004	64278307	17.5554634803365	-0.685054618758408	3.65653344298458	-0.187350841839763	0.851385562605415	1	LOC105371311	Intron
chr16	65949782	65950258	83.5368000322441	9.97386757283175	3.62028448617065	2.75499552892364	NA	NA	LOC105371316	Intergenic
chr16	66552201	66552831	81.5786341076175	-0.608443543994762	3.60278038393155	-0.168881663369887	0.865889722531587	1	CKLF-CMTM1	Promoter
chr16	66722122	66722832	4.06768246782743	0	4.40735632388565	0	1	NA	CMTM4	UTR
chr16	67394023	67394477	21.3916021633266	0	4.4073563239227	0	1	1	TPPP3	Promoter
chr16	67575390	67575986	13.6556212337953	3.6211444699396	4.0999300639706	0.883221033880926	NA	NA	LOC124903703	Intron
chr16	68071848	68072158	80.5635575474308	0.528200314036489	2.7939872845443	0.189048932669942	NA	NA	NFATC3	Intron
chr16	68753093	68753565	12.4079548360012	0	4.31293134887635	0	1	1	CDH1	Intron
chr16	68963469	68964035	57.9873229734938	2.34857607864905	3.234551830692	0.726090105084696	NA	NA	TANGO6	Intron
chr16	72562584	72563017	54.8817345972082	-8.16646758742789	4.12266966811252	-1.98086876826266	NA	NA	ZFHX3-AS1	Intron
chr16	73053502	73053933	13.3214444667656	-8.12473298538449	4.24837048609759	-1.91243513529998	0.0558204049997923	0.119013316320312	HCCAT5	Intron
chr16	73076038	73076323	74.9452562342984	-6.58086735049269	3.07459419009258	-2.14040193391978	NA	NA	NA	NA
chr16	73452290	73452813	16.0991720923984	-5.83800149119349	4.25035187226822	-1.37353369006553	NA	NA	LOHAN2	Intron
chr16	74037754	74038132	4.94930963824784	-0.875071780020575	4.09873557088957	-0.213497983679551	NA	NA	LOC107984856	Intron
chr16	74216925	74217363	6.46636745062981	-3.42302638698726	4.2811841237475	-0.799551312918291	NA	NA	NA	NA
chr16	74262680	74263285	43.157711810478	-22.5892621614672	4.1157735411827	-5.48846090180559	NA	NA	LOC124903722	Intron
chr16	75043222	75043933	12.1480358603193	-5.93037585043862	3.81562540849018	-1.55423429072542	NA	NA	WDR59	Intron
chr16	75273225	75273965	15.74119350683	-22.3379980811245	4.24824474031904	-5.25817118517681	NA	NA	BCAR1	Intergenic
chr16	75675815	75676171	118.882850344629	6.62066908261295	3.00587012668396	2.20257988654912	NA	NA	CPHXL2	Promoter
chr16	77063147	77063667	43.2898923278125	19.9004009922616	3.85358238074024	5.16413015891954	NA	NA	LOC124903724	Intron
chr16	77410618	77411088	17.3504103390316	-18.1073458370323	4.27427796776257	-4.23635195782806	NA	NA	ADAMTS18	Intron
chr16	77599680	77600186	42.6283990969465	-7.49311106430885	3.30537353262874	-2.26694834648526	NA	NA	LINC02131	Intron
chr16	78312890	78313403	52.1564368682422	-10.0904482455845	4.05261199770211	-2.48986289615338	0.01277923819403	0.0501200201228377	WWOX-AS1	Intron
chr16	79146723	79147393	23.242280766656	21.6516668517965	4.248124858713	5.09675858688298	NA	NA	NA	NA
chr16	79253414	79253742	113.025560977009	7.99838277723736	3.19192812622102	2.50581543849072	NA	NA	LOC107984806	Intergenic
chr16	79386329	79387013	37.3881637390455	-15.0958379500973	3.98532328114043	-3.78785781859522	NA	NA	NA	NA
chr16	79405813	79406182	59.9443174792352	-0.685122289179467	3.76721921659554	-0.181864194725205	NA	NA	LOC124903729	Intergenic
chr16	79545024	79545649	18.5029150102139	13.4939592145242	4.26584082097433	3.16325896366712	NA	NA	NA	NA
chr16	79564444	79564941	175.592218292559	-6.4234409892436	3.21410663491287	-1.99851520776246	NA	NA	LOC101928230	Intergenic
chr16	79769132	79769677	79.649017568059	-5.82293752592994	2.51162779140507	-2.31839189941136	0.02042803190627	0.0629415261298177	MAFTRR	Promoter
chr16	80236295	80236792	27.8301647740124	-9.18364846566946	4.05158243940787	-2.26668187134596	0.0234096666478924	0.0669694261066289	LOC105371357	Intron
chr16	81143612	81144072	67.6697390256649	-7.72713716505187	3.00595290986331	-2.5706115154689	NA	NA	BCO1	Intron
chr16	81164481	81165049	44.7484337564509	-7.27854261113623	4.17781052739717	-1.74219069136935	NA	NA	NA	NA
chr16	81231002	81231282	43.7241160284466	-0.337122558534189	3.03326400748881	-0.111141845121911	NA	NA	NA	NA
chr16	82130067	82130636	20.8494799118239	7.39228898936357	3.67442296337623	2.01182309795146	NA	NA	HSD17B2-AS1	Intron
chr16	82331085	82331507	29.3946381600593	-0.756758706054905	3.24449734161868	-0.233243743598618	NA	NA	MPHOSPH6	Intergenic
chr16	82632175	82632937	62.2314180944718	2.17066342230099	3.60927977751918	0.601411792962469	0.547565745903284	0.978259751574246	CDH13	Intron
chr16	82841125	82841524	111.534943633316	8.17358346237348	3.04614824644006	2.68325202882877	NA	NA	LOC101928446	Intron
chr16	82934388	82934734	41.4048653588852	22.4762181136481	3.68752540555286	6.09520359637448	NA	NA	NA	NA
chr16	83187565	83187921	86.9519003620014	9.1799546202617	3.01411688880798	3.04565315776197	0.00232175495588923	0.0344314628828522	LOC101928417	Intron
chr16	83384044	83384657	20.1850745460194	-3.07586269263691	3.7841484621654	-0.812828228963516	NA	NA	CDH13-AS1	Intron
chr16	83477045	83477744	2.50321915470401	-5.12634199678076	4.25756493005141	-1.20405491895079	0.228568352561928	NA	MIR3182	Intron
chr16	83953138	83953638	8.09976200906935	5.47966496230278	4.02342374410283	1.36194080236624	NA	NA	NECAB2	UTR
chr16	84280723	84281479	35.6294275872408	-18.2531507411759	3.73650018239462	-4.8850929613706	NA	NA	WFDC1	Exon
chr16	84868479	84868733	52.6126300901876	-0.265038487455594	3.30106950903191	-0.0802886721198795	NA	NA	CRISPLD2	Intron
chr16	85781308	85781697	28.610396323879	1.61260433645025	4.02516560912788	0.400630556117579	NA	NA	LOC101928557	Exon
chr16	86221765	86222647	50.4683217332431	8.19307644355065	3.30977623561227	2.47541702529477	NA	NA	LOC124903743	Exon
chr16	86725466	86725976	39.1930115906227	-6.98161777002812	3.2652379101161	-2.13816510839784	NA	NA	LINC02189	Intron
chr16	87124685	87125461	25.8394706194389	-19.5310887339858	4.25647215440815	-4.58856255261972	NA	NA	LINC02181	Intron
chr16	87135621	87136348	30.9227900520609	-7.53890229301694	3.55250367754273	-2.12213778712584	NA	NA	LOC101928708	Intron
chr16	87166537	87167259	1.91964597258947	5.23607041730227	4.26129789537727	1.22875014745682	0.219165497999136	NA	NA	NA
chr16	87609837	87610060	22.6623273370458	1.31666957283691	3.64059540824942	0.361663251525669	NA	NA	LOC124903750	Intron
chr16	87846769	87847390	41.3045620794687	9.01404830961962	4.07453147474235	2.21229075428595	NA	NA	MIR6775	Intron
chr16	89133272	89133829	20.1349585119133	-2.13929963860292	4.08747302266213	-0.523379512657828	NA	NA	LINC00304	Intron
chr16	89179174	89179616	39.251973773442	2.48800909634004	4.08418243292933	0.609181675206301	NA	NA	CDH15	Exon
chr17	1522453	1522997	27.8841008682501	-6.75075150454544	3.64455923953724	-1.85228200746782	0.0639853380087441	0.13086594018078	PITPNA-AS1	Intron
chr17	2296936	2297581	25.8342577969674	-0.283190081340967	4.08361969558689	-0.0693478096520609	NA	NA	SRR	Exon
chr17	2389409	2389712	67.1322451719946	-9.08291823835602	3.92460222132007	-2.31435384432436	NA	NA	MNT	Exon
chr17	3073685	3074284	23.0533580237113	-5.95477622575152	4.25009551905267	-1.40109232817403	NA	NA	OR1D5	Intergenic
chr17	4116016	4116618	142.915374299189	-3.85708474321597	3.63461394089492	-1.06120892230614	NA	NA	ZZEF1	Intron
chr17	4405115	4406010	11.7789519732637	-21.3439409230528	4.24956593090045	-5.0226167260641	NA	NA	SPNS3	Intergenic
chr17	4574346	4575182	20.3481433040966	6.19877243512622	3.57260087101474	1.73508675022115	NA	NA	SMTNL2	Intergenic
chr17	4617944	4618233	94.8131037040461	-7.76131956492764	3.49391791074249	-2.22138005620123	NA	NA	LINC01996	Intron
chr17	5536399	5537164	41.9536326196114	3.41083959007127	2.74210703248738	1.24387543945623	0.213545409940416	0.406410632812918	SMIM48	UTR
chr17	7329381	7330725	132.485299784144	0.0340576220660517	2.22404742230308	0.0153133524602564	0.987782190009918	1	CTDNEP1	UTR
chr17	7786069	7787130	46.4634031863931	8.38420590477932	2.9854434387213	2.80836199943898	0.00497942187163171	0.0379252716199222	RPL29P2	UTR
chr17	8618005	8618750	11.0983583782964	-0.685114923177804	4.30649957978002	-0.159088584704518	0.873599081766985	1	MYH10	Intron
chr17	8633177	8634156	33.490057461092	7.59330717066814	3.88017635798338	1.95694898120934	NA	NA	NA	NA
chr17	9078229	9078980	36.7684181614855	-1.37178594192586	3.46700749279935	-0.395668582999872	NA	NA	NTN1	Intron
chr17	9817013	9817343	23.56784411579	-0.103639080505917	4.0838869595041	-0.0253775585694718	NA	NA	GSG1L2	Intron
chr17	12500691	12501181	56.144928718056	21.8721656414336	3.43682613819315	6.36405938559709	NA	NA	LINC00670	Intergenic
chr17	13173237	13173706	48.5102069063506	-23.3549634280547	4.14473804100409	-5.63484668922449	NA	NA	LINC02093	Intron
chr17	14618424	14619008	43.061784923904	8.06755788395506	4.24824323930082	1.89903388989629	NA	NA	LOC105371545	Intergenic
chr17	14766925	14767300	27.430261982133	-6.48068829713249	4.06723203171516	-1.59339035653679	NA	NA	NA	NA
chr17	16073610	16075176	63.3705076885684	8.60628398036619	4.09858614873807	2.09981775862294	NA	NA	TTC19	Intron
chr17	16362964	16364310	74.9612330484019	1.47028731086592	3.49671113907098	0.420477200543522	NA	NA	CENPV	Intergenic
chr17	16729334	16729814	19.9698877744565	-7.03234319618283	3.84070756254232	-1.83100199160382	NA	NA	CCDC144A	Intron
chr17	16944269	16945060	19.5863334139372	-5.38165886970755	4.25215220057697	-1.26563175913066	NA	NA	TBC1D27P	Intron
chr17	17141376	17142032	24.6686554155512	2.80673798493549	3.9216368182787	0.715705740993997	NA	NA	PLD6	Exon
chr17	17236658	17237253	41.9689882203012	6.11096270629035	2.23333363409883	2.7362515895464	0.00621434941335899	0.0400615981919775	FLCN	Promoter
chr17	17388137	17388578	61.23384371403	8.51095716784833	3.19211193574721	2.66624646602691	NA	NA	NT5M	Intergenic
chr17	17423159	17423661	123.596903606277	7.47462621581222	2.88925759846465	2.58704042858076	NA	NA	MED9	Exon
chr17	17750594	17751488	10.3198608295297	7.29670683096402	4.25045900253484	1.71668679232349	NA	NA	RAI1-AS1	Intron
chr17	17802409	17803351	2.22861019234106	-5.07573446645287	4.25793969187919	-1.19206349402585	0.23323634983052	NA	MIR6777	Intron
chr17	18290080	18290562	23.7113826708905	1.67389208642304	3.95181707686087	0.423575295583442	NA	NA	LLGL1	UTR
chr17	18329887	18330496	46.1457753346419	-8.09788370848793	3.65573968143752	-2.21511497375099	NA	NA	NA	NA
chr17	18604460	18604819	31.2516375207738	3.20805547299755	3.71798664324835	0.862847498073504	NA	NA	LOC107985051	Promoter
chr17	19533815	19534421	47.7143882983169	-9.00466246711719	3.17409866777546	-2.83691951940109	NA	NA	SNORA59B	UTR
chr17	20161929	20162401	31.1430655204368	-8.34866617339685	3.63525570240406	-2.29658292479281	0.0216425736411752	0.0641679847193949	LOC100131943	Intron
chr17	20927564	20928175	28.9248918144828	-15.2049153116084	4.25360189642438	-3.57459764262137	NA	NA	CCDC144NL	Intron
chr17	21255959	21256342	2.54048791970663	5.05546213040604	4.26319608024614	1.18583852003217	0.235686076197124	NA	NA	NA
chr17	21257375	21257925	43.8585854411178	0.809370949813496	3.16960273242921	0.255354067414369	0.798449643892212	1	NATD1	Intergenic
chr17	21648847	21649471	9.36729046780746	-21.7286298203163	4.24892699996629	-5.11390989313035	NA	NA	LOC101930665	Intergenic
chr17	21668658	21669179	8.86230866141054	-2.06776771586832	4.22328504113127	-0.489611213955483	NA	NA	NA	NA
chr17	21763233	21763786	6.64557423076476	0	4.40735632388157	0	NA	NA	KCNJ18	Intergenic
chr17	22133072	22133386	79.0391308155674	0	4.15413340946587	0	1	1	UBBP4	Intron
chr17	27476357	27476978	49.6897106639269	3.08072174302836	3.77398345801844	0.816305046722678	NA	NA	KSR1	Intron
chr17	28192066	28192543	64.7800001939193	-0.572494698316936	3.38517650819132	-0.169118123362736	0.865703729874798	1	NA	NA
chr17	28204295	28205360	56.2797967637299	-1.07591399207202	3.97715915205963	-0.270523243082903	NA	NA	PYY2	Exon
chr17	28435449	28435858	30.009149808345	-22.2312388033112	4.24820069142674	-5.23309523680833	NA	NA	SLC46A1	Intergenic
chr17	28679775	28680327	45.097492475791	10.1580134921399	3.97730881381208	2.55399164803697	0.0106495811003674	0.0458439110225341	SUPT6H	Intron
chr17	28734597	28734864	33.4210687301508	-0.904198025910526	3.21032203694248	-0.281653371688433	NA	NA	TLCD1	Exon
chr17	28975988	28976185	31.5438538672908	-23.3753014793804	4.23959794470236	-5.51356562208672	NA	NA	LOC105371716	Intron
chr17	29464497	29465019	31.4893133714297	-7.63748824249237	3.94631420242782	-1.93534722546767	NA	NA	MIR4523	Intron
chr17	29576336	29576946	62.6822083282261	-6.08055268914232	3.17908940443568	-1.91267118208703	NA	NA	ABHD15	Exon
chr17	30406910	30407278	60.7510209165341	8.84038258266601	3.22151187771708	2.7441719659065	NA	NA	CPD	Intron
chr17	31079968	31080377	44.3169591225874	-7.31574226675306	3.84559628751171	-1.90236876671386	NA	NA	NF1	Intron
chr17	32669692	32669950	29.30802010124	-7.39498875890749	3.15396374960615	-2.34466510904919	0.0190441764411753	0.0604879090633076	LOC105371734	Intron
chr17	32679656	32679850	56.8310531147221	-0.364953129708468	2.75949132055187	-0.132253769740243	NA	NA	NA	NA
chr17	33802878	33803339	53.5052324402814	6.63848518441281	4.11388732294863	1.61367695886592	NA	NA	NA	NA
chr17	33926066	33926592	15.0937466974334	2.15421728794973	4.08885653477678	0.526850788142737	NA	NA	LOC124903983	Intron
chr17	34041281	34041838	56.2620521993541	-9.23496322004207	3.48639493050025	-2.64885745996567	0.00807643875971393	0.0438184328867156	LOC107987247	Exon
chr17	34109573	34110095	58.4164196348828	1.25614278020056	2.94560422482621	0.426446557081061	NA	NA	LOC107985035	Intron
chr17	34670652	34671430	39.4027849966518	-7.46807913571991	4.24818992945103	-1.75794379717975	NA	NA	TMEM132E	Intergenic
chr17	34731209	34731766	97.9113362009348	7.56707573605767	2.56665087387697	2.94822946629569	NA	NA	NA	NA
chr17	35167875	35168463	23.6636659669511	7.19520379484801	4.17131590968921	1.72492420872149	NA	NA	UNC45B	Exon
chr17	35791915	35792166	46.4594128086607	0.997250675866877	2.93968211039923	0.339237590465672	NA	NA	NA	NA
chr17	35801415	35802020	29.4327637498521	-6.21321624027731	3.16790717649919	-1.96129996685807	NA	NA	C17orf50	Intergenic
chr17	35920046	35920338	78.044966659344	7.80861821371176	3.35639095215683	2.32649245127238	NA	NA	NA	NA
chr17	35931981	35932560	92.0070126981362	-1.12128003955676	3.29234047111007	-0.340572322150724	NA	NA	LRRC37A8P	Intron
chr17	36192752	36193300	25.1913963542866	21.9081246729776	4.24791574142321	5.1573821155025	NA	NA	LOC128966706	Promoter
chr17	36734006	36734556	117.332877064578	1.51466838862255	2.93381794670833	0.516278929414134	0.605659610381098	1	LOC105371751	Intron
chr17	36748971	36749574	46.8611330778777	7.76994463976877	3.93849128383182	1.97282260637867	NA	NA	NA	NA
chr17	36841420	36841788	24.3670318024449	-22.0607416464444	4.2485343411004	-5.19255344908674	NA	NA	NA	NA
chr17	36922053	36922269	95.6825452840475	-8.31019455869425	3.74615634024295	-2.21832561268794	NA	NA	MIR2909	Exon
chr17	37443794	37444143	36.1173047598047	-5.66370356819076	4.15620040367005	-1.36271185652875	NA	NA	MIR378J	Intron
chr17	38588804	38589344	59.642444180179	9.47590770993857	3.37522054600934	2.80749289735816	NA	NA	MIR4734	Intron
chr17	38799521	38800012	6.57052344622847	1.58808106938514	3.43587173985574	0.462206155999239	NA	NA	MIR4727	UTR
chr17	39230883	39231330	74.5171568176329	7.87229065949497	3.42102253498549	2.30115136015272	NA	NA	STAC2	Intergenic
chr17	39444964	39445656	41.1102772208248	9.05676396795121	3.7834417985979	2.39378968940597	0.0166753072629202	0.057756619791877	MED1	UTR
chr17	40055382	40055835	50.5181400214739	1.79265279039842	3.53496952771246	0.507119729419131	NA	NA	THRA	Promoter
chr17	41817920	41818837	199.195303436145	7.85813821535537	2.60945805260871	3.01140622187794	0.00260040712042831	0.0344512798559998	FKBP10	UTR
chr17	43403519	43403821	62.7006245120914	8.20464078469706	2.9226231077252	2.80728663337063	0.00499607647562711	0.0379252716199222	ARL4D	Intergenic
chr17	44359960	44360483	27.0731831701725	8.13361237884916	3.92371898942496	2.07293447893963	NA	NA	FAM171A2	Exon
chr17	44441602	44441987	62.9040670498003	-8.37112478730755	3.59114417525689	-2.33104670232538	NA	NA	ITGA2B	Intron
chr17	45268911	45269363	30.3202200244748	-2.74382424249443	3.8538903695567	-0.711962193883073	NA	NA	SPATA32	Exon
chr17	45824024	45824728	60.1973316358001	0.63252020497887	3.0752245982777	0.205682604559393	NA	NA	LOC105371802	Intron
chr17	49162407	49162793	43.1236403239341	7.41830832950537	3.84682177563416	1.92842527212804	NA	NA	B4GALNT2	Intron
chr17	50163930	50164467	46.0060118871397	9.22039616583417	3.18401092723433	2.89584312885607	0.00378141376569156	0.0365844398920166	SGCA	Promoter
chr17	50271002	50271764	7.49798833833953	-7.26201170847953	3.99085173826084	-1.81966461917331	0.0688100944697581	0.139785000900362	TMEM92	Promoter
chr17	50778747	50779126	36.6278805840386	-7.67383522436401	4.13567685821061	-1.85552099147424	NA	NA	MIR8059	Intergenic
chr17	51395949	51396627	65.3633950989731	5.43671127218656	2.56424440555517	2.12020011056999	NA	NA	NA	NA
chr17	51469750	51470220	10.5270864091566	-6.45571731712594	4.25123974799162	-1.51854934085422	NA	NA	LINC02073	Intron
chr17	52138586	52138761	65.7060029718217	-0.726020210247944	2.72138733048392	-0.266783122753365	NA	NA	CA10	Intron
chr17	53953061	53953506	14.2885587208301	-7.24626056924277	3.48560089611259	-2.07891287190233	0.0376253594020919	0.0888076368132926	LOC107985001	Exon
chr17	54597341	54597705	98.2880052608004	8.41401420585839	3.0675514723114	2.74290889062684	NA	NA	NA	NA
chr17	54847818	54848089	19.6656227908566	-5.46065396625637	3.82832082437701	-1.42638358088627	NA	NA	TOM1L1	Intergenic
chr17	56343995	56344699	12.5528380367407	19.5620305540673	4.25123173499205	4.60149711271948	NA	NA	LOC124904035	Intron
chr17	57044526	57045757	61.2535437904601	-7.24570940994346	3.31738589527159	-2.18416236117452	NA	NA	RNF126P1	Promoter
chr17	57602569	57603321	51.9812882097461	0.27671440111783	3.91386871950795	0.0707009920232119	0.943635731294798	1	MSI2-AS1	Intron
chr17	57822137	57822401	85.3671105230596	-1.35485625427903	2.91523519849729	-0.464750238669394	NA	NA	MRPS23	Intron
chr17	58221492	58221909	49.0961963238023	-7.11705898183372	2.55693907203249	-2.78342924150181	0.00537875934038968	0.0379252716199222	MKS1	Promoter
chr17	59851760	59852458	25.2774116572755	-8.07698562609283	3.74717906054062	-2.15548429781403	0.0311239560712899	0.0781557119123503	MIR21	Intergenic
chr17	59964406	59965082	12.2266808025088	2.37066221250739	3.02250910494076	0.784335838271645	NA	NA	RNFT1	Promoter
chr17	61094236	61094476	69.1931116846614	7.58676121155943	3.10729572919066	2.4415961249802	NA	NA	BCAS3-AS1	Intron
chr17	62840947	62841346	82.1317904799792	-23.1517447743093	4.20990354326581	-5.49935278477889	NA	NA	MARCHF10-DT	Exon
chr17	63363254	63363444	101.326594577251	1.25921628454904	3.56109581311113	0.35360359581253	NA	NA	LOC105371856	Intron
chr17	63490625	63491006	62.6136714804672	7.34230179724136	2.9701062063217	2.47206708689867	NA	NA	ACE	UTR
chr17	63620783	63621988	83.9530040647449	7.86317790211748	3.01587652483575	2.60726121821109	NA	NA	MAP3K3	Promoter
chr17	66587892	66588325	13.3140053084388	-22.052485696358	4.24852636670337	-5.19061994511512	NA	NA	PRKCA-AS1	Intron
chr17	67056547	67057095	44.7414990294956	8.17908689817983	4.00596505690803	2.04172697015305	NA	NA	CACNG1	UTR
chr17	67871691	67872111	32.001299309445	3.87731169621596	4.09012042860727	0.947970057091017	NA	NA	BPTF	Intron
chr17	68794371	68794661	25.8609876492637	-3.28660720948957	3.20405251382337	-1.02576571242514	NA	NA	LOC105371874	Intron
chr17	69496568	69497167	3.62125263856469	-6.21603060978255	4.25199587494629	-1.46190889939682	0.143766175941437	NA	MAP2K6-AS1	Intron
chr17	72355824	72356374	78.359953859736	8.92659778536919	2.93113076146042	3.04544508990843	0.00232336198656414	0.0344314628828522	LINC02003	Exon
chr17	72503107	72503695	18.1912376876142	-7.59051158970857	3.58830552484576	-2.11534707319406	0.0344003771824846	0.0833724959060754	LINC00673	Intron
chr17	73157629	73158109	24.6786658680306	-22.1446358730856	4.24841545812713	-5.2124459322177	NA	NA	NA	NA
chr17	73166168	73166861	25.0961820288824	-17.8984384453754	4.27931256816624	-4.18254992134056	NA	NA	SSTR2	Promoter
chr17	73761832	73762444	33.1599828711264	-9.4370785683741	3.66673022227841	-2.57370408955534	0.0100616285794498	0.0456693379356607	NA	NA
chr17	73776329	73776894	35.1113846197134	0	4.40735632387944	0	NA	NA	LINC02092	Exon
chr17	73781939	73782333	27.3331454137939	3.04820968182069	3.7374816845545	0.815578493512813	NA	NA	NA	NA
chr17	73890232	73890757	17.2415198118403	-5.55059935747003	4.1365413727558	-1.3418454832889	NA	NA	LOC107985081	Intron
chr17	73986652	73987227	48.4411246329914	-0.685108746087766	3.72854990489652	-0.183746701415488	NA	NA	LOC105371888	Intron
chr17	74314240	74314444	51.3232137140447	7.29389442737061	3.65624186276777	1.99491573619507	NA	NA	LOC105371891	Promoter
chr17	75053201	75054070	30.6357993371821	7.0634046414182	3.80167893575593	1.85796979723479	NA	NA	ATP5PD	Intron
chr17	75623761	75624351	60.1656421793646	0.380539030950344	2.9646642847269	0.128358220156924	0.897865493073442	1	SMIM5	UTR
chr17	75693019	75693601	21.9398376051118	0.242510952737283	3.30470003925499	0.0733836505149055	0.941500827513456	1	SAP30BP-AS1	UTR
chr17	76723774	76724564	9.40508749178786	-6.71018338693949	4.25056313068116	-1.5786575050502	NA	NA	JMJD6	Promoter
chr17	77102935	77103267	122.44515805603	9.12254304566902	2.50792629629206	3.63748450628577	0.000275313747915194	0.0226257843741214	MIR6516	Intron
chr17	77435589	77435939	62.2372863294861	9.64428801330435	2.89246709252819	3.3342775232318	0.000855212836634349	0.0322130168465605	LOC112268198	Intron
chr17	78054341	78054899	56.4217547969518	8.51628266362372	3.42356327743284	2.48754936698867	0.0128626600315247	0.0501200201228377	TMC8	Intron
chr17	78784281	78784827	12.3381572986666	20.5916779114699	4.24920379353152	4.84600854937016	NA	NA	CYTH1	Promoter
chr17	79132092	79132723	18.8202881396806	-2.86161360132312	3.59851503049408	-0.795220688832363	NA	NA	LOC124904069	Exon
chr17	79458041	79458916	68.5039145694249	-2.69919230890407	3.33892207891599	-0.808402306225844	NA	NA	NA	NA
chr17	79572319	79573384	79.6878621727462	-2.85012737496586	2.98353109273606	-0.955286633983806	NA	NA	MIR4739	Intron
chr17	79924866	79925168	61.30553132362	-10.322421014621	3.34076180561117	-3.08984046611267	0.00200264031968374	0.0328342920264512	LINC01979	Promoter
chr17	80624740	80625200	56.7958153105704	6.26275323437183	4.14592618912041	1.51058001244844	NA	NA	LOC105371922	Intron
chr17	81266337	81267035	23.4224922347309	-5.31987630944635	3.59794982116939	-1.47858546501833	NA	NA	NDUFAF8	Intron
chr17	81683340	81683840	45.4483284024418	6.6222327345622	2.60908613227231	2.53814262881186	NA	NA	ARL16	Promoter
chr17	82435319	82436397	108.772657582733	8.4087736114372	3.28267883997141	2.56155841657371	NA	NA	HEXD-IT1	UTR
chr17	82587786	82588321	43.4053917061414	8.71303483285937	4.17633910575862	2.08628528771652	NA	NA	FOXK2-AS1	Promoter
chr17	82956966	82957728	14.3394954484704	-6.96703792300005	3.85587440663705	-1.80686329176277	NA	NA	NA	NA
chr17	82973774	82974239	84.5262790845759	0	4.10755337702602	0	NA	NA	LOC124904094	Intron
chr17_GL000205v2_random	1468	2041	87.7506223579016	0.130775559488728	3.56175948608088	0.0367165610142375	NA	NA	NA	NA
chr17_GL000205v2_random	5806	6798	195.141468009191	5.30710117654224	2.38319606718025	2.22688399398942	0.025955027841173	0.0703199846383976	NA	NA
chr17_GL000205v2_random	44257	44697	90.3801943714428	-7.05931583198397	3.22891152630435	-2.18628345015811	NA	NA	NA	NA
chr18	322776	323180	41.1019265390221	7.94327698651053	4.12401069657484	1.92610484572888	NA	NA	THOC1	Intron
chr18	545116	545436	32.8589632622703	-7.97565053337742	4.24782798628953	-1.87758321643908	NA	NA	LINC01925	Intergenic
chr18	746130	746509	34.7802711247695	18.5020431227679	4.25636808237252	4.34690862366742	NA	NA	ENOSF1	Intron
chr18	815940	816652	22.0913980647841	-0.685069761322416	4.27704855373915	-0.1601734824178	0.87274441764311	1	YES1	Intergenic
chr18	1450740	1451461	4.03385690918705	-3.75040728402113	4.27427815111406	-0.877436411816956	0.380249643063105	NA	LOC105371954	Intergenic
chr18	1811526	1811896	34.2254604557725	-0.657385505237342	4.08297214927439	-0.161006610185712	NA	NA	LOC105371960	Intron
chr18	2474259	2474981	11.0568190561911	16.6713141055367	4.28030815049562	3.89488642391468	NA	NA	LOC105371956	Intron
chr18	2695360	2695657	79.772676769016	-0.409161947087402	3.54140562634496	-0.115536594860412	0.908019816173946	1	CBX3P2	Intron
chr18	2721073	2721710	2.68358016193608	-4.44551104197794	4.26389078739636	-1.04259495930769	0.297135924815159	NA	NA	NA
chr18	3042472	3043261	43.4743063456018	4.33700761059829	4.26075465776526	1.01789658381152	NA	NA	LOC124900407	Intron
chr18	3699604	3700209	56.9593373592879	0.274897635335208	2.59371404531003	0.105986099675205	0.915593380916142	1	DLGAP1-AS6	Intron
chr18	6079208	6079709	25.7150439719676	-9.06869106625847	3.72846840162595	-2.43228320301808	NA	NA	L3MBTL4-AS1	Intron
chr18	6371262	6371645	52.5125443155433	-7.39059930759219	3.58082328176782	-2.0639385767017	NA	NA	MIR4317	Promoter
chr18	6675255	6675706	36.5849493822773	-1.53182304218847	3.86723421115796	-0.396102992099306	0.692029051080299	1	ARHGAP28	Intergenic
chr18	7556642	7557039	21.727060328021	-5.74150965869817	3.9132811291542	-1.46718558396522	NA	NA	PTPRM	Intron
chr18	7735383	7735962	31.317363863209	22.2089820886301	4.24773757377519	5.22842612164758	NA	NA	LOC124904242	Intron
chr18	7802747	7803240	11.7249141151824	-21.9275737197707	4.24866878120934	-5.1610456943008	NA	NA	NA	NA
chr18	7858928	7859256	7.95245020898891	-5.08045801191986	4.2579041554013	-1.19318280226555	NA	NA	NA	NA
chr18	8255755	8256302	53.2514993409479	-0.582098738737649	3.69282933709656	-0.157629472039267	NA	NA	LOC100192426	Intron
chr18	8425330	8426114	60.9612824252361	4.20743949121351	3.10886723660915	1.35336737499366	NA	NA	NA	NA
chr18	8630122	8630484	92.5374278801452	-6.1958160846489	2.90882741833581	-2.13000470416139	NA	NA	RAB12	Intron
chr18	8660800	8661065	25.4134505739519	0.189898670297682	4.08360686392784	0.0465026817285312	NA	NA	MTCL1	Intergenic
chr18	8732973	8733167	65.4883686296264	-0.535395318695224	2.89691036412667	-0.184815976816262	NA	NA	GACAT2	Intron
chr18	9421563	9422546	115.906861221187	9.90856182075312	3.71393590026845	2.66794098951383	NA	NA	LOC105371980	Intergenic
chr18	9451019	9451456	23.4795985200651	8.44380621652444	4.24796586558921	1.98772930002187	NA	NA	RALBP1	Intergenic
chr18	9499080	9499426	60.2386886311777	0.359964241997128	3.47012916325725	0.103732231586229	0.917381847519468	1	NA	NA
chr18	9688610	9689063	60.5683062552381	-0.648853781461558	3.35394178676232	-0.193460060643426	NA	NA	NA	NA
chr18	9790044	9790684	16.5015789086911	-7.18866459649362	4.248511614848	-1.69204306076749	NA	NA	RAB31	Intron
chr18	9913595	9914416	30.1083216653964	-0.0710760919949923	2.57019845514639	-0.0276539314902607	NA	NA	LOC124904245	Promoter
chr18	10344241	10345028	69.6381947717479	8.63144131270502	3.60068564032793	2.39716603305556	0.0165224350368673	0.0574472356666464	LOC105371986	Intron
chr18	10713976	10714398	70.8017181464742	8.91875314390219	3.69300494135661	2.41503959120778	NA	NA	MIR6788	Exon
chr18	11061945	11062356	34.2430596268759	-18.4873963624842	4.26759168453187	-4.33204433064504	NA	NA	PIEZO2	Intron
chr18	11296154	11296629	48.1616614787898	8.89763447308358	3.63533728911929	2.44754028731104	NA	NA	LOC105371993	Intergenic
chr18	11983077	11983565	47.3513637855136	8.23823070095979	3.31481319730137	2.48527751357653	NA	NA	IMPA2	Promoter
chr18	12193242	12193743	5.85369892319461	5.04487254161667	4.2554018419059	1.18552200921105	NA	NA	C18orf61	Intron
chr18	12284970	12285691	5.75098011497395	-4.88564231605882	4.25947050850765	-1.14700695926888	NA	NA	TUBB6	Intron
chr18	12567774	12568038	98.5458271029393	-8.04026623526804	3.65097285468739	-2.20222569580197	NA	NA	PSMG2	Intron
chr18	12724109	12724326	102.357737781362	8.80660490093712	2.7266357356618	3.22984283736735	NA	NA	CEP76	Exon
chr18	12984008	12984387	30.3703951222184	13.589458644876	4.40735632387925	3.08335828697301	NA	NA	CEP192	Exon
chr18	12991321	12991592	61.6900275321046	6.72698339782343	2.83935534654822	2.3691939108648	NA	NA	NA	NA
chr18	13163296	13163567	61.7315164507318	8.60084524317553	3.64626976858932	2.35880661306721	NA	NA	LOC124904254	Promoter
chr18	13184567	13185169	20.0585479925298	20.8236005643528	4.24877233405869	4.90108646147692	NA	NA	NA	NA
chr18	13632820	13633500	14.2853902040309	5.31682773139478	3.91501819999064	1.35805951844808	NA	NA	MIR4526	Intron
chr18	13731725	13732230	82.953855382153	0.71839936904819	2.92033632539126	0.245998847051269	0.805683125003719	1	FAM210A	Exon
chr18	13825650	13826495	4.55185964215763	2.60687244003626	4.11436749248115	0.633602235288953	NA	NA	MC5R	Promoter
chr18	13868622	13869127	85.5388043199168	0.30260253409405	3.85318473641835	0.0785330978901697	NA	NA	NA	NA
chr18	13880477	13881011	56.9641350533897	1.42589384324162	3.45362669966157	0.412868548700225	NA	NA	MC2R	Intergenic
chr18	14935308	14936000	84.5201850430168	10.1000148961341	3.22763327637503	3.12923248439099	0.00175263579952567	0.0328342920264512	LINC01443	Intergenic
chr18	15315820	15316382	40.3259560672221	5.88590343768865	3.76501822843402	1.5633133973263	NA	NA	LOC644669	Exon
chr18	21499851	21500397	13.2619873922165	5.80420928261595	4.25666043567174	1.36355938424767	NA	NA	GREB1L-AS1	Exon
chr18	22247193	22247585	13.3189440724573	-7.05945902493631	4.24980876349266	-1.66112392764106	NA	NA	NA	NA
chr18	22248745	22249320	39.3940610684414	-21.8827133005509	4.13615200458308	-5.29059697910128	NA	NA	LOC105372018	Intron
chr18	22308650	22308966	46.530489436266	-8.55671068244757	3.59480208328672	-2.38030091343003	NA	NA	LOC101927548	Intron
chr18	22367786	22368245	40.9652362303281	4.95888545669421	3.75902581399226	1.31919430780063	NA	NA	LOC105372019	Intergenic
chr18	22803168	22803682	29.8782180626061	-2.54264480588806	4.01961044341955	-0.632560005920621	NA	NA	RBBP8	Intron
chr18	22806030	22806650	40.0068786641284	0.276733251631537	3.36126377665951	0.0823301204603942	0.934384203053676	1	NA	NA
chr18	23842143	23842537	51.6022426106673	10.3442177676702	3.46318878225303	2.98690554227904	0.00281816781600466	0.0345683251624032	LINC02958	Exon
chr18	25693542	25693952	67.4962980788697	0.907701239469277	3.04355138763629	0.298237527106196	NA	NA	LOC124904271	Intergenic
chr18	26029993	26030312	115.88276420517	-6.6088825755844	3.25230502035948	-2.03206111794948	NA	NA	SS18	Intron
chr18	26344781	26345308	42.2393315676432	-22.999054271131	4.09615899456852	-5.61478553484559	NA	NA	LINC01543	Intron
chr18	26580279	26580680	128.211149974517	0.167192421995765	3.34050769644164	0.0500500035290628	NA	NA	MIR8057	Intron
chr18	27018499	27018902	94.7334538284127	1.68455188084253	3.21525922406885	0.523924126624778	0.600331313214917	1	AQP4	Intron
chr18	27075551	27075986	24.7712401034308	8.16782248586239	4.24804771918324	1.9227238076866	NA	NA	CHST9	Intron
chr18	27082582	27083156	67.6133085423972	-1.12782024685014	3.18829723714753	-0.353737485234961	0.723535627440067	1	NA	NA
chr18	27245215	27245901	35.8080480216529	7.8047097264045	3.67548382134479	2.12345098108714	NA	NA	LINC01908	Intron
chr18	27585103	27585366	51.1674257972314	-1.49168465070659	3.1987329835402	-0.466336095692384	NA	NA	LOC107985126	Intron
chr18	27984519	27985059	55.775954485036	-1.67537322431474	3.04432416636957	-0.55032681565993	NA	NA	CDH2	Exon
chr18	28252126	28252541	42.753030535653	21.8985352077369	3.84770634672102	5.69132185110713	NA	NA	NA	NA
chr18	28546628	28546963	39.946329564771	1.16818687391706	3.06151491959857	0.381571511031617	0.702779219045846	1	NA	NA
chr18	29541326	29541892	49.0968085480263	-9.03473483681806	3.24482032303284	-2.78435596963149	0.00536341356661425	0.0379252716199222	NA	NA
chr18	29759863	29760166	40.7193336523362	13.5404249574373	3.9986612226539	3.38623959457374	NA	NA	LOC105372045	Intron
chr18	30236201	30236612	60.2315570594755	7.39479535792645	3.27197952941755	2.26003717060015	NA	NA	LOC105372046	Intergenic
chr18	30447473	30448047	15.6989881300683	-3.07257291928352	4.09502445390842	-0.750318576571858	NA	NA	MIR302F	Intergenic
chr18	30516310	30516955	19.331893790915	-22.6310564290248	4.24800160222748	-5.32745948522195	NA	NA	NA	NA
chr18	30800298	30801259	65.1451528745656	1.54444336000399	3.70097656104324	0.417306982232992	NA	NA	DSC3	Intergenic
chr18	31222310	31222909	39.2945813402452	7.49365416000357	3.03693430421849	2.46750617871266	0.0136057873263296	0.0516791249705963	LOC105372049	Promoter
chr18	32092173	32092628	45.8410770441864	2.4302996606683	2.3828140739672	1.01992836420596	0.307762436258046	0.580829316027711	LOC124904278	Promoter
chr18	32212441	32212935	20.1714201906026	-8.72316575185357	4.24792342144024	-2.05351294889775	0.0400228551918301	0.0934900803447402	MEP1B	Intron
chr18	32453022	32453555	34.5534932039183	0.410349471065596	4.28416879290537	0.0957827506108393	NA	NA	LOC112268208	Intron
chr18	32507928	32508830	26.907707830393	-2.82345470614657	3.57893964749578	-0.788908163936816	NA	NA	WBP11P1	Promoter
chr18	32864383	32864852	18.7882379492579	-7.40868003141433	4.24820077705683	-1.74395712919837	NA	NA	LOC105372058	Intron
chr18	33265203	33265676	14.6655605263373	-7.10908946359527	4.24846547611962	-1.67333111297598	NA	NA	CCDC178	Intron
chr18	33478722	33479287	25.8619380160369	8.39282939468737	3.76146341036246	2.23126705727509	NA	NA	NA	NA
chr18	33558714	33559772	104.596938783289	-6.45782820144427	4.08824357943135	-1.57960945231705	NA	NA	NA	NA
chr18	33831269	33831666	47.2522121590812	-3.76813814401062	3.57681316519414	-1.05349034740709	NA	NA	ASXL3	Intergenic
chr18	34114858	34115618	7.39512877105762	-4.12797925102204	4.26802535687798	-0.967187142965245	NA	NA	NOL4	Intron
chr18	34279278	34279959	22.1574150030674	4.2531053689154	3.83574537637426	1.10880805465134	NA	NA	LOC124904280	Intron
chr18	35194719	35195280	23.6984325110112	1.14293779182401	3.78531587390571	0.301939872363866	NA	NA	ZNF397	Intergenic
chr18	35577582	35578113	18.2888221297113	20.7867915546458	4.24882960692322	4.89235706717326	NA	NA	GALNT1	Intergenic
chr18	36492065	36492592	64.9557389791305	-17.6894051131681	4.28476473100572	-4.12844256889131	NA	NA	LOC105372071	Intron
chr18	36761610	36762787	73.0134011654583	0.812011765183111	3.38737354961907	0.239717218455115	NA	NA	KIAA1328	Intron
chr18	36815195	36815971	94.1439661284394	6.72648317655057	3.02868299443216	2.22092678200932	NA	NA	NA	NA
chr18	37185793	37186383	20.3612278349852	-18.0287097112292	4.05042592048965	-4.45106516330255	NA	NA	LOC105372068	Intron
chr18	37406546	37406752	43.4645487334012	9.18639575665112	3.55655109417262	2.58295059269722	NA	NA	NA	NA
chr18	37587289	37587695	65.0634325469845	-15.2294121155994	4.03931624938323	-3.77029456852377	NA	NA	LOC107985118	Intron
chr18	38064376	38064853	33.8165687472652	8.796138087704	3.56514672166183	2.46725836955284	NA	NA	NA	NA
chr18	38100883	38101162	49.8138007320971	1.54204789751812	3.40483927476982	0.452898880997068	NA	NA	LOC105372073	Intergenic
chr18	38851496	38852216	35.2536631235579	0.40455675497031	3.92541377993041	0.103060919854793	NA	NA	LOC105372076	Intergenic
chr18	39344221	39344679	11.4902580273025	-7.34405635932257	4.24931564868624	-1.72829155715771	NA	NA	LOC101927879	Intron
chr18	39479429	39479622	55.5442423707254	1.26180169583787	3.84879993861827	0.327842890241487	NA	NA	MIR924	Intron
chr18	39708937	39709575	86.3201550303177	2.50404825683346	3.33793344890376	0.750179203739318	0.453146782099249	0.830922294153592	MIR5583-2	Intron
chr18	39796217	39796861	26.0353506439552	20.4640537790276	4.24931896497336	4.81584318515752	NA	NA	MIR924HG	Intron
chr18	40491556	40492006	35.4373432900298	0.118190440554668	4.03473275379891	0.0292932513171747	NA	NA	LOC107985132	Intergenic
chr18	40714885	40715233	44.0431287117788	1.16798262804732	3.63109390702726	0.321661366506363	0.747709248607672	1	NA	NA
chr18	41513080	41513808	51.0779481194314	22.245443704425	3.88673864865687	5.72342154060507	NA	NA	LOC105372084	Exon
chr18	42084576	42085210	34.7667948477931	6.60518847717899	3.86366499614626	1.70956552490115	NA	NA	NA	NA
chr18	42295375	42295835	32.2860102946193	-9.39860528442177	3.69179133195557	-2.54581162349803	0.0109024004600658	0.0464092156781433	LINC00907	Intron
chr18	43725891	43726391	42.367175996927	-5.24135027042515	4.11289071961196	-1.27437139173969	NA	NA	LOC105372087	Intergenic
chr18	44152915	44153506	7.32252719287672	-6.94823009212808	4.25002950220273	-1.63486631999305	NA	NA	LOC124904291	Intergenic
chr18	44842751	44843756	40.5935858059974	-5.50007187717841	3.57686595949031	-1.53767905744004	NA	NA	MIR4319	Intron
chr18	46422331	46423236	13.4419631680587	8.41458279700412	4.24861360357571	1.980547910952	0.0476419953522357	0.105819075671796	NA	NA
chr18	46507662	46508265	58.0441316443695	0	4.40735632388325	0	NA	NA	LOC124904293	Exon
chr18	46695423	46695827	32.1599972528326	-8.03335881466324	3.93548697403589	-2.04126169586198	NA	NA	NA	NA
chr18	46703926	46704582	114.63165224057	8.87083209044028	3.64915914964399	2.43092496837407	NA	NA	LOXHD1	UTR
chr18	47423747	47424509	58.6204972147881	6.69285141090442	3.26840094359107	2.04774491453635	NA	NA	MIR4527	Intron
chr18	47711026	47711702	40.1327446748035	6.46193244310979	4.12135609362522	1.56791412736815	NA	NA	LOC105372100	Intron
chr18	47832045	47832442	16.4999009720177	-8.4264323530836	3.72776140652769	-2.26045377752129	0.0237931020877593	0.0678516223575217	SMAD2	UTR
chr18	47908992	47909731	30.7268512787659	16.0639782312808	4.29862674048718	3.7370023500715	NA	NA	NA	NA
chr18	48100626	48101157	18.1916480712146	5.02559104126015	4.11523952251943	1.22121471028821	NA	NA	ZBTB7C-AS1	Intron
chr18	48234189	48234575	18.8339681951678	-22.2353716956387	4.13050986121376	-5.38320266571274	NA	NA	ZBTB7C-AS2	Intron
chr18	48405873	48406386	37.6728766251873	8.93655779885738	3.99518835528668	2.23683015771509	0.0252974426957317	0.0698991258754452	NA	NA
chr18	48566644	48567077	66.1922758655706	-10.4277408470264	2.82280488515445	-3.69410613601652	0.000220661627489468	0.0199478111250479	NA	NA
chr18	48575165	48576211	38.1418018938875	1.79008638597363	3.62196724531323	0.494230418093917	NA	NA	ZBTB7C	Intron
chr18	48877907	48878438	23.6768154542015	0	4.4073563238789	0	NA	NA	CTIF-AS1	Intergenic
chr18	49749786	49750670	1.62551448123377	-3.54938723714525	4.26314311216027	-0.83257520185539	0.405084349475444	NA	SCARNA17	Intergenic
chr18	50088127	50088365	67.1733131765603	8.00265847741784	3.91241046097902	2.04545472854484	NA	NA	MIR4320	Intron
chr18	50191665	50191937	46.6834099972794	0.490684683127719	2.71355502457708	0.180827246428951	NA	NA	MYO5B	Intron
chr18	50307046	50307578	124.651424333877	6.2077318483296	3.14569893307164	1.9734030434591	NA	NA	LOC124904301	Promoter
chr18	50493861	50494265	17.8201402609351	-22.4014656030213	4.24818994298621	-5.27317890764425	NA	NA	MAPK4	Intron
chr18	50873883	50874231	65.0133324589908	0.672048710569611	2.59581560869934	0.258896937177425	NA	NA	ME2	Intergenic
chr18	51016431	51017141	47.3039078102661	-0.320587284602288	2.75194225434288	-0.116494917034093	0.907260314290843	1	LOC107985152	Intron
chr18	51452365	51452646	81.5153055913081	-6.63330243882759	3.01746104953367	-2.1983059035187	NA	NA	LINC01630	Intron
chr18	52053682	52053922	32.7448731757627	-22.9055895774281	4.24784043196337	-5.39229049308734	NA	NA	NA	NA
chr18	52271889	52272134	44.8363080594435	1.0347907485259	3.19447575098858	0.32393132056353	NA	NA	LOC105372121	Intergenic
chr18	53265478	53265938	41.3464568737386	-0.647388526953601	3.64702643033151	-0.177511334047216	NA	NA	MIR4528	Intron
chr18	53490237	53490993	1.1786592696187	0	4.40735632390078	0	1	NA	NA	NA
chr18	53532999	53533440	36.372780765416	-0.639526264298969	3.71807620299237	-0.172004614586508	NA	NA	LINC01919	UTR
chr18	54616880	54617289	88.7190707941608	9.28249789691889	2.78062966481523	3.3382719081132	0.000843012106863602	0.0322130168465605	LOC124904308	Intergenic
chr18	55790502	55790832	42.7878583282012	0.675479350558423	3.52260166882008	0.191755814044305	NA	NA	LINC01415	Intron
chr18	56464814	56465294	59.9211740073714	13.5587174982337	4.2335441001287	3.20268719955498	NA	NA	LOC105372135	Intergenic
chr18	56581542	56582208	7.42681387998759	-6.41921562823493	4.20342894126601	-1.52713789573461	NA	NA	NA	NA
chr18	56981740	56982113	55.7466910271134	1.75858655369839	2.96048572812734	0.594019601915388	0.55249900249169	0.983187201284424	LOC105372136	Intron
chr18	57234202	57234887	18.0561609676108	6.61985108391297	4.11996599346127	1.60677323415271	NA	NA	LINC02565	Intron
chr18	57377357	57377812	11.9910352209115	0	4.40735632392292	0	1	1	ST8SIA3	Intron
chr18	57911000	57911542	28.65733868625	22.1311681849073	3.96391383512379	5.5831607611663	NA	NA	LOC105372140	Intron
chr18	58220294	58220856	46.7283217991934	2.15550823313911	2.80705207390018	0.767890361985411	0.442552323859312	0.821493430736792	LOC105372143	Intron
chr18	58380750	58381824	16.5695494543979	-2.57180228404862	3.68681354277759	-0.697567765282499	NA	NA	MIR122HG	Intron
chr18	58485123	58485949	9.49719004081878	7.91331992981798	4.2492688729016	1.86227799805344	0.0625639151087906	0.128833210155687	MIR3591	Intron
chr18	58511768	58512197	51.2299350700888	-6.45871474973243	3.5288473009819	-1.83026189541704	NA	NA	ALPK2-AS1	Exon
chr18	58536166	58536780	34.0050611460035	6.09534074563599	3.44562939187326	1.76900648688807	NA	NA	NA	NA
chr18	58723102	58723494	22.4052608458313	1.81248785144151	4.08538015359426	0.443652189832789	NA	NA	MALT1-AS1	UTR
chr18	58727985	58728388	28.9544690375976	-8.25868898510223	3.81492139825415	-2.16483857016863	NA	NA	LOC105372146	Intron
chr18	59139461	59140108	50.1742470472043	-8.18194188315751	2.55255037783249	-3.20539878633277	0.00134875472271029	0.0328342920264512	SEC11C	Promoter
chr18	59670923	59671440	93.0580598878442	7.41517772582989	3.84862758572316	1.92670700416355	NA	NA	NA	NA
chr18	59719602	59720292	53.8694133089583	-5.61028177123919	3.64821459553585	-1.53781572446539	NA	NA	NA	NA
chr18	59796802	59797725	106.312338002707	1.45660161051262	3.52522560175084	0.413193870426105	NA	NA	CCBE1	Intergenic
chr18	59888271	59888638	36.7126461706085	-21.4406231927304	4.12854986310719	-5.19325765793076	NA	NA	PMAIP1	Intron
chr18	61130009	61130279	140.403882883781	8.84452997369141	3.29449259645774	2.68464102277877	NA	NA	NA	NA
chr18	61244513	61244994	39.0862911569833	8.09324170124357	3.01828767834664	2.68140169649994	0.00733144512560074	0.0427249848463924	CDH20	Intergenic
chr18	62030924	62031553	16.9023214660671	-6.59915869559148	3.83709649188178	-1.71983131243987	NA	NA	LOC112268209	Intron
chr18	62172400	62172859	14.0577939961871	1.23841512254838	4.29663971174762	0.288228756803225	NA	NA	PIGN	Intron
chr18	62335007	62335726	13.6398547397127	1.23848210895182	3.75002154021563	0.330259998688064	0.741203515188062	1	TNFRSF11A	Intron
chr18	62985202	62986044	15.2577947568431	8.57348464151397	3.59202067080626	2.38681383745756	0.0169950947546196	0.0583773259001416	NA	NA
chr18	63007576	63007968	73.5511984714945	9.89852298124211	3.44587835891879	2.8725688925212	0.0040714929563743	0.0368062963256237	LOC105372161	Intron
chr18	63038620	63039073	18.7293006575893	-17.8766050263938	3.82548638924236	-4.67302800414205	NA	NA	NA	NA
chr18	63114216	63114943	40.3333187977754	-9.71284927535785	3.46432708360021	-2.80367558864103	0.00505237130309566	0.0379252716199222	NA	NA
chr18	63209699	63210339	9.8905906271049	-7.12507021280801	4.20993215157121	-1.69244300294693	NA	NA	BCL2	Intron
chr18	63521398	63521912	22.6748999522265	9.16333378115365	4.03107765340499	2.27317223061023	0.0230158030337849	0.0662620571418521	SERPINB12	Intergenic
chr18	63585502	63585877	43.9293222288325	-6.66782185884298	4.16727664473757	-1.60004300824691	NA	NA	SERPINB13	Promoter
chr18	63802243	63802731	42.9856568390523	8.15765629929589	3.2000617243202	2.54921842203804	0.0107964657256622	0.0462559479431214	SERPINB7	Intron
chr18	63837000	63838289	59.5060586941965	-6.61081745475823	2.87914379836547	-2.29610534163361	NA	NA	SERPINB2	Intergenic
chr18	64138484	64139452	20.9053398594231	-7.80737368326233	4.10232110973183	-1.90316005851934	0.057019663153602	0.120899556565956	LINC00305	Exon
chr18	64956550	64956763	59.0536580020093	-0.0142023705265433	2.88947405128864	-0.00491520957601586	NA	NA	LOC101927404	Intron
chr18	65777013	65777556	77.2605142612338	22.3847416829439	3.88149669349201	5.76703870970073	NA	NA	CDH7	Intron
chr18	65841824	65842239	60.5884717902804	-3.33144306976007	4.07437440901859	-0.817657567843042	NA	NA	NA	NA
chr18	66416337	66416638	58.3319292529865	-6.81497508103697	2.72521161045035	-2.50071409313818	NA	NA	NA	NA
chr18	66657139	66657762	39.755873369782	22.2574771469451	4.24774341276107	5.23983559837424	NA	NA	NA	NA
chr18	66778185	66778664	19.2448999980689	-7.05401490454618	4.24981917635444	-1.65983883356591	NA	NA	CDH19	Intergenic
chr18	66993482	66994073	22.9973671271474	-6.30807953699513	3.89724746145036	-1.61859866467078	NA	NA	NA	NA
chr18	67209358	67209720	16.2674543291701	-6.31550158687216	4.25166678423469	-1.48541781550009	NA	NA	MIR5011	Intergenic
chr18	67445364	67445696	53.0623841421176	-0.608439712472297	3.60251480950226	-0.168893049618403	0.865880766264374	1	DSEL-AS1	Intergenic
chr18	67520814	67521267	17.2931984227769	0.404295048704891	3.93502509529235	0.102742686238156	NA	NA	NA	NA
chr18	68532258	68532649	76.7375709783708	7.95958276487784	3.2589759092437	2.44235704299054	NA	NA	TMX3	Intron
chr18	69526376	69527369	48.7439463972894	21.5868193780423	3.68147230181946	5.86363759069263	NA	NA	LOC105372179	Intron
chr18	70025971	70026371	24.3084052812862	-20.9118870873339	4.25006815507948	-4.92036511516668	NA	NA	CD226	Intron
chr18	70622565	70623659	93.8744888524078	22.0456386338941	3.62954095840117	6.07394678461083	NA	NA	LOC124904322	Intron
chr18	70829243	70829865	18.1619086319067	-15.0735313257456	4.4073563238792	-3.42008456272907	NA	NA	LOC105372185	Intergenic
chr18	71002789	71003531	8.77804833242782	-7.52307083107498	4.24905174862694	-1.77052935010877	0.0766389995140515	0.153617861553664	NA	NA
chr18	71035495	71036043	28.6885958928145	-2.73800694309768	4.0870959288816	-0.669915018081533	NA	NA	LOC105372188	Intergenic
chr18	71122941	71123343	28.9501089607259	-9.22923587548574	3.53773087170703	-2.6088010112065	0.00908600608431889	0.0441563533889233	NA	NA
chr18	71172781	71173772	35.6690444171823	-7.81251800514307	4.10460380531036	-1.90335495840928	NA	NA	NA	NA
chr18	71270828	71271039	53.3057760201032	1.63156926979565	2.93745549785671	0.555436251199758	NA	NA	LOC105372187	Intergenic
chr18	71823718	71824384	23.7389806033327	21.276586615064	4.24841292689914	5.00812585338627	NA	NA	LINC01899	Intergenic
chr18	72097812	72098212	121.447194703965	9.14416066245581	3.30548644207174	2.76635854440977	NA	NA	NA	NA
chr18	72235215	72235676	9.70176698435798	-15.0904806523203	4.40735632388823	-3.42393025282041	NA	NA	LOC105372189	Intergenic
chr18	72280418	72280780	80.0714370817748	6.57468412297478	3.62445435420569	1.81397901048077	NA	NA	NA	NA
chr18	72907496	72908261	34.5828269782141	1.23846047129406	4.20963240909941	0.294196820752578	0.768607509879927	1	NETO1	Intergenic
chr18	72956706	72957422	11.5464769405497	-0.685062849294178	4.33402348322894	-0.158066252281539	0.874404593034749	1	NA	NA
chr18	73341982	73342472	69.7503553066246	-9.08664478505329	3.48672485993489	-2.60606877516081	NA	NA	LINC02582	Intron
chr18	73596133	73596594	84.8583763297796	7.93890852505456	3.65054722824062	2.17471738583169	NA	NA	LOC105372190	Intergenic
chr18	73754480	73755073	14.5399578779297	-21.6035492381701	4.24907218320928	-5.0842980082897	NA	NA	LOC105372191	Promoter
chr18	73772639	73772985	15.168391366561	-21.540905909841	4.24920708927123	-5.06939423221556	NA	NA	NA	NA
chr18	74157732	74158256	23.70827623521	-6.00598065544429	4.24998948690834	-1.41317541465575	NA	NA	TIMM21	UTR
chr18	74296917	74297467	44.350084387651	-5.94578611135706	3.5610595350052	-1.66966770785774	NA	NA	CYB5A	Exon
chr18	74363880	74364205	67.0114563388425	7.05941237656626	3.00005508030237	2.35309425580771	NA	NA	LINC01922	Intergenic
chr18	74497261	74497841	69.9658769092407	-0.275893312261747	3.41006804404969	-0.0809055152852916	NA	NA	CNDP2	Promoter
chr18	74554702	74555366	36.8002832217988	5.18512603228661	3.61707503506194	1.43351353843225	NA	NA	CNDP1	Intron
chr18	75004151	75004658	36.8185712370364	5.82594287776203	3.84821560347196	1.513933593665	NA	NA	NA	NA
chr18	75073004	75073369	38.9869378893107	21.0301054611641	4.12883524069191	5.09347170211614	NA	NA	LOC105376874	Intergenic
chr18	75578027	75578324	85.5367546627585	0.184859174247045	3.93419114361372	0.0469878476919259	NA	NA	LOC105372202	Intergenic
chr18	75818637	75819071	17.396681818738	-4.76474790047955	4.15478296575789	-1.14681030026087	NA	NA	LINC01898	Intergenic
chr18	76156983	76157636	40.0849950421615	21.0699988108387	4.24856335295047	4.95932320185512	NA	NA	LOC339298	Intergenic
chr18	76179061	76179933	9.33431727987926	-2.22773976337659	4.21768571937953	-0.528190081385277	NA	NA	LINC01893	Intron
chr18	76466606	76466979	94.091771503539	6.88742702326757	3.00341728721894	2.29319683700865	NA	NA	ZNF516-AS1	Intron
chr18	76553360	76553957	31.9043215552945	-6.22076963436248	3.61227262430917	-1.72212074816811	NA	NA	LINC00683	Intron
chr18	76989383	76989991	20.1761686629665	-7.30276468681689	3.82832271113469	-1.90756245955357	NA	NA	MBP-AS1	UTR
chr18	77170226	77171100	26.4722435501738	5.41539827048068	3.62792195104503	1.49269977236439	NA	NA	MBP	Intron
chr18	77756193	77756609	76.9097582537585	7.2511359768665	3.26118289945734	2.22346804837995	NA	NA	LOC107985129	Intergenic
chr18	78558582	78558768	61.3935039179711	-8.5219674805201	3.4724001302492	-2.45420088724294	NA	NA	LOC105372221	Intergenic
chr18	78771766	78772130	63.1695830906158	-7.22269192660552	3.30545138811215	-2.18508490325451	NA	NA	LOC124904330	Intergenic
chr18	79181811	79182358	19.3030901130096	-6.78740433741948	3.46539543676967	-1.9586233263314	0.0501569157471066	0.108473329749723	LOC124904331	Intron
chr18	79264930	79265610	31.131675206411	0	4.4073563238795	0	NA	NA	LOC124904332	Intron
chr18	79346793	79347220	60.0081842480081	-7.22058661307948	3.95582126914596	-1.82530658536005	NA	NA	NA	NA
chr18	79462642	79463191	65.0552627968503	-1.30298397956398	2.9023249064938	-0.448944905047889	0.6534714014261	1	LOC101927897	Promoter
chr19	427923	429028	44.13341548626	-8.43730874417505	3.65417823461992	-2.30894833323658	NA	NA	C2CD4C	Intron
chr19	621715	622347	15.5896988116686	5.68820233225821	4.18062673486036	1.36060994989743	NA	NA	LOC105372234	Exon
chr19	774363	775264	110.28208437902	-5.27670991009503	2.86658044314838	-1.8407681259067	NA	NA	LINC01836	Intron
chr19	1395464	1396675	60.5971247729845	1.24852840086965	2.77836055097514	0.449375945980604	0.653160480334775	1	GAMT	UTR
chr19	1562963	1563335	97.7634819253962	8.30544762502785	3.53568661820982	2.34903387145579	NA	NA	MEX3D	Intron
chr19	1853570	1854169	31.325145682755	7.05640463652706	3.71365782002719	1.90012246106061	NA	NA	REXO1	UTR
chr19	2587394	2588056	21.5458561247354	8.12157744687727	3.75668529310808	2.16189987002023	0.0306258950318188	0.0779881946725752	MIR7850	Intron
chr19	2775763	2776013	95.1428713505281	1.29907699824401	3.29583649517318	0.394156991752029	NA	NA	SGTA	Intron
chr19	3750670	3751253	35.7344859272919	0.909765306592546	4.00847409590191	0.226960505376011	NA	NA	APBA3	UTR
chr19	3839601	3840589	24.1373221257262	-7.05650683372228	3.28327729224204	-2.14922658235291	0.031616443068853	0.0789537694316107	ZFR2	Intron
chr19	4375296	4375551	85.9934830481933	-1.50323964015416	3.31271173509802	-0.453779187674983	NA	NA	SH3GL1	Intron
chr19	4437773	4438006	57.1898029457329	-1.58843065139451	3.15630580726862	-0.503256258546473	NA	NA	MIR4746	Intron
chr19	4548693	4549151	23.152215340552	15.8449564237828	4.30734403662369	3.67859086459295	NA	NA	PLIN5	Intron
chr19	4817057	4817472	70.4517996314064	9.36524343502238	3.67251769601091	2.55008803502701	NA	NA	TICAM1	Exon
chr19	5302864	5303383	39.9285959150493	7.14602513219174	3.41823456751762	2.09056019738906	NA	NA	LOC105372253	Intron
chr19	5460035	5460552	43.3075278472965	-9.5879630491167	3.2782980453394	-2.92467704781981	NA	NA	NA	NA
chr19	5505168	5505532	92.5199973155866	-0.12624700144308	3.19885532132966	-0.0394663055253788	NA	NA	ZNRF4	Intergenic
chr19	5843512	5844042	54.3150463522086	0	4.40735632387994	0	NA	NA	FUT6	UTR
chr19	6280829	6281266	69.5328707470736	-0.819277598460826	4.29839870810575	-0.190600652497839	NA	NA	MLLT1	Promoter
chr19	6539501	6539858	78.1325460222658	8.42485037692001	2.86220351364474	2.94348404533673	0.0032454055071548	0.0365844398920166	TNFSF9	Intergenic
chr19	7121119	7121617	26.4460282860014	21.8157157295692	4.24800354594004	5.13552201490491	NA	NA	LOC124904625	Intron
chr19	7594051	7594553	8.60962224650834	-21.4855160185229	4.24929855993932	-5.0562500411432	NA	NA	CAMSAP3	Promoter
chr19	7620871	7621266	49.5974877709131	-1.64734207228883	3.59230569721367	-0.45857513562016	0.646539295382754	1	MIR6792	Exon
chr19	8215543	8216179	50.1242971605565	7.81198267693151	3.64174921652627	2.14511824193734	NA	NA	CERS4	Intron
chr19	8513520	8514211	51.3151581527324	-3.61911108801411	3.17425443619156	-1.14014524064312	NA	NA	ZNF414	Promoter
chr19	8679153	8679826	12.0781200720573	-7.04040392347711	4.2486687679006	-1.65708467948091	NA	NA	ACTL9	UTR
chr19	10363215	10363704	229.673443929924	8.18343173567875	2.78496024243301	2.93843754427513	NA	NA	TYK2	Intron
chr19	10380313	10380814	52.3934499105173	-1.82205035902995	2.66697579657787	-0.683189686748534	NA	NA	NA	NA
chr19	10654194	10654765	21.8278220067532	4.68316928693165	3.13413309318609	1.49424710045445	NA	NA	ILF3	Promoter
chr19	11256012	11256468	70.5577454192951	-7.32937485198054	3.24100785335469	-2.26144927245211	NA	NA	DOCK6	Intron
chr19	11373743	11374098	82.8955470420111	-7.56190158570534	2.45519701324401	-3.0799571459701	0.00207030381140234	0.0328342920264512	SWSAP1	Promoter
chr19	12762205	12762868	15.8435637562235	1.47614004198919	4.08668770949036	0.361206959504442	NA	NA	BEST2	Intergenic
chr19	13229868	13230672	73.9104226954106	5.78878257888849	3.00979309440194	1.92331578860199	NA	NA	IER2	UTR
chr19	13395404	13395708	17.6072447379814	-1.1253752204658	3.43426669744415	-0.327690106683714	NA	NA	CACNA1A	Intron
chr19	13829768	13830143	83.9371697647132	1.70366495521929	3.99656325613105	0.426282494742384	NA	NA	C19orf53	Exon
chr19	14423231	14423431	99.3505078342554	9.44263635083683	2.97950277307074	3.16919871200691	NA	NA	DDX39A	Intergenic
chr19	15209933	15210230	135.238919322289	8.38154593570687	2.93235743431556	2.85829614003492	NA	NA	NOTCH3	Intergenic
chr19	15388998	15389193	28.4260322970174	0.276712127693304	3.59187787519118	0.0770382895266381	NA	NA	AKAP8	Intron
chr19	15702677	15703194	46.6547603850067	1.1848081932088	3.5582340597745	0.332976463410024	0.739152049826186	1	OR10H2	Intergenic
chr19	15820852	15821257	70.6586196385941	7.8242363483052	3.41295427511067	2.29251133112572	NA	NA	OR10H1	Intergenic
chr19	15920095	15920744	43.2109180406753	4.22550171658249	3.38690864388551	1.24759837387729	NA	NA	CYP4F11	Intron
chr19	17333651	17334341	19.6635757767288	-15.2966105935391	4.28783363191551	-3.56744498659703	NA	NA	ANO8	Promoter
chr19	17635637	17635895	113.045687756628	8.70371839962452	3.70110992658087	2.35165087562398	NA	NA	UNC13A	Intron
chr19	18281293	18281654	7.16291883641084	2.52635264126913	3.29168654296974	0.767494902169473	NA	NA	JUND	Promoter
chr19	18522109	18522504	53.7201325045287	-5.410359783406	2.49653454130978	-2.16714797807985	0.0302235725789625	0.0771811005971245	ELL	Promoter
chr19	18842915	18843271	119.989242536288	7.54305279994886	3.34609627586938	2.25428444911946	NA	NA	UPF1	Intron
chr19	19502412	19502787	40.5652137414853	14.6271846747061	3.60936007062382	4.05257009234273	NA	NA	TSSK6	UTR
chr19	19735197	19735634	22.2845277634551	-6.52622887766385	4.11405775569763	-1.58632407836899	NA	NA	ZNF14	Promoter
chr19	20765162	20765646	18.9268383333993	0.276736022240601	3.62459379498693	0.0763495271175894	0.93914102385801	1	NA	NA
chr19	20797040	20797861	4.22024344481371	2.63478905620454	4.11755271278363	0.63989200381683	0.522242812779675	NA	ZNF626	Intron
chr19	21384139	21385034	58.3926583942921	-7.86336909539492	3.05363591479304	-2.57508403582156	NA	NA	ZNF493	UTR
chr19	21502235	21502492	41.8873772448041	1.23846215739827	3.92049405054304	0.315894410610501	0.752082654553802	1	ZNF429	Exon
chr19	22735442	22735966	28.8270621889012	6.64129392497011	3.38321280660086	1.96301394698333	NA	NA	ZNF99	Intergenic
chr19	27657966	27658550	64.8341415760388	-2.35868945797407	3.08748747868836	-0.763951100775346	NA	NA	LINC02987	Intergenic
chr19	28285982	28286420	51.9742311261356	-4.73825857129841	3.39975984988686	-1.39370390277893	NA	NA	LOC105372349	Intron
chr19	28390358	28390825	34.2863413978689	21.8508796089717	3.85929499158546	5.66188375250243	NA	NA	NA	NA
chr19	28805354	28805596	6.53126332445799	-0.685100044058757	4.40735632388357	-0.155444668802062	NA	NA	LOC100420587	Intron
chr19	30214208	30214541	68.9952300380338	-8.41937036646755	4.216347989845	-1.99683953666667	NA	NA	NA	NA
chr19	30308947	30309396	135.624510291873	8.21020339684148	3.52095464361696	2.33181174648913	NA	NA	ZNF536	Intron
chr19	30749408	30749661	45.1874242375038	-6.77535307048719	4.13451036063565	-1.6387316706217	NA	NA	LOC105372354	Intron
chr19	30784323	30784782	24.7178256746177	-21.6954251204708	4.24890350210574	-5.10612328797738	NA	NA	NA	NA
chr19	32270122	32270649	42.1548572654896	9.15102098626605	4.01958535008946	2.27660820439163	NA	NA	ZNF507	Intergenic
chr19	32502090	32502491	28.8575914640907	6.86635140860724	4.11895687312441	1.66701221209893	NA	NA	PDCD5	Intergenic
chr19	33275794	33276381	33.1247579343578	21.7800215101752	4.24798599102652	5.12714061585501	NA	NA	CEBPA	Intron
chr19	34357079	34357709	8.88944462289076	2.13937769132448	3.71719645288966	0.575535277308623	NA	NA	PDCD2L	Intron
chr19	34595085	34595498	75.9629728765026	-6.65969346626208	3.22387672494502	-2.06574073218499	NA	NA	ZNF807P	UTR
chr19	34755417	34755852	19.5438532298559	0.236985053248373	4.34203867893819	0.0545792128471608	NA	NA	ZNF181	Intergenic
chr19	34776190	34776825	79.9807956451837	-2.09484359999819	3.48587285144671	-0.600952383885368	NA	NA	ZNF599	Intergenic
chr19	35013828	35014040	55.1489741744921	1.10186932670037	2.75735686487509	0.39961070717275	NA	NA	SCN1B	Intron
chr19	35145301	35145681	43.0447352965902	-7.6590157311178	3.71495404256086	-2.06167173089392	NA	NA	FXYD7	Promoter
chr19	35854949	35855267	38.2607293140502	-22.3351537071841	3.873077588937	-5.76677156455165	NA	NA	KIRREL2	Promoter
chr19	36916078	36916311	36.9241849269048	7.4451165576786	3.02719596672255	2.45941017348117	NA	NA	ZNF829	Promoter
chr19	37217707	37218249	50.5502373593182	7.14570645928115	3.15637791168387	2.26389445726068	NA	NA	ZNF383	Promoter
chr19	38130771	38131135	64.0691938540502	8.83227148972604	3.02500388801842	2.91975541740932	NA	NA	DPF1	Exon
chr19	38234146	38234621	36.2048603177249	6.67813918116179	3.20719456784371	2.08223699557202	NA	NA	NA	NA
chr19	38686400	38686937	32.8931039026782	-15.2860978389379	4.40735632387995	-3.46831449867458	NA	NA	LOC107985291	Intron
chr19	39452258	39453285	3.96942621766957	3.21151334734709	4.13348130880213	0.77695122039339	0.437187550178725	NA	SUPT5H	Intron
chr19	40348066	40348390	50.8085474231744	1.18131356747358	3.97263316026907	0.297362862317136	NA	NA	PLD3	Promoter
chr19	40450159	40450638	45.6942777346619	-1.75343399686381	3.56922997905074	-0.491263944087501	NA	NA	SERTAD3	Exon
chr19	40474693	40475279	30.33729978803	0	3.83272962052316	0	NA	NA	SPTBN4	Intron
chr19	40502033	40502472	72.4118851187506	7.57508032182008	3.19559584188442	2.370475084031	NA	NA	NA	NA
chr19	40808298	40809018	2.89615880590629	4.38870488368814	4.27266101294216	1.02715962497246	0.304345306326077	NA	CYP2T1P	UTR
chr19	40875155	40875379	45.1055701771341	1.4371612291665	3.07482202936874	0.467396556756668	NA	NA	CYP2A7	Intron
chr19	42355923	42356802	46.0039289805492	-7.38184207218686	3.33178932343664	-2.21557888437337	NA	NA	MIR8077	UTR
chr19	42772793	42773274	4.75932799603631	-6.60771457070486	4.25082134355667	-1.55445595960431	NA	NA	PSG8	Intron
chr19	43225538	43225970	70.8033397992681	-7.21344970522961	3.73555350074313	-1.93102567097342	NA	NA	PSG4	Intron
chr19	43474122	43474395	53.427696059743	-1.38129470114066	2.554374799372	-0.540756470616704	NA	NA	LYPD3	UTR
chr19	43882548	43882836	55.7637731815707	7.9735946323075	3.40320260359455	2.34296795138955	NA	NA	ZNF404	Promoter
chr19	44023182	44023973	117.827009779029	3.43485749704148	2.99435792629726	1.14710985846937	NA	NA	ZNF222-DT	Promoter
chr19	44304659	44305092	31.6195965758529	-2.10141169291889	3.37234443680538	-0.623130801819744	NA	NA	ZNF235	Promoter
chr19	44432914	44433456	42.5481330835273	2.6397217855041	3.46278264423379	0.762312295257616	NA	NA	ZNF229	Intron
chr19	44967390	44967895	19.3382815264329	20.0011214206977	4.12728255797952	4.84607514501966	NA	NA	CLPTM1	Intron
chr19	45105467	45106064	42.645633874059	-8.41665608543585	4.14370162849688	-2.03119260024737	NA	NA	PPP1R37	Intron
chr19	45834955	45835500	76.8733806683014	0.565005368270513	3.53190784513638	0.159971718698311	0.872903352487455	1	RSPH6A	Exon
chr19	45918389	45919170	3.94118210595906	0	4.40735632392393	0	1	NA	NANOS2	Intergenic
chr19	46213676	46214543	16.8920860120658	-4.65097198256799	3.82047634779018	-1.21738012728653	NA	NA	LOC93429	Exon
chr19	46221572	46222116	37.2273564690499	-6.97787712296223	2.9716088014777	-2.34818160435261	NA	NA	IGFL1	Intergenic
chr19	46349934	46350603	118.992314277057	8.00526723054085	2.85950768996864	2.79952638652587	NA	NA	PPP5C	Promoter
chr19	48294925	48296235	47.9607186667587	-2.66145750348257	3.683989159333	-0.722439016070404	NA	NA	ZNF114-AS1	Intergenic
chr19	48554440	48554775	25.9587586962086	8.44369691542035	3.81550725619478	2.2129945898311	NA	NA	SULT2B1	Promoter
chr19	48774352	48775218	22.6206088364141	17.2214321190751	4.27060246397693	4.0325533140441	NA	NA	FGF21	Intergenic
chr19	48929913	48930243	46.1261911585168	-1.00827827939273	3.96932211494985	-0.254017751694981	NA	NA	DHDH	Intron
chr19	49129633	49130438	5.61937672484124	0.276739325124477	3.91251135456488	0.0707318906056578	0.943611139359713	NA	PPFIA3	Exon
chr19	49188699	49190165	44.8434832861158	8.42645957982954	3.67519472325269	2.29279268565444	NA	NA	TRPM4	UTR
chr19	49463883	49464528	23.0200109657914	-8.90230789245507	3.75382438989267	-2.37153019635785	0.0177145991169711	0.0593111022286735	FLT3LG	Promoter
chr19	49872485	49873112	28.697589214415	-9.00826608759586	3.53030183874357	-2.55169855130628	NA	NA	TBC1D17	Exon
chr19	50471656	50472068	42.4670627480947	7.65158207238949	3.530714917949	2.16714808479477	NA	NA	EMC10	Intron
chr19	50739886	50740596	10.9031945462604	-5.88465892901368	4.25327103707938	-1.38356076481186	NA	NA	CLEC11A	Exon
chr19	50948165	50948613	26.1768374410525	-0.608895655724322	3.60402994048802	-0.168948556415675	NA	NA	LOC105372442	Promoter
chr19	51016143	51016772	19.7303188339312	-7.72665579674377	4.10516173675024	-1.88218060389026	NA	NA	KLK10	UTR
chr19	51137485	51137800	36.4660618573998	2.26230518229746	3.99956419707183	0.565637922240064	NA	NA	LOC124904749	Promoter
chr19	53755692	53756231	16.9118347599078	-18.3739602677276	4.26802702275709	-4.30502435194478	NA	NA	MIR516A1	Promoter
chr19	54190807	54191192	46.1952367613607	2.05505595214156	2.84437670947655	0.722497813069125	NA	NA	LILRB3	UTR
chr19	55227710	55229115	72.7481169111728	3.3556017103701	3.1077108640414	1.07976638019868	NA	NA	TMEM86B	Promoter
chr19	55230530	55230952	24.8783135148793	1.53727188555027	3.65069989527202	0.421089634768711	NA	NA	MIR6804	Promoter
chr19	55958073	55958829	74.8380567788882	2.05976726935803	4.10540803404904	0.50172047510867	0.615864159699985	1	NLRP8	Intron
chr19	56162246	56162901	18.7242004169694	-22.0869992729616	4.24847193748059	-5.19881020705518	NA	NA	GALP	Intergenic
chr19	56832444	56832821	28.5287094537595	21.0861675434392	4.24839302456873	4.96332787985869	NA	NA	NA	NA
chr19	56839161	56839741	45.2498302800852	1.05410160622703	2.30808965599497	0.456698726364088	0.647887606427751	1	PEG3	Promoter
chr19	57821709	57822204	31.8696127867909	6.02556699780117	3.20123043345539	1.88226593588179	NA	NA	ZNF587B	Promoter
chr19	58033579	58034074	53.9895986249492	-8.96524368846478	3.57443617350887	-2.5081560428771	NA	NA	ZSCAN1	Promoter
chr19	58361973	58362814	28.3447402115359	0.998261947388355	2.31834186781125	0.430593072250735	NA	NA	A1BG	Promoter
chr2	840285	841089	85.3984402294245	-9.73059330965437	3.42804539812061	-2.83852521760332	NA	NA	LINC01939	Intron
chr2	2069462	2069691	72.3982757609866	-1.44547821785218	4.10838118007509	-0.351836442261613	0.724960926792475	1	LOC107985838	Intron
chr2	2546501	2547620	51.4761234779607	-7.89380492644305	4.0905812087128	-1.92975142740829	NA	NA	LOC107985839	Intergenic
chr2	3303403	3304346	69.2333150600539	8.24956746898123	3.29397764858053	2.50443941917342	0.0122645606645048	0.0490582426580192	EIPR1	Intron
chr2	4220769	4221360	19.2391238226616	-8.32301709074146	4.07153639588303	-2.04419567491951	NA	NA	LOC107985841	Intergenic
chr2	4501525	4501889	35.6145082913594	-0.462513536832629	2.7501970990987	-0.16817468718304	NA	NA	LINC01249	Intron
chr2	7234003	7234355	3.52161247435954	5.23604880953861	4.26129789546903	1.22874507673027	0.219167399764157	NA	LOC105373406	Intron
chr2	7882089	7883036	68.4451970948058	-6.80272939353053	2.70608976673478	-2.51385947249593	NA	NA	LOC105373409	Exon
chr2	8509824	8510502	11.64969584561	-7.05402566173913	4.18523591596827	-1.68545472785066	NA	NA	LINC00299	Intron
chr2	8538288	8538497	55.2486053125183	0.925571399530302	3.11490002583299	0.297143212255355	NA	NA	NA	NA
chr2	9135443	9135900	40.2048258046908	-0.685109351582008	3.69644160506209	-0.185342939177988	NA	NA	LOC105373417	Intron
chr2	9592352	9593495	70.3738794176382	6.75535155609976	3.62410809583721	1.86400388108159	NA	NA	ADAM17	Intron
chr2	10532778	10533314	45.359881204163	-1.29751218391618	3.06624561173025	-0.423159899178463	NA	NA	ODC1-DT	Intergenic
chr2	10621705	10622432	56.4853919142037	21.1165074242992	4.24829418463508	4.97058501755171	NA	NA	NOL10	UTR
chr2	10747481	10748026	45.2913470043446	6.19719212971284	2.99025720370223	2.07246123244519	0.0382224480389975	0.0898471085211923	LOC105373428	Intron
chr2	10750138	10750647	69.5581077809917	-8.6039816248144	2.70882789238701	-3.17627474561796	0.00149179592588282	0.0328342920264512	NA	NA
chr2	10863124	10863689	20.9168331497073	-8.76781999087101	3.71569654741534	-2.35967062406374	0.0182911672636793	0.0599246909034617	LOC124905973	Intron
chr2	11616140	11617736	68.2743397023013	7.92112172404568	3.78376805921187	2.09344801269229	NA	NA	NTSR2	Exon
chr2	14146640	14147123	26.3289577679178	-2.21547199132615	3.98824016919577	-0.555501147708689	NA	NA	LINC00276	Intron
chr2	14571032	14571633	17.9712445260215	8.63408779551587	4.24839091771964	2.03231952114009	NA	NA	NA	NA
chr2	14745712	14746346	53.1112782973974	7.99649701100057	3.37144516219571	2.37183066201578	0.0177002008464019	0.0593111022286735	LRATD1	Intron
chr2	15135169	15135720	67.7687739804335	-7.7288852515384	4.11409167278871	-1.87863710054361	NA	NA	NA	NA
chr2	15340170	15340872	14.1336888643054	1.23841968953389	4.23239203977031	0.292605145718283	0.769823980126598	1	NBAS	Intron
chr2	15654046	15654543	42.5299396048545	13.5967458590883	4.40735632387847	3.0850117076813	NA	NA	LOC124905976	Intergenic
chr2	16413758	16414107	153.336824095854	-4.29588495095148	2.71695206400176	-1.58114123832724	0.113845747488755	0.222281977818216	LOC107985855	Intron
chr2	16442995	16443409	78.2005516250489	1.14684126111927	2.8830999290828	0.397780614383393	0.690791908147323	1	LOC105373444	Intron
chr2	17645280	17645941	49.8901321896452	-0.685059438194117	3.37406628602976	-0.203036745611842	0.839106311479861	1	LOC124908054	Promoter
chr2	19079415	19079803	95.151070817368	7.72459764243918	3.03226732783806	2.54746590827354	NA	NA	NA	NA
chr2	19250549	19251043	6.88831744870469	-2.21151615222239	4.10166321047325	-0.539175460963122	NA	NA	LINC01376	Intron
chr2	19319184	19319696	55.8381549909395	0.186342438475452	3.82429367469769	0.0487259751279908	NA	NA	NA	NA
chr2	19981435	19981807	35.9337016208643	-20.9019943044367	4.25053204310718	-4.91750070166679	NA	NA	WDR35	Intron
chr2	20071728	20072285	21.8893306974153	4.73908883198269	4.13184166694609	1.14696767543017	NA	NA	LAPTM4A-DT	Exon
chr2	20230127	20230599	37.4246751603874	1.0215312120759	3.55173138341724	0.287614997250453	0.773641463614454	1	SDC1	Intergenic
chr2	20623392	20624233	62.677870378396	4.37292226211136	2.71539837628505	1.61041646791215	NA	NA	LOC105373466	UTR
chr2	20712894	20713611	29.8909761124733	22.2530833460513	4.23498801551643	5.25458000459953	NA	NA	GDF7	Intron
chr2	21272471	21273159	7.99664351085425	1.88239266178327	4.09462932036265	0.459722361783058	NA	NA	LOC105374318	Intron
chr2	22948490	22948999	72.5939666636881	7.2997169065358	3.79293721537742	1.92455516451501	NA	NA	LOC107985858	Exon
chr2	23306959	23307934	38.3025835581433	-4.65770425476792	3.11131261636009	-1.49702226329701	0.134387465190665	0.261260792542711	LOC102723389	Intergenic
chr2	23372158	23374182	87.3496504053849	7.57947312333796	2.87235290081807	2.63876807100523	NA	NA	LINC02923	Intergenic
chr2	23548556	23549633	2.82405820830812	-0.390581704643143	4.10978044895115	-0.0950371216892675	0.924285341504759	NA	LOC105374325	Intron
chr2	24090035	24090560	27.5150488094751	-22.3987762497162	4.13906967063991	-5.41154849569209	NA	NA	TP53I3	Intron
chr2	24260873	24261185	60.8233508365208	1.03838338967327	3.05833136317621	0.339526122700733	NA	NA	LOC124900541	Exon
chr2	24615439	24615857	93.1103973571275	-9.08670711326182	3.70712008214109	-2.45114992552755	NA	NA	NCOA1	Intron
chr2	24916256	24916712	29.0058950371798	5.83450164060453	4.25213550691417	1.37213445599684	NA	NA	ADCY3	Intron
chr2	25199446	25199926	23.6177675084869	-4.83651775556339	3.40205388705391	-1.42164642775594	NA	NA	LINC01381	Intergenic
chr2	25300367	25300570	64.2842213530427	0.618875224029216	2.74113513860113	0.225773335766672	NA	NA	NA	NA
chr2	25316288	25316664	114.043286811351	-0.88965011081661	3.77686265548532	-0.235552677438384	NA	NA	MIR1301	Intron
chr2	25609730	25610308	29.9695156970807	2.12973193718671	3.65288298499425	0.583027692355731	0.559874658309808	0.985953956074378	DTNB	Intron
chr2	25614413	25615072	14.2188847280655	5.42970572065924	4.18929908963516	1.29608929906509	NA	NA	NA	NA
chr2	26649100	26649784	13.287468180999	8.39769422595582	4.24863217709184	1.97656419193812	0.0480909130805983	0.106034598597222	CIB4	Intergenic
chr2	27200599	27201002	75.4374531522862	9.68457093519014	3.27475162386742	2.95734518141954	NA	NA	ATRAID	Exon
chr2	27522013	27522436	29.9940999854523	-21.4102326862571	4.0924569683809	-5.23163294120784	NA	NA	SPATA31H1	Intron
chr2	28320224	28320714	36.5523264249194	-7.65700549028778	3.31517185767964	-2.3096858380208	NA	NA	BABAM2-AS2	Intron
chr2	28351805	28352436	66.594209405974	-1.37257387443175	3.52751451618618	-0.389105095991419	NA	NA	LOC105374383	Exon
chr2	29021927	29022327	56.2031352865904	7.6287263271593	3.45601280790802	2.20737790950986	NA	NA	PCARE	Exon
chr2	29556754	29557316	32.344627348457	-8.13995786039617	4.17411678449705	-1.95010304709934	NA	NA	LOC105374389	Intron
chr2	29749816	29750388	52.2524517821606	6.96876264073547	3.62992832663332	1.91980722859034	NA	NA	NA	NA
chr2	29766937	29767514	8.24852027247601	7.37751380798369	4.25027264293543	1.73577424974047	NA	NA	LOC124907748	Intron
chr2	30985051	30986548	50.0707317215132	5.54949397202989	3.65661515714167	1.51765874546335	NA	NA	NA	NA
chr2	30986952	30987831	42.5887591933832	8.09908625645709	2.99109709429491	2.70773097667239	NA	NA	LOC124907750	Exon
chr2	33461791	33462014	50.0706984533552	1.63312801460125	2.75016979079715	0.593828068385507	NA	NA	RASGRP3	Intron
chr2	34645660	34646143	49.2944465568739	-0.926899785100834	2.5246079231601	-0.367146033488089	NA	NA	LOC124907752	Intron
chr2	35055096	35055741	16.3379317836967	-6.35003226221431	3.89778159097725	-1.62914009263978	NA	NA	LOC105374461	Intron
chr2	35608754	35609074	75.2824539903999	0.614494756382395	2.96261139640538	0.20741659102776	NA	NA	LOC107985866	Intergenic
chr2	36457255	36457874	10.2088948542118	-7.74065013580912	4.24877208414626	-1.82185581681172	0.0684768658617428	0.139736087446988	LOC124907753	Intron
chr2	37888221	37888619	26.1834402963286	-7.9491333013525	4.08675939448644	-1.94509451965214	NA	NA	PIRAT1	Intron
chr2	38104579	38106004	37.4374971266956	0	4.20049001934296	0	NA	NA	CYP1B1	Exon
chr2	38514755	38515461	19.6137501698627	-2.74628336835738	4.09017769032865	-0.671433755763484	NA	NA	LINC02613	Exon
chr2	38886335	38886835	40.7398454406014	8.97562821306886	4.15006546751437	2.16276786073081	NA	NA	ARHGEF33	Intron
chr2	39286320	39287378	60.9278023584157	0.250788341312883	2.86999463812303	0.0873828605745751	NA	NA	CDKL4	Exon
chr2	39356508	39356956	90.6157136487743	7.06712991761883	3.65209948042113	1.93508691521292	NA	NA	MAP4K3-DT	Intron
chr2	39943697	39943930	69.6758724798434	7.14596145699509	3.05891590300457	2.33610915879579	NA	NA	SLC8A1-AS1	Intron
chr2	41041220	41041863	99.3971094930589	9.87789954956097	3.69830633537572	2.67092518947797	0.00756425032332471	0.0428922868697844	LOC105374497	Intron
chr2	41933829	41934461	52.1617352013387	6.22388584503774	4.14489338757577	1.50157923571537	NA	NA	LINC01914	Promoter
chr2	42000368	42001313	11.2674685998008	1.14284593549294	3.82319295319573	0.298924472158187	NA	NA	LOC105374517	Intron
chr2	43073882	43074295	41.5766203920742	0.481709053747949	3.67310283695379	0.131144995152775	NA	NA	LOC124907756	Promoter
chr2	43318777	43319272	29.4659048498061	-22.8197610484266	4.24788489387341	-5.37202904940734	NA	NA	LINC01126	Intron
chr2	43754034	43754469	52.5932319561901	13.4485788351078	4.02747263446439	3.33921048153721	NA	NA	DYNC2LI1	Intron
chr2	44840691	44841044	92.1140685503352	1.61934320662919	2.95549190960548	0.547909876310694	NA	NA	LOC105374573	Intergenic
chr2	45766161	45766575	70.374916620378	7.40361373491311	3.41600765057284	2.1673293775181	NA	NA	NA	NA
chr2	45804311	45804939	25.6032454227245	8.33994716115181	4.0451701852438	2.06170489231201	NA	NA	PRKCE-AS1	Intron
chr2	47014611	47014893	15.0715200375401	0	4.30568901612183	0	1	1	MCFD2	Intron
chr2	47203808	47204255	38.67987030037	-8.2877350290805	3.84591393719316	-2.15494552515366	NA	NA	CALM2	Intron
chr2	47262806	47263347	19.9260562945461	2.17093031305111	3.67760768983269	0.590310467060689	0.554982523259179	0.983733727502545	LOC107985882	Promoter
chr2	47674331	47674747	85.3523576590252	-17.4166956350642	4.24989082965577	-4.09815130156529	NA	NA	LOC105374589	Intergenic
chr2	48164851	48165260	11.8724417159192	-6.37227576827139	4.17072792748665	-1.52785697822093	NA	NA	LOC102724008	Exon
chr2	48219738	48220141	72.1071761487916	7.74197906074062	3.7488574453688	2.0651569641051	NA	NA	NA	NA
chr2	49481113	49481733	14.5689662461113	-4.45559920327712	3.57387369890356	-1.2467142318555	NA	NA	LOC107985810	Intron
chr2	49636105	49636824	7.87500522610121	6.31854054392493	4.25377640226739	1.48539555124641	0.137439073453852	0.266620005155112	LOC124906005	Exon
chr2	51071079	51071636	53.04152952639	1.77506514318023	3.15665732862815	0.5623243065004	0.573895080570702	1	NRXN1	Intron
chr2	52025880	52026334	44.8261685653306	1.78336060749252	3.96069068074677	0.450265055072736	NA	NA	LOC105374597	Intron
chr2	52536385	52536732	24.2118069429278	-22.96178847123	4.24781010992544	-5.40555907091457	NA	NA	NA	NA
chr2	52550484	52550852	44.4670962431804	0.948954927395153	3.73243403353023	0.254245599217626	NA	NA	LOC105374598	Intergenic
chr2	54465951	54466147	63.2686238708777	0.652748224247864	2.37124340533077	0.275276769470576	NA	NA	SPTBN1	Intron
chr2	54830884	54831468	31.3610997533702	17.8149869088186	4.0482866011081	4.40062393407182	NA	NA	EML6-AS1	Intron
chr2	54991975	54992428	20.3972067804281	5.86365811433578	3.66967505618012	1.5978684827859	NA	NA	NA	NA
chr2	54993635	54993866	50.7286136566244	-22.9822662364451	3.86778025474084	-5.94197827249238	NA	NA	LOC105374662	Intron
chr2	55197188	55197445	27.2590822369776	1.33301991976154	4.09766083511822	0.325312409542818	NA	NA	RPS27A	Intron
chr2	55206037	55206641	23.4353233604926	-4.30743984280958	3.83615512107714	-1.12285340578201	NA	NA	NA	NA
chr2	55588598	55588909	78.5709047021071	-7.49150626755159	3.69302451869316	-2.02855578933513	NA	NA	LOC124900537	Exon
chr2	56021971	56022245	56.3894911448528	-1.95633546993645	2.97922081633977	-0.65666011032374	NA	NA	MIR216B	Intron
chr2	57012933	57013737	13.1955091143331	0	4.40735632387971	0	NA	NA	LOC101927213	Intergenic
chr2	57019935	57020527	29.2486892511753	-8.281062764926	3.58851060992524	-2.307660103337	NA	NA	NA	NA
chr2	57445603	57446260	29.8039566830517	17.769530813727	4.05625030321757	4.38077768515212	NA	NA	LOC124900539	Intron
chr2	58438120	58438458	51.5865614775975	0.0794390763957695	4.08200198904548	0.0194608127602469	NA	NA	LOC124907771	Intron
chr2	58806796	58807574	21.4390161775842	19.8795739127362	4.12247001636377	4.82224827198888	NA	NA	LINC01793	Intron
chr2	59435235	59435713	32.8512191693224	-1.62683230142461	2.77620789820114	-0.585990805111796	NA	NA	NA	NA
chr2	59972013	59972334	25.6299550270852	0.237814467802725	4.16937963055052	0.0570383339670425	NA	NA	LOC105374754	Intron
chr2	60402140	60402602	92.0912626907421	0.19656430014075	3.8670406169133	0.0508306789644348	NA	NA	MIR4432	Exon
chr2	61431728	61432228	25.4647505762917	-7.29645909355283	3.84462197371376	-1.89783524711656	NA	NA	SNORA70B	Intron
chr2	61720028	61720701	25.7161288505007	-22.8565440628211	3.82355691307348	-5.97782237389228	NA	NA	LOC107985767	Intron
chr2	62293374	62293685	68.669677880186	0.877990449004839	3.53353503990978	0.248473678366935	NA	NA	LOC105374764	Exon
chr2	62476060	62476583	46.0718265592461	8.31153484488289	3.61278479598654	2.30058952144513	NA	NA	TMEM17	Intron
chr2	67204164	67204638	39.3393682719413	-18.0168011300973	3.77867946727398	-4.76801519846694	NA	NA	LOC101927661	Intron
chr2	67555963	67556236	55.5640079196794	5.91004084213784	3.61757225237904	1.63370360833877	NA	NA	LOC124906017	Intron
chr2	67812086	67812513	21.2446755606399	7.13159297729639	3.22907031129392	2.20855921048021	0.0272053151224988	0.0726591113544869	LINC01812	Intron
chr2	68441029	68441359	61.5271270153422	5.79985269782395	2.95199542549133	1.96472279317933	NA	NA	FBXO48	Intergenic
chr2	69037835	69038035	63.2001070889963	-8.48799634192169	3.34812772790102	-2.53514711257534	NA	NA	ANTXR1	Intron
chr2	70894104	70894682	10.0946410896277	-6.02259858439841	4.25270450189626	-1.41618082839119	NA	NA	VAX2	Intron
chr2	70958974	70959487	30.4199091123692	2.49663540838826	3.68534460531204	0.677449648749163	NA	NA	ANKRD53	UTR
chr2	71789457	71789782	115.94810652616	7.50361776947524	2.72767204949064	2.75092373032032	NA	NA	LOC124907827	Intergenic
chr2	73021263	73021687	53.1470095160572	22.3377338671384	3.60518317155232	6.19600525249324	NA	NA	LOC105374800	Intron
chr2	73234273	73234763	51.8427839341805	0.291521781199171	2.70425192727272	0.107801265946836	0.914153338663655	1	CCT7	Promoter
chr2	73402012	73402639	5.46254768674192	4.73346948970928	4.26722708271002	1.10926121295217	NA	NA	ALMS1	Intron
chr2	73612855	73613513	81.5426424192008	-2.03030093567975	3.08988825078754	-0.657079082119646	0.511130068250257	0.924123163396464	LOC124905592	Intron
chr2	74270797	74271404	89.5328739688293	8.20942674882298	2.92561802530258	2.80604873152364	0.00501531068656581	0.0379252716199222	MTHFD2	Intron
chr2	75352430	75352627	60.3845996110555	2.37022964486445	3.27028266901321	0.724778217896272	NA	NA	LOC105374810	Intron
chr2	75724929	75725491	25.8496586594633	-5.12638705987333	3.26266456492063	-1.57122712368013	NA	NA	GCFC2	Exon
chr2	76635189	76635667	10.9474193327522	3.07292388248373	4.09836196197309	0.749793188350869	NA	NA	LOC105374814	Intron
chr2	77557337	77557804	5.71257205497386	-5.46994688491355	4.25533953312404	-1.28543136037321	0.198641588287733	NA	LRRTM4	Intron
chr2	77830820	77831441	23.3175705684147	3.73009781587788	3.90224491609767	0.955885111283088	NA	NA	LINC01851	Intron
chr2	78699393	78699935	47.0758694934466	-8.0061817956044	3.52531529923978	-2.27105410892776	NA	NA	NA	NA
chr2	78778046	78778414	58.3369777882641	5.30115411279819	3.57956417556976	1.48094959408135	NA	NA	NA	NA
chr2	78864405	78864870	13.8886578719658	8.4617506758714	4.24856286637696	1.99167364165364	0.0464068775728472	0.103841131994688	LOC105374821	Intergenic
chr2	79230527	79231123	46.4992287156955	-15.275625904012	4.26806986270365	-3.57904776524335	NA	NA	CTNNA2	Intron
chr2	79632485	79632991	66.7310628071385	2.67377682421872	3.55692292516845	0.751710644416648	0.452225087754088	0.830917640914016	MIR4264	Intron
chr2	80493366	80493873	33.7000203091619	-7.62370052305407	3.14942634965058	-2.42066321820795	0.0154922227059272	0.0553556099848151	LRRTM1	Intron
chr2	80992021	80992483	4.94336027159366	-2.60272216875671	4.11618450184608	-0.632314262781324	NA	NA	LINC01815	Intergenic
chr2	81048006	81048507	59.9724172803883	-5.70262959647971	3.81290994233327	-1.49561088059427	NA	NA	NA	NA
chr2	81718023	81718634	87.834122201419	8.08024546772389	3.21217756888228	2.51550398271897	NA	NA	LOC105374828	Intron
chr2	82517119	82517615	29.7767580956987	-21.7526326541464	4.24884799105357	-5.11965424509161	NA	NA	LOC124906132	Intron
chr2	82637487	82637966	54.5260461976553	1.38991864812983	3.96639748014842	0.35042343967953	NA	NA	LOC105374831	Intergenic
chr2	84262653	84262982	64.1547441425266	-4.94299124236949	3.38573041610922	-1.4599482637043	NA	NA	NA	NA
chr2	84287940	84288328	80.2138688032459	-2.11665522668013	3.42021895080483	-0.618865416841822	NA	NA	NA	NA
chr2	84290252	84290625	34.7483652372851	8.31471973932236	4.13373222373434	2.01143162868227	NA	NA	FUNDC2P2	Promoter
chr2	84295942	84296394	74.3762657237672	-7.16500633891363	3.76784501658725	-1.90161917684273	0.0572209590257755	0.120899556565956	NA	NA
chr2	85369562	85369913	61.3326886180305	-8.36228541716771	4.19696392270038	-1.99246063849587	NA	NA	ELMOD3	UTR
chr2	85418598	85419085	62.4485548802413	0.980513268771045	2.90554561227655	0.337462700509043	NA	NA	SH2D6	Promoter
chr2	85538976	85539463	81.1295324211158	-2.92128632407823	2.22068840635277	-1.31548681738566	0.188346344893315	0.360731135134653	PARTICL	Promoter
chr2	85943461	85943985	32.6886198534439	-23.3793287103625	3.95534787039175	-5.91081479466607	NA	NA	LOC124906031	Intergenic
chr2	86224394	86224885	80.3896706649222	-0.126376899209537	2.95998866260914	-0.0426950619122101	NA	NA	MRPL35	Exon
chr2	88891438	88891751	78.1117727220889	-7.54635230921333	3.25849301167709	-2.31590256053039	0.020563589497473	0.0629415261298177	MALLP2	Intergenic
chr2	88899792	88900327	15.175078399015	-6.78838934707663	4.25037802609443	-1.59712602159162	NA	NA	NA	NA
chr2	90234090	90234751	1.74437647855704	0	4.40735632389438	0	1	NA	KMT2CP4	Intergenic
chr2	95195713	95196175	41.0494807867361	9.00799828796577	4.06681676916118	2.21499978958328	NA	NA	ZNF892	Intergenic
chr2	95343769	95344381	11.1936734505585	16.9680054208725	4.27125579332749	3.97260343137953	NA	NA	KCNIP3	Intron
chr2	96125117	96125824	80.6852875756925	1.90105099841436	3.0432390178106	0.62468014746408	NA	NA	ADRA2B	Intron
chr2	96696139	96696421	47.2616051837329	7.47443431192946	3.64126183621846	2.05270443272814	NA	NA	LMAN2L	Intron
chr2	96802903	96803386	32.3127154147436	-23.0770910801038	3.83653566101401	-6.01508577506731	NA	NA	MIR3127	Intron
chr2	99380242	99380805	24.6930232436803	2.37541865740585	3.54072613895797	0.670884605072826	NA	NA	TXNDC9	Intron
chr2	100112017	100112719	50.7235681221976	-5.66246808757253	3.51226323653765	-1.61219923058914	NA	NA	AFF3	UTR
chr2	100953794	100954105	67.4139380018809	-5.08822104442121	2.95874987937655	-1.71971989923439	NA	NA	NPAS2-AS1	Intron
chr2	101443503	101443971	24.7434063203826	5.84580013512384	3.90507708423408	1.49697432573739	NA	NA	LINC01870	Intron
chr2	102252054	102253096	70.4063920107142	-7.58459291961764	3.84828453581498	-1.97090231998955	NA	NA	CFAP144P2	Promoter
chr2	104508781	104509281	127.758386563782	21.670025909879	3.29218529419665	6.58226192434497	NA	NA	LINC01103	Promoter
chr2	104575342	104575558	46.334877864559	-0.107650687761799	2.67358573647966	-0.0402645354861685	NA	NA	LOC105373524	Intron
chr2	104782853	104783226	37.665395338095	8.16021552269024	3.53429394579274	2.30886724416464	0.0209509491448885	0.0631053267351674	LOC124900520	Intron
chr2	105365829	105366632	15.8998601482231	0	4.4073563239228	0	1	1	C2orf49	Intron
chr2	106900291	106900885	1.49225789397232	0	4.40735632392641	0	1	NA	ST6GAL2	Intergenic
chr2	107274882	107275233	47.0309573375942	-0.685072253656916	3.87352401589747	-0.176860205550627	0.859618197166931	1	LINC01789	Intron
chr2	107820867	107821553	21.2573624095981	-8.79379948016709	4.12608697366375	-2.13126856905749	0.0330670228933579	0.0814511953558461	RGPD4-DT	Intron
chr2	108088684	108089394	35.0388789191201	0.911107865800107	3.58350445227301	0.254250518712818	NA	NA	LINC01593	Intergenic
chr2	108883072	108883777	41.689163403531	7.14102908280564	2.66504563866817	2.67951474421064	0.00737289561508542	0.0427249848463924	CCDC138	Exon
chr2	108927101	108927512	42.8333024120999	-6.3681085519176	3.61769425368191	-1.76026720484642	NA	NA	EDAR	Intron
chr2	109394240	109394674	115.587774728831	-0.516342803147627	2.59338433257733	-0.1990999932642	0.842184526497548	1	MIR4266	Intron
chr2	111006835	111007210	42.6537161718923	0.219889692159352	2.91118330280834	0.0755327539654511	NA	NA	ACOXL-AS1	Intron
chr2	112339189	112339694	40.7338403519173	-0.511710331138743	3.71866756345558	-0.137605828541241	NA	NA	ZC3H6	UTR
chr2	112633607	112633994	63.5385050816485	-6.74839086288068	3.21274028321752	-2.10050930606885	NA	NA	LOC107985934	Intron
chr2	113196670	113197462	171.408816400846	0.0607754791969821	2.94898204423651	0.0206089688866576	NA	NA	PAX8-AS1	Exon
chr2	114652300	114652638	21.3549035258614	-22.4695034951889	4.24808742357058	-5.28932228901799	NA	NA	DPP10-AS3	Intron
chr2	115238893	115239460	88.686968429259	-7.70654465050153	2.99852194850506	-2.57011447067903	0.0101664915339614	0.0456693379356607	DPP10-AS1	Intron
chr2	116142829	116143157	39.3596517322555	2.81998619254222	3.87468333824846	0.727797847298919	NA	NA	LOC105373576	Intergenic
chr2	117438747	117439752	36.1556989540925	4.69020652020306	2.86962656827186	1.63443096466297	NA	NA	LOC124907878	Intergenic
chr2	118484959	118485167	94.8848851008462	-0.274410152974742	3.21294877759662	-0.0854075716638125	NA	NA	LOC105373579	Intron
chr2	118495328	118496182	43.6498769546788	-0.662343460909094	3.47445857886847	-0.190632136165745	NA	NA	NA	NA
chr2	119187612	119187966	52.206304228666	7.53705491021899	3.73471995636958	2.01810443574611	0.0435803858179497	0.0999915451254479	C1QL2	Intron
chr2	119473318	119474495	48.2400914198612	-7.0685158035007	4.24979152753256	-1.66326177594991	NA	NA	SCTR-AS1	Promoter
chr2	121863531	121863842	65.4886620956411	-6.54652942507314	4.24920633278953	-1.54064757330234	NA	NA	LOC105373595	Intergenic
chr2	122274611	122274874	3.51687625897473	-1.82865516129781	4.13205959616506	-0.44255294938025	0.65808912339428	NA	LOC105373592	Intron
chr2	122363633	122364334	14.4793379202392	6.49783543906822	4.25010686925875	1.52886401188342	NA	NA	LOC105373593	Intron
chr2	122937467	122938288	13.5506004547367	20.1260080144645	4.25007066726386	4.73545255835036	NA	NA	LOC105373596	Intergenic
chr2	123302875	123303123	98.9765340307736	-6.27665608132885	3.05612268972399	-2.05379715363971	NA	NA	LINC01826	Intron
chr2	123784297	123784547	39.7837613352903	-21.0616825493254	3.82642392294967	-5.50427317344638	NA	NA	CNTNAP5-DT	Intron
chr2	124615757	124616240	44.5877349568211	3.49800065902316	3.78521572373505	0.924121876882493	NA	NA	CNTNAP5	Intron
chr2	127183101	127183483	52.9665470337645	-6.63642217778751	3.63246682272816	-1.8269739275425	NA	NA	LOC124907883	Intergenic
chr2	127198568	127199270	35.416223245108	-6.93902659076929	3.839528315829	-1.80726016843324	NA	NA	NA	NA
chr2	128033166	128033807	111.63405863267	2.36345539130869	3.25827622547977	0.725369866687923	NA	NA	SAP130	Intergenic
chr2	128268850	128269429	62.3200535453715	9.65639203244569	3.05175377113202	3.16421073147843	0.00155504157151634	0.0328342920264512	NA	NA
chr2	128278718	128279052	25.9729427081602	16.2597886057296	4.28583097001359	3.79384738210476	NA	NA	NA	NA
chr2	128314114	128315001	15.7209174237701	-4.02995989867769	3.96938191644036	-1.01526131360312	NA	NA	HS6ST1	Intron
chr2	128631051	128631752	64.1891941213884	-9.4277492259164	3.6877920439904	-2.55647528750429	0.0105738581475887	0.045735730935025	LOC105373611	Intron
chr2	130135124	130135649	121.783529511679	-8.48588735921029	3.2196345908039	-2.63566784362677	NA	NA	POTEF	Exon
chr2	131317379	131317801	54.371476538564	-9.330700850111	4.24738391367677	-2.19681127012459	NA	NA	LOC440910	Intron
chr2	131608477	131609003	40.5515313183347	6.3250634624113	3.5779054359679	1.76781180375166	NA	NA	LINC01087	Intron
chr2	132161948	132162450	29.9970058177498	-5.66730791595642	3.42402972797486	-1.65515733396052	NA	NA	MIR663B	UTR
chr2	132934133	132934853	19.5443390916407	5.9363470775296	3.87501528732806	1.53195449239709	NA	NA	NA	NA
chr2	133014488	133014959	36.3639572091664	21.9423676500051	3.82755078922258	5.73274369390192	NA	NA	NCKAP5-AS1	Intron
chr2	134555863	134556179	41.0715172114203	0.302094338916089	3.69846704074276	0.0816809601351535	NA	NA	LOC124906076	Intron
chr2	134918168	134918906	15.7607378882804	-0.29722640656762	2.97789593602408	-0.0998108775300118	NA	NA	CCNT2-AS1	Promoter
chr2	135432805	135433181	33.8218269849863	-5.93895923651831	3.85273458328959	-1.54149192168006	NA	NA	ZRANB3	Intron
chr2	136287144	136287586	32.5503208452292	1.10357298336896	3.31983416199251	0.33241810570038	NA	NA	CXCR4	Intergenic
chr2	136693047	136694344	64.700425393308	-8.70984165791319	3.18642801470513	-2.73341861724725	NA	NA	THSD7B	Intergenic
chr2	137723927	137724233	113.990117633155	0.277682768353043	2.80891042615134	0.0988578225093184	NA	NA	HNMT	Intergenic
chr2	138325070	138325453	152.988747881663	8.86229916926088	3.15540631225064	2.80860792312344	NA	NA	SPOPL-DT	Intron
chr2	138541933	138542261	79.9868308603636	0.206343672830281	3.45333695406237	0.0597519661634948	NA	NA	LINC02631	Intron
chr2	138649941	138650396	96.6785386685618	3.69383139056819	3.53141550465987	1.04599172362867	NA	NA	LOC124905958	Intergenic
chr2	139267928	139268479	37.8255076437396	-0.68507273582503	4.16325703737758	-0.164552111405678	0.869296526816181	1	LOC105373641	Intron
chr2	139444137	139444508	31.2947852828532	-7.58827856236152	3.90107598838881	-1.94517578866634	NA	NA	LOC105373645	Intron
chr2	139982823	139983238	11.2763663571156	6.31584806382284	4.25050459508254	1.48590547840596	NA	NA	NA	NA
chr2	140009669	140010019	52.8742447561919	8.29276097348662	3.8565457747009	2.15030793304399	NA	NA	LINC01853	Intergenic
chr2	141215162	141215491	146.678333204271	1.26326113649186	3.44825875617174	0.366347546926649	NA	NA	LOC105373648	Intron
chr2	141650997	141651456	22.0510292309066	-7.88389797217623	4.0410083012111	-1.95097297122933	0.0510602611357198	0.109901133492121	NA	NA
chr2	142426892	142427244	27.0801294340241	1.39679293293389	4.08402326584458	0.342013950952611	NA	NA	LRP1B	Intergenic
chr2	142831816	142832164	57.8138664428997	7.3944459775417	3.84198925844873	1.92463994043735	NA	NA	LOC105373652	Intergenic
chr2	144008073	144008551	49.4753531701829	0.634834112829194	2.79799974977918	0.22688855239508	NA	NA	QTMAN-AS1	Intron
chr2	145547701	145548424	48.1768420680611	8.28505205247371	3.21816625448546	2.57446365330755	0.0100395634358168	0.0456693379356607	LOC124908059	Intergenic
chr2	145801634	145802188	7.86315676560608	-2.98207766668759	4.07712246714886	-0.73141724113403	NA	NA	LOC105373665	Intergenic
chr2	147724934	147725483	25.8381643604865	-4.04304681671652	3.84777173637778	-1.0507501727539	NA	NA	ACVR2A	Intron
chr2	149533130	149533557	99.021676040763	0.906777862643567	2.92386107275852	0.310130283238139	0.756461884115465	1	MMADHC-DT	Intergenic
chr2	150878643	150879144	62.1481284838562	0.498751859797297	2.88156761597583	0.173083517815839	NA	NA	LOC105373686	Intron
chr2	151406295	151406678	16.5018052131156	-7.45791964602718	3.83191606793365	-1.94626383089044	0.0516230559142203	0.110848557117471	RIF1	Intergenic
chr2	151745570	151746045	55.1624441619529	-3.52949052390419	3.71721467583382	-0.949498705805169	NA	NA	NEB	Intergenic
chr2	154166676	154167012	40.5724404619714	-7.09945094061425	3.39751900597936	-2.08959859477454	NA	NA	GALNT13-AS1	Intron
chr2	154360630	154360937	132.226882658743	7.55115670723785	3.13153157818975	2.41133021293145	NA	NA	NA	NA
chr2	154616976	154617271	45.007124736335	-6.01515394545936	3.60863397652924	-1.66687837685459	NA	NA	NA	NA
chr2	154874746	154875303	20.9050346166828	0	4.40735632388033	0	NA	NA	KCNJ3	Intron
chr2	156215184	156215483	35.6931354133843	-5.96311466971914	4.13074124933997	-1.44359433568296	NA	NA	LINC01876	Intron
chr2	156623565	156624184	42.7102477900609	0.304291623002074	4.26311011621258	0.0713778473243875	NA	NA	LINC01958	Intergenic
chr2	157118933	157119660	12.7301584458863	-8.05040714131771	4.14413191698411	-1.94260397655883	0.0520640260800006	0.111530520323035	LOC105373709	Intergenic
chr2	157444292	157445241	5.38354554811861	0	4.40735632392353	0	1	NA	LOC105373712	Intron
chr2	158330437	158331015	17.0922493326645	-7.39631670934021	3.83176258287026	-1.93026487142109	NA	NA	CCDC148	Intron
chr2	158459674	158460169	42.0603126829388	7.87151439861549	3.64484943448346	2.1596267665117	NA	NA	PKP4	Promoter
chr2	158968968	158969350	31.0002838899862	1.57321777102338	4.00519856957809	0.392793951084702	NA	NA	TANC1	Promoter
chr2	159045170	159045747	29.9458223811091	2.37181751855311	3.65997594123796	0.648041833234253	NA	NA	NA	NA
chr2	159462646	159463166	113.371140344967	-7.26969715483836	3.08428949359165	-2.35700869517693	NA	NA	BAZ2B-AS1	Exon
chr2	160161676	160162362	3.06839747573565	-5.74722282800539	4.25389193768498	-1.35105049968267	0.176679256492634	NA	PLA2R1	Intron
chr2	160192999	160195184	102.621577767242	-17.5746883646678	3.99076409870576	-4.40384045009511	NA	NA	LINC02478	Intron
chr2	161826855	161827278	20.2813320505884	-7.74544855638819	3.35311067829661	-2.30992928641499	0.020892069369368	0.0631053267351674	DPP4-DT	Intron
chr2	162467529	162468080	14.4271748064411	-21.5852482364329	4.2491279469399	-5.07992428234079	NA	NA	NA	NA
chr2	162560085	162560294	49.2876817921026	1.33569078826058	3.14672576720946	0.424470032367987	NA	NA	LOC124906084	Intron
chr2	162787235	162788063	46.9927492134646	-7.62787472101474	3.06279297751461	-2.49049634663998	NA	NA	KCNH7-AS1	Intron
chr2	164126150	164126821	14.5333456461999	8.34429014119328	4.16131791490257	2.00520371474397	NA	NA	FIGN	Intron
chr2	164943118	164943573	27.3737853319638	-17.7830157596338	4.28020771832037	-4.15470858657583	NA	NA	NA	NA
chr2	165048785	165049205	43.1626283793764	-15.9631475423433	3.87225177186932	-4.12244566799879	NA	NA	SLC38A11	Intron
chr2	166438992	166439441	63.4562193298714	-7.26197135513001	3.60305372676963	-2.01550459855086	NA	NA	SCN7A	Intron
chr2	169187108	169187519	44.4708391167598	-19.4691167549671	4.05899743681562	-4.79653339476881	NA	NA	DHRS9	Intron
chr2	169520155	169520377	56.106128759659	2.00798128962262	2.61564727849245	0.767680453757486	NA	NA	KLHL41	Intron
chr2	169539672	169540216	4.261166017479	-4.7872488394165	4.26034546818741	-1.12367620775441	0.261150413348822	NA	NA	NA
chr2	169584835	169585321	51.6591702785157	4.60135223102037	3.60821865993324	1.27524206947744	NA	NA	NA	NA
chr2	169634195	169635319	51.1468311807666	22.568907046696	3.49215260957036	6.46274936119492	NA	NA	PPIG	Intron
chr2	170295649	170296724	40.2321997109284	-23.5503597997568	4.24754981501688	-5.54445758740635	NA	NA	LOC124906090	Intron
chr2	170616900	170617734	60.4129837234152	-9.76720515917717	3.4392666170477	-2.83990927332102	NA	NA	LOC100130256	Intron
chr2	171219368	171219957	25.9523506687839	-22.65019583089	3.85451894005768	-5.87627047191291	NA	NA	TLK1	Intron
chr2	171316979	171317987	71.4454893533663	6.67530366665167	3.70816523147885	1.80016349055447	NA	NA	LOC107983995	UTR
chr2	172065499	172065850	25.9050170715192	0.0477242113060326	4.02014758198477	0.0118712585378447	NA	NA	DLX2	Exon
chr2	172102722	172103241	55.752833312243	-0.608613803635713	3.23479741248414	-0.188145879332929	0.850762296742971	1	DLX2-DT	Promoter
chr2	172659061	172659599	29.2664360582029	-8.28480792075426	3.85612351842765	-2.14848095014665	NA	NA	LOC124906146	Intergenic
chr2	173995087	173995698	37.5847139252911	8.93036916959627	3.7081578039131	2.40830343308808	0.0160268542836051	0.0563746158458327	LINC01960	Intergenic
chr2	174295183	174295625	9.15699954037781	-3.99955783702069	4.08077989897197	-0.980096436474866	NA	NA	LINC01305	Intergenic
chr2	174431298	174431690	12.203257072542	-4.03265369843411	4.25894766676379	-0.946866224702492	NA	NA	SCRN3	UTR
chr2	174884565	174885165	22.8190331490761	9.15837129341586	4.1133584747068	2.22649480946799	0.0259810562712664	0.0703199846383976	CHRNA1	Intron
chr2	176590353	176590938	22.2903694787959	0	4.40735632387907	0	NA	NA	MIR1246	Intron
chr2	176991165	176991832	17.3476541235853	-0.685062553878569	3.74318683585062	-0.18301585892463	0.854785575158344	1	LOC105373756	Intron
chr2	177351634	177352133	93.7511487322086	-5.08008677865214	3.03528894543704	-1.67367485269864	NA	NA	LOC124906145	Intron
chr2	177873904	177874417	61.1125760206849	8.19316643688023	2.81593505967031	2.9095722249502	0.00361923751701533	0.0365844398920166	PDE11A-AS1	Intron
chr2	179050869	179051646	31.4516267690782	3.79017605376767	3.86359801719358	0.980996479680552	NA	NA	CCDC141	Promoter
chr2	179397124	179397515	13.8314972463506	-5.97975463140296	4.25287471213459	-1.40605003348467	NA	NA	SESTD1	Intergenic
chr2	180042735	180043334	42.5170861982873	-1.5325841389226	3.69742152961723	-0.414500788359194	NA	NA	CWC22	Intergenic
chr2	180062185	180062872	26.3894616027041	-7.72775153743721	3.87144158367584	-1.99609147404464	NA	NA	NA	NA
chr2	180602705	180603213	17.350491913169	-7.17674016007724	4.24959371824288	-1.68880618616988	NA	NA	SCHLAP1	Intron
chr2	181079844	181080237	13.945352062824	-5.43647914187121	4.12240444379602	-1.31876413777227	NA	NA	LOC107985831	Intron
chr2	181255400	181255654	82.1642959136909	-8.9099564363976	3.72812016353696	-2.38993273970668	NA	NA	MIR4437	Intron
chr2	182791463	182792118	29.3181641038658	-17.6900640986139	4.28467843706787	-4.12867951666396	NA	NA	FRZB	UTR
chr2	183691182	183691890	5.34047127785617	5.95599634923937	4.2557003836768	1.39953375761232	0.161652982621828	NA	NA	NA
chr2	184103105	184103475	39.6367874298574	9.00755718003235	3.38949599773566	2.65749161115689	0.00787245496855916	0.0436607318501686	LOC105373777	Intron
chr2	185013062	185013622	39.4654813895045	2.70108763552757	3.6206198510336	0.746029063160683	NA	NA	LOC105373781	Intron
chr2	185901388	185901851	32.9593865567233	0.571002883865226	3.77162256140945	0.151394492573998	NA	NA	NA	NA
chr2	185905472	185905718	37.8960017414113	0.151398623306246	3.6317852926064	0.0416871073338128	NA	NA	FSIP2-AS2	Intergenic
chr2	186176016	186176245	36.5073188896208	-5.75730872042311	4.25065542536819	-1.35445199487663	NA	NA	LINC01473	Intron
chr2	186351593	186352024	19.0652114997436	-5.7341275185736	3.1498522519755	-1.82044332872353	0.068691519122711	0.139785000900362	NA	NA
chr2	186486201	186486584	84.3380031737154	7.05933370317872	2.73015942150735	2.58568552721408	NA	NA	LOC105373785	Promoter
chr2	186799742	186800281	47.4834747969462	-0.301545954848802	3.33343234294226	-0.0904610994992154	0.927920805272771	1	ZSWIM2	Intergenic
chr2	188354614	188355016	58.4202497766096	-6.7426347843551	3.18541038754766	-2.11672405248419	NA	NA	LINC01090	Intron
chr2	188802767	188802962	57.4572457824723	0.255194329017916	2.78759089825869	0.0915465498102062	NA	NA	DIRC1	Intron
chr2	190596839	190597173	41.1622217310586	-22.1063395774957	4.0455410853508	-5.46437154168187	NA	NA	NAB1	Intron
chr2	190814991	190815415	11.1529388970733	1.82706202029855	4.0152473363003	0.455031002394495	NA	NA	LOC124907946	Exon
chr2	191219272	191219817	9.12577709942821	2.4143945741949	4.30733962058367	0.560530347469497	NA	NA	MYO1B	Intron
chr2	193867315	193868017	20.0032275562961	0	4.40735632387926	0	NA	NA	LINC01821	Exon
chr2	194770302	194770713	73.810181957508	-0.488377297148292	2.69337561477563	-0.181325357840584	NA	NA	LINC01790	Intergenic
chr2	195255471	195255862	121.627870940947	2.52959158794749	3.21465612909	0.786893367864998	NA	NA	LOC105376755	Intergenic
chr2	197537534	197538027	53.9607890169213	21.4865726344427	4.13996290039894	5.19003989923973	NA	NA	NA	NA
chr2	197571684	197572131	41.2701675202675	0.761928359146022	3.88625374281696	0.196057285388096	NA	NA	HSPD1	UTR
chr2	199260689	199261458	37.3594439644417	2.75131400938648	4.00721445555141	0.686590158800943	NA	NA	SATB2-AS1	Intergenic
chr2	199457929	199458343	10.7462918044116	-5.90380868622712	3.9357419872844	-1.50004972513472	NA	NA	NA	NA
chr2	203238839	203239253	69.9707642481237	0.00610194271231579	2.94573627979287	0.00207144908190656	0.998347223941041	1	CYP20A1	Promoter
chr2	203469254	203469528	77.3799461067143	-7.25640564479418	3.53963308185088	-2.05004458851984	NA	NA	RAPH1	Intron
chr2	203754777	203755404	5.14177442817691	0	4.40735632388369	0	NA	NA	CD28	Intergenic
chr2	204191672	204192165	42.0666477659447	10.0465546314677	3.51640776461062	2.85705051973123	0.00427597774286211	0.0368990868974514	LOC124907966	Exon
chr2	204952769	204953194	28.6993295060255	5.28368327557235	4.22293613288081	1.25118711467888	NA	NA	LOC124907968	Intron
chr2	206326674	206327527	17.6126149633011	-8.48212827652751	3.74374427133243	-2.26568046901041	NA	NA	ADAM23	Intergenic
chr2	206393421	206393852	17.1758711487439	-2.6329269774415	3.51337063259469	-0.749401999611137	NA	NA	NA	NA
chr2	206926986	206927539	27.6074994536539	-4.32080062039088	3.30298374403191	-1.30815073740464	NA	NA	CPO	Intron
chr2	207506875	207507862	51.0218588025869	-6.28841042484628	3.5494130073783	-1.77167616498117	NA	NA	CREB1	Intron
chr2	207529795	207530262	119.940404974821	1.84768849096585	2.5657448543603	0.720137268452799	NA	NA	MYOSLID-AS1	Promoter
chr2	209303155	209303966	1.20300423117443	2.14736608146099	4.36685819597923	0.491741656149534	0.622901986214978	NA	MAP2	Intron
chr2	211562573	211563004	7.01343155208824	4.75065789484925	4.26698845966536	1.11335147487646	NA	NA	NA	NA
chr2	212112782	212113296	68.8522711701892	0.926602040772508	3.33936110245022	0.277478838719366	NA	NA	MIR548F2	Intron
chr2	212871438	212871890	13.4079110887686	-8.12479657167808	3.7638090762151	-2.15866331345595	0.030876296931262	0.0781557119123503	MIR4776-1	Intron
chr2	212881555	212882053	51.4524929281985	-1.44855078289275	2.68355039971517	-0.539788924048713	NA	NA	NA	NA
chr2	214252361	214252914	27.9473299167528	-0.685105480396575	3.7632566890101	-0.182051222388656	NA	NA	LOC101928084	Intron
chr2	215069331	215069609	48.5075096889926	8.4361656016516	3.14921197917771	2.67881795745435	NA	NA	LOC124906117	Intron
chr2	215388259	215388877	2.48366445612419	-5.42556806865071	4.25559810557742	-1.27492491867123	0.202335818186983	NA	FN1-DT	Exon
chr2	215688388	215688733	35.3799886299161	-7.09255980259549	3.37464303824825	-2.10172149237959	0.0355776797486946	0.0853109349942174	LINC01614	Exon
chr2	215843728	215844099	34.6992596429915	0	4.40735632387909	0	NA	NA	LOC105373870	Exon
chr2	216707498	216707803	45.0948980282025	0.819474421809108	3.06466261070495	0.267394661633114	NA	NA	IGFBP5	Intron
chr2	216827243	216827874	56.4886506370064	13.4447423321159	4.03141093539879	3.33499674123049	NA	NA	LOC105373874	Intron
chr2	216973425	216974052	155.431326329509	-4.86245659515904	2.89439863453451	-1.67995401087557	NA	NA	LOC105373876	Intron
chr2	217434302	217434703	117.859177780494	-5.84425102720542	2.92354561327816	-1.99902850862391	0.0456052693754405	0.10308679633316	LOC124907981	Intron
chr2	217701991	217702394	36.1449315814307	8.4123455412442	3.83265129288228	2.19491545105264	NA	NA	DIRC3	Intron
chr2	217971958	217972490	38.9296359639619	6.64170213390719	3.85128746139618	1.72454074137053	NA	NA	TNS1-AS1	Intron
chr2	218001379	218001645	87.4467394143133	-15.0614836392081	3.53836498791874	-4.25662239215951	NA	NA	LOC124907982	Intron
chr2	218162293	218163075	25.2577149359914	-19.7813434107623	4.15386667137202	-4.76215174336074	NA	NA	CXCR1	UTR
chr2	218246702	218248087	79.452632051486	8.55105216034947	3.49935637030282	2.44360712527529	NA	NA	GPBAR1	Intron
chr2	218350339	218351099	1.38008064999482	1.23849346924959	4.40735632392705	0.281005976876873	0.778705815586438	NA	CATIP	Intron
chr2	218644856	218645626	18.0890327185154	-5.13605896404226	3.77246926326044	-1.36145813408253	NA	NA	BCS1L	UTR
chr2	219004306	219004760	39.2921298685715	-8.05618484083988	3.90718482313502	-2.06188987865074	NA	NA	CFAP65-AS1	Promoter
chr2	219037250	219037855	97.2122875618448	-6.1084466324866	2.90122489002653	-2.10547160734952	0.0352502762964768	0.0849766660587068	CFAP65	Intron
chr2	219245074	219245775	54.7320873245188	-3.96294712224149	2.67733943959386	-1.48018105722248	0.138824934289193	0.268731778581222	GLB1L	Promoter
chr2	219263877	219264366	18.8774653754899	-22.1646440557375	4.24839963250664	-5.21717493009477	NA	NA	TUBA4B	Intron
chr2	219855423	219855825	51.1341660901325	5.44925227184832	3.35231526318578	1.62551903506527	NA	NA	LINC01803	Intergenic
chr2	220220086	220220462	38.0544500137251	7.16379141724777	3.83527493450382	1.86786906795107	NA	NA	LOC105373895	Intron
chr2	220747094	220747451	50.7761890965322	1.23850189404913	3.20312940743824	0.386653717821426	0.699012583953829	1	LOC107985990	Intron
chr2	221517706	221518852	21.9725580138875	-0.685067400505702	4.20773657543207	-0.162811380471306	0.870666947511736	1	EPHA4	Intron
chr2	222193520	222193964	17.0770654209604	8.30318535099561	4.24874014788237	1.95426998639444	NA	NA	CCDC140	Intergenic
chr2	222756663	222757327	6.4743840562563	0	4.40735632392334	0	1	NA	LOC105373903	Promoter
chr2	222982085	222982657	40.140774185827	-6.39210050589481	3.55958462916906	-1.79574337227851	NA	NA	ACSL3-AS1	Intergenic
chr2	223309891	223310773	72.2873632866106	5.16377519106556	2.73420933340214	1.88858077835626	0.0589480246092407	0.123050735074249	NA	NA
chr2	223358611	223358966	49.2955852098601	-6.68644924580068	4.20171610534882	-1.59136150043283	NA	NA	LOC105373907	Intergenic
chr2	224071818	224072373	30.5830749654705	8.6299586044037	3.7277332543181	2.31506870680916	0.0206091722725952	0.0629415261298177	SERPINE2	Intergenic
chr2	224983254	224983863	12.7249175807104	-0.684803765540165	3.49550262738203	-0.195909955888962	0.844680644598548	1	MIR4439	Exon
chr2	225134434	225134768	83.5376088291491	-0.239564120244189	3.2445873776044	-0.0738350034576871	NA	NA	DOCK10	Intergenic
chr2	225226577	225227272	26.7519350983111	-1.82488360900792	4.06744464001807	-0.448656040958387	NA	NA	NYAP2	Intergenic
chr2	225801834	225802027	42.949980997045	0.726316958581291	2.8278345780557	0.256845631713251	NA	NA	NA	NA
chr2	225829310	225830061	7.52271053255482	-2.24576275222178	4.10018125280746	-0.547722799006525	NA	NA	LOC105373914	Intron
chr2	226219259	226220673	17.6101791702853	-5.29770933585455	4.13174380799363	-1.2821969565502	NA	NA	LOC646736	Intergenic
chr2	226551695	226552167	39.1369304873212	-23.0786496961472	4.24774939138495	-5.43314766708084	NA	NA	NA	NA
chr2	226624510	226625164	24.4533825634755	-8.98094622437796	3.50644110507346	-2.56127108805091	0.0104289943612675	0.0456693379356607	MIR5702	Intron
chr2	227217159	227217594	52.4745593845967	0.276726290320847	3.62517993673836	0.0763344979145567	0.939152980533887	1	COL4A3	Intron
chr2	227426981	227427438	41.1718378749952	-0.777971652276909	3.39245014598782	-0.229324417102194	NA	NA	SCYGR1	Intergenic
chr2	227750895	227751620	33.1808743364001	4.80675403509701	4.10037466496062	1.17227190875329	NA	NA	SCYGR8	Intergenic
chr2	227794750	227795509	59.7778809992196	3.69462482894501	3.46033827114061	1.0677062585928	NA	NA	CCL20	Intergenic
chr2	229120514	229121153	30.3218528207449	-7.40072477398084	2.6623521230573	-2.77976932874013	0.00543975237717533	0.0379252716199222	PID1	Intron
chr2	229238311	229238797	19.1216946377177	-6.29887340447169	3.61807265814145	-1.74094718366085	NA	NA	NA	NA
chr2	230398245	230398697	44.7641064646283	0	4.20360773131325	0	1	1	LOC105373925	Promoter
chr2	230989147	230989704	72.9076638715058	8.04759963697511	3.27076839053305	2.46046148063194	NA	NA	SPATA3	Promoter
chr2	231532319	231532917	25.4635854791276	-7.26531886090918	3.67471240098965	-1.97711223848498	0.0480289447013972	0.106034598597222	LOC105376787	Promoter
chr2	231925129	231925656	22.5530966559245	8.74346177351295	3.57301951200265	2.44707921245364	NA	NA	NPPC	Promoter
chr2	232502723	232503262	38.1811849661837	0.303348767069606	3.9611433321989	0.0765811134890722	NA	NA	LOC124906124	Exon
chr2	232697185	232697761	91.8853571055266	-1.63951739058684	2.51170820081841	-0.652749945257425	NA	NA	GIGYF2	Promoter
chr2	232981128	232981572	113.165049677924	0.711897635344198	2.91796797680642	0.243970338606435	NA	NA	NGEF	Intron
chr2	233294444	233294781	49.5265887027354	-6.37126850314507	3.66654815902234	-1.73767484479024	NA	NA	DGKD	UTR
chr2	235138585	235139403	6.80680932282297	6.76338765646409	4.25198911148635	1.59064086928008	NA	NA	LOC124907998	Intergenic
chr2	235691187	235691779	28.7758444286051	6.77696562536084	3.80598415346395	1.78060794582997	NA	NA	LOC105373942	Intron
chr2	236332499	236333494	81.8624003163801	6.01195139065243	2.61062208094146	2.30288077103996	NA	NA	IQCA1-AS1	Exon
chr2	236706613	236707074	57.3666525499686	-23.1637067583746	4.24770532870494	-5.45322826464445	NA	NA	LOC105373949	Intergenic
chr2	236847122	236847514	111.926930160777	-7.12225149346255	2.89919078880221	-2.4566342860123	NA	NA	LOC105373948	Intron
chr2	237074517	237074762	38.0985180314852	-3.6130104891936	3.06150583136977	-1.1801416323212	NA	NA	LOC105373950	Intron
chr2	237085938	237086411	36.14587653782	-0.25174028018245	3.66477277993595	-0.0686919204270148	NA	NA	COPS8	Promoter
chr2	237475983	237476543	19.133420445867	-7.19481064050481	3.84894117175501	-1.86929607895882	NA	NA	MLPH	Intron
chr2	238137419	238138052	6.35412362839882	5.94408737324534	4.25152365085932	1.39810756363637	NA	NA	KLHL30	Promoter
chr2	238502383	238502858	27.2737029521531	-8.18422036245472	3.74104512334658	-2.18768287807592	0.0286927101107467	0.0751832172177248	LINC01937	Intron
chr2	238746425	238746673	42.7866079212135	2.7820295285979	2.63339004557885	1.0564441577003	NA	NA	LOC105373963	Intergenic
chr2	238990866	238991480	37.8963559752069	-2.78379211921101	4.02387768429065	-0.691818275212247	NA	NA	LINC01940	Intron
chr2	239026879	239027131	43.3842736655764	0.259383868539732	3.09763366143415	0.083736134381895	NA	NA	MIR4440	Intergenic
chr2	239422533	239422743	69.8541158754186	1.40676751840987	2.72990545205279	0.515317304250236	NA	NA	HDAC4	Intergenic
chr2	239473764	239474110	70.2187097914128	6.81833611108664	3.61449195898586	1.88638851281321	NA	NA	LOC124908011	Intron
chr2	240225059	240225667	54.4606182503931	1.988276828714	3.85976221973651	0.515129356556511	0.606462629842561	1	LOC105373968	Intergenic
chr2	240964972	240965681	2.66411847821689	5.80425360694654	4.25666043598133	1.363569797084	0.172703003270486	NA	UICLM	Promoter
chr2	241031935	241033360	13.961766855951	20.7442720626453	4.24905907382942	4.88208605769036	NA	NA	LOC107985787	Intron
chr2	241200440	241201157	18.6305834417118	1.74720136217062	4.24705549558856	0.411391224811036	NA	NA	ANO7	Intron
chr20	316567	317087	27.6484917132668	-0.685100472548956	3.70730068787392	-0.18479765474374	NA	NA	SOX12	Exon
chr20	388910	389420	15.4175912505741	3.70265964808518	3.87579367261361	0.955329401110333	NA	NA	RBCK1	Intron
chr20	452240	452731	54.9191432912134	-1.27710728863647	3.68312629084685	-0.346745451495999	NA	NA	TBC1D20	Intron
chr20	993986	994502	47.0029482751261	1.54495093651901	2.94602774027305	0.524418326208911	NA	NA	NA	NA
chr20	1036586	1038242	51.9718608345158	1.16529693635492	3.78476869247558	0.307891189934967	NA	NA	RSPO4	Exon
chr20	2202527	2203077	27.5134378726636	-9.16500658960981	4.0159974668797	-2.28212459424949	0.022481985354386	0.0659860868843018	LINC03086	Intergenic
chr20	2335423	2335886	88.9803614080797	0.555662130603627	2.93336416100575	0.189428281012716	NA	NA	LOC105372503	Intron
chr20	2557995	2558935	31.52460793618	-3.55476697463352	3.78644602727981	-0.938813586413979	NA	NA	TMC2	Exon
chr20	2943069	2943437	30.6697355922346	1.44977003850813	3.90491203221023	0.371268296583764	NA	NA	PTPRA	Intron
chr20	3213585	3213995	53.8105649816528	1.36241008948576	3.84268112306626	0.354546746360943	NA	NA	DDRGK1	Exon
chr20	3235119	3235686	37.0975727419382	0.108896578734523	3.66799654975547	0.0296882991184335	NA	NA	SLC4A11	Intron
chr20	3258810	3259554	118.689220751296	-4.22276871176499	3.2344061554733	-1.30557775022137	NA	NA	NA	NA
chr20	3655052	3655568	54.0133374524311	-9.12718569040194	3.55658059202503	-2.56628113836868	NA	NA	GFRA4	Intergenic
chr20	4412124	4412547	38.6852755502669	-8.69478023922904	3.39351265448791	-2.56217704912054	0.0104018277125356	0.0456693379356607	LOC105372510	Intergenic
chr20	4570951	4571425	33.4756973614562	-23.2794638339112	4.08947487059839	-5.69253133239203	NA	NA	NA	NA
chr20	4789760	4790159	49.7807581559321	-0.105758404954874	3.20329064811245	-0.0330155507484758	NA	NA	LOC107985392	Intron
chr20	4896241	4897501	159.145990465106	5.31445898900752	3.04535809896198	1.74510150081167	NA	NA	RASSF2	Intron
chr20	4987721	4988299	6.01942345786253	6.95577240758839	4.25137109812818	1.63612449890599	NA	NA	SLC23A2	Intron
chr20	4999879	5000924	17.8599071853551	4.17296765270392	2.98229632355776	1.39924648658847	NA	NA	NA	NA
chr20	5370735	5371526	24.8853035265301	9.2936503090621	3.74071181492184	2.48446038317878	0.0129747944188799	0.0503399749127359	LOC124904863	Intron
chr20	6206997	6207306	15.0286232047516	21.0908432733266	4.24858257111715	4.96420698439688	NA	NA	FERMT1	Intron
chr20	6278924	6279471	29.9791446050958	-7.43258764756211	3.8922761399524	-1.90957357091653	NA	NA	NA	NA
chr20	6909262	6909653	59.9713612693185	7.10310438690208	4.14207355562557	1.71486679111601	NA	NA	LOC105372517	Intergenic
chr20	7021119	7021453	80.8156531764947	-6.5149635768715	2.74468315020525	-2.37366691174692	NA	NA	LINC01428	Intergenic
chr20	7720197	7721227	208.177489058098	0.298554726835585	3.09312540047278	0.096522024871656	NA	NA	HAO1	Intron
chr20	8329949	8330470	11.7806291313069	0.816112482728868	4.08765139121944	0.199653151558358	NA	NA	PLCB1-IT1	Intron
chr20	8451198	8451984	5.46690861979504	-6.53372252904805	4.25101952503283	-1.53697777452518	NA	NA	LOC124904868	Intron
chr20	9064167	9064743	39.2557021645535	0.237801249139349	4.17601165056638	0.0569445846989189	NA	NA	PLCB4	Intergenic
chr20	9178072	9178450	36.0201166666399	-8.51988621301788	3.62215404455535	-2.35216009816716	NA	NA	NA	NA
chr20	9209165	9209881	3.32986646900338	-3.01805553521665	4.29218345765587	-0.703151569589463	0.481961297101783	NA	NA	NA
chr20	10705980	10706857	23.881933621546	0.584059747400336	4.08388969100861	0.14301555418753	NA	NA	JAG1	Intron
chr20	10990136	10990387	65.3188990581776	0.276726358788085	3.57242442520574	0.077461781090624	0.938256194157183	1	NA	NA
chr20	11014643	11015131	115.419185351954	8.7018934929008	2.98909394857623	2.91121444912955	0.00360026822223784	0.0365844398920166	LINC02871	Intron
chr20	11837052	11837399	66.1742961411893	1.88609009679086	3.51152836722567	0.537113729279364	NA	NA	LINC00687	Intron
chr20	11887690	11888324	41.4407443458493	4.70461804636319	3.57172888646193	1.31718229348126	NA	NA	BTBD3	Promoter
chr20	12058886	12059339	58.7597320314043	8.03127684617114	2.79986542585054	2.86845102340282	0.00412487055504652	0.0368990868974514	BTBD3-AS1	Intergenic
chr20	12503441	12504141	25.5074021392408	2.47964248343853	4.08616873547898	0.606838004977263	NA	NA	LOC124904871	Promoter
chr20	13460646	13461131	60.8590375612903	8.86450393846892	3.3432296240146	2.65147923875605	0.00801400397755204	0.0438184328867156	TASP1	Intron
chr20	13846120	13846467	92.4882976166059	-6.64781378571108	3.02695817630995	-2.1962027218411	NA	NA	NDUFAF5	Intergenic
chr20	14050534	14050982	16.4010933261947	-6.45271374396925	3.90346095897126	-1.65307500492328	NA	NA	MACROD2	Intron
chr20	15898610	15899032	14.9519986215658	7.77984611719287	4.0553566609121	1.91841230444158	NA	NA	LOC613266	Intron
chr20	15938769	15938992	89.7490049918732	8.88282836813925	3.98084265977868	2.23139398547169	NA	NA	NA	NA
chr20	16529272	16530046	50.6004519725694	8.93517379583631	3.63682762759084	2.45685930453495	NA	NA	KIF16B	Intron
chr20	16646097	16646694	94.7961793827556	3.17931163255531	3.52226061205869	0.902633843069625	NA	NA	LOC105372541	Intergenic
chr20	17191574	17192143	44.7085314285452	-5.37748520515179	2.93973888701403	-1.82923906232156	NA	NA	PCSK2	Intergenic
chr20	17562861	17563486	15.1380898729105	1.16810249241327	3.28693442408485	0.355377486041115	0.722306813070338	1	BFSP1	Exon
chr20	17860489	17860897	53.5562788713439	13.446025998923	4.29751127070331	3.12879365566444	NA	NA	LOC105372548	Intergenic
chr20	17887360	17888009	52.0457777016434	-9.20334103154084	3.84764045777869	-2.39194413629128	NA	NA	NA	NA
chr20	18441684	18441917	45.6804020212697	7.64672189177638	4.19806698669826	1.82148639266723	NA	NA	POLR3F	UTR
chr20	18519404	18520428	88.0382122767782	-2.94911439740481	2.81508203091123	-1.04761224185364	0.294817294945594	0.557562415545643	SEC23B	Intron
chr20	18553612	18553974	55.1452924497528	7.85449416089177	3.57843586338469	2.19495177802699	NA	NA	SMIM26	Intron
chr20	19006297	19006930	23.437578451337	9.21028251837258	4.11717262947693	2.2370406459111	NA	NA	LOC102724734	Intron
chr20	19033583	19034188	191.565823974237	6.10088429416392	2.85250916039982	2.1387781602457	NA	NA	LOC107985442	Intron
chr20	19521251	19521841	1.3291371134146	-4.79875998933798	4.26024000686382	-1.12640601975629	0.259993699935921	NA	RIN2	Intron
chr20	20687621	20687885	52.7362083364435	0.408730205466362	3.44179336566846	0.118755009973406	NA	NA	RALGAPA2	Intron
chr20	20698577	20698832	70.7846331537456	0.249300574904977	3.81608219592453	0.0653289321627356	NA	NA	NA	NA
chr20	20921643	20922256	34.2378841334173	15.4660160273338	3.97421870477202	3.89158654222102	NA	NA	LINC03083	Intergenic
chr20	21312824	21313268	57.0386945604609	-10.2205074124692	3.96751456816579	-2.57604785990595	0.00999368124131381	0.0456693379356607	NA	NA
chr20	21327277	21327628	49.0747518405269	-15.3132726624786	4.2860616235906	-3.57280739460065	NA	NA	XRN2	Intron
chr20	22346186	22346624	18.7360088161453	-3.15917246902063	3.93037052678964	-0.803784896993176	NA	NA	LINC01427	Intergenic
chr20	23064634	23065075	21.0732288233201	-7.65506709530419	4.08269727333563	-1.87500237779077	NA	NA	LOC124904964	Intergenic
chr20	23634527	23635156	69.5344712726952	-1.57465901051631	2.9068356864561	-0.541708985428094	0.588018998784391	1	LOC107985383	Promoter
chr20	23765050	23765331	44.6543365204644	0.933001364470412	3.96704868340201	0.235187777849578	NA	NA	CST1	Intergenic
chr20	24016817	24017391	27.6405919814687	-6.85778153022273	3.55786405246555	-1.9274995978192	NA	NA	LOC107985438	Intron
chr20	24757675	24758295	36.1995750939185	-9.55193487309051	3.0296224832275	-3.15284657609047	0.00161686761778008	0.0328342920264512	NA	NA
chr20	24759755	24760127	41.5933636391747	-8.78783808881337	2.94915381396603	-2.97978289474005	0.00288452743772525	0.0345683251624032	NA	NA
chr20	24855585	24856024	50.1128476473132	0.276679825092486	3.60691779600971	0.0767081039103728	NA	NA	LINC02967	Intron
chr20	24868295	24869511	74.0221575434086	1.94621845073842	3.90242239562762	0.498720603110267	NA	NA	NA	NA
chr20	24980973	24981317	24.0675965916861	-7.07109117825006	4.20709896692953	-1.68075227938143	NA	NA	NA	NA
chr20	25016108	25016619	46.0763825594747	-1.09252024021026	3.51262298301333	-0.311026900835522	NA	NA	APMAP	Intron
chr20	25147298	25147997	21.7453543738164	21.3183312015464	4.24837770586928	5.0179933794715	NA	NA	ENTPD6	Exon
chr20	25193158	25193862	24.0326526296639	-4.05273954093203	3.85319266134122	-1.05178741296609	NA	NA	NA	NA
chr20	25239544	25239991	70.0667569463545	-0.253597215701846	2.93976184340387	-0.086264544276217	NA	NA	PYGB	Exon
chr20	25513384	25514155	5.16200009288873	-6.01008822898452	4.2527536822916	-1.41322274412704	NA	NA	NINL	Intron
chr20	25524992	25525266	74.8917363308595	8.26804714921659	3.92229443181305	2.10796188122847	NA	NA	NA	NA
chr20	25963912	25964563	14.8230959015896	-5.70051891602217	4.25411673952693	-1.34000058415324	NA	NA	LINC01733	Intron
chr20	26247161	26247664	13.1573893617646	0	4.40735632388029	0	NA	NA	MIR663AHG	Intron
chr20	29808920	29809635	41.5271161324222	0.368111929361049	3.38249672083444	0.108828465994858	0.913338545309019	1	NA	NA
chr20	29884101	29884593	29.1986516943334	-1.36362973298885	3.77188852787439	-0.36152439896131	NA	NA	LOC124904968	Intergenic
chr20	30417568	30418063	41.0256936825291	8.05385909540452	3.67458603103753	2.19177317591078	0.0283958889089555	0.0748393107104832	MLLT10P1	Exon
chr20	30723898	30724800	30.6766530346322	22.1785039368911	4.24776085099919	5.22122236040528	NA	NA	LOC124904986	Exon
chr20	31563763	31564304	99.8980341394434	-1.54567239536538	3.2201095476234	-0.480006152742898	0.631223018038426	1	LOC107985416	UTR
chr20	31786963	31787498	22.4742704096403	-3.12696063514847	3.56119013671167	-0.878066184367184	NA	NA	MYLK2	Intron
chr20	31820446	31820940	19.2174694429291	-6.80916564181352	4.19263011818961	-1.62407974227732	NA	NA	NA	NA
chr20	31977780	31978256	57.2359617146002	5.89910847055485	2.75301613302124	2.14278020379088	0.0321307516291762	0.079657221110107	XKR7	Intron
chr20	32233112	32233733	26.9486471203117	3.88250742226245	4.09200577718622	0.948803015848177	NA	NA	NA	NA
chr20	32241587	32242394	26.971831995208	0	4.40735632388787	0	NA	NA	MIR1825	Intergenic
chr20	32284840	32285481	4.1148430644626	-6.42945523151165	4.25131660782306	-1.51234448633642	0.130446249431693	NA	KIF3B	Intron
chr20	32535940	32536404	47.9017047789077	13.5261498101331	4.28996781576645	3.15297232776944	NA	NA	LOC105372592	Promoter
chr20	32585077	32585821	85.3935458254555	-3.30243757080904	2.57078060226453	-1.28460498258778	NA	NA	NOL4L	Promoter
chr20	32686611	32687352	20.642897447298	-22.3901222369505	4.12835008597095	-5.42350376559321	NA	NA	COMMD7	Intron
chr20	32744538	32744762	55.9456214725579	-1.086168512597	2.49830517890648	-0.434762142658816	NA	NA	C20orf203	Promoter
chr20	32781985	32782965	22.0688551092246	3.71847305547837	3.41870894138843	1.08768342647157	NA	NA	DNMT3B	Intron
chr20	33020281	33020799	60.9886292355264	3.3011608155298	2.89496098249722	1.14031271422601	NA	NA	BPIFB6	Exon
chr20	33787264	33787673	36.2230328765107	-1.27762501959423	3.29570816948654	-0.387663274140343	NA	NA	CHMP4B	Exon
chr20	34040882	34041383	63.1342407111142	1.23138353693985	3.42674810423452	0.359344632136282	0.71933728933781	1	MIR4755	Intron
chr20	34844944	34845254	93.6027677280476	10.1800933117059	3.61959103883364	2.81249820835735	NA	NA	NCOA6	UTR
chr20	34912835	34913200	61.6397547326387	-8.42674695500832	3.01479833399455	-2.79512790623147	0.00518791849373794	0.0379252716199222	GGT7	UTR
chr20	34980898	34981549	31.7452312770969	8.6743859575471	3.55460328640282	2.44032463221104	0.0146740686586829	0.0537059031070822	MIR499A	Exon
chr20	35235631	35236118	117.283324214065	-14.3213216376896	3.77252670236065	-3.79621478324543	NA	NA	MMP24	Exon
chr20	35362113	35362714	58.146426931427	-9.06849302311564	3.30218516030942	-2.74620973169957	NA	NA	UQCC1	Intron
chr20	35585482	35586314	14.3596754894948	21.0426017116942	4.24867664632013	4.95274257454253	NA	NA	FER1L4	Intron
chr20	36097788	36098366	44.0268173976414	5.81360106712141	3.33455922413317	1.74343914033576	NA	NA	EPB41L1	Intron
chr20	36362210	36363472	51.4007531226278	-21.459218479883	4.24933717504342	-5.05001547203976	NA	NA	DLGAP4	Intron
chr20	36434729	36435152	61.2457192802811	-7.48747716611193	2.79971397293991	-2.67437218175881	0.00748693102979187	0.0428366180438725	MYL9	Intron
chr20	36532851	36533418	4.40634405794712	-6.52813316585585	4.25103491227442	-1.53565738710039	0.124622431450818	NA	NA	NA
chr20	36885938	36886664	17.2333689256903	8.67881226419805	4.04755271687921	2.14421228610697	NA	NA	TLDC2	Intron
chr20	37184901	37185719	8.75115735124465	-6.57752735136632	4.2492802493802	-1.54791563873099	NA	NA	RBL1	Intron
chr20	37200043	37200440	19.860020765089	-0.571069293522582	3.63933527905935	-0.156915823834232	0.875311188734198	1	NA	NA
chr20	37299099	37299537	21.6392605308873	1.07656465999698	4.03533287519007	0.266784598270911	NA	NA	NA	NA
chr20	37363277	37363990	85.6752273649005	9.69125592781147	3.94489023357989	2.45666047823513	NA	NA	NA	NA
chr20	37425828	37426748	72.6450041666254	9.01959981712401	3.42760848513404	2.63145568002971	NA	NA	NNAT	Intergenic
chr20	37451369	37452336	22.7652179697739	2.26112443419608	4.30733463542172	0.524947473456447	NA	NA	NA	NA
chr20	37542697	37543328	3.65427043721985	3.99415289295388	4.26434806509685	0.936638574521043	0.348944502621972	NA	BLCAP	Intergenic
chr20	37799103	37799736	48.2162980784662	0	4.20300510420584	0	NA	NA	LOC124904895	Intron
chr20	38112024	38112463	23.9760224221865	13.5658934031441	4.27994074049823	3.1696451483029	NA	NA	TGM2	Intron
chr20	38142858	38143580	78.4317864893572	-7.19534362008358	2.41243930200464	-2.982600894499	0.00285810426690454	0.0345683251624032	NA	NA
chr20	38281798	38282637	78.5679784622799	9.52641729540958	3.47263613377289	2.74328116405893	NA	NA	KIAA1755	Intron
chr20	38851603	38852275	2.7670140848405	-5.20129485565108	4.25703342824804	-1.22181207719377	0.221778700357588	NA	PPP1R16B	Intron
chr20	38876769	38877039	61.8790647178536	-8.54072701333468	3.21889608760427	-2.65330932745061	0.00797067890610553	0.0438184328867156	NA	NA
chr20	38919763	38920047	63.1465677836435	-6.71226744123489	3.84126315120345	-1.74741150944891	NA	NA	FAM83D	UTR
chr20	38967683	38968600	43.3320619805228	-4.64459622298357	3.62265641291142	-1.2820968078645	NA	NA	DHX35	Intron
chr20	39294139	39294622	72.2669991686805	1.55354960388611	2.90362396435451	0.535038153341414	0.592623474827701	1	NA	NA
chr20	39316547	39316909	60.8145422403176	9.61322284438936	3.31500130448594	2.89991525233505	0.00373263565120434	0.0365844398920166	NA	NA
chr20	39330552	39331453	15.7200388234018	8.50660663678197	4.24851608208032	2.00225360394932	NA	NA	LINC01734	Intron
chr20	39549252	39550208	61.9907359453675	-3.86178840835776	3.29807223119595	-1.17092293244208	NA	NA	LOC102724950	Intron
chr20	39744779	39745290	46.9078157247249	-23.3097594987926	4.15218098198634	-5.61385922239873	NA	NA	LOC105372614	Intron
chr20	39783273	39783831	24.4069742192148	-8.9980443130315	4.24777254274726	-2.11829711277619	0.0341499130091118	0.0830378732942949	LOC105372613	Intron
chr20	39803384	39803777	3.10516805246075	-5.703861381691	4.25410040863435	-1.34079143268789	0.179988178576291	NA	NA	NA
chr20	39819440	39819908	86.5565112269106	1.11841995003837	2.73018335915795	0.40965012342003	NA	NA	NA	NA
chr20	39940094	39940552	9.39823431570728	6.47932200002324	4.2501331642639	1.52449858618616	NA	NA	LINC01370	Intergenic
chr20	41116144	41116548	63.3537623900654	-22.4061088804239	4.24821140021299	-5.27424526926804	NA	NA	PLCG1	UTR
chr20	41381539	41382001	84.6735099703278	-20.5796968895226	3.39438985413452	-6.06285599883453	NA	NA	EMILIN3	Intergenic
chr20	41548832	41549293	24.7421299343561	0.276721750665708	3.75988878874087	0.0735983871369713	0.941329954538481	1	CHD6	Intron
chr20	41849969	41850317	43.762729806357	0	4.40735632387843	0	NA	NA	LOC124900463	Intergenic
chr20	42306362	42307597	129.45837706599	4.81350107573461	3.12189147575474	1.54185406927731	NA	NA	LOC105372622	Intron
chr20	42344867	42345236	75.4668051342554	8.87427368774925	3.88192504644091	2.28604972573736	NA	NA	LOC105372624	Intron
chr20	42551791	42552494	64.5090761758656	7.40377257811868	3.4081261009675	2.17238809796882	NA	NA	NA	NA
chr20	42562202	42562738	69.767092754344	1.99030123828137	3.79842101536213	0.523981209621552	NA	NA	NA	NA
chr20	42672882	42673281	32.426144358755	22.0283111921611	4.04296781608136	5.4485497273911	NA	NA	NA	NA
chr20	42757644	42758162	53.2921976014345	7.4825228623369	3.61309558948796	2.07094517070258	0.038363920231394	0.0898471085211923	NA	NA
chr20	42799856	42800516	85.4706395319774	4.04540676652443	3.01368189457457	1.34234697225584	NA	NA	LOC101927159	Intron
chr20	43007600	43008575	6.39484294695142	-6.90927377229574	4.2501109226316	-1.62566904677811	NA	NA	PTPRT-AS1	Intron
chr20	43636317	43636877	36.5431404767034	-7.47858154496271	3.55739152553639	-2.10226551991212	NA	NA	MYBL2	Intron
chr20	44431770	44432270	93.5560927233994	-8.34397052163938	3.04628170859388	-2.73906726948469	NA	NA	LINC01430	UTR
chr20	44462669	44463146	137.744314232573	8.61669348860175	2.55637895758331	3.37066359548961	0.000749873670233278	0.0322130168465605	LINC01620	Promoter
chr20	44601927	44602422	33.3357570956213	-6.89846570318217	3.71297373106716	-1.85793549937114	NA	NA	ADA	Intron
chr20	44781916	44782598	40.5310830103391	3.43850206074415	3.06937234462086	1.12026227993166	NA	NA	RIMS4	Intron
chr20	45300639	45301181	42.4624975565279	8.25063809645697	2.95664820815418	2.79053763437342	0.0052620582348225	0.0379252716199222	RBPJL	UTR
chr20	46085675	46086164	52.9631643113201	8.08041133328575	3.62348646182921	2.23001007963104	NA	NA	NCOA5	Intron
chr20	46429275	46429829	20.5027751981088	-21.5278684093415	4.24921346047704	-5.06631841623807	NA	NA	ELMO2	Intron
chr20	47024501	47024952	19.6739271912824	4.93155495187654	3.61966566285349	1.36243382986617	NA	NA	EYA2-AS1	Intron
chr20	47202265	47202738	73.5555256109703	8.54529975337539	3.47121346501852	2.4617615250377	NA	NA	MIR3616	Intron
chr20	47370121	47370750	51.126106463684	-22.0285258059716	4.24849738789477	-5.18501573491311	NA	NA	ZMYND8	Intergenic
chr20	47637781	47638363	27.1456949965633	-6.88394478418111	3.76350298282857	-1.82913227798408	NA	NA	NCOA3	Exon
chr20	47708906	47709277	44.8488542226405	-5.8523902396012	3.65422231837651	-1.6015419232077	NA	NA	NA	NA
chr20	47767463	47768050	51.6364780819335	3.97380159823617	2.93512465557889	1.35387830655949	NA	NA	SULF2	Intron
chr20	48250086	48250395	47.4672385872036	-0.88721402957811	3.64373331638371	-0.243490385421138	NA	NA	LOC124904924	Intergenic
chr20	49278134	49278931	142.455526567508	5.10177084588273	2.4224825313343	2.10600934367633	0.0352035407260188	0.0849766660587068	SNORD12C	Promoter
chr20	49290888	49291950	61.9784080884762	8.25920049567103	4.1726898636206	1.97934683995532	NA	NA	SNORD12	Exon
chr20	49346668	49347203	96.4526961438129	-1.23243642413866	3.22724192597678	-0.381885353626112	0.702546404565522	1	LOC124904925	Intron
chr20	49482714	49483241	12.0483733756958	-2.57706563024645	3.99618446307491	-0.644881549903104	NA	NA	KCNB1	Promoter
chr20	49601130	49601706	29.5764794533228	5.64358519816845	4.11265054405756	1.3722501189222	NA	NA	LOC105372651	Exon
chr20	49735833	49736329	35.3544062714465	-9.52802839574357	3.66982141060745	-2.59631936535201	0.00942284366877994	0.0443658889405056	B4GALT5	Intergenic
chr20	49823791	49824475	55.9446578332992	1.69760731086569	2.95517035345255	0.574453282831009	NA	NA	SLC9A8	Intron
chr20	50087680	50088170	22.8463953693094	9.17487540158363	4.07136121447308	2.25351545054964	0.024226667656593	0.0684403361298751	UBE2V1	Intron
chr20	50443659	50444093	30.6830421187649	0	4.40735632387889	0	NA	NA	LOC124904928	Intergenic
chr20	50456414	50456859	53.7085422544504	-1.60769967276041	3.11761882059517	-0.515681924339131	NA	NA	PTPN1	Intergenic
chr20	50879098	50879799	43.2936425356938	1.04507827567463	4.08488046514454	0.25584060160195	NA	NA	ADNP-AS1	Intergenic
chr20	50980875	50981332	139.894326584437	-8.25309917756391	3.3369443138181	-2.47325049548723	NA	NA	DPM1	Intergenic
chr20	51151652	51152117	15.0919798801523	-6.31507181274912	3.7736497986288	-1.67346525240465	NA	NA	LOC105372662	Intergenic
chr20	51183383	51184129	2.94231025842097	0	4.40735632388687	0	1	NA	NA	NA
chr20	51265012	51265591	38.1369128431823	22.1137632550784	3.84118067280747	5.75702242063916	NA	NA	LOC105372663	Intron
chr20	51910462	51911029	28.9247255897326	-8.26387627355605	3.5771535724885	-2.31018213394936	0.020878072738576	0.0631053267351674	LINC01429	Intron
chr20	51971705	51971968	92.5806588134886	-6.34525007069926	2.99868723283658	-2.11600929940834	NA	NA	LOC105372664	Intron
chr20	52530744	52531337	19.3910668768606	8.93744434251136	4.08073716797354	2.19015437030698	0.0285130432019389	0.0749296251585836	LOC124904931	Exon
chr20	52918327	52918611	90.1073109909946	-1.12965320439202	2.9983906144286	-0.376753181842286	0.706357036637852	1	LOC105372668	Intergenic
chr20	53044008	53044742	61.5756866400654	-3.67427547255438	3.71810795579769	-0.988211078385994	NA	NA	TSHZ2	Intron
chr20	53197423	53197865	56.8725001419902	2.13440609279825	2.77701914985496	0.768596101654439	0.442133120462536	0.821493430736792	LOC105372670	Intron
chr20	55444257	55444676	16.7885843044083	-22.1172582054769	4.24844934477563	-5.20596020114368	NA	NA	LINC01441	Intron
chr20	56581157	56581405	62.0658308648938	7.39376536788661	3.88205445908987	1.90460114503907	NA	NA	LINC01716	Intron
chr20	56946086	56946578	72.3721867451263	-8.63398752773671	2.71813069944489	-3.17644310830969	0.00149093029684643	0.0328342920264512	NA	NA
chr20	57032112	57032940	73.8646423618366	-8.73241665628687	3.14918454186195	-2.77291360357175	NA	NA	LOC105372683	Intergenic
chr20	57595902	57596664	59.1587752140618	-1.5918797273692	3.42588591432707	-0.464662212104598	NA	NA	ZBP1	Intron
chr20	57660011	57660531	116.124041148783	-6.98711458605601	3.29351772281098	-2.12147471916216	0.0338818732156731	0.0830378732942949	NA	NA
chr20	57667806	57668415	28.4263454524009	20.6847538743892	4.12204839355262	5.01807642693925	NA	NA	NKILA	Intron
chr20	57796267	57796639	28.3661462525489	-20.6386589781285	4.25126446151354	-4.85471067842734	NA	NA	PMEPA1	Intergenic
chr20	57882851	57883384	77.4899692124962	0.731981863167785	2.74458860084608	0.266700030358697	0.789700130540751	1	LOC105372693	Intergenic
chr20	57946603	57947296	54.0993647507503	-8.9977763774891	3.92959179163829	-2.28974836435563	NA	NA	NA	NA
chr20	58457024	58457816	46.1916861078438	-7.2594242965388	4.20141131314468	-1.72785375091144	NA	NA	APCDD1L-DT	Intergenic
chr20	59260755	59261028	30.3987624850227	0.748943863074165	3.54117723168559	0.211495729830407	NA	NA	NA	NA
chr20	59319832	59320414	30.8610670600052	17.3585585915264	4.26433553453936	4.07063619898792	NA	NA	EDN3	Intron
chr20	59340518	59341441	80.0116550428625	-6.57012372086357	3.09158876217309	-2.12516095324574	NA	NA	NA	NA
chr20	59380383	59380891	53.3876021154208	-7.68457789505869	3.74541947439027	-2.05172690204738	0.0401962107592609	0.0936530271298244	NA	NA
chr20	59440728	59441324	43.6290009390627	15.0850345572808	3.93761551900659	3.83100749285104	NA	NA	PHACTR3	Intron
chr20	59646897	59647533	77.4786648921194	-7.46245917170899	3.26743561090284	-2.28388867000412	NA	NA	PHACTR3-AS1	Intron
chr20	60059324	60059677	43.6358186637208	-21.0935095462848	3.72915524027542	-5.65637743327813	1.5460129055703e-08	2.7951913332711e-06	MIR646HG	Intron
chr20	60077579	60078029	23.7346703525516	-21.432048194974	4.1302186061287	-5.18908325171254	NA	NA	NA	NA
chr20	60113650	60114595	38.9323400813196	-7.82971340393093	3.18819497591701	-2.45584522373162	0.0140553678797858	0.0531633998465538	LOC105372698	Intron
chr20	60275426	60275880	36.137321279965	6.24094915914074	3.87020901677145	1.61256126790459	NA	NA	MIR646	Intron
chr20	60642556	60643119	97.122768187862	6.11122000626259	3.17220668066515	1.92648859972175	NA	NA	MIR548AG2	Intron
chr20	61170618	61171322	12.8546323299546	-7.58230384284713	4.24897139126066	-1.78450338791231	NA	NA	LINC01718	Intergenic
chr20	61206143	61206560	41.2139064511374	22.16879565329	4.07137485783965	5.44503918881427	NA	NA	NA	NA
chr20	61277352	61278776	81.3835443944293	-7.47868110525151	2.84998955736176	-2.62410824837356	NA	NA	LOC105372703	Intron
chr20	61789602	61790503	7.56533535087876	20.2065880259326	4.2499904805516	4.75450194968673	NA	NA	CDH4-AS2	Intron
chr20	61804457	61805054	23.6845706039001	8.37343153022626	3.75437777066096	2.23031139691415	NA	NA	NA	NA
chr20	61839041	61839911	70.2902599655727	0.825248313234946	3.14742162228349	0.262198209287327	NA	NA	MIR1257	Intron
chr20	62039980	62040370	39.4854794785	4.78735756445551	3.92290722491254	1.22035961851284	NA	NA	LOC105372705	Intron
chr20	62470521	62471271	29.8055214012202	21.4637073633651	4.24811075356623	5.05253007948218	NA	NA	GATA5	Intron
chr20	62545718	62546255	7.83986512681468	1.23841859927904	4.40735632388138	0.280988989378651	NA	NA	MIR1-1HG	Exon
chr20	62561095	62561473	44.6874508445055	8.96827717226274	3.77718596393795	2.37432767618165	NA	NA	MIR133A2	Intron
chr20	62563744	62564145	48.4387159147458	-21.7296510866983	4.09645248658148	-5.30450460682186	NA	NA	NA	NA
chr20	62657563	62658850	11.5182918186433	1.47011358589542	3.45992238048191	0.424897851520777	NA	NA	SLCO4A1-AS2	Exon
chr20	62717498	62718153	31.7721273836209	0	4.40735632387969	0	NA	NA	NTSR1	Intron
chr20	62764512	62764857	44.4450227399383	-4.69726577033972	3.36940594275546	-1.39409315770909	NA	NA	LINC00659	Intergenic
chr20	62965925	62967432	44.9466134133783	-6.49235143016595	3.00841782977973	-2.15806174458197	NA	NA	SLC17A9	Exon
chr20	63296826	63297312	61.8908840750611	-6.83067704678602	3.13323851601697	-2.18006928354414	NA	NA	COL20A1	Intron
chr20	63372788	63373128	56.282042476901	8.44629101681889	3.60894767788495	2.34037502637581	NA	NA	CHRNA4	Exon
chr20	63539237	63540143	69.7341324586512	7.94923993063348	2.50400927376982	3.17460482830632	0.00150040683733598	0.0328342920264512	PTK6	Promoter
chr20	63894831	63895369	25.8312149784002	7.35552091517369	3.82863148372964	1.92118801363676	NA	NA	DNAJC5	Promoter
chr20	64017660	64018436	15.831593324482	-2.95455745268563	3.36883865238474	-0.877025514592143	NA	NA	C20orf204	Intron
chr20	64077403	64078194	10.4438545306571	7.05453135614058	3.33066564364845	2.11805450048506	0.0341704522848205	0.0830378732942949	MIR6813	Promoter
chr20	64109298	64110358	59.5130353670209	-7.29132179519487	3.64303000931668	-2.0014443407131	NA	NA	NPBWR2	Promoter
chr21	9779271	9779756	5.05196710307769	6.43407529786435	4.25325826653096	1.51274032627981	0.130345631917836	NA	NA	NA
chr21	9790566	9790927	34.9295122637664	2.222803134374	3.688570356287	0.602619150421065	NA	NA	LOC124904997	Intron
chr21	13035581	13036046	17.5594093860834	-7.94973667805213	3.85622051137772	-2.06153581067176	NA	NA	ANKRD30BP2	Promoter
chr21	14057346	14057662	76.252586000128	8.53875716575631	2.72598284290783	3.13235910048793	NA	NA	LOC105377134	Intron
chr21	16038574	16039338	38.8571058025885	-2.56985921966978	3.81164624862594	-0.674212414280626	0.500176278197938	0.907950513034008	MIR99AHG	Intron
chr21	17172000	17172368	35.0338727949219	0.406532095427663	4.05758131188339	0.100190745219832	NA	NA	LOC107985511	Intergenic
chr21	18850895	18851313	70.7439561556434	6.94728923479033	2.96710361338747	2.34143802846803	NA	NA	NA	NA
chr21	18917564	18918251	6.80460102969638	7.29709544501455	4.25045814459039	1.71677856757669	NA	NA	MIR548XHG	Exon
chr21	19035353	19035707	21.2996313881523	-8.12591317249962	4.24836940942783	-1.91271341763898	NA	NA	LOC107985490	Intergenic
chr21	23287968	23288450	144.796454808122	7.63042638404204	2.57066601448381	2.96826827796773	NA	NA	LOC105372747	Intergenic
chr21	23885607	23886166	59.5904988851565	17.4114299271422	4.2643443522389	4.08302624951024	NA	NA	LOC105372750	Intron
chr21	24137791	24138484	17.4792137745576	13.5776873821707	4.40735632387925	3.08068746531932	NA	NA	LINC01684	Intron
chr21	25413426	25414247	17.7776161313927	-2.6385936093093	3.7512152192624	-0.703397020720163	NA	NA	LINC00158	Intron
chr21	26117663	26118130	70.7468683001129	20.5112256149193	4.2494939409975	4.82674546656835	NA	NA	APP-DT	Intron
chr21	26220726	26221122	62.0692602039863	7.03772462555369	3.9392509828697	1.7865641605874	NA	NA	APP	Intergenic
chr21	26358557	26359525	12.2974570623527	-2.83967527847764	4.03898490135813	-0.703066574357034	NA	NA	CYYR1-AS1	Intron
chr21	28067100	28067528	20.5832204548192	-22.4759342406025	4.24810298383701	-5.29081670715561	NA	NA	LINC01697	Intron
chr21	28504182	28504684	63.5649511029111	6.35096511441127	2.84391132860309	2.23317972347992	NA	NA	LINC00161	Intron
chr21	28851917	28852370	57.7664528925019	0	4.40735632387829	0	NA	NA	HEMK2	Intergenic
chr21	31042561	31042799	48.7470086106478	-1.26217180919165	3.35637008017178	-0.376052633959559	NA	NA	KRTAP19-8	Intron
chr21	31199371	31199583	40.9549921391028	0.760273847187178	2.79766790131261	0.271752714763061	NA	NA	NA	NA
chr21	31279095	31279502	25.4318157701954	-4.75665516347633	3.38909150024009	-1.40351925084919	NA	NA	LOC105372775	Intron
chr21	32025255	32025812	92.872536117182	-6.7071159284235	3.21621580027669	-2.08540606256784	NA	NA	HUNK	Intron
chr21	32315976	32317380	90.6059127096145	1.03989855382789	3.31839457509568	0.313373991638082	NA	NA	MRAP-AS1	Exon
chr21	32977065	32977588	20.8702118652626	5.83821656967041	2.8735148733413	2.03173354828742	0.0421806376881886	0.0980238983807777	LINC01690	Intron
chr21	33040059	33040525	66.7834248988365	9.48092830009614	3.33685566665593	2.84127611356878	NA	NA	OLIG2	Intron
chr21	34153098	34153793	27.6988579877754	4.23425509007601	3.20067359044151	1.32292624362609	NA	NA	KCNE2	Intron
chr21	34803144	34803540	66.7639715902222	1.23847830861211	3.80446778356193	0.325532605102673	0.744778009930936	1	RUNX1-AS1	Intron
chr21	35412160	35412801	20.4318481984211	-1.64912512593653	3.86377251489906	-0.426817344855927	NA	NA	NA	NA
chr21	35470089	35470449	19.703711404947	0.276726761887221	3.69198808162236	0.0749533193957712	0.940251853086163	1	NA	NA
chr21	35636314	35637069	67.8704138134113	0.983369116081158	3.03329644646145	0.324191563019937	NA	NA	LOC100506403	Intron
chr21	36547487	36547750	46.7333932194142	7.08192324589713	3.39375852143861	2.08674930793105	NA	NA	CLDN14	Intron
chr21	36646629	36647291	124.638387880182	-1.08062206734344	2.94162469339246	-0.367355519475599	0.713353845938408	1	LOC105369308	Intron
chr21	37779583	37779987	40.9510210299096	1.167991092022	3.50117400803691	0.333599840893622	NA	NA	LOC101928368	Intron
chr21	38250389	38251371	29.4364264559371	-8.11037698998438	4.24775887345012	-1.90933083341357	NA	NA	DSCR10	Intron
chr21	41056376	41056904	86.4156809167137	0.182427229368809	3.47018175642267	0.0525699349986984	NA	NA	MIR3197	Intergenic
chr21	41143409	41143977	41.7099754452302	-8.15926646879957	3.71810023658249	-2.19447189414646	NA	NA	NA	NA
chr21	42007312	42008134	84.4600586981289	-7.66723926305431	3.2386606916497	-2.36741048014782	NA	NA	ZNF295-AS1	Promoter
chr21	42102905	42103434	26.970442912998	2.02895082833007	4.02796089269632	0.503716615523516	NA	NA	UMODL1-AS1	Exon
chr21	42347345	42347816	12.1734587514563	-1.25581192475449	4.08870234471284	-0.307141928875893	NA	NA	TFF2	Exon
chr21	42364948	42365528	32.9378442535185	8.73799163947728	3.77360371113446	2.31555624500125	0.0205825102176866	0.0629415261298177	TFF1	Promoter
chr21	42704999	42705466	27.5750977402187	-8.57734904205419	3.63954165954168	-2.35671132368198	NA	NA	PDE9A-AS1	Intron
chr21	43024726	43025472	36.1123297259534	9.47052885752225	3.7731581644953	2.5099739911881	NA	NA	PKNOX1	UTR
chr21	43971689	43972288	51.8434336073119	-15.0688108675747	4.29486548840819	-3.50856410014361	NA	NA	TRAPPC10	Intron
chr21	44012005	44012709	47.95890141002	-3.07460533559038	3.83532343793854	-0.801654771844473	NA	NA	NA	NA
chr21	44658614	44659259	57.5696564444031	8.69106035058908	3.04595912768597	2.85330826392005	0.00432666284417019	0.0368990868974514	KRTAP12-3	Promoter
chr21	45169286	45169550	46.1532805264787	0.675122426467848	3.46588192526933	0.194790948169818	NA	NA	LINC00334	Intron
chr21	45325927	45326692	50.5583989335794	-3.02550107672781	2.51026074635959	-1.20525370964568	NA	NA	LOC124905040	Exon
chr21	45908808	45909340	28.7855688036846	-9.22288572225509	3.48371679178249	-2.64742695043706	0.00811068807469804	0.0438184328867156	LOC124905044	Intron
chr21	46346278	46346979	74.8742768284477	-7.92260380984534	2.65407204982158	-2.9850748815873	NA	NA	NA	NA
chr21	46381525	46382034	88.0422605474357	-0.720086387208477	2.67676310034591	-0.269013864960789	0.78791901314595	1	LOC128092249	UTR
chr21	46635389	46636108	3.39418716274096	-1.49110658593825	3.52055880749951	-0.423542587262535	0.671899433653978	NA	PRMT2	Promoter
chr22	16473716	16474098	6.72601524179588	7.41553193740195	4.25018860282118	1.74475361692883	NA	NA	CCT8L2	Exon
chr22	17219235	17219552	99.7481290292629	-0.369299321977737	3.18657535538817	-0.115892229365701	NA	NA	ADA2	UTR
chr22	19472796	19473432	27.8516951717797	-1.53184307612046	3.86171508344219	-0.396674286688967	0.691607664078912	1	UFD1	Intron
chr22	19669270	19669570	38.4873277825476	2.45825225968132	3.30212400849843	0.744445772888814	NA	NA	SEPTIN5	Intergenic
chr22	20026167	20026650	27.7438281522826	-1.23348722029034	3.54174983121395	-0.348270566548615	NA	NA	MIR185	Intron
chr22	20227166	20227647	41.2465360723892	-5.40062971065899	3.17220489555078	-1.70248451423605	NA	NA	LOC105372863	Intron
chr22	20390689	20391129	37.1025680850865	6.95719308763968	3.41332687605012	2.03824401830817	NA	NA	ZNF74	Promoter
chr22	20445857	20446396	37.8155985928629	-7.22401439621431	3.62427267340214	-1.99323148316902	0.0462361051449622	0.103715729655201	SCARF2	Promoter
chr22	20636726	20636984	25.228233164989	-0.776871783238872	2.76042500214875	-0.281431947121963	NA	NA	LOC124905084	Exon
chr22	21759131	21759489	69.9965811806429	0.306808388844861	3.80302843105291	0.0806747555026608	NA	NA	YPEL1	Intergenic
chr22	21920612	21921157	29.1253611659664	0.259592029454447	3.1862473078236	0.0814726555647571	0.935066070267954	1	PPM1F-AS1	UTR
chr22	22294336	22294621	4.45261504345529	6.82013831459462	4.25179834339657	1.60405968575319	NA	NA	BMS1P20	Exon
chr22	22318258	22319206	55.6177218256921	2.2199517889844	3.2592105769858	0.681131745417157	0.495788131589455	0.903613852735619	NA	NA
chr22	22789933	22790199	53.8793416640472	3.937017735682	3.04917490378422	1.29117478003505	NA	NA	MIR650	Intergenic
chr22	23036915	23037375	48.2082812949295	-1.15293735650979	3.33721790279269	-0.345478596271757	NA	NA	GNAZ	Intergenic
chr22	23201291	23201525	30.9261874090556	-5.83630016687815	3.50089475790331	-1.66708815045144	NA	NA	BCR	Intron
chr22	23450750	23452036	74.5392446349398	7.98194240486696	3.25706167452228	2.45065743375513	NA	NA	LOC124900476	Intron
chr22	23732202	23732582	30.9588143551233	8.0418705128424	4.16562544839592	1.93053134816505	NA	NA	GUSBP11	Intergenic
chr22	24304118	24304727	116.20175897059	0.900644189274488	3.01352807191108	0.298867031526715	0.765041503062658	1	SPECC1L-ADORA2A	UTR
chr22	24588979	24589552	22.6208138101035	6.01065023614926	2.85182091901437	2.10765346311669	NA	NA	LRRC75B	UTR
chr22	25154747	25155754	36.179298689878	8.0152998182977	2.94894479378519	2.71802301460159	0.00656732698909521	0.0412282194315421	KIAA1671-AS1	Intron
chr22	25980320	25980907	35.2514195596972	-7.63978949100966	3.34364955627645	-2.2848654927574	NA	NA	MYO18B-AS1	Intron
chr22	26684230	26685006	41.7429017850944	6.1037521528818	3.80054505840244	1.6060202047565	NA	NA	LINC01422	Intron
chr22	27122023	27122795	21.0922421176441	1.23847375993072	3.96587087462087	0.312282925764475	0.754825514944927	1	LOC107985534	Intron
chr22	27536495	27536861	41.7018028044584	-22.8076071234074	4.24790941111183	-5.36913688972426	NA	NA	LOC105372981	Intron
chr22	27631539	27631916	117.728947970251	-9.48640901268845	3.16640729861912	-2.99595349493588	NA	NA	LOC124905098	Intergenic
chr22	27758234	27758796	82.8088079750625	6.36809233370182	2.79859510627813	2.27546039776036	NA	NA	MN1	Intron
chr22	27903954	27904385	25.3148281625186	-8.07517478083449	3.54798833406157	-2.27598684677478	0.0228467968738169	0.0661971294036234	TTC28-AS1	Intron
chr22	28386878	28387430	10.3182822116655	-6.76376051186992	4.1400444940765	-1.63374101934107	NA	NA	MIR5739	Intron
chr22	29267718	29268407	22.5526394294636	-2.80814839260574	2.16646092230503	-1.29619157386784	0.194909491805147	0.372512009707934	EWSR1	Promoter
chr22	29483340	29484619	49.8440584708233	1.77516366300211	3.20069367957173	0.554618417354966	0.579155688912537	1	NEFH	Exon
chr22	29568088	29569443	53.18851135801	-0.76302562054732	3.36780049350035	-0.226564970822919	NA	NA	NIPSNAP1	UTR
chr22	30034933	30035660	1.38061080502663	4.3726801800484	4.27294683620298	1.02334064702149	0.306146811624768	NA	MIR6818	Intron
chr22	31012461	31012867	26.6629164646819	0	4.40735632388439	0	NA	NA	TUG1	Intergenic
chr22	31554930	31555928	33.2014115392172	0.140983649556664	3.91271105361615	0.0360322159302732	NA	NA	EIF4ENIF1	Intron
chr22	32281255	32282242	21.8629933799297	-3.63085368508544	3.57782647886509	-1.01482106707343	NA	NA	LOC107985561	Intron
chr22	32562428	32563027	45.9681901270488	-0.196589782782448	3.15828314233543	-0.0622457752907732	NA	NA	SYN3-AS1	Intron
chr22	33036715	33036996	59.7245594104379	-1.74376276837539	3.34134305433716	-0.521874809026847	NA	NA	SYN3	Intron
chr22	33579074	33580160	2.66237339930535	4.05126812937155	4.27938777617996	0.946693391966446	0.343795038652416	NA	NA	NA
chr22	33655200	33655662	57.7603179608845	13.4676034807373	3.98738877034948	3.37754963370601	NA	NA	SNORA50B	Intron
chr22	34511753	34512707	47.0985581512683	-7.49158277712104	3.21608525746481	-2.32941050294995	0.0198373291940912	0.0618377434188222	LOC105373013	Intergenic
chr22	35225533	35225789	56.9057553063266	0.932018053529656	3.54733809461861	0.262737305740196	NA	NA	LINC01399	Intron
chr22	35567870	35568300	121.129418214077	10.2421409944468	3.29240325812235	3.11084037752043	NA	NA	LOC107985590	Intron
chr22	35691377	35691836	39.436534304617	-3.5481282703626	4.20913229948568	-0.842959550308303	NA	NA	APOL6	Intergenic
chr22	36066046	36066618	25.0702294046806	7.43352797943141	4.0671752356744	1.82768814931546	NA	NA	APOL3	Exon
chr22	37125107	37125678	16.7923225627323	0	4.00321034868411	0	1	1	TMPRSS6	Intron
chr22	37634504	37634710	42.4039736360488	7.58649122989258	3.38586153753579	2.24063835623177	0.0250495100645042	0.0698912256120735	SH3BP1	Promoter
chr22	37751412	37752541	94.5519679247035	6.36956092871945	2.93919222299286	2.16711274577121	NA	NA	LOC102724378	Promoter
chr22	38019412	38020103	13.6017170442361	-22.0337842962177	4.24855048451673	-5.18618864869722	NA	NA	MIR4534	Intron
chr22	38201467	38202070	68.7623648814322	7.33578297250235	3.1281369640287	2.34509647654771	NA	NA	MAFF	Promoter
chr22	38448917	38449483	27.7291002702423	8.45897771857633	4.0752223136659	2.07570951165287	NA	NA	KCNJ4	Intron
chr22	39036708	39037588	7.35631507178098	3.02540255565334	4.10641941475347	0.736749525580299	NA	NA	APOBEC3F	Intron
chr22	39302406	39303010	17.3335784202599	0	4.40735632389034	0	NA	NA	LOC124905119	Intergenic
chr22	39409468	39409736	37.0895221263641	-7.40514508429126	4.10060585541667	-1.8058660952526	NA	NA	TAB1	Intron
chr22	39649067	39650079	30.6000749993168	-22.054586649622	4.24852408578801	-5.19111724549195	NA	NA	CACNA1I	Exon
chr22	39886011	39886727	20.888055477212	1.31989737608592	4.0849735628527	0.323110383892957	NA	NA	ENTHD1	Intron
chr22	40286660	40287088	35.1209170232622	-19.4044558881823	4.25756531326123	-4.55764138902166	NA	NA	LOC124905121	Intron
chr22	40370578	40371100	16.8290496268332	0.446458663851717	3.93299479299554	0.113516210254546	NA	NA	SGSM3	UTR
chr22	41284453	41285358	11.0476502066705	-6.02241662891578	3.69028398167218	-1.63196563159533	NA	NA	RANGAP1	Promoter
chr22	42463007	42463414	55.484030298207	-16.0895086127692	4.29000471698148	-3.75046408435887	NA	NA	NFAM1	Intergenic
chr22	42554204	42554454	74.9972911009045	7.09183216458616	3.30848645257218	2.14352764209526	NA	NA	SERHL2	Promoter
chr22	42614689	42615005	93.7574793276717	6.27852452048791	2.44927857022174	2.56341789652758	NA	NA	RNU12	Promoter
chr22	43420281	43421110	20.1858111901781	-3.6970884656159	3.78673077804213	-0.976327254911801	NA	NA	MPPED1	Intron
chr22	43484885	43485392	33.9895972774723	-7.63707996514589	3.41901212493347	-2.23370952956024	0.0255021915699192	0.0700728911222095	EFCAB6-AS1	Intron
chr22	44032731	44033941	34.7346817380279	-6.6718551292535	3.33669819925786	-1.99953808550544	NA	NA	NA	NA
chr22	44063277	44063670	107.614041226075	2.38424269395498	2.91747575466404	0.817227937590704	NA	NA	PARVB	Intron
chr22	44197540	44198072	12.3572339468434	-7.04422623917541	4.08925873337876	-1.7226169089465	NA	NA	PARVG	Intron
chr22	44880276	44880976	3.42217729598189	-5.51296356069603	4.25509636040889	-1.29561426904237	0.195108410642014	NA	LOC101927551	Intergenic
chr22	45012869	45013561	4.80730962132192	-3.69806007013036	4.27528063029224	-0.864986509640555	0.387046193208278	NA	PHF21B	Promoter
chr22	45824641	45825115	33.5026203841083	20.7769475057729	4.24865471523787	4.89024147602677	NA	NA	LOC105373071	Intron
chr22	46942166	46942730	1.03617530702793	0.758518220481887	4.16073654590104	0.182303833014648	0.85534429078092	NA	TBC1D22A-AS1	Intron
chr22	47286443	47286915	16.015784891046	-21.9396743086618	4.24863683355195	-5.16393261372726	NA	NA	LOC339685	Intergenic
chr22	47642975	47643425	12.0249986655811	-0.0145622095905812	4.08719370225849	-0.00356288706907492	NA	NA	LINC00898	Exon
chr22	48211642	48212186	12.5499395743484	13.4940618911633	4.29014744727835	3.14536086626203	NA	NA	LOC107985581	Promoter
chr22	48349704	48350031	94.1396573563718	9.80684759537666	3.71413798555089	2.6404101391839	NA	NA	LOC105373080	Intron
chr22	48732166	48732549	33.9060279392391	-1.60272848394574	3.42802359819718	-0.467537179378993	NA	NA	MIR4535	Intron
chr22	49637466	49637933	19.9583321460115	3.21643272120383	4.09106941342187	0.786208298165619	NA	NA	MIR3667HG	Intron
chr22	49829026	49829876	24.1612618571352	21.0574616856333	4.07826176777561	5.16334234649155	NA	NA	BRD1	Promoter
chr22	50268779	50269263	62.1412277250291	-0.788110570229378	3.49018142622914	-0.225807909097971	NA	NA	MAPK11	Promoter
chr22	50561041	50561636	80.3533340076161	8.50013752468876	3.10497458545977	2.7375868274394	NA	NA	SYCE3	Promoter
chr22	50619014	50619568	42.5675123407296	0.299743820667762	3.58138266977804	0.0836949994752553	0.933298933037766	1	ARSA	Intergenic
chr22	50713943	50714309	94.0059759372729	1.2116532374277	2.53031683557646	0.478854355467171	NA	NA	LOC105373100	Intron
chr22_KI270733v1_random	88582	88996	26.9826305843645	0	4.40735632387891	0	NA	NA	LOC107987392	Intergenic
chr22_KI270733v1_random	139040	139447	2.92141074237837	3.77173081492606	4.26722696859521	0.883883337512681	0.376759192838384	NA	NA	NA
chr22_KI270733v1_random	143880	144978	78.795457449036	6.27433584399066	3.82306596501589	1.64117906973248	NA	NA	NA	NA
chr22_KI270733v1_random	148054	149150	111.809419993609	0.885552086996907	2.75538218854632	0.321389929381849	0.747914913848085	1	RNA5-8SN4	Intergenic
chr3	1544780	1545239	54.2807764508222	-24.0409674692594	4.05038475193592	-5.93547747723691	NA	NA	LOC105376923	Intergenic
chr3	1875924	1876613	17.8286850486008	-0.685065971994231	4.24731442583703	-0.161293915003531	0.871861915636638	1	CNTN4	Intergenic
chr3	1958558	1959523	43.2281880609587	-7.99759455282493	3.72947566333591	-2.14442867437062	NA	NA	NA	NA
chr3	2567555	2568047	57.6382040129714	-0.337831203669338	2.89507522122592	-0.116691684275576	0.907104380240794	1	LOC105376926	Intron
chr3	2569230	2569489	100.686414238532	-8.01708948886519	3.18997841711957	-2.51321120100377	0.0119637687714905	0.0489377690924317	NA	NA
chr3	2660423	2660861	59.3937947315763	8.61529744022858	3.57485434781765	2.40997159660168	NA	NA	NA	NA
chr3	3207783	3208033	46.3994499886182	1.64326386958456	3.4703980199614	0.473508761857474	NA	NA	CRBN	Intergenic
chr3	3539499	3540440	25.3879326126513	8.35803481602347	4.14156451442865	2.01808635043719	NA	NA	NA	NA
chr3	3712803	3713893	31.9914699708028	-8.40800705337993	3.27745306729752	-2.56540883446209	0.0103054298576351	0.0456693379356607	LRRN1	Intron
chr3	3869376	3869703	51.1929807754481	-5.92939951641835	3.86035254276473	-1.53597358032274	NA	NA	LOC102723512	Intron
chr3	4841761	4842303	13.1634302384408	-8.09800775421568	4.14757233254273	-1.95246932541164	0.0508825093575449	0.109779924723677	LOC124906209	Intron
chr3	4966298	4966595	48.2677847471295	1.73104992848496	2.9993828575318	0.577135367743431	NA	NA	BHLHE40	Intron
chr3	5004382	5004960	33.6404306952966	-6.96814340531123	3.04037269219588	-2.29187146141565	NA	NA	BHLHE40-AS1	Intron
chr3	5440682	5441088	41.3996013941265	5.6863121837561	3.35425797457635	1.69525189381842	NA	NA	LOC105376936	Promoter
chr3	5974543	5975167	48.3346984324318	-22.064852119649	3.77113548582841	-5.85098366329365	NA	NA	LOC124909341	Intron
chr3	6592376	6592859	49.3242310586073	-7.20805884945493	3.85575392500459	-1.86942916733109	NA	NA	LOC105376944	Intron
chr3	7958952	7959399	60.389174263351	-6.69422104973472	3.40964007474659	-1.96332190582675	NA	NA	LOC124909342	Intron
chr3	8212619	8213156	16.2886266122467	-22.0757981098105	4.24849518460747	-5.19614525863	NA	NA	LOC107986010	Intron
chr3	8580811	8581464	65.7230741674431	-7.12866716250648	3.50469439322096	-2.03403388788913	NA	NA	LOC107986009	Intron
chr3	10280652	10280929	77.0644494505989	1.92804771015089	3.63118483881496	0.530969310496491	NA	NA	LINC00852	UTR
chr3	10878539	10878868	22.5102804162516	-0.684360717920832	3.44092124845218	-0.198888805789634	0.842349726273372	1	SLC6A11	Intron
chr3	11117893	11118423	59.5801060807658	-1.53874023266933	2.84047514810531	-0.541719308368435	0.588011886310169	1	HRH1	Intergenic
chr3	11738414	11738726	58.1798129162404	0.702515604937178	3.98816380523418	0.17615013806985	NA	NA	VGLL4	Intron
chr3	12288434	12288907	20.8157292761739	7.03595625115816	4.17323590517603	1.68597136874806	NA	NA	PPARG	Promoter
chr3	13017177	13017376	103.114397550493	10.5844222790125	3.11953275795006	3.3929511565597	NA	NA	LOC124906214	Intron
chr3	13314284	13314856	19.3225942062704	-20.4857459267022	4.25173851120834	-4.81820457036531	NA	NA	IQSEC1	Intergenic
chr3	13480027	13480496	12.7395093525629	3.92664618539661	3.44813936934373	1.13877246967078	NA	NA	HDAC11-AS1	Promoter
chr3	13867008	13867582	34.5416592431704	-2.97571234803615	3.16761105812889	-0.939418474499802	NA	NA	WNT7A	Intron
chr3	14062386	14062924	17.3453113824288	7.52818398660605	4.24854019325361	1.7719460436223	NA	NA	LOC112268445	Intron
chr3	14235267	14235907	25.6011834983586	0	4.40735632388007	0	NA	NA	LOC105376958	Intergenic
chr3	14304054	14304322	39.2467761151784	1.24373418600789	2.98165733445947	0.417128478056101	NA	NA	LINC01267	Intergenic
chr3	14437020	14437956	104.577226691795	8.29984765336191	3.2776490830232	2.53225633468559	NA	NA	LOC105376959	Intron
chr3	14915072	14915685	95.0080915204571	-5.94226398382494	2.66603885319612	-2.22887373779313	NA	NA	NR2C2	Intron
chr3	15087253	15087819	31.3053691201225	0	4.40735632392261	0	1	1	RBSN	Intron
chr3	15410524	15410975	21.2585481876904	-14.9562266256975	4.40735632388004	-3.39346890213104	NA	NA	EAF1	UTR
chr3	15606090	15606691	43.9704401209629	0.222002637141371	3.67679801300303	0.0603793399464036	NA	NA	HACL1	Exon
chr3	16686881	16687386	106.012356673693	7.49187206278498	2.72462794840483	2.7496862708067	NA	NA	NA	NA
chr3	17171383	17171941	21.1721604748512	-15.0705732479739	4.40735632388014	-3.41941339444642	NA	NA	DAZL	Intron
chr3	17454646	17455023	24.3784008910231	-8.02344863909218	3.74510055551784	-2.14238536993909	0.0321624841871561	0.079657221110107	LOC105376975	Intron
chr3	18552612	18553204	54.689734745703	-1.6851413713488	3.84107198912952	-0.438716425028706	0.660867024179713	1	SATB1	Intron
chr3	18732418	18732785	57.5657272905762	9.2943882172053	3.82056981759862	2.43272303895422	NA	NA	LOC107986066	Intron
chr3	18784945	18785449	44.2346137435874	6.47057516085294	3.79235486356641	1.70621563478052	NA	NA	NA	NA
chr3	18942503	18943068	41.5118158323674	-7.84781058126107	2.90000580784952	-2.70613616014809	0.00680711293179878	0.0418846848608327	NA	NA
chr3	19849805	19850368	15.0441707343395	0	4.40735632392282	0	1	1	EFHB	Intergenic
chr3	21272061	21272512	102.060253427116	0	4.40735632392248	0	1	1	LOC105376988	Intergenic
chr3	22063384	22063835	35.8249237755707	-19.4335673579061	4.07184106604728	-4.77267335406367	NA	NA	ZNF385D-AS2	Intron
chr3	22645907	22646305	28.4639203380466	-7.95774942058874	3.83382696462897	-2.07566734075566	NA	NA	ZNF385D	Intergenic
chr3	24556920	24557259	35.874519694393	-0.811825371111732	3.4292161184696	-0.236737885005053	NA	NA	LOC107986011	Intron
chr3	25205508	25205831	16.1874899708539	-4.21106461406795	4.25756654846228	-0.989077813848588	NA	NA	NA	NA
chr3	25449876	25450145	36.6677818766951	0.422244420988961	3.04995907934616	0.138442651197629	NA	NA	RARB-AS1	Intron
chr3	25723062	25723575	5.99488125313202	3.09649078612282	4.11394564201703	0.752681502277857	NA	NA	MIR4442	Intron
chr3	25867626	25867845	41.6433934047945	0.206342520034413	3.46257655430707	0.0595921900348297	NA	NA	LOC124909357	Intron
chr3	26324086	26324650	79.9444832852754	9.04143292599423	3.39369070352886	2.66418884802692	NA	NA	LOC105377002	Intergenic
chr3	26381469	26381793	90.1594824473003	0.962798222401149	2.9058297618586	0.331333320017113	NA	NA	LRRC3B	Intergenic
chr3	26435059	26436256	136.143096681696	-8.07022565706034	3.03012546755187	-2.66333052656744	NA	NA	NA	NA
chr3	28839074	28839575	51.0112396340892	-0.820087393663403	3.99042300353107	-0.20551389988924	NA	NA	RBMS3	Exon
chr3	28883773	28884068	43.5129749361202	-7.97245046532773	4.0915942379611	-1.94849489017282	NA	NA	NA	NA
chr3	29684990	29685595	26.5429565418822	0.192202631918879	4.27245396928985	0.0449864722476639	NA	NA	RBMS3-AS2	Intron
chr3	29741151	29741364	40.5701133106719	1.75863046232907	3.13827383238191	0.560381456896097	NA	NA	NA	NA
chr3	29908308	29908656	78.3533496572323	-7.87574989797612	3.29108061090753	-2.39305894601115	NA	NA	RBMS3-AS1	Intron
chr3	31637675	31638422	9.96849249318418	-3.6386513376217	4.11235359274095	-0.884809940478994	NA	NA	OSBPL10-AS1	UTR
chr3	32542190	32542904	32.6272849124641	-8.58069247361947	3.51039747878396	-2.4443649260459	NA	NA	DYNC1LI1	Intron
chr3	33479696	33479973	39.3515831268104	-8.06663826568174	4.24778066666175	-1.89902419609183	NA	NA	LOC124909363	Intergenic
chr3	34429621	34430227	39.7117518374715	-18.896657107758	4.26117783616304	-4.43460888850707	NA	NA	NA	NA
chr3	34436971	34437474	40.1675754116323	5.84303065971681	3.38419087383191	1.72656651990222	NA	NA	LOC124909365	Intron
chr3	36559793	36560461	1.91041352782351	0	4.40735632389045	0	1	NA	LOC124906227	Intergenic
chr3	37402027	37402316	109.586999599983	-1.15470579712313	2.99685732633834	-0.385305562255108	0.700011040998168	1	APRG1	Intron
chr3	37690571	37691175	12.1243135110739	0	4.40735632387988	0	NA	NA	CTDSPL	Intron
chr3	38291244	38291939	11.6765421790396	-17.4449484472188	4.29217786617925	-4.06435823283989	NA	NA	SLC22A14	Intron
chr3	38526866	38528142	69.210885344872	-9.17590166434244	4.15023000662141	-2.21093810456358	NA	NA	EXOG	Exon
chr3	38532862	38533412	49.2449065909684	-0.580118493465241	3.8156712770559	-0.152035762869187	NA	NA	NA	NA
chr3	39291319	39291674	39.7425649968057	9.00881770595514	3.95336464070339	2.27877226734953	NA	NA	CX3CR1	Intergenic
chr3	39350746	39351425	30.0981071029426	21.3394980488973	3.83663715980548	5.5620318419632	NA	NA	CCR8	Intron
chr3	39583591	39584179	67.1653145164178	6.760461474871	2.89712199438927	2.3335094234774	NA	NA	MOBP	Intron
chr3	39657137	39657567	57.9241854661658	-21.5780764159596	4.24897027096861	-5.07842489823789	NA	NA	LOC105377039	Intergenic
chr3	39967199	39967670	50.3272541122188	-0.230426560750766	2.81748834780877	-0.0817843881874347	0.934818170903	1	MYRIP	Intron
chr3	41084925	41085213	50.5128247291847	-0.0799748152997518	2.83450589339279	-0.0282147288831441	NA	NA	CTNNB1	Intron
chr3	41905931	41906863	5.70670061200083	3.49698124089819	4.12375189816898	0.84800961048382	NA	NA	ULK4	Intron
chr3	42189070	42189729	21.6797720666559	5.01439367621527	3.127612788983	1.60326549817114	NA	NA	CCK	Exon
chr3	42413250	42414132	58.4876129256401	-5.80111785727595	3.21566890271467	-1.80401590859638	NA	NA	NA	NA
chr3	42427797	42428626	12.2093723542192	7.37538733561594	4.25027737736067	1.73527200245832	NA	NA	LYZL4	Intergenic
chr3	42536806	42537195	80.0617086188581	8.61148273109608	2.84002543563433	3.03218507237512	0.00242790295217219	0.0344512798559998	VIPR1-AS1	UTR
chr3	42732315	42732565	16.6970328649322	-5.10546410933951	2.52716747037722	-2.0202318086096	NA	NA	CCDC13-AS1	Promoter
chr3	44103124	44103377	53.0264166946778	-0.377345128378193	3.09455372886179	-0.121938463972634	NA	NA	MIR138-1	Intron
chr3	45293326	45293579	58.1995637700939	-0.862704159842589	2.72175765676705	-0.316965824528009	NA	NA	LOC124906378	Intergenic
chr3	46153253	46153655	26.0218881756108	-0.246861300881852	4.08358653020977	-0.0604520803111697	NA	NA	CCR3	Intron
chr3	46503102	46503746	34.2931225224361	-3.99612141520991	3.36748668652362	-1.18667771759931	NA	NA	RTP3	Intergenic
chr3	47479402	47479797	113.569911191372	2.49077422328365	3.15146666709952	0.790353980033066	NA	NA	SCAP	Promoter
chr3	47852066	47852797	99.9253220728282	8.62768333923751	3.21565332491145	2.68302657889127	NA	NA	MIR1226	Promoter
chr3	48331290	48331917	9.54203828007298	7.703917774298	3.90331451162794	1.97368614579945	NA	NA	SPINK8	Promoter
chr3	48596960	48597637	76.9754263300183	-7.0346436374031	2.88376410160108	-2.43939635474949	NA	NA	COL7A1	Promoter
chr3	49120377	49120962	26.7047005932254	1.67429772491443	2.35435504491314	0.71114920773396	NA	NA	USP19	Promoter
chr3	49173701	49174249	40.0993706634185	-15.9742114813753	3.9946459820858	-3.99890542316202	NA	NA	KLHDC8B	Promoter
chr3	49480326	49480517	67.0115853177594	-2.0238118834922	2.71876817529719	-0.744385601494316	NA	NA	DAG1	Intron
chr3	49648638	49648851	71.521811298596	0.425008991821587	3.13397115864978	0.135613561933574	NA	NA	APEH	Intron
chr3	49827141	49827560	71.6396720219696	2.25421073970723	3.57668021699765	0.630252245921908	NA	NA	UBA7	Intergenic
chr3	50705701	50706077	92.3520023615107	1.03980675872129	2.90898148101458	0.357447019002208	NA	NA	MIR4787	Intron
chr3	51806334	51806607	57.5555261520296	7.52265909018547	3.44464312605426	2.18387183081066	NA	NA	IQCF3	Intron
chr3	52406264	52407442	88.6176305332569	8.00557932136458	3.05850661134914	2.61747981569124	0.0088581726991082	0.0441118306492639	BAP1	Promoter
chr3	52482828	52483688	17.3049983343272	18.5366503128938	3.87460631904809	4.78413773852716	NA	NA	STAB1	Intron
chr3	52738181	52738398	78.5063286934055	9.02211712702612	2.74174497214781	3.29064782416959	NA	NA	GLT8D1	Intron
chr3	52931698	52932092	20.2944603112062	-6.25163969672096	3.71846998960143	-1.68123978792446	0.0927163480597519	0.182207779665251	STIMATE-MUSTN1	Exon
chr3	53176929	53177431	101.347352627939	8.91605245082277	2.53256835115212	3.52055747943256	0.000430640645303418	0.0278070816681635	NA	NA
chr3	53190024	53190612	48.4826632649739	-0.0901361330387379	3.3009858925603	-0.0273058219490986	0.978215813357403	1	PRKCD	Intron
chr3	53624202	53624550	48.4772120379842	-2.24862473105109	3.56133613666954	-0.631399184114629	0.527779549354821	0.950423730312268	CHDH	Intron
chr3	53836698	53837069	74.763000460432	-6.25854913328164	3.22033635358084	-1.943445791407	NA	NA	NA	NA
chr3	53916491	53916687	34.2130681607416	-0.194181386488304	3.39124951843843	-0.0572595397161217	NA	NA	SELENOK	Intergenic
chr3	54393747	54394003	76.4654207671279	0.191399237705483	3.33759285248073	0.0573464907690048	NA	NA	LOC107986088	Intron
chr3	54439613	54440332	124.968814379581	9.88691902348926	3.32389374145145	2.97449912438293	NA	NA	NA	NA
chr3	54972926	54973517	55.1034644193945	-0.119889533548859	4.08191125228132	-0.0293709309534483	NA	NA	LRTM1	Intron
chr3	55049841	55050213	18.4986710032298	14.8569289704626	4.37052145979922	3.39934927836851	NA	NA	NA	NA
chr3	56659493	56660017	27.055845456107	0.27672203016762	3.73064749036571	0.0741753357512995	0.940870870995049	1	TASOR	Intron
chr3	56964706	56965125	7.44098595322686	-3.48138140845875	4.11904520850939	-0.84519135678984	NA	NA	ARHGEF3-AS1	Intron
chr3	57325350	57325758	42.0528327208186	-23.4495102154643	4.24757837963678	-5.52067745892178	NA	NA	LOC124909384	Intron
chr3	58075985	58076598	238.375229031498	0.333976516094926	2.82394987356328	0.118265738078952	NA	NA	FLNB	Intron
chr3	58906552	58907353	56.6802787979157	9.51898199258006	3.52072484601782	2.70369949624057	0.00685722716748146	0.0418846848608327	CFAP20DC-AS1	Intron
chr3	59154459	59154661	65.9504793370703	9.79658325928469	3.58202575268491	2.7349282042268	NA	NA	CFAP20DC-DT	Intron
chr3	59416786	59417338	82.0942263788525	3.38726132433076	3.45135305564744	0.98142996955591	NA	NA	LOC339902	Intron
chr3	59420316	59420891	13.5187962717761	8.42275087363638	4.24860469826417	1.98247459385375	0.0474261481462329	0.105819075671796	NA	NA
chr3	59477950	59478310	41.7795638257332	5.090098876041	4.2014679043366	1.21150488161225	NA	NA	NA	NA
chr3	59720726	59721367	90.1069626812388	-1.20735002931155	3.11364839611138	-0.387760554730393	0.6981932387285	1	NA	NA
chr3	60793953	60794389	82.3938933932834	-6.31131770306594	3.60260813300257	-1.75187460585834	NA	NA	LOC124906379	Intron
chr3	61420633	61421169	12.9491918735488	8.35261184956549	4.13841842592606	2.01831013443171	0.0435589719073962	0.0999915451254479	LOC105377114	Intron
chr3	62053512	62054070	44.2142431656344	2.72041263432112	3.14431132681379	0.865185521268907	0.386936970936468	0.725707513955534	CEP15	Intron
chr3	62330348	62330920	40.4260433786801	9.00428458217909	3.56609268054655	2.52497211620396	NA	NA	NA	NA
chr3	62686268	62686960	17.9045117939235	0	4.23688462434196	0	1	1	CADPS	Intron
chr3	63644937	63645465	54.6499599547115	1.51479795151281	3.46185130579389	0.437568750852349	NA	NA	SYNPR-AS1	Promoter
chr3	65327854	65328204	52.0760459068724	-2.14330419444319	3.56067507160509	-0.601937596478587	0.547215676993457	0.978259751574246	LOC105377127	Intergenic
chr3	65506166	65506559	50.7873525481512	-0.608513329439305	3.42894881766433	-0.177463520687311	0.859144316683738	1	NA	NA
chr3	65682846	65683631	5.41585839453617	-0.174235180646132	4.09545477630657	-0.0425435489250511	0.966065396135744	NA	MAGI1-AS1	Intron
chr3	66311809	66312726	32.451089763377	-1.84840981979262	3.89751582181514	-0.474253320396216	NA	NA	LOC107986095	Intron
chr3	66472468	66472708	44.4924287114984	2.20843861982907	3.12478353482397	0.706749314061999	NA	NA	LRIG1	Intron
chr3	66714724	66715431	35.4875535910707	-9.53355339957908	4.0752775374491	-2.33936297883323	0.0193166558251862	0.0608441005782869	LOC105377142	Intron
chr3	67787769	67788212	24.1905145186448	3.26553005776303	4.08949346500737	0.798517001116457	NA	NA	SUCLG2	Intron
chr3	68038605	68039027	58.4795961372164	-20.7569445545652	4.12788144533977	-5.02847400765326	NA	NA	TAFA1	Intron
chr3	69128079	69128476	6.91490626373771	6.79252630927306	4.25189010121006	1.59753101505139	NA	NA	LMOD3	Intergenic
chr3	69338690	69338971	20.4003274161091	0	4.16307589871529	0	1	1	NA	NA
chr3	69376781	69378740	109.370040254464	0.326438523662246	2.77254802780576	0.117739537922665	0.906274037913821	1	NA	NA
chr3	69450360	69450713	117.777868985695	2.0513019782562	2.99332292213895	0.685292576716179	NA	NA	FRMD4B	Intron
chr3	70436938	70437370	54.4458386350652	8.69674252655812	3.42869391815569	2.53645928570846	0.0111979763015955	0.0466586842334292	MDFIC2	Intron
chr3	71223819	71224206	30.7449896012979	-9.32769276084743	4.01915569053206	-2.32080901539115	0.0202971537301403	0.0629415261298177	FOXP1-AS1	Intron
chr3	71316561	71317055	100.155245033987	23.5866603137744	3.18889865328932	7.39649103913821	NA	NA	NA	NA
chr3	71370526	71370828	73.5966533816501	9.20921436107798	3.48458063123246	2.64284725643464	NA	NA	NA	NA
chr3	71643344	71643833	31.8491454856991	-7.55834724993437	3.8691617533734	-1.95348443195596	NA	NA	LOC105377155	Intron
chr3	71935593	71936142	114.675658083242	7.27001990067335	3.0291915079701	2.39998688810041	NA	NA	PROK2	Intergenic
chr3	72090529	72091043	43.3527635481531	9.13121300313924	3.25253163020487	2.80741712650588	0.00499405279694417	0.0379252716199222	LINC00870	Intron
chr3	72152341	72152719	66.2508449047555	-0.290431999268604	3.37744829800274	-0.0859915455820156	NA	NA	LOC124909393	Promoter
chr3	74215290	74215596	55.0794393151293	-7.31819103224296	2.61706722035524	-2.79633284744195	0.0051686139412855	0.0379252716199222	LINC02047	Intergenic
chr3	75434757	75435255	105.056274770157	-0.491363407550868	2.45027573002667	-0.200533924214937	NA	NA	MIR1324	Exon
chr3	75946952	75947383	82.9833897262854	-0.325128148497835	3.36014445713571	-0.0967601698812033	NA	NA	ROBO2	Intron
chr3	76551805	76552280	27.4366231836552	1.23841860172602	4.01272066910784	0.308623177102771	NA	NA	NA	NA
chr3	77355035	77355656	3.56345325840762	0	4.40735632392411	0	1	NA	LOC105377171	Intron
chr3	79039827	79040034	41.1282485621021	2.53326293048917	3.49096256302439	0.725663161593599	NA	NA	NA	NA
chr3	79276006	79276330	26.4445326757445	0.238166465743154	3.66382084706471	0.0650049431139523	NA	NA	LOC101927374	Intron
chr3	80224037	80224501	55.1650665426946	4.98634311443047	3.5263149765665	1.414037925587	NA	NA	NA	NA
chr3	80258706	80258995	65.9655780604558	0.550209784750274	2.72219625863891	0.202119807858886	0.839823062998416	1	ROBO1	Intergenic
chr3	80910616	80911378	14.8443183441771	14.5744684967034	4.00430299850133	3.63970171641809	NA	NA	LINC02027	Intergenic
chr3	81561513	81561904	46.2066827879838	-16.0964592308892	4.28316566343404	-3.75807533393041	NA	NA	LOC124906198	Intron
chr3	81563129	81563605	46.2191929754134	7.42274132516692	4.24865416521652	1.74708061341788	NA	NA	NA	NA
chr3	84094373	84094793	38.6465787776378	-2.17456202212851	4.08416436967949	-0.532437440146211	NA	NA	LOC105377188	Intergenic
chr3	84231352	84231958	28.4956694203685	-0.650538652264871	3.89638602548314	-0.166959497341952	0.86740191796879	1	NA	NA
chr3	87880818	87881492	159.745284215716	-0.558895088134734	2.72836569473669	-0.20484610593547	NA	NA	LOC105377198	Intron
chr3	88010767	88011376	99.4641689805355	-5.60741022491163	3.21566037135826	-1.74378186044042	NA	NA	LOC128031834	Intergenic
chr3	88928724	88929349	8.26774033885892	1.2384872472035	3.80250343404335	0.325703123925011	0.744648980460017	1	EPHA3	Intergenic
chr3	89406150	89406512	36.4205576147555	8.50732129202624	3.44427182594505	2.46999125560944	NA	NA	NA	NA
chr3	89978839	89979323	44.3107058067342	8.38463673812395	4.24790686731692	1.97382781685604	NA	NA	LOC124906381	Intergenic
chr3	90217033	90217510	38.9712653935273	6.9280498517862	4.15824079616117	1.66610116907662	NA	NA	NA	NA
chr3	94604668	94604865	57.1396587783821	0.766728618888885	2.88438797970858	0.265820210139119	NA	NA	NA	NA
chr3	94696882	94697226	28.812328630172	1.23846442018183	4.1839417910233	0.296004218519237	0.767226859776651	1	LOC105373992	Intergenic
chr3	95935539	95935778	71.0682266754061	0.260370110861103	3.79709484083608	0.0685708737271814	NA	NA	MTHFD2P1	Intergenic
chr3	97097887	97098220	30.1807226406139	-20.8384385484136	4.25069948639861	-4.90235515709649	NA	NA	NA	NA
chr3	97107223	97107747	18.3603679737446	0.474360580055004	4.08488058081291	0.116125935794335	NA	NA	LOC107986103	Intron
chr3	98329148	98329469	74.7016215813017	9.33823332705467	4.24746497432153	2.19854275044288	NA	NA	LOC105373999	Intron
chr3	100509232	100509741	25.0297631120813	-23.0055857142954	4.0626159669217	-5.66275175936136	NA	NA	TMEM45A	Intron
chr3	100551953	100552531	16.7263664444196	-6.91992807676932	4.25008843595755	-1.62818449099172	NA	NA	ADGRG7	Intron
chr3	100614548	100614946	71.9322742746112	-8.38918906418952	3.16373550591066	-2.65167206566933	NA	NA	NA	NA
chr3	100914315	100915123	34.1072970034998	1.63373478863612	3.9972094848044	0.408718831186318	NA	NA	ABI3BP	Exon
chr3	101985995	101986571	19.9958153071615	-7.74252067911055	4.15271717089556	-1.86444690560056	NA	NA	RDUR	Intron
chr3	104358510	104358798	5.64637618264376	5.63440452818235	4.25786116615491	1.32329456229559	NA	NA	NA	NA
chr3	104441990	104442679	21.8064951329789	-3.69773240784744	3.86664664639441	-0.95631505694877	NA	NA	LOC105374020	Intron
chr3	105600476	105600799	88.455019447032	-10.8439439800521	3.00536470559071	-3.60819569081905	0.00030833389134601	0.0232278198147328	ALCAM	Intergenic
chr3	107390239	107390750	17.1787366354514	0.276705270271337	3.53822332113076	0.0782045804228396	NA	NA	LINC01990	Intron
chr3	107431244	107431674	33.7373380064789	-6.96621652781286	3.64612671428347	-1.91057993144428	NA	NA	CCDC54-AS1	Intron
chr3	107729120	107729614	63.0270091435124	7.2699737062519	3.66741323070976	1.98231648546595	NA	NA	LINC00636	Intron
chr3	108538987	108539376	35.2493638390115	-16.1381660294213	4.20210103900442	-3.8404992834834	NA	NA	MYH15	Intergenic
chr3	110969535	110970072	39.6481379592044	-0.90065134637486	3.5032539013945	-0.257089943157231	NA	NA	LOC105374037	Exon
chr3	111203675	111204176	39.9679931182976	5.3958874260659	3.55110195714976	1.51949662138026	NA	NA	LOC105374038	Intron
chr3	111824640	111825020	35.0732285505632	7.25414292093785	4.2491580293966	1.70719537158941	NA	NA	LOC105374040	Intron
chr3	111935843	111936610	24.6930433257551	6.85935883921191	3.71585085791174	1.84597259187813	NA	NA	ABHD10	Intron
chr3	112335534	112336043	38.620709807772	-5.29117429998266	3.38233825531657	-1.56435397662125	NA	NA	CD200	UTR
chr3	112781770	112782113	71.6829875316316	21.9649099663924	3.90520991150939	5.62451454956561	NA	NA	CD200R1L-AS1	Intergenic
chr3	112801975	112802337	26.6251765455945	0	4.23324544614477	0	1	1	NA	NA
chr3	112900310	112900980	3.53917143609291	-5.50773984418423	4.25512550545812	-1.29437776561922	0.195534966873981	NA	CD200R1L	Intergenic
chr3	113887570	113888584	41.9282638138791	-23.718491110597	4.0659652845225	-5.83342194309523	NA	NA	ZDHHC23	Intron
chr3	113965219	113965732	5.19917061302543	0	4.40735632392357	0	1	NA	NA	NA
chr3	114481999	114482347	34.2637576757648	-6.41915012639368	3.77743263431317	-1.69934205261104	NA	NA	ZBTB20-AS5	Intron
chr3	115908355	115908712	84.0040576510162	7.77684881437041	2.6780521541321	2.90391985173669	0.00368522486799571	0.0365844398920166	LOC124909412	Intron
chr3	115938445	115939946	27.7450012949795	-19.4377311640314	3.2874316019032	-5.91274086213026	NA	NA	NA	NA
chr3	116048956	116049540	69.6610978443622	-6.45944792487676	3.23934182360818	-1.99406184237816	NA	NA	LOC105374052	Intron
chr3	116706509	116707654	39.6060763934959	-8.08374503724729	4.24779512943869	-1.90304494235707	NA	NA	TUSC7	Promoter
chr3	117750792	117751537	62.0524379006261	7.958183041683	4.18169273308734	1.90310086121691	NA	NA	LOC101926953	Intron
chr3	119209480	119210113	44.105245760467	0	4.12994706036253	0	1	1	B4GALT4-AS1	Intergenic
chr3	119651535	119652233	71.0910875943717	1.14463732197889	3.30325219383059	0.346518296155743	0.728953236595037	1	LOC105374063	Intron
chr3	121109141	121109487	21.0049766197107	0	4.22368757109025	0	1	1	MIR5682	Intron
chr3	121314890	121315328	27.3676195550632	-2.14759980152414	4.29477601481078	-0.500049314357262	NA	NA	POLQ	Intron
chr3	121662414	121662967	47.7426921743403	-0.685074191638843	3.91928442779584	-0.174795732297521	0.861240141846111	1	HCLS1	Promoter
chr3	121940893	121941173	64.1229238271519	8.29613960783516	3.0792577604185	2.69420108783216	0.00705575820715915	0.0422799855762872	SLC15A2	UTR
chr3	122055411	122055763	64.0413727226182	21.7076037250859	4.24801820151513	5.11005431128885	NA	NA	CD86	Promoter
chr3	122911885	122912740	46.0164209582872	4.12453826308628	3.99968230280458	1.03121646941662	NA	NA	LINC02035	Exon
chr3	123374243	123375281	14.5531655584033	-6.58341495412832	4.17354519826504	-1.5774155163972	NA	NA	LOC124909420	Intron
chr3	123642228	123642843	53.7374938897861	-2.16936287864705	3.40577072132043	-0.636966800221355	0.524146469200832	0.945765285743616	MYLK-AS2	Intron
chr3	123970234	123970882	71.7597198184599	-7.55691356996089	2.93681967583703	-2.57316226533625	NA	NA	CCDC14	Intron
chr3	124033271	124033692	48.6744542475295	7.30443577312765	3.86208757842875	1.89131800478211	NA	NA	KALRN	Promoter
chr3	124604720	124605297	85.8950549820693	1.60400975007045	3.93831055576211	0.407283714008697	NA	NA	LOC105374076	Intron
chr3	125475962	125476389	43.1478323673171	13.5431023969081	4.01716318682343	3.37130999341286	NA	NA	SNX4	Intron
chr3	125647036	125647530	44.4012868776045	2.83318654435185	3.73585470249119	0.758377070302705	NA	NA	OSBPL11	Exon
chr3	125738753	125739335	29.7688013498658	-7.30672305641866	3.78874724206548	-1.92853272852145	NA	NA	LOC112267908	Intergenic
chr3	126125770	126126004	131.710981925463	8.14079111436731	3.4117345513727	2.38611503673165	NA	NA	SLC41A3	Intron
chr3	126192850	126193166	36.4437262340808	0.00511001665114305	3.2033205210373	0.00159522489790947	NA	NA	ALDH1L1	Intron
chr3	127014312	127015127	39.6241018732601	22.3089561913719	3.48590758553415	6.39975548518549	NA	NA	PLXNA1	Exon
chr3	128216401	128217000	32.755328127549	5.53363697168498	3.80157887163792	1.45561545834792	NA	NA	RUVBL1	Intron
chr3	128463622	128464157	71.2990679570018	4.99260296691045	3.78697297518018	1.31836244927861	NA	NA	DNAJB8-AS1	Promoter
chr3	128603432	128603732	40.7867614355781	-2.03660868152537	3.24954695581437	-0.6267361909885	NA	NA	LOC124909430	Intron
chr3	129856966	129857533	41.3395002065382	-4.54874625542019	4.07601531486624	-1.11597869586745	NA	NA	TMCC1	UTR
chr3	129968066	129968642	40.7374643238433	-0.685075917276028	4.22458289076051	-0.162164155607964	0.871176585820069	1	TRH	Intron
chr3	130111533	130112251	43.7094765071463	-6.71593327933144	2.56452327310989	-2.61878429794373	0.00882437263062401	0.0441118306492639	LINC02021	Promoter
chr3	130773671	130774250	48.3625101957066	-9.01449132129802	3.20682376205186	-2.81103421646414	0.0049382533995329	0.0379252716199222	PIK3R4	Intron
chr3	132199234	132199716	39.380869354858	8.81963286623199	3.9162085914223	2.25208455074372	NA	NA	CPNE4	Intron
chr3	133302716	133303206	10.1399863117338	-6.7453940419686	3.89885341167661	-1.73009685918607	0.0836129713066343	0.166489264451977	TMEM108-AS1	UTR
chr3	133358738	133358936	64.1387011609257	-0.0600052387993004	2.60527858015768	-0.0230321775399806	NA	NA	LOC101927432	Intron
chr3	133398037	133398514	57.841612676141	-7.22826732761571	3.64594046075469	-1.98255221263802	NA	NA	BFSP2	Promoter
chr3	134220945	134221363	28.33767485571	-6.5979671767779	4.24924863485471	-1.55273737635819	NA	NA	RYK	Intron
chr3	134320169	134320560	12.2287865044354	4.048425691991	4.10845825430201	0.985388055909258	NA	NA	LINC02004	Intron
chr3	134996237	134996766	6.88191856117926	-3.77023898519836	4.27390770030842	-0.882152645675124	NA	NA	KY	Intron
chr3	135059579	135060202	21.1234935472378	-15.286488712314	4.40735632387952	-3.46840318525875	NA	NA	LOC102724019	Intron
chr3	135197747	135197975	42.4648233707127	-1.18188042863634	3.36332075587876	-0.351402829055339	NA	NA	NA	NA
chr3	135540599	135541064	48.3937654488853	1.23848285335961	3.42493601574893	0.361607588481851	0.717645293122091	1	LOC105374122	Intergenic
chr3	136639877	136640190	12.1682877227769	0	4.40735632392292	0	1	1	STAG1	Intron
chr3	137024427	137025449	11.6789208135795	4.41235643187131	4.14940418103394	1.06337108639338	NA	NA	IL20RB-AS1	Intergenic
chr3	137119480	137119751	41.0200444101409	-7.58452972445842	3.6459711282041	-2.08024952962102	NA	NA	NA	NA
chr3	137202994	137203512	27.003824335298	-5.84758335283577	3.63486005192541	-1.60875061743801	NA	NA	NA	NA
chr3	137985613	137985893	60.8221754719116	-21.8652019595833	3.61972706038631	-6.04056648327781	NA	NA	CLDN18	Intergenic
chr3	138251383	138251673	122.266510397438	0.316349991197773	3.12345319605592	0.101282129534465	0.91932650180549	1	ARMC8	Intron
chr3	138540444	138541169	16.9928896151526	0	4.40735632388358	0	NA	NA	CEP70	Intron
chr3	139147565	139148367	3.44206649595432	-2.9605158704078	4.22221091281965	-0.701176689544086	0.483192755297941	NA	BPESC1	Intron
chr3	139237812	139238349	2.25668086324895	5.50898765091685	4.25884320368109	1.29354084840579	0.195824065668675	NA	LOC124906290	Intron
chr3	140353347	140354704	62.0254488005307	8.08359613060041	3.11014158637879	2.59910872418266	NA	NA	LOC124900599	Intron
chr3	141247456	141248683	78.9146305906699	5.18396479546611	3.840819395372	1.34970282687922	NA	NA	NA	NA
chr3	141328693	141329482	28.141342034535	0	4.40735632392263	0	1	1	ZBTB38	Intron
chr3	141603871	141604420	35.3203408567553	1.32082275384236	3.99427018543722	0.330679371329955	NA	NA	NA	NA
chr3	141619238	141619686	58.2641815086551	2.82844756567488	4.08341608485746	0.692666999124489	NA	NA	LRRC78P	Intergenic
chr3	142205716	142206047	83.7589040621345	-7.32155175027379	2.85961954136151	-2.5603237229201	0.0104574700804002	0.0456693379356607	GK5	Intron
chr3	143150046	143150764	23.8847789205662	-15.0849343070719	4.40735632387889	-3.42267182377387	NA	NA	LOC105374137	Intron
chr3	143395043	143395524	43.9622755228613	-2.81012568041016	2.99392816912179	-0.938608250322337	NA	NA	NA	NA
chr3	143435809	143436713	28.2318768244441	0.276721938134465	3.89473679725699	0.0710502281769993	0.943357780161695	1	SLC9A9-AS1	Intron
chr3	143438205	143439007	15.651748068473	8.60026179782245	4.24842308193068	2.02434212223376	NA	NA	NA	NA
chr3	143600148	143600368	108.918610215416	8.51420323278196	3.19246526835174	2.66696816318939	NA	NA	LOC102724120	Intron
chr3	144134738	144135021	45.5279499601891	-22.8480211512414	3.6580541566784	-6.24594939621888	NA	NA	DIPK2A	Intergenic
chr3	144906866	144907374	35.1844319021363	-6.83623592909718	3.42794894167897	-1.99426422196034	NA	NA	NA	NA
chr3	144913968	144914733	5.79990009036102	-4.31656153860868	4.26546145267249	-1.01197996664679	NA	NA	NA	NA
chr3	144916694	144917495	45.0707599704847	1.74769432018607	3.97991715244009	0.439128316807941	NA	NA	LOC105374141	Intergenic
chr3	145636167	145637044	82.1535734069151	0.436810451177054	3.58804485377047	0.121740521364451	NA	NA	LOC105374142	Intergenic
chr3	146622126	146622522	57.846299605325	7.79771420073824	4.18226304458677	1.86447244413071	NA	NA	PLSCR5	Intergenic
chr3	147903554	147904007	33.2306294160583	-6.93695037622775	3.23223465050233	-2.14617783865093	NA	NA	LOC124906206	Intergenic
chr3	148357673	148359108	20.1845831633138	-21.4564696198938	4.09162634407707	-5.24399537385754	NA	NA	LOC105374148	Intron
chr3	149850816	149851655	37.3726445689906	-7.21839981930791	3.60632667966633	-2.00159343855554	NA	NA	RNF13	Exon
chr3	152077647	152078124	13.7453926763977	3.05579509076006	4.10490559521549	0.744425181013118	NA	NA	LOC107986047	Intron
chr3	152344419	152344919	1.70540568588284	-4.60645063875638	4.26211678723682	-1.08078939848638	0.279790805347888	NA	TMEM14EP	Intron
chr3	153161188	153161634	72.7742357603129	-6.29730022904581	3.56901451083725	-1.76443671212997	NA	NA	LOC124909451	Promoter
chr3	153848809	153849309	26.7642764491023	-9.09806347787832	3.46773465107601	-2.62363311883026	NA	NA	LINC02006	Intron
chr3	154486824	154487573	70.1214030844114	-3.96780145559827	2.76521143390196	-1.43489984416828	NA	NA	GPR149	Intergenic
chr3	154665476	154665672	71.946674243155	0.717564522919745	2.75364772366035	0.260586899607443	NA	NA	NA	NA
chr3	154849020	154849954	33.0534583208213	-7.47950405189404	3.8305713630199	-1.95258183259571	NA	NA	LOC105374170	Intron
chr3	157274352	157274885	41.546809630659	22.5849157281539	4.24760203416064	5.31709786993189	NA	NA	CCNL1	Intron
chr3	158038897	158040010	14.1240494372314	-7.0558741404206	4.24851845410091	-1.66078462801777	NA	NA	RSRC1	Intron
chr3	158950574	158951175	6.82919519770385	-6.54721612237406	4.25098262242372	-1.54016534620439	NA	NA	IQCJ-SCHIP1	Intergenic
chr3	159753043	159753515	46.9393833027101	1.15913101418702	3.09084489039529	0.375020764642374	NA	NA	IQCJ-SCHIP1-AS1	Intron
chr3	160203676	160204425	48.2669010713289	9.48220279707747	4.24748862345349	2.2324257079158	NA	NA	IL12A-AS1	Intron
chr3	160501758	160502055	69.7054181774518	8.78588955069872	3.06998002209722	2.86187189736067	NA	NA	SCARNA7	UTR
chr3	160755138	160755658	109.914089240407	-5.55626715526685	2.73724468771831	-2.02987594795495	NA	NA	PPM1L-DT	Promoter
chr3	161017080	161017521	3.87857882177809	-2.73627755032452	4.27528053607541	-0.640022924164959	0.522157695933125	NA	NMD3	Intron
chr3	163009633	163010024	21.789702421046	-6.63426543549641	3.63728827381411	-1.82395920698901	NA	NA	NA	NA
chr3	163618122	163618705	4.20225110478848	2.53151233011131	4.11592679804731	0.615052806894506	0.538519847119594	NA	LINC01192	Intergenic
chr3	163773805	163774212	46.8235554111732	1.23849134717848	3.53785238251697	0.350068689496132	0.726287148127748	1	LOC102724419	Intergenic
chr3	164804824	164805319	42.4481761074729	-0.685076159471639	4.21683514000497	-0.162462163382283	0.870941921647925	1	LINC01324	Intron
chr3	166512247	166512698	43.0794229695794	-19.8091566095934	4.03906994813521	-4.90438562935484	NA	NA	LOC124909498	Intergenic
chr3	166646291	166646871	16.3385877188991	20.6195493583392	4.24922276799421	4.85254609705303	NA	NA	NA	NA
chr3	166845539	166846104	24.7113719762795	4.5937552784812	3.38011272860069	1.35905386811845	NA	NA	NA	NA
chr3	167060625	167061282	19.7862113310579	1.23846706621462	4.21908788352254	0.293539054033787	0.769110152683775	1	LOC105374193	Intergenic
chr3	167893835	167894514	78.7027788344099	0.32564227680963	3.55827648567394	0.0915168560174303	NA	NA	LRRC77P	Intron
chr3	168110803	168111204	59.6840691899572	3.10577768445017	2.79860533120423	1.10975908243331	NA	NA	GOLIM4	Intergenic
chr3	171206814	171207809	22.8757520234172	19.5849689479045	4.25082973210209	4.60732849401133	NA	NA	MIR569	Intron
chr3	171715260	171718176	85.5328632262223	-21.3321338612442	3.81351445338099	-5.59382536031338	NA	NA	PLD1	Intron
chr3	172100861	172101978	37.5425330373576	-7.23592405726686	3.09836024434991	-2.33540437089654	0.0195223063098073	0.0610941170538311	FNDC3B	Intron
chr3	172883622	172883911	76.013824554436	-0.608619524247308	3.23209679636352	-0.188304856751838	0.850637678323475	1	LOC107986052	Intergenic
chr3	173673707	173674217	46.1402820214068	21.5634230031031	3.43332572007995	6.28062256866236	NA	NA	NLGN1-AS1	Intron
chr3	174441165	174441611	78.5378261028514	8.55149786867204	3.43095302919265	2.49245553521446	NA	NA	NAALADL2	Promoter
chr3	175037530	175037737	55.3278315929302	-0.0988123711954288	2.95578802915407	-0.0334301276751934	NA	NA	NAALADL2-AS3	Intron
chr3	176680257	176680913	50.6479385715969	-9.08373174174015	3.44856393843382	-2.63406214990045	0.00843700429708809	0.0438184328867156	LINC01208	Intron
chr3	176777016	176777351	58.5715100268754	-9.29022138050697	3.2241646031561	-2.88143520073785	0.00395868624067006	0.0365844398920166	LINC01209	Intron
chr3	177785523	177786280	10.5656034282345	-5.74295038755245	4.16079576534915	-1.3802528918577	NA	NA	LINC02015	Intron
chr3	178037280	178038188	15.5723218270144	0	4.40735632392281	0	1	1	LOC105374234	Intron
chr3	178735684	178736127	84.3908447166328	6.23032332454029	2.91842519060562	2.13482372088742	NA	NA	LOC124909461	Intron
chr3	180367853	180368321	21.4022287836192	-8.80283329623518	3.69568859899629	-2.38191965054251	0.0172226548535007	0.0586628126726043	LINC02053	Intergenic
chr3	181808462	181808993	15.9961198203749	6.36899579176755	4.25095105899977	1.49825196841154	NA	NA	SOX2	Intron
chr3	182806612	182807303	21.1138630153602	21.7722409848314	4.24807371171099	5.12520320087906	NA	NA	ATP11B	Intron
chr3	182925011	182925697	5.48619231143082	-3.69806193385003	4.27528059395384	-0.864986952921846	0.387045949904164	NA	DCUN1D1	Intergenic
chr3	183500953	183501356	99.4535953820222	8.82878282412773	2.65354367619709	3.3271669516217	NA	NA	SNORA63E	Intron
chr3	186199262	186199768	36.2072021282394	-8.57970414688652	2.8845220643299	-2.97439366229278	0.00293568186812572	0.0345683251624032	ETV5	Intron
chr3	186769129	186769492	60.989598282206	-0.573877597391934	3.18344193548402	-0.180269534994575	0.856940971391402	1	EIF4A2	Intron
chr3	186920366	186920626	94.1904932447512	-7.76465433861013	3.26003828755476	-2.38176783636309	NA	NA	ST6GAL1	Intergenic
chr3	187201208	187201445	54.8712618166769	-1.08186311954877	2.94307427672264	-0.367596267652991	NA	NA	NA	NA
chr3	187276764	187277271	17.3706728404947	-20.2513999386502	4.25256603701432	-4.76216001406728	NA	NA	RPL39L	Exon
chr3	189104014	189104501	75.3836118786188	22.7550522296628	3.65043909969262	6.23351098545347	NA	NA	LOC107986167	Intron
chr3	189214322	189214977	30.29587550494	5.8520812027863	4.11653131313641	1.42160492842882	NA	NA	TPRG1-AS2	Intron
chr3	189779780	189780115	26.9051280468684	-1.44488750941919	4.16633376963502	-0.346800710003069	0.728741043692675	1	MIR944	Intron
chr3	190797005	190797627	122.218707962788	7.50822500411241	3.04482217873137	2.46589934103828	NA	NA	GMNC	Intron
chr3	193073167	193073503	64.4582524977819	0.2597575778958	3.13485826248668	0.0828610278825655	NA	NA	MB21D2	Intergenic
chr3	194485813	194486692	44.1634404020396	9.1585734681332	3.19974285992756	2.86228421128208	0.00420599558875671	0.0368990868974514	ATP13A3-DT	Promoter
chr3	194521988	194522189	54.1812017398868	7.13449823833189	3.09588851480664	2.30450747958458	NA	NA	ATP13A3	Intron
chr3	194548839	194549228	71.2103481976538	8.58929749269665	4.20439943191297	2.0429308946007	NA	NA	TMEM44-AS1	Intergenic
chr3	195020261	195020925	106.403687372828	-8.8109212113963	3.90458812323456	-2.2565558602625	NA	NA	LOC105374295	Intron
chr3	195064978	195065370	39.8869503328619	-4.37456408635115	3.30530295693716	-1.3234986757174	NA	NA	XXYLT1-AS1	Exon
chr3	195141183	195142033	46.070293601308	8.29890022892369	4.07940419885003	2.03434124798497	NA	NA	XXYLT1-AS2	Intron
chr3	195294654	195295065	30.322212806054	6.79177337950123	3.49268831709867	1.94456898608779	NA	NA	XXYLT1	Exon
chr3	195387202	195387581	45.9581317256022	-3.19788920953911	3.1853885192713	-1.00392438479394	NA	NA	ACAP2	Intron
chr3	195793626	195793912	37.5116379925567	-6.76284822898764	4.14842397631906	-1.63022108337836	NA	NA	LOC107984010	Intron
chr3	196406650	196406995	61.5659104050665	6.83603163322978	2.86886716952281	2.38283309379111	NA	NA	UBXN7-AS1	Intron
chr3	196789087	196789623	98.7678169272106	1.72386037446861	3.47577656232871	0.495964094226371	NA	NA	PAK2	Intron
chr3	196948599	196949121	4.85410789095108	6.94523535261875	4.2514029937356	1.6336337352287	0.102335779861854	NA	NCBP2AS2	Exon
chr3	197906138	197907167	21.1555330966295	5.2733403609228	3.61846687649374	1.45734106208887	NA	NA	RPL35A	Exon
chr4	1548152	1548485	27.1223998516102	-9.14040921771756	3.7349909441926	-2.44723731711576	0.014395601754683	0.0533345245337436	LOC105374348	Intergenic
chr4	1754065	1755136	237.653001880397	6.92562152456111	2.88448556435619	2.40099018353274	0.0163507751213079	0.057291088021947	NA	NA
chr4	1768412	1768965	77.1689889419291	0.215251947301752	3.67051029472574	0.0586436026650173	0.953235980518073	1	LOC124900648	Intergenic
chr4	1786523	1787036	77.0863823100383	0.446118766688554	3.78124043191946	0.117982121137452	NA	NA	FGFR3	Intergenic
chr4	2697941	2698416	53.0314836524691	0.317266373425484	3.10724579476755	0.102105335200628	NA	NA	TNIP2	Intron
chr4	3073631	3074243	21.134946866305	-6.89796592993968	3.05583310651288	-2.25731107999258	NA	NA	HTT-AS	Promoter
chr4	3173367	3173970	5.1528783137521	6.84924879153576	4.25170312721936	1.61094238863643	NA	NA	MSANTD1	Intron
chr4	3497709	3498816	61.102955894134	8.19797989933525	2.90089736844684	2.82601514569421	0.00471310354995194	0.0379252716199222	LRPAP1	Intron
chr4	3941138	3941719	42.6096433301037	-20.7391956473256	3.57901443576078	-5.79466666580155	NA	NA	LOC105374359	Promoter
chr4	5651254	5651762	12.7382031312247	-19.9756059906503	4.25394012556412	-4.69578917451296	NA	NA	EVC2	Intron
chr4	6126464	6126972	15.2946643257383	-7.27836321471094	4.14526094821906	-1.75582751137488	NA	NA	LOC128125818	Intron
chr4	6600650	6601175	65.9017416458444	-8.81125363482809	3.70181966768507	-2.3802492897603	NA	NA	MAN2B2	Exon
chr4	6663267	6663467	51.6931954635212	0.00277901277425202	2.56022335142469	0.00108545716244076	NA	NA	MRFAP1L2	Promoter
chr4	7499501	7500897	29.5353179841882	-19.0046575392221	4.26113773136905	-4.45999607084189	NA	NA	MIR4274	Intron
chr4	8121696	8122292	69.8422868904953	6.84829886251091	2.94122004671041	2.32838711614602	NA	NA	NA	NA
chr4	8132543	8133238	8.48350031920642	-5.7457284588449	4.25389901863545	-1.35069695676227	NA	NA	NA	NA
chr4	8161237	8161726	50.9435889631981	-1.20738010276698	3.16404589423241	-0.381593738879659	0.702762729082453	1	ABLIM2	Promoter
chr4	8248443	8248863	49.3336501199124	-7.7048567465399	3.13401746105784	-2.45846005718783	NA	NA	HTRA3	Intergenic
chr4	8455183	8455674	34.7866405965317	8.44048572166625	3.65887666014314	2.30685166669052	NA	NA	NA	NA
chr4	8489962	8490554	26.143138310053	21.5121860919896	4.24802574635049	5.06404324655302	NA	NA	ACOX3	Intron
chr4	9520388	9520790	24.0505401295141	6.5276685250761	4.15152533785003	1.5723542538841	NA	NA	LOC124900660	Intergenic
chr4	10108853	10109285	53.070161723822	-5.00746791285887	2.80807909288037	-1.78323606537823	NA	NA	WDR1	Intron
chr4	10523059	10523420	71.4316107036308	-5.02855472422149	2.76409711198348	-1.81923952759136	NA	NA	ZNF518B	Intron
chr4	10769708	10769944	47.174587270567	0.746864925568823	2.64422863152622	0.282450963832784	NA	NA	NA	NA
chr4	10963914	10964358	106.420602503445	0.564419126377529	2.45446981659268	0.229955619157323	0.81812625634403	1	LINC02498	Intergenic
chr4	11413370	11413746	77.3432956183211	-8.1985759933207	3.00335578769748	-2.72980511563238	0.00633717759010264	0.0400615981919775	NA	NA
chr4	11466364	11466899	19.9662495193948	17.1963535565283	4.26722839151015	4.02986481594031	NA	NA	HS3ST1	Exon
chr4	11480890	11481250	44.7235523929282	8.14314119174995	4.11813066553435	1.97738776476956	NA	NA	NA	NA
chr4	11651036	11652183	77.2943576347296	-9.7507055928031	3.42210475586766	-2.84932995580693	NA	NA	LOC105374489	Exon
chr4	11904542	11904861	28.5069941955445	21.4362176042536	4.24823808549483	5.04590777937925	NA	NA	LOC107986179	Intron
chr4	14071951	14072767	52.6393288857664	19.3819185652089	4.14018491138623	4.68141374843072	NA	NA	LINC01085	Intron
chr4	14089443	14089642	54.2312753239081	0.898705532198651	2.65230792183677	0.338839063443388	NA	NA	NA	NA
chr4	14956384	14956782	92.8382015205922	8.15207677683886	3.36231288601554	2.42454436966434	NA	NA	CPEB2-DT	Intron
chr4	15252380	15252862	38.2896780252017	1.13211827098904	3.44908907714957	0.328236889702095	NA	NA	C1QTNF7	Intron
chr4	15708217	15708605	47.1540615318402	10.2251232465757	3.91255818308266	2.61341116683905	0.00896433842902643	0.0441118306492639	BST1	Intron
chr4	16754965	16755295	91.8913515000996	1.19165302963329	3.15555527183497	0.377636557429191	NA	NA	LDB2	Intron
chr4	16969484	16970238	54.1720476010959	-3.00255986222785	3.31748789539847	-0.905070329387656	NA	NA	NA	NA
chr4	17511511	17512394	11.7405678135582	-4.6696132530714	4.01333945405541	-1.16352312245924	NA	NA	QDPR	Promoter
chr4	19924204	19924537	66.9952888194737	8.24333370931102	4.19616281076097	1.96449329567746	NA	NA	LOC105374513	Intron
chr4	20561371	20561828	39.0667713772513	-16.6419066968707	3.63535717548856	-4.57779136781359	NA	NA	MIR218-1	Intron
chr4	20913617	20914419	105.044135267205	0.813529884897803	3.02304433407432	0.269109478722518	NA	NA	PACRGL	Intron
chr4	20931251	20931716	29.3255561872064	21.9978592440607	4.24777178137016	5.17868199523776	NA	NA	NA	NA
chr4	21605020	21605787	41.3649391833372	-23.2313292152582	4.09041857753016	-5.67945034840065	NA	NA	LOC124900677	Intron
chr4	22459721	22460226	8.94127880370747	-1.33653003784881	4.09197703003374	-0.326622077308629	NA	NA	ADGRA3	Intron
chr4	24215860	24216226	16.7023846380728	0.508912326437218	3.72483148119412	0.136626939770727	NA	NA	LOC124900679	Intergenic
chr4	24696114	24696710	4.81248200810939	-6.65618505190827	4.25069691701907	-1.56590441093507	0.117370997070676	NA	LINC02473	Intergenic
chr4	25145788	25146522	7.00503898865863	1.23842723330523	4.40735632388367	0.280990948381943	NA	NA	SEPSECS	Intron
chr4	25164953	25165457	22.868731929165	-6.93094133780495	3.51065897313421	-1.974256511625	NA	NA	PI4K2B	Intron
chr4	25246701	25247531	21.9861173562049	-7.02495342574776	3.06799018143594	-2.28975746671386	0.0220353800437103	0.0650979854886083	PI4K2B-DT	Intron
chr4	27198556	27199248	80.4234065934813	5.89804470511857	3.54724244839432	1.66271259743984	NA	NA	LINC02261	Intron
chr4	27325642	27325842	98.8687948343957	8.83759329974505	3.44174978456172	2.5677617063817	NA	NA	LOC124900842	Intergenic
chr4	27643724	27643953	57.1004083483621	-0.370003008938973	3.63101946692049	-0.101900585306632	NA	NA	LOC105374548	Intergenic
chr4	27942183	27942682	76.3982409372721	2.27608498904054	3.431839556151	0.663225932273273	0.507185865379573	0.918829704014296	LOC105374552	Exon
chr4	28285315	28285711	11.0102656867812	-18.6002543051898	4.26546428840539	-4.36066347003537	NA	NA	LOC107986269	Intron
chr4	28640955	28641349	1.64793089858153	-3.05096186516127	4.26976424385068	-0.714550427357968	0.474886885746622	NA	LOC105374558	Intron
chr4	30082567	30083018	2.93970480226139	-1.92829785363643	4.12416777023674	-0.467560477910853	0.640098933553757	NA	LOC105374562	Intergenic
chr4	32482831	32484066	12.4777489942131	-17.1778254076469	4.30118231248158	-3.993745012342	NA	NA	LINC02353	Intergenic
chr4	33038410	33038896	21.6577741621322	-0.685067509611324	4.21696114377619	-0.162455257768361	0.870947359297607	1	LOC105374391	Intron
chr4	33332179	33333313	43.1689681369074	0.276718198096833	3.87230884813422	0.0714607767482603	0.943031040336977	1	NA	NA
chr4	33901767	33902361	46.8704042584552	-1.15389912760894	3.13293099807023	-0.368312972203887	0.712639880933773	1	LOC105374392	Intron
chr4	34741570	34742358	39.5917664735933	-7.76032121836374	3.29206927072031	-2.35727762091281	NA	NA	NA	NA
chr4	35276020	35276490	11.5599332041692	0	4.40735632387995	0	NA	NA	LOC124900893	Intergenic
chr4	37081262	37081571	9.18287945393132	-7.57014471984601	3.86063012651417	-1.96085728799957	0.0498956730045097	0.10816711845582	LOC105374402	Intron
chr4	37535301	37535859	36.7422049720356	13.5332974306046	3.9020461520501	3.46825662825498	0.00052384677462338	0.0285680343816742	PGCKA1-AS1	Intron
chr4	37973613	37974624	9.42503309746662	7.90242774149376	4.24928579058647	1.85970728516311	0.0629269507622126	0.129029310335431	PTTG2	Intron
chr4	38527633	38528270	37.7069036356942	-7.46961346931616	3.21136791009482	-2.32599119080554	NA	NA	LINC01258	Intron
chr4	38691831	38692083	35.5753113588456	15.5935072028283	3.53191339702122	4.4150310185917	NA	NA	KLF3-AS1	Intron
chr4	38844003	38844510	22.7786068178915	-20.3574409066143	4.2521918559763	-4.78751702560239	NA	NA	TLR6	Intron
chr4	39939041	39939583	15.9066116937757	17.5023473272932	4.26822801699552	4.10061207077063	NA	NA	PDS5A	Intron
chr4	41566656	41567041	16.36195004273	-7.38085187662028	3.83366148845651	-1.92527480552069	NA	NA	LIMCH1-AS1	Intron
chr4	41759771	41760320	69.9128420375324	-16.1022110222969	4.04657105802061	-3.97922359237485	NA	NA	PHOX2B	Intron
chr4	41794914	41795624	108.367129938	1.40884803907545	3.4028300927781	0.414022446217775	NA	NA	NA	NA
chr4	42836455	42836687	38.7532862423585	0.00492693644833234	3.13181361983847	0.00157318954650515	NA	NA	NA	NA
chr4	42918275	42918783	28.0320231403588	8.55961211083866	4.24789395699476	2.01502490351579	NA	NA	GRXCR1	Intron
chr4	46674715	46675211	41.5320458109788	-16.7325792632706	3.97765105670653	-4.2066483521873	NA	NA	GABRA2	Intergenic
chr4	47368483	47369067	1.61507808767426	-1.79255133408635	4.30117527583746	-0.416758494859833	0.676855063875565	NA	LOC107986277	Intron
chr4	47843577	47843808	71.5389068088137	15.6206534968143	3.72278329943146	4.19596098951016	NA	NA	CORIN	Exon
chr4	52275250	52275771	8.47321020382263	-21.4724729181308	4.24931706854138	-5.05315855978274	NA	NA	NA	NA
chr4	52298491	52298902	34.4203271829137	7.26708432339575	3.51818429112031	2.06557807154601	NA	NA	SPATA18	Intron
chr4	53054112	53054515	20.5563260513078	6.05181048937444	4.25122067772705	1.42354654066325	NA	NA	LOC124900701	Intron
chr4	53687415	53687989	41.8352909615439	-1.28508098807621	3.30978805300336	-0.388266851984707	0.697818565117165	1	LNX1	Intron
chr4	54327531	54327993	10.9936962763587	7.07645013095416	4.09877418571571	1.72647962788867	NA	NA	LINC02283	Intergenic
chr4	54868960	54869755	110.510866969097	-8.30063930794061	2.83911045960163	-2.92367606898441	NA	NA	LINC02358	Intergenic
chr4	55916650	55916884	79.5172511093946	7.49228036462156	3.51520759258881	2.13139058427664	NA	NA	EXOC1-AS1	Intron
chr4	57224101	57224683	92.6763142373386	-0.167766256133871	3.18442842600215	-0.0526833182256481	NA	NA	IGFBP7	Intergenic
chr4	57935829	57936307	50.5800235704044	-0.608438600909242	3.60439489593892	-0.168804645016774	0.865950304566002	1	LOC105377670	Intergenic
chr4	58283735	58284610	95.6487547979107	-4.14142784525105	2.64503986020778	-1.56573362373667	NA	NA	NA	NA
chr4	58412422	58412837	23.8726696330897	-4.44257967999243	3.83469290289129	-1.15852293586347	NA	NA	LINC02494	Intergenic
chr4	58840894	58841349	11.9411579073793	-7.17670864723575	3.87370114042848	-1.85267484172563	NA	NA	NA	NA
chr4	58961205	58961647	15.8996153153539	-7.30023814425421	4.07920108255828	-1.78962448688012	NA	NA	LOC105377246	Intron
chr4	60049214	60049612	19.4026616849369	16.9861999675081	4.27581460043249	3.9726231267815	NA	NA	LINC02496	Intergenic
chr4	62341510	62342051	35.2472939100034	21.5743344705856	3.88190706432082	5.55766382685418	NA	NA	ADGRL3-AS1	Intergenic
chr4	62735202	62735650	36.3996547082558	3.06395873070951	2.85743204425662	1.07227702470405	NA	NA	NA	NA
chr4	63020266	63021022	9.75700507131778	-21.7089735930992	4.24895377453097	-5.10925153463116	NA	NA	NA	NA
chr4	63222792	63223391	127.467152234474	-0.782110840846499	2.99186651049492	-0.261412345137391	NA	NA	LOC105377253	Intergenic
chr4	63397825	63398058	27.7200358982876	-6.06299344714972	3.8939425889476	-1.55703205906493	NA	NA	NA	NA
chr4	64350086	64350784	80.6149480514465	0.276681782194992	3.39658236131414	0.0814588762358006	NA	NA	TECRL	Intron
chr4	66307872	66308663	27.0551819375256	3.8181273281219	4.09154162017413	0.933175727529175	NA	NA	MIR1269A	Intron
chr4	66807723	66808201	59.4128691583386	-0.173673377646838	3.46896324640568	-0.0500649229497565	NA	NA	LOC105377262	Intergenic
chr4	67282466	67283289	101.103430607051	9.28116610279862	2.91951712745839	3.17900724592714	0.00147780396892088	0.0328342920264512	LOC101927237	Intergenic
chr4	67596323	67596791	49.011644804705	-7.54281416675274	2.88679146450376	-2.61287116146069	0.00897851420294752	0.0441118306492639	STAP1	Intron
chr4	68268276	68268821	51.0308479357184	-7.74174590218531	3.39997764140871	-2.27699906255198	NA	NA	TMPRSS11B	Intergenic
chr4	69197630	69198127	19.9077600378776	-5.8090515436604	4.10008891596854	-1.41681111378731	NA	NA	LOC105377267	Intron
chr4	70064065	70064499	18.9228557438476	5.10739672938989	4.25508217716363	1.20030507443558	NA	NA	CSN2	Intergenic
chr4	70203474	70203900	17.7513282150528	-21.5049420102301	4.2492098850149	-5.0609272293347	NA	NA	ODAM	Intron
chr4	70618733	70619205	51.3075168445626	6.48928317532002	3.3461790745494	1.93931138493951	NA	NA	ENAM	Intergenic
chr4	72546268	72547194	15.2187706633647	5.26193307122504	4.12887003669295	1.27442448526174	NA	NA	ADAMTS3	Intron
chr4	73110371	73110583	46.3181092678769	1.4920456365881	3.48361942127703	0.428303283497352	NA	NA	NA	NA
chr4	73119020	73119876	35.5864636893956	-2.31020505347666	3.99129200630874	-0.578811334731984	NA	NA	LOC124900713	Intron
chr4	74522707	74523241	5.09391621288171	-0.828734686929438	4.09804249742331	-0.202226962617033	0.839739295445534	NA	LOC124900716	Intergenic
chr4	75317329	75318181	21.086793575084	8.28232003404882	4.041750031085	2.04919155572455	NA	NA	NA	NA
chr4	75375038	75375619	34.2095034598775	2.73748025281663	3.51773506394106	0.778193980802444	NA	NA	LINC02483	Intron
chr4	75477647	75477880	41.804346714403	2.09094316531954	3.28771233907266	0.635987260950364	NA	NA	THAP6	Intergenic
chr4	75932322	75932717	31.8808295280952	6.14576967130255	3.53702825546896	1.73755176023826	NA	NA	NAAA	Intron
chr4	77490434	77491050	14.926363559941	6.66931734184262	4.24976367429082	1.56933840396562	NA	NA	LOC105377295	Intron
chr4	77509725	77510871	62.396413210074	-1.3946570227956	3.35203004152697	-0.416063402033321	NA	NA	CXCL13	Promoter
chr4	78085381	78085903	93.0682562861755	1.15568900429355	3.84844006926607	0.300300637009516	NA	NA	LOC107986293	Intron
chr4	78202444	78202831	52.2459077704681	7.70934804972852	4.24836265706444	1.81466335904938	NA	NA	NA	NA
chr4	78338012	78338457	65.8195274040515	-4.8443089983848	3.45194225034902	-1.40335748603413	NA	NA	ANXA3	UTR
chr4	80530410	80530624	51.8101793946997	0.672173127399994	2.72193895294707	0.246946437454898	NA	NA	CFAP299	Intron
chr4	81603694	81604298	0.825786301585839	0	4.407356323907	0	1	NA	PRKG2	Intron
chr4	82268374	82268735	63.0744626743016	-7.45863952881967	3.83337415126876	-1.94571133275656	NA	NA	VAMP9P	Exon
chr4	82482715	82482943	66.6638288091331	-0.813231354040519	3.20261418125406	-0.253927356845113	NA	NA	ENOPH1	Intergenic
chr4	82720306	82720511	94.1825247971249	8.01878796446394	2.84092258905606	2.82259995233742	NA	NA	MIR575	Intron
chr4	83088562	83089433	4.86963186675816	-6.15296045271612	4.25221658755102	-1.44700071739756	NA	NA	PLAC8	UTR
chr4	84975772	84976340	30.7040118589775	-8.01647011931893	4.24783063441946	-1.88719155946633	NA	NA	WDFY3	Intron
chr4	85362692	85363134	67.9863140983876	0.43144574938227	3.50755678260801	0.123004637165552	NA	NA	ARHGAP24	Intergenic
chr4	87577952	87578370	46.2498691412109	0.276720290487601	3.6462470725273	0.0758918101224007	0.939505172644886	1	DSPP	Intron
chr4	88605893	88606304	45.389429720034	-8.92589108884927	3.33582359485048	-2.6757683177936	0.00745581657637241	0.0428366180438725	PIGY-DT	Exon
chr4	91046636	91046902	59.4338922917625	9.59517073826449	3.48266162140356	2.75512575763749	NA	NA	NA	NA
chr4	91414992	91415378	15.6937437687104	-1.64668981371783	3.50434430086828	-0.469899551054338	NA	NA	NA	NA
chr4	91686639	91687001	30.2838222502169	21.9703649253697	3.50395650841866	6.27015913941378	NA	NA	LOC124900733	Intergenic
chr4	92354574	92355730	89.0594980894564	9.24890352446283	3.45099928726475	2.68006532443926	0.00736077940667039	0.0427249848463924	GRID2	Intron
chr4	92576496	92576907	53.6130778194393	0	4.19084954496221	0	1	1	NA	NA
chr4	93603752	93603949	52.8577623195856	15.8987379673119	3.50088280521561	4.54135109682222	NA	NA	NA	NA
chr4	93671908	93672289	39.7427927686872	22.2429772382947	4.24774139249878	5.23642453318234	NA	NA	ATOH1	Intron
chr4	93836851	93837144	46.4767682519017	-2.55417757555371	2.95713870625123	-0.863732759695821	NA	NA	NA	NA
chr4	93994377	93994881	46.66890211019	-4.91716505319343	4.08819566673025	-1.20277145568382	NA	NA	LOC124900734	Intergenic
chr4	94132858	94133576	79.1869060454454	5.440793116495	4.13308762327829	1.31639916992117	NA	NA	NA	NA
chr4	94631866	94632090	74.6915476770761	9.92203921062871	3.44413305032494	2.88085247162348	0.00396601228917879	0.0365844398920166	BMPR1B	Intron
chr4	95665521	95665737	0.245767079919432	0	4.40735632395768	0	1	NA	UNC5C	Intron
chr4	96245278	96245690	98.6596725425861	4.61522379202444	3.41097753164392	1.35305018846024	NA	NA	LINC02267	Intron
chr4	97982090	97982843	78.2423349894714	-7.85945806749179	3.19942553535756	-2.45652164134941	NA	NA	STPG2	Intron
chr4	98250108	98250623	24.6706988235323	-1.82914439932365	3.1739202773929	-0.576304456149143	NA	NA	RAP1GDS1	Intergenic
chr4	99355198	99355570	63.894056935283	21.240805587442	4.14957622283208	5.11878911166142	NA	NA	ADH1C	Promoter
chr4	101316877	101317579	15.0355676971051	1.74254200518081	4.08761685182855	0.426297783854498	NA	NA	MIR1255A	Intron
chr4	101487854	101488319	44.2702565854129	-4.01428063102336	3.08561865568643	-1.30096459704297	NA	NA	BANK1	Intron
chr4	101816838	101817328	29.3663826354129	-7.94257332972606	3.58797105334332	-2.21366705908206	NA	NA	LOC124900741	Intron
chr4	102928410	102929224	13.468075238103	-7.28643631791785	4.24841582605962	-1.71509490036807	NA	NA	CISD2	Intron
chr4	102932630	102933255	36.119335783296	5.63491115388036	4.06820904377089	1.3851085559402	NA	NA	NA	NA
chr4	103102574	103103113	76.4032822542477	3.35594941848994	3.51397487944788	0.955029427819143	NA	NA	BDH2	Promoter
chr4	103111394	103111844	6.82123918796764	-6.71015878381428	4.25056319051342	-1.57865169462491	NA	NA	NA	NA
chr4	103563167	103564033	10.2868782093276	6.69786252856476	4.09143061999584	1.63704658605981	0.101620735931909	0.19884230580616	TACR3-AS1	Intron
chr4	103714776	103715243	53.893819759221	7.59003927771532	3.65030579018885	2.07928861689219	NA	NA	TACR3	Intron
chr4	105401849	105402224	66.2968117378478	8.1577424512396	3.57635914768332	2.28101879995022	NA	NA	TET2-AS1	Intron
chr4	106161489	106162048	63.2047023645498	-4.28410479986685	2.93909784729575	-1.45762578262192	NA	NA	LOC101929577	Intron
chr4	107517290	107517781	23.1591494378555	20.2372279484175	4.24983374441145	4.76188697382093	NA	NA	PAPSS1	Intergenic
chr4	107763541	107764196	44.8887395456386	-5.85290766474077	2.84455348937083	-2.05758397112628	NA	NA	NA	NA
chr4	109012056	109012542	33.6478956658033	-2.59859418011818	3.71628984687098	-0.699244215923075	NA	NA	LOC124900754	Intron
chr4	109613347	109613975	36.0615510822633	7.34483246042952	3.44802483490314	2.13015648439662	NA	NA	LOC124900755	Exon
chr4	110238718	110239173	58.4203820674199	-0.572350244216218	3.40941504570185	-0.1678734435509	0.866682842587838	1	LOC124900759	Intergenic
chr4	110494428	110494639	88.0252199830814	-0.486536561801137	2.92047609325047	-0.166594947627058	NA	NA	LOC124900892	Intron
chr4	110920071	110920656	2.44515949026603	-0.412975933852377	4.11444797440337	-0.100372136534856	0.920048889858873	NA	MIR297	Intron
chr4	112183395	112183878	2.42234721828139	0.444988866516435	4.11388722597943	0.108167492707701	0.913862830686647	NA	FAM241A	Intron
chr4	112455991	112456391	48.6747377465873	0	4.40735632387901	0	NA	NA	LOC124900760	Exon
chr4	112967602	112967904	46.4630881198332	21.8555585719301	3.81024591094345	5.73599685761973	NA	NA	LOC124900761	Intron
chr4	113065277	113066127	58.2307240486983	9.5621385399476	3.24450614081523	2.94717843793169	NA	NA	ANK2-AS1	Intron
chr4	113385100	113386741	27.4937433308027	5.79539750267239	3.2231225993627	1.79806920897713	NA	NA	MIR8082	Intergenic
chr4	113773640	113774273	121.57031709834	9.14289894105632	3.16325212250013	2.89034784044659	NA	NA	CAMK2D	Exon
chr4	114620493	114620885	42.8830665688494	-14.7182106171197	4.07727378965154	-3.60981660208245	NA	NA	UGT8	Intron
chr4	115893603	115894691	34.5078962810905	-4.65611156246854	2.9513471664037	-1.57762245508452	NA	NA	LOC124900835	Intergenic
chr4	117645816	117646263	38.6829132603191	21.8382882155943	4.24793204244293	5.14092221753985	NA	NA	NA	NA
chr4	117744436	117744806	97.7607556987614	8.39277701368212	2.98121695197207	2.81521846577798	NA	NA	LINC02264	Intron
chr4	117924025	117924483	1.7441432036376	4.73349534533581	4.26722708269631	1.10926727207236	0.267314899318668	NA	LOC102723914	Intron
chr4	118754338	118754618	22.1124726818647	-22.8706111425533	4.24785945271	-5.38403198061616	NA	NA	METTL14-DT	Intron
chr4	120636470	120636817	55.0544417631413	-8.37079846644629	2.97932299063606	-2.80963107818639	0.00495983176152084	0.0379252716199222	PRDM5	Intergenic
chr4	121533253	121533602	46.6811527114536	-0.00743871340861735	3.35881856052183	-0.00221468152404804	NA	NA	LOC107986310	Intergenic
chr4	122223724	122224015	34.6829024947944	2.84437448011574	3.18394702007094	0.893348558309982	NA	NA	BLTP1	Intron
chr4	122465658	122466485	39.0460849635215	-0.248524486156568	3.23480434481741	-0.0768282899566206	NA	NA	IL2	Intergenic
chr4	122851843	122852184	31.7793025025695	7.76466626537899	3.75109557355582	2.06997292207581	NA	NA	FGF2	Intron
chr4	124411057	124412130	87.2336097843246	3.7591440259682	3.80448192627793	0.988083029125049	NA	NA	LOC105377407	Intergenic
chr4	124606431	124606793	9.60511880735286	20.1402672600653	4.24999272809161	4.73889452255814	NA	NA	LINC02516	Intron
chr4	125686776	125687354	46.2756255062694	7.96030012421003	3.84006336686693	2.07296061645586	NA	NA	MIR2054	Intron
chr4	127415979	127416447	31.5490507646762	2.7204983251679	3.57129753166632	0.761767481159308	0.446198792007084	0.824832938672794	LOC102724210	Intron
chr4	128047336	128047876	77.9888779516659	0.631600766178813	3.64353034718195	0.173348567459393	NA	NA	LARP1B	Intergenic
chr4	128536995	128537328	59.2923461837187	0.795698944987629	2.60611503238938	0.305319962894386	NA	NA	LOC101927259	Intron
chr4	128845833	128846385	31.1315735011368	-7.03037417612184	4.24868022167587	-1.6547195386121	NA	NA	JADE1	Exon
chr4	129130594	129130992	69.4414795576986	-1.17409751490554	3.80686747043787	-0.308415652507728	NA	NA	SCLT1	Intergenic
chr4	129871806	129872314	20.8796854993975	-17.6886066430508	4.28468019457902	-4.12833766810191	NA	NA	LINC02466	Intron
chr4	130206666	130207155	73.265290070699	23.0426213102085	4.24741129111581	5.42509771973488	NA	NA	LINC02479	Intergenic
chr4	132177679	132178105	26.5880796419979	7.57508617361439	3.8816819155438	1.95149585628867	NA	NA	LOC105377428	Intron
chr4	135538571	135539194	39.4406316250182	0	4.12621341817807	0	1	1	LOC124900883	Exon
chr4	135885751	135885961	55.2177036874124	-1.77111581290302	3.10179409493508	-0.570997222476849	NA	NA	NA	NA
chr4	135972171	135972499	32.4268288531524	1.63362655766145	3.52101441998432	0.4639647450432	NA	NA	NA	NA
chr4	136172435	136172909	20.7786800543479	5.23038944015815	3.77355613862169	1.38606376797367	NA	NA	LINC00613	Intron
chr4	137483144	137484083	18.4921832920479	4.49328608453508	3.98879423704927	1.12647728047737	NA	NA	PCDH18	Intergenic
chr4	138662851	138663084	78.6411322628987	1.2217521091392	3.35552738690015	0.364101367167757	NA	NA	SLC7A11	Exon
chr4	138960627	138961221	43.7808804016772	9.14287870538091	3.01055719535498	3.03693904885367	0.00238993776444119	0.0344512798559998	LOC105377448	Intron
chr4	139132469	139132836	71.7996814638504	7.90467527385096	3.41087520335225	2.31749178805549	NA	NA	ELF2	Intron
chr4	139177895	139179032	2.49940686724975	-1.7436463565476	2.70654236124366	-0.644233905781689	0.519423767541579	NA	LOC105379412	Promoter
chr4	139359172	139359700	38.2237048798	21.4016357075358	4.24804335034742	5.03799842480081	NA	NA	NDUFC1	Intron
chr4	140066231	140066714	42.3136046616753	18.3003775983466	3.33566538280621	5.4862750000874	NA	NA	NA	NA
chr4	140074626	140075050	34.3811024780616	-4.28945520045471	4.25732935595127	-1.00754600873398	NA	NA	MAML3-AS1	Intron
chr4	140565550	140566277	53.7982499614262	-2.11567113211731	3.13657343323283	-0.674516690634823	0.499982878074984	0.907950513034008	UCP1	Promoter
chr4	141208407	141208889	24.7869381942648	0.97985448355871	4.08396951930628	0.239926982541523	NA	NA	RNF150	Intron
chr4	141707323	141707593	42.0508030063909	-0.662317388356692	4.06074877451404	-0.163102281163885	NA	NA	IL15	Intron
chr4	142746595	142747335	33.5989687354759	-4.59644461415347	3.83924257834307	-1.19722693222922	NA	NA	LOC124900788	Intron
chr4	143365302	143365838	58.2841949759957	-0.685085421162865	3.89679135014196	-0.175807570794856	0.860445121647819	1	MIR3139	Intron
chr4	143494405	143494775	50.9027777345448	4.95279984822741	3.78472935430915	1.30862721863806	NA	NA	SMARCA5	Intergenic
chr4	143960627	143961359	0.541281250288326	0	4.40735632393335	0	1	NA	LOC105377460	Intron
chr4	145288569	145289113	41.1129559698848	20.0933108767161	4.25002831007753	4.72780636050623	NA	NA	LINC02266	Intergenic
chr4	146900977	146901330	29.4267463365828	5.20512184098239	4.10471892643161	1.26808240327125	NA	NA	TTC29-AS1	Intron
chr4	147711782	147712360	13.6451266213273	-4.68390941698457	4.07991440389309	-1.14804109922383	NA	NA	ARHGAP10	Intergenic
chr4	148212221	148212632	48.9037065472778	0	4.14942349833828	0	1	1	LOC107986195	Intron
chr4	148971073	148971487	25.2651913839826	4.72813022029989	3.80093281990724	1.2439394339033	NA	NA	LOC105377480	Intron
chr4	150194548	150195030	13.8840112844445	-8.18442430440522	4.15246955918618	-1.9709775563073	NA	NA	DCLK2	Intron
chr4	151085911	151086466	51.0978919022833	-1.03292858803655	3.10543849961253	-0.33261923820595	NA	NA	LRBA	Intron
chr4	151346691	151347121	42.7082875290344	0.250159849653481	2.92747709471121	0.0854523678786148	NA	NA	FHIP1A-DT	Intron
chr4	152002307	152002950	12.9574897791708	-6.34464617066451	4.17342832587487	-1.5202480251855	NA	NA	LOC102724700	Exon
chr4	152690879	152691487	4.27008957703258	0	4.4073563238931	0	NA	NA	TMEM154	Intron
chr4	153094766	153095241	16.0133500997777	0.956797514378985	4.08587760501536	0.234171849201878	NA	NA	TRIM2	Intergenic
chr4	153182579	153183157	27.5589022678735	0	4.40735632387898	0	NA	NA	NA	NA
chr4	153496473	153497080	64.5961917035296	1.01991571543317	3.96606432245414	0.257160659159976	NA	NA	TMEM131L	Intron
chr4	154306689	154307407	44.7331354579072	-6.69335568166335	4.16693721598814	-1.60630106352013	NA	NA	NA	NA
chr4	154350762	154351001	48.4246317104116	3.03100488334311	3.59730814433013	0.842575826627587	NA	NA	PLRG1	Intron
chr4	154833535	154833865	63.4716463562018	-1.43062917662387	3.26351490737482	-0.43837065778096	NA	NA	NA	NA
chr4	154889355	154890053	53.8753891344958	-5.42520701746614	3.78357197094489	-1.4338849793602	NA	NA	LOC105377500	Intergenic
chr4	155579782	155580217	21.4156146506146	-16.0728693800199	4.25274185815067	-3.77941335640092	NA	NA	LOC105377504	Intron
chr4	157555410	157555842	47.0052411941843	-6.07589660379227	3.59611920617971	-1.68957041061131	NA	NA	LINC02433	Intergenic
chr4	158671719	158672633	101.36080343755	-5.45429943768371	3.00797656259275	-1.81327856922606	NA	NA	C4orf46	Promoter
chr4	159023943	159025150	64.0653465357939	0.823512940661325	3.29350958342329	0.250041155127098	NA	NA	SPMIP2	Intron
chr4	159926655	159927146	19.8816925234988	-22.6896268144301	4.24797298348968	-5.34128321969475	NA	NA	NA	NA
chr4	160089595	160090305	64.5564364094407	8.14948669603874	3.9019657076916	2.08855928179338	NA	NA	LINC02233	Intergenic
chr4	160449685	160450083	97.4271705436797	6.99851614334304	3.04592575652046	2.29766471765151	NA	NA	LINC02477	Intergenic
chr4	161489329	161489641	35.2431776798224	13.5806715341368	4.01404647694918	3.38328706758239	NA	NA	LOC105377515	Intron
chr4	162407854	162408155	73.107336097184	-2.6521162761604	3.04063713782083	-0.872223864917049	NA	NA	LOC124900803	Intergenic
chr4	163070597	163071006	23.7777141042169	-20.4849420731636	4.2517532355017	-4.81799882037283	NA	NA	MIR4454	Intergenic
chr4	163762929	163763336	49.3590453609266	6.83879575960334	3.6087602336334	1.8950540675621	NA	NA	NA	NA
chr4	163905862	163906174	48.020906282545	0	4.22997506355876	0	NA	NA	TMA16	Intron
chr4	164452075	164452270	49.1753511035809	2.77987640682989	3.14692872657643	0.883361730868989	NA	NA	MARCHF1	Intergenic
chr4	165218167	165218615	25.3926348557149	1.23847428214067	3.92314948554623	0.315683683913522	0.752242612237507	1	TMEM192	Intron
chr4	166031654	166032230	14.3036645649542	0	4.40735632392284	0	1	1	TLL1	Intron
chr4	167298197	167298490	10.0562950912875	0	4.40735632392302	0	1	1	NA	NA
chr4	167332589	167333070	43.743597196982	0.276731961266881	3.23795525368049	0.085465035674081	0.931891691227391	1	SPOCK3	Intergenic
chr4	167393865	167394770	135.254822921622	8.51292562282567	3.23498343941872	2.63152061896036	0.00850037089764802	0.0438184328867156	NA	NA
chr4	167663034	167663988	82.3780891752475	-4.08101939502181	3.05007264632157	-1.33800727662785	NA	NA	NA	NA
chr4	167955699	167956272	45.9864902008405	13.4503572871644	4.30125557961002	3.12707697513382	NA	NA	ANXA10	Intron
chr4	168241290	168241934	38.1488737098477	0	4.40735632387914	0	NA	NA	LOC105377524	Intron
chr4	170073568	170074074	90.8095928871907	-19.0535434046189	3.59679039017638	-5.29737386328052	NA	NA	AADAT	Intron
chr4	170208881	170209325	45.8599763254701	-0.685076258458732	4.19308000541914	-0.163382586922582	0.870217212284226	1	LINC01612	Intron
chr4	171694988	171695444	53.6289443513398	-6.59802623208118	4.24924862609436	-1.55275127738187	NA	NA	LINC02174	Intergenic
chr4	171890976	171891573	31.9994493240508	-18.968054797942	3.99615428237168	-4.74657719838699	NA	NA	GALNTL6	Intron
chr4	172308090	172309249	41.0765699662092	-22.6024110684662	4.16583569474862	-5.42566071363746	NA	NA	LOC124900811	Intron
chr4	172958023	172958354	105.118591749226	-4.43187732315566	3.16918106118902	-1.39842982700802	NA	NA	GALNT7	Intron
chr4	174061260	174061654	24.2438464506438	0	4.40735632387934	0	NA	NA	LOC105377543	Intergenic
chr4	174285586	174285815	47.5673593831927	8.86993914210385	3.69917737318725	2.39781395896175	NA	NA	CEP44	Promoter
chr4	174721876	174722099	29.8977840445467	0.276721144644143	3.89879720672556	0.0709760292653308	0.943416833241515	1	GLRA3	Intron
chr4	175912470	175912947	66.2788021681601	-8.25195678124674	4.15969328144839	-1.98378972268201	NA	NA	GPM6A	Intron
chr4	175985990	175986504	12.844268197533	-6.34265866680782	3.81482504505526	-1.66263422093999	NA	NA	NA	NA
chr4	176296728	176297355	52.9931952746222	0.239778215571887	2.80953188725959	0.0853445432170433	0.931987480318932	1	ASB5	Intergenic
chr4	177342616	177343045	51.5043990498075	2.76524952934171	3.5941415102053	0.769376921161839	NA	NA	LOC105377558	Exon
chr4	177463005	177463230	102.27089558196	8.0553815856357	3.37645984821263	2.38574777955672	NA	NA	AGA-DT	Intron
chr4	177855334	177855808	20.2008376182248	5.38859931843757	3.54126125711294	1.52166104876167	NA	NA	LOC105377560	Intron
chr4	178603669	178604009	21.1392696742353	-7.41665756251508	4.24823115215164	-1.74582250750614	NA	NA	LOC124900186	Intergenic
chr4	179028289	179028703	53.6522728617573	13.5590800453496	4.40735632388079	3.07646558366092	NA	NA	LOC105377563	Intergenic
chr4	179283254	179284113	17.2690521884735	-3.65771543377708	4.07987961772475	-0.896525333219732	NA	NA	NA	NA
chr4	182137274	182137608	25.242795081477	-0.738316948762686	3.90476534121202	-0.189081003401223	NA	NA	TENM3-AS1	Intron
chr4	183036236	183036711	55.6705543411222	22.0914929127732	3.65421459761559	6.0454831873279	NA	NA	LOC107986328	Promoter
chr4	183207571	183208017	22.7030018666011	-7.92186677497186	3.80664000640573	-2.08106539143211	NA	NA	WWC2-AS1	UTR
chr4	183658799	183659419	53.32890411213	-5.23266768064175	2.32520416597451	-2.25041213894811	NA	NA	RWDD4	Promoter
chr4	184001209	184001778	43.0479396300117	10.0860885758791	3.7142575968158	2.71550594243271	0.00661745888163666	0.0412564333034451	LOC105377584	UTR
chr4	184100464	184101199	41.8311398218697	7.02894601656471	3.35291840107135	2.09636656064125	NA	NA	NA	NA
chr4	184697166	184697372	56.1150661007511	-1.31248977249525	3.11602038035708	-0.421207056529213	NA	NA	CENPU	Intron
chr4	185541190	185541476	81.9417788478479	7.13076954402982	3.16846753603946	2.2505420879089	NA	NA	PDLIM3	Intergenic
chr4	185729169	185729788	49.7440320826462	-9.56042962545412	3.72567474025002	-2.56609347084672	0.0102851108427863	0.0456693379356607	SORBS2-AS1	Intron
chr4	185758703	185758958	73.7706254350341	-6.17613400386141	3.01102096527406	-2.05117602138625	NA	NA	LOC101928929	Intron
chr4	187848611	187849145	35.4076365408921	9.80860985612602	4.0015547143849	2.45119973515938	0.0142380922256777	0.0532018615513351	LOC124900880	Intron
chr4	188254534	188255201	20.2768214383925	-15.2315221434537	4.40735632388105	-3.45593163432747	NA	NA	LOC107986337	Intergenic
chr4	188575512	188575812	44.8697463624551	-1.56858936589282	3.12849772847582	-0.501387407641501	NA	NA	LOC105377609	Intron
chr4_GL000008v2_random	2308	2676	61.1784613971796	-20.9009716687756	4.1043776825982	-5.09236071460767	NA	NA	LOC124900509	Intergenic
chr5	185867	186412	47.2110670371363	-7.40139825078563	4.14848089094609	-1.78412253674325	NA	NA	LRRC14B	UTR
chr5	197372	197872	36.0431403325817	9.03435771749032	3.99823126815976	2.25958858093982	NA	NA	LOC124900929	Promoter
chr5	375997	376423	76.9669484331522	9.95166064561411	2.93146602665881	3.39477263427702	0.000686856154431992	0.0322130168465605	AHRR	Intron
chr5	460005	460678	69.0895904412837	-0.992426285694999	2.90893482362048	-0.341164840695818	NA	NA	SLC9A3-OT1	Intron
chr5	546603	547457	21.6399430651081	-6.70663597981611	4.07118634892189	-1.64734193058791	NA	NA	MIR4456	Intergenic
chr5	995054	995342	104.106146525003	9.36931270405302	3.94938003475414	2.37235024778675	NA	NA	LOC124900932	Intron
chr5	1366669	1367327	44.7828724325758	2.14672658953423	3.69911279578481	0.580335531260485	0.5616883709937	0.985953956074378	MIR4457	Intron
chr5	1637169	1637804	36.9735324829799	-5.08410867597811	2.77294942114865	-1.83346606945037	NA	NA	PDCD6P1	Intergenic
chr5	1703166	1704231	7.25757374967762	3.21814490769125	3.69827272394846	0.870175119009451	NA	NA	MIR4277	Exon
chr5	2382443	2382876	35.3348178736313	-19.6877438854216	4.25574738831761	-4.62615425423655	NA	NA	LOC100506858	Intergenic
chr5	2888688	2889411	43.2085999865553	-6.9548714230862	3.34526710879272	-2.07901826577793	0.0376156716321542	0.0888076368132926	LOC105374620	Intergenic
chr5	3727170	3727785	14.7751573872045	-3.94860410584122	3.58795369307461	-1.10051701989988	NA	NA	LOC105374625	Intergenic
chr5	4875619	4876529	60.885687748568	-20.4230564033758	3.70859142737619	-5.50695777718092	NA	NA	LOC107986400	Intergenic
chr5	5274446	5274672	50.2450211305875	-0.925032119051504	3.1415922819991	-0.294446903359106	NA	NA	ADAMTS16-DT	Intron
chr5	6116824	6117539	16.0073176722323	0	4.40735632388288	0	NA	NA	LOC124900933	Intergenic
chr5	6310265	6310935	55.154192692882	0.549218866954269	2.81354613199319	0.195205211213362	0.845232299580494	1	NA	NA
chr5	6316979	6317425	28.2761799317564	19.7101284399967	3.61232299729747	5.45635826440288	NA	NA	NA	NA
chr5	9186209	9186632	78.7240691606794	7.80937648378624	2.99219433137382	2.6099162082834	0.00905644025764551	0.0441563533889233	LOC124901170	Promoter
chr5	9948597	9949399	246.550765475961	0.275932385977975	2.82657266446542	0.0976208358082883	NA	NA	LOC107986405	Intron
chr5	10421427	10421703	70.6064026069269	-0.168851567417637	3.52737133273122	-0.0478689515478077	NA	NA	ROPN1L	Intron
chr5	10637410	10638015	43.9206070130761	7.23405581785804	4.21980891592924	1.7143088613682	NA	NA	ANKRD33B	Intron
chr5	11260971	11261544	38.5443791383461	3.55708860581468	3.55688842906125	1.0000562786147	NA	NA	CTD-2154B17.1	Intron
chr5	12415306	12415738	16.8128340774582	-6.86311878604311	4.2000674375252	-1.63404966423279	NA	NA	LOC105374656	Intron
chr5	13538284	13538933	16.6674514698598	5.39650217582027	4.25979876418487	1.26684439208548	NA	NA	LOC105374659	Intergenic
chr5	15595127	15595367	85.7427347788979	-6.81876781360098	3.20032773985737	-2.13064672367114	NA	NA	NA	NA
chr5	15667553	15667978	37.8785294408855	-0.823016826775541	3.68511897642262	-0.223335211709907	NA	NA	CTD-2350J17.1	Intron
chr5	15901212	15901752	13.938313586637	-22.1459966358008	4.24842377601273	-5.21275602514998	NA	NA	LOC107986343	Promoter
chr5	16389832	16390719	4.87545541611187	0	4.40735632392364	0	1	NA	LINC02150	Intron
chr5	18119379	18120287	56.1115315502945	-5.80656508962598	3.02145169592301	-1.92177988397467	NA	NA	LOC124900199	Intergenic
chr5	19037986	19038179	47.3875586616255	-1.07295497832231	2.87035097483896	-0.373806195732739	NA	NA	LOC105374669	Intron
chr5	20671597	20672168	123.308567105559	1.09192707889104	3.10845819424967	0.351276102381236	NA	NA	LINC02146	Exon
chr5	22434555	22434986	32.6797441935896	-5.71939072477551	3.89001143147122	-1.47027607129998	NA	NA	LOC105374682	Intron
chr5	22626125	22626473	40.7528486825859	-5.30412621442462	3.59286860956512	-1.47629284307912	NA	NA	LOC101929617	Intron
chr5	22651303	22651567	29.4528896236375	-7.2502436485966	4.0466413577412	-1.79166943834223	NA	NA	NA	NA
chr5	23409045	23409251	43.9868046302791	-0.569415316895151	3.40206982342817	-0.167373201153575	NA	NA	NA	NA
chr5	23541943	23542286	38.8609942517223	1.75869483720837	3.35829021772916	0.523687568133281	0.6004958637721	1	LOC124901158	Intergenic
chr5	25746357	25747173	51.2672578567901	-0.685074385518511	3.90437418632053	-0.175463301626867	0.860715604460132	1	LOC124901176	Intron
chr5	29348052	29348783	23.709480705935	0	4.40735632392267	0	1	1	LINC02064	Intron
chr5	29942240	29942937	6.57416782717275	7.38263141569968	4.25026129733277	1.7369829521617	0.0823901800341026	NA	LOC105374705	Intron
chr5	30137628	30138158	27.3120295328299	3.97763519028795	3.6150747636588	1.10029126652479	NA	NA	LOC124901160	Intergenic
chr5	32235580	32236160	52.1553944008114	6.62917822524798	3.59989440637754	1.84149240975063	NA	NA	GOLPH3	Intron
chr5	33085711	33086420	9.94972056440935	5.70190582723598	4.25234333065582	1.34088557387406	NA	NA	LOC124900955	Intron
chr5	33445719	33446436	14.4086754398415	18.856416295234	4.2548798535213	4.43171533495324	NA	NA	TARS1-DT	Exon
chr5	34469311	34469940	75.0020728614208	-2.87932649044808	4.02594411468122	-0.715192861209417	NA	NA	LOC105374721	Intron
chr5	34694904	34695337	27.3540232518745	18.3369750892789	4.25758188435974	4.30689898335013	NA	NA	RAI14-DT	Intron
chr5	35503922	35504690	92.2397238805927	-0.0595710238341453	2.52876995331301	-0.0235573124222311	NA	NA	LOC124901220	Intergenic
chr5	36241710	36242149	47.1747683857775	-0.748247812794194	2.42508387389925	-0.308545127386089	0.757667567314679	1	NADK2	Promoter
chr5	36866827	36867213	25.6014096779216	4.95217045381804	4.25599768406471	1.16357451799373	NA	NA	NIPBL-DT	Exon
chr5	37036395	37036690	22.8304213400254	8.20035601057575	3.23276016804195	2.5366422451136	0.0111921263811588	0.0466586842334292	NIPBL	Exon
chr5	37998817	37999404	42.515710206523	-0.481255663126196	3.19811332398679	-0.150481116324627	0.880385048078865	1	LINC02119	Exon
chr5	38344256	38344784	14.349389942709	-19.2216889460656	4.2590281556894	-4.51316315446011	NA	NA	EGFLAM-AS4	Intron
chr5	39240625	39241137	59.0166270543905	4.35568691644105	3.81128301870611	1.1428400606995	NA	NA	FYB1	Intron
chr5	39837092	39837571	69.5551644123958	1.23848501864841	3.58270817013214	0.345684035605592	0.7295801831998	1	LINC00603	Intergenic
chr5	40591419	40592048	16.2235188999689	13.6330004490276	4.30170389680556	3.16920940540595	NA	NA	LOC124900196	Intron
chr5	40924337	40924721	67.2150155052073	-0.595464924059851	2.93642892653371	-0.202785403276477	NA	NA	C7	Intron
chr5	41449951	41450381	9.13531552521047	-4.01277003274795	4.26976391708728	-0.939810750821408	NA	NA	PLCXD3	Intron
chr5	41661201	41661514	73.886709625571	-6.34240411696153	2.74352542418797	-2.31177158448924	NA	NA	NA	NA
chr5	42552780	42553075	35.1455083634303	6.30128012462243	3.18554482089449	1.97808553290205	NA	NA	GHR	Intron
chr5	43266476	43267042	7.34180790489599	-2.69487966508828	4.30343679994266	-0.626215694656927	NA	NA	HMGCS1	Intron
chr5	43344017	43344513	54.0325380162643	-23.4248938773866	4.24758650213239	-5.51487153131002	NA	NA	NA	NA
chr5	43759790	43760115	43.2223995807234	8.3172172566534	4.24794875518355	1.95793728596757	NA	NA	NNT-AS1	Intergenic
chr5	44190118	44190485	13.8698394960239	-5.1651993140028	4.2019749944511	-1.22923133070132	NA	NA	FGF10-AS1	Intergenic
chr5	50365275	50366070	1.34958845652509	-4.51420573811129	4.26310940977529	-1.05889980861393	0.289645411454771	NA	NA	NA
chr5	50471044	50471502	41.7240379923521	-8.80449457613733	3.40531153999005	-2.58551808630204	0.00972327713909252	0.0450761155576392	EMB	Intron
chr5	50781442	50781749	86.901581381383	7.85314442901228	2.61446324684673	3.00373104823098	NA	NA	PARP8	Intron
chr5	51011262	51011477	45.8340890217756	1.4444560730794	2.90173111012458	0.497791152336436	NA	NA	LOC124901181	Intergenic
chr5	51378074	51378633	71.8652355363528	-7.27378403367924	3.68441882541635	-1.97420119110842	NA	NA	ISL1-DT	Exon
chr5	53118832	53119365	41.2803464101689	-1.77737327162188	4.00240689576395	-0.444076106680461	NA	NA	MOCS2	Intron
chr5	53153628	53154081	94.9959873232571	-7.00826975089096	3.29136005011463	-2.1292929500821	NA	NA	NA	NA
chr5	53536443	53536932	38.0751131399532	3.24992199554819	3.49124447830518	0.930877804674928	NA	NA	NDUFS4	Intergenic
chr5	53656564	53656816	47.4163803932323	2.2623123828288	3.77469712178764	0.599336134751231	NA	NA	NA	NA
chr5	53953543	53954130	23.4846264203542	2.62926259675626	4.08711302654158	0.64330557527573	NA	NA	MIR581	Promoter
chr5	54183465	54183900	44.2840314945084	-16.1007877726768	4.26535233746986	-3.77478494126645	NA	NA	ARL15	Intron
chr5	54720517	54720915	48.2693011178123	-6.44428494514392	3.83211521336342	-1.6816521911114	NA	NA	LINC02998	Intron
chr5	57105677	57106616	1.58080106422071	-4.60103062151855	4.26217337862407	-1.07950339246966	0.280363382290762	NA	GPBP1	Intron
chr5	60730986	60731384	63.4170936577869	0.698108094582784	3.7142154803616	0.187955733390788	NA	NA	DEPDC1B	Intergenic
chr5	61234039	61234251	65.7305393132948	-1.58828360777098	2.82973326029731	-0.561283860233565	NA	NA	LINC02057	Intron
chr5	61989050	61989624	59.0305704811015	2.45412950569226	3.04763019239864	0.805258299321654	NA	NA	LOC105378995	Intron
chr5	62950615	62951199	21.7992314287043	21.3236247117973	4.2481869585079	5.01946475521568	NA	NA	IPO11-LRRC70	Intergenic
chr5	63846234	63847254	18.2361216716596	8.84791074359682	4.07348459870419	2.17207418592215	0.0298500677090716	0.0764432328866875	HTR1A	Intron
chr5	64066848	64067531	18.6864152208171	-14.8780614424316	4.40735632387916	-3.3757337390267	NA	NA	RNF180	Intron
chr5	64977284	64977582	28.467929243142	-15.2123929278657	4.2761905680712	-3.55746374856426	NA	NA	LOC107986419	Exon
chr5	65938935	65939589	19.2642371899668	-7.68168857742487	3.28947259181946	-2.33523410303778	0.0195311945006164	0.0610941170538311	LOC124900212	Intron
chr5	66325689	66326423	12.8186867344462	7.1378559725224	4.24386077029279	1.68192510519848	NA	NA	LOC124900988	Intron
chr5	67061047	67061476	33.0673910079493	-6.46042003125772	3.88825652003296	-1.66152104367923	NA	NA	MAST4-AS1	Intron
chr5	67142525	67143137	35.3387352385263	-18.0797361776573	3.82177195179014	-4.73072082942801	NA	NA	CD180	Exon
chr5	68768129	68768606	16.2652537415901	13.5283312787494	4.40735632388094	3.06948889188903	NA	NA	LOC105379011	Intergenic
chr5	71957922	71958277	20.2814986211979	2.14697277645527	3.91978428884096	0.547727277382938	0.583879179419236	1	LOC124901000	Intron
chr5	72063438	72064061	11.1330204208512	-6.88239566721142	3.89979667699042	-1.76480884447616	0.077595897706048	0.155191795412096	MAP1B	Intergenic
chr5	72370428	72370679	58.9353177704246	1.78247001429191	2.97805041215684	0.598535876698261	NA	NA	MRPS27	Intergenic
chr5	72435278	72435748	35.9945138712061	-7.80520554575539	3.48992924766735	-2.23649392060666	NA	NA	ZNF366	Intergenic
chr5	73398870	73399164	26.3184948231038	0.276735103915719	3.40401105852199	0.0812967699452412	0.935205942699644	1	LOC107986383	Intron
chr5	74349283	74349905	17.0648288173586	3.15513965265746	3.66706139519043	0.860400007699792	NA	NA	LINC01333	Intron
chr5	76611864	76612376	31.2023397027987	7.6948332010244	3.91152235381327	1.96722209538771	NA	NA	LOC101929109	Promoter
chr5	78051154	78051764	63.7203717372921	-10.3659750377803	2.97122312735035	-3.48879050595719	0.000485211260258124	0.0285680343816742	LOC101929154	Intron
chr5	79552527	79553325	47.0697356610113	8.00469918607038	4.14369253857683	1.93177923109605	NA	NA	LOC124901013	Intron
chr5	81117749	81118620	91.1146025576226	-0.307123069912927	2.99569596128932	-0.10252144205607	0.918342794219831	1	CKMT2	Intron
chr5	81296502	81296944	22.0024954445264	0	4.40735632387927	0	NA	NA	LOC124901017	Intron
chr5	81907644	81908596	35.8169947917933	-8.30634652684171	4.2476892198295	-1.95549770639179	NA	NA	ATG10	Intergenic
chr5	82860311	82861026	4.88338684806571	-3.98790550691239	4.25893208822829	-0.93636278397934	NA	NA	LOC124901020	Promoter
chr5	83139606	83140094	14.4284390326523	-1.55217253668287	4.08814678826513	-0.379676322077848	NA	NA	TMEM167A	Intron
chr5	84105138	84105376	51.5734947989343	0.611559286941233	2.91722155382028	0.20963758688138	NA	NA	LOC107986386	Intron
chr5	84158253	84158606	35.9309459274085	-20.6751572984638	4.25107908587005	-4.86350803662651	NA	NA	EDIL3-DT	Intron
chr5	85330452	85330864	29.1385930836519	-9.24044010612933	3.77045730757457	-2.4507478410022	0.0142559782639178	0.0532018615513351	LOC101929321	Intron
chr5	85631232	85631848	2.46022836817004	-2.69486450054418	4.30343738853626	-0.626212085186346	0.531175841442227	NA	LOC105379061	Intron
chr5	88276900	88277316	39.0991090410504	22.0383111370578	4.2476967736983	5.18829669611043	NA	NA	TMEM161B	Exon
chr5	88550455	88551119	3.77267564599047	-6.30500601387123	4.25170044812946	-1.48293749543083	0.13809101820005	NA	LINC02060	Intron
chr5	88864790	88865424	82.867585333848	-1.04965536433884	3.13302504000746	-0.335029356910707	0.737602941052155	1	MEF2C-AS1	Intron
chr5	89132080	89132516	1.65362545956445	-1.480987793816	4.14546932096734	-0.357254554104484	0.720901248593693	NA	MEF2C	Intron
chr5	89627027	89627529	24.7123004200844	-1.78970863699236	4.08537248950755	-0.438077223457314	NA	NA	LINC02161	Intron
chr5	89747212	89747493	165.160201167277	7.03146194913377	3.17256771631744	2.21633155786366	NA	NA	LOC102724637	Intergenic
chr5	90726101	90726626	15.5257357041604	13.6307460775326	4.40735632387953	3.09272613237095	NA	NA	LYSMD3	Intron
chr5	92825468	92825992	22.7361531308897	0.276723537946719	3.91492076613524	0.0706843265744806	0.943648995214695	1	LOC105379082	Intron
chr5	93690149	93690784	28.6614339024477	-23.1587041510264	4.2476862773984	-5.45207499768804	NA	NA	NA	NA
chr5	93914720	93915074	34.1818842313449	-8.11650582695103	4.17663087611048	-1.94331413708974	NA	NA	POU5F2	Intron
chr5	94799847	94800269	91.0493972882981	-7.34906543035718	3.68527083960735	-1.99417240962951	NA	NA	MCTP1-AS1	Intron
chr5	96538700	96539316	71.4027682190591	-0.573510031811042	3.23469011907587	-0.177299837294736	0.859272878589486	1	PCSK1	Intron
chr5	96548008	96548582	31.9494719123959	0	4.16602942073971	0	1	1	NA	NA
chr5	96662988	96663370	60.0318817212466	9.58851281941429	3.25227465528513	2.94824817572908	NA	NA	NA	NA
chr5	96725008	96725275	46.9484300792253	2.69265346847091	3.56687274106893	0.754905953741418	NA	NA	LOC107986363	Intron
chr5	97200368	97200736	5.53642409350161	-1.88406917359537	4.10327135400206	-0.459162704839828	NA	NA	RIOK2	Intron
chr5	98506457	98507209	97.3517793163709	-0.113170302208181	2.55354469655259	-0.0443189039772699	NA	NA	RGMB	Intergenic
chr5	99150042	99150335	99.078440572289	-6.55998208631429	3.90031623880115	-1.68191030795253	NA	NA	LOC100289230	Intergenic
chr5	101564848	101565331	16.8486151099512	-6.3444094348273	4.25157531907201	-1.49224909796779	NA	NA	ST8SIA4	Intergenic
chr5	102537730	102538126	73.981598068596	7.74981325827447	3.65526421575765	2.12017867952348	NA	NA	LOC124901036	Intron
chr5	102607746	102608643	57.5454664629658	-9.26306530839186	3.15967995396391	-2.93164669946115	NA	NA	LINC00492	Exon
chr5	105023981	105024280	42.0881077693009	0.74541580438524	2.88178120241918	0.258664954771543	NA	NA	RAB9BP1	Intron
chr5	105590983	105591712	94.9143892472478	8.29561429909335	3.63971330793505	2.27919443023379	NA	NA	NA	NA
chr5	106033973	106034589	94.0307485403821	-8.86957075354458	2.69483184237995	-3.291326239381	0.000997161979668671	0.0324730744377145	LOC105379110	Intergenic
chr5	106416941	106417496	115.333245220909	7.29988094013466	3.0942016933245	2.35921302605567	NA	NA	NA	NA
chr5	106893343	106893939	15.8796959091411	-21.4370312063104	4.15147707472363	-5.1637118115936	NA	NA	NA	NA
chr5	107170966	107171357	4.91979633573996	1.65785419342813	4.10210514097929	0.40414717235462	0.68610449819113	NA	LINC01950	Intergenic
chr5	107765223	107765623	107.076581685897	7.04349546035313	3.631267963012	1.93967934399168	NA	NA	LOC124901039	Intergenic
chr5	108515242	108515692	50.7065715930608	-19.7664898117821	3.82600717052793	-5.16634939004952	NA	NA	LOC105379114	Intron
chr5	109245098	109245414	105.131331667767	5.31354000166257	2.80938794610385	1.89135146288058	0.0585774431843657	0.123050735074249	LOC124901040	Intron
chr5	109903343	109903812	41.3523236150232	20.6984088022429	4.24908337346597	4.87126445470503	NA	NA	LOC105379119	Intergenic
chr5	110368037	110368586	30.5485944154379	-22.1516379907474	4.2480058620284	-5.21459685090221	NA	NA	MIR548F3	Intron
chr5	112026851	112027442	25.8234835456833	13.6440617382391	4.40735632388247	3.09574736771451	NA	NA	NREP	Intergenic
chr5	113422476	113422843	39.0844571582499	8.09309354228165	4.12815871730288	1.96046084864907	NA	NA	TSSK1B	Intron
chr5	113511923	113512278	28.0493797125961	-17.4521612739603	4.29219017944854	-4.06602702683658	NA	NA	LOC124901046	Promoter
chr5	113781843	113782328	27.4911542762205	-8.10834074402543	3.90601636459917	-2.07585938899606	NA	NA	LOC105379127	Intergenic
chr5	114026657	114027264	7.04004141338272	-6.14930951116747	4.24971192515564	-1.44699443620341	NA	NA	KCNN2	Intergenic
chr5	114152825	114153240	65.7352897360412	8.12617861984496	3.29065640816584	2.46947040708342	NA	NA	NA	NA
chr5	115139020	115139601	35.4533267028815	20.2207126704612	4.24941754874924	4.75846688128185	NA	NA	TRIM36	Intron
chr5	115434235	115434832	24.5038189547258	9.28076064669398	4.24790151948232	2.18478714822584	0.0289044567933589	0.0753015243262145	LOC105379130	Intron
chr5	115554312	115554709	52.3895733096943	-8.33165698298364	3.66837926761577	-2.2712092657744	NA	NA	FEM1C	Intergenic
chr5	115578273	115578718	32.4166157542439	6.87117618621201	3.61391992328946	1.90130836655554	NA	NA	TICAM2-AS1	UTR
chr5	116025437	116025847	47.3996565793081	7.24369980018991	3.63429615522818	1.99315066543747	NA	NA	ARL14EPL	Intron
chr5	116358743	116359374	38.4480823923297	8.20930471070713	3.53992004657386	2.31906500788134	0.0203915117476318	0.0629415261298177	SEMA6A-AS1	Intron
chr5	116555127	116555661	105.389604928775	8.79646334089874	3.14056869002021	2.80091416845977	NA	NA	SEMA6A-AS2	Intron
chr5	116738702	116738953	99.9629152949556	7.83567588723721	2.80955329199137	2.78894011712567	NA	NA	LINC02214	Intron
chr5	116751398	116751768	27.8881702171739	-0.69969978990394	4.01268390716441	-0.174372017854351	NA	NA	NA	NA
chr5	116784380	116784906	11.3375529980642	-7.88135291146925	4.1858436048878	-1.88285890621097	0.0597194915352895	0.124106713443452	LOC105379133	Intron
chr5	117655301	117656288	55.2351085664133	-1.07536982794006	3.47393561312095	-0.309553759107804	NA	NA	LINC02147	Intergenic
chr5	117857980	117858587	39.4883813856548	-8.65252628279731	3.31526022947525	-2.6099086297569	NA	NA	LOC124901051	Intron
chr5	118221321	118221922	89.0321887173911	-1.34558063162024	3.43858541378426	-0.391318076970317	NA	NA	LINC02148	Intron
chr5	118783175	118783736	13.6144857870732	-0.0739468295764336	4.08637991373019	-0.0180959262568742	NA	NA	LOC124901052	Promoter
chr5	118829821	118830377	17.7648902909247	0	4.29962256776931	0	1	1	NA	NA
chr5	119518203	119518813	36.8512986033628	0	4.40735632388231	0	NA	NA	LOC107986444	Exon
chr5	120692378	120692926	31.4700174587807	-3.07580346188056	3.73774576899168	-0.82290333585484	NA	NA	PRR16	Intergenic
chr5	121667129	121667748	20.2911464173863	0	4.40735632388068	0	NA	NA	LOC105379150	Intergenic
chr5	122475487	122476216	12.3620899165258	0	4.4073563239229	0	1	1	LOC105379151	Promoter
chr5	124767879	124768470	17.8660186660814	7.73851021151198	3.87418542414997	1.99745478450089	NA	NA	ZNF608	Intergenic
chr5	124882721	124883159	38.7299210484788	-6.75459759695167	3.69207608620279	-1.82948493997549	NA	NA	LOC105379157	Intron
chr5	125376890	125377153	38.6941382598052	-7.88546228773065	3.90002818689585	-2.02189879402049	NA	NA	LINC02240	Exon
chr5	126501487	126502226	49.2561814097753	-15.0639485583853	4.2015126702848	-3.58536311574759	NA	NA	LOC101927514	Intron
chr5	126934791	126935461	65.0064255585201	-21.0210263350455	3.82208526421051	-5.49988419460014	NA	NA	MARCHF3	Intron
chr5	127891330	127891982	117.162682092354	7.26504490738509	3.15103685416807	2.30560454974532	NA	NA	LOC105379164	Intron
chr5	129216168	129216695	50.2416951825987	13.4222036004201	4.3071510261692	3.11626026551426	NA	NA	LOC102723654	Intron
chr5	129282107	129282635	42.1597669021615	-23.759217068514	4.24612085644604	-5.59551126116562	NA	NA	NA	NA
chr5	129293897	129294252	28.3392637086383	8.03809232393721	3.78292146938313	2.12483721615505	NA	NA	MIR4460	Intron
chr5	129516294	129516699	43.003357874679	-8.84408875775317	3.64268016464541	-2.42790702395199	NA	NA	LOC105379169	Intron
chr5	129887799	129888196	94.6874775618046	5.56003166675907	2.77201398254558	2.00577331202825	NA	NA	CHSY3	Intron
chr5	130116966	130118172	82.8862282381361	0.236773715247742	4.37102499536806	0.054168922735205	NA	NA	CHSY3-AS1	Intron
chr5	130882266	130882772	38.3860109157328	3.80221830508116	4.08818531774362	0.930050379218062	NA	NA	LOC107986449	Intron
chr5	132232650	132233454	79.1917074661827	8.88668311584123	4.13570045473508	2.1487733971803	NA	NA	MIR6830	Intron
chr5	132574097	132574601	84.2936698129193	-0.0798520348568501	2.38573513468882	-0.0334706203114478	0.97329929429461	1	NA	NA
chr5	132585328	132585663	10.8484123179655	-0.685114142415944	4.30865304020361	-0.15900889118321	0.873661868807477	1	IL5	Intron
chr5	133244242	133244649	76.9795669076843	1.60374677535579	3.09410591512983	0.518323166480388	0.604232812085592	1	FSTL4-AS1	Exon
chr5	134153284	134154900	65.1809954373376	7.53968352267053	3.00877886172165	2.50589487269804	0.0122141929325878	0.0490582426580192	TCF7	UTR
chr5	134260578	134261102	32.1093609583302	-21.0375679682268	4.25002762083228	-4.94998382248327	NA	NA	PPP2CA-DT	Intron
chr5	134886303	134886908	15.3601965872492	-0.685064476998949	4.26138129347777	-0.160761131149534	0.872281539824097	1	LOC124901071	Intron
chr5	134956551	134957057	101.261577087972	-7.41168577113018	3.99913423797179	-1.85332257686081	NA	NA	CATSPER3	Intron
chr5	135018253	135018873	28.2687787977568	-7.73244352519483	3.62468625801886	-2.13327250271342	NA	NA	PITX1-AS1	Intergenic
chr5	135236281	135236627	51.1293594593221	-6.33297127141827	3.67517235998545	-1.72317667067003	NA	NA	LINC02900	Exon
chr5	135647137	135647584	28.2938903374899	-22.8940563603681	4.24784064882082	-5.38957514018879	NA	NA	SLC25A48-AS1	Intron
chr5	135862120	135862707	55.641432308348	-22.509916187292	4.1554619989798	-5.41694670600245	NA	NA	IL9	Intron
chr5	135932121	135932575	51.1032774616523	13.4606518695763	4.40735632387841	3.05413288157538	NA	NA	FBXL21P	Promoter
chr5	136344366	136344842	104.028758807285	5.86938905741079	2.68454778613747	2.18636043199502	NA	NA	TRPC7	Intron
chr5	136993194	136994093	15.1838054907432	0	4.40735632392282	0	1	1	LOC105379192	Intron
chr5	137579911	137580292	133.692522380367	1.00010316366217	2.2646715543718	0.441610688195179	0.658770948344056	1	SPOCK1	Intron
chr5	138177727	138178400	10.9922353866728	0	4.39984655261407	0	1	1	KIF20A	Promoter
chr5	138291462	138291936	14.805878359343	-7.85025054850509	4.24864639410888	-1.8477062622557	NA	NA	GFRA3	Intron
chr5	140772257	140772565	74.7330728270308	22.05959314174	4.15949200705652	5.30343443485797	NA	NA	VTRNA1-3	Intergenic
chr5	143055159	143055583	5.59693486539302	-6.04271299130456	4.25262631607096	-1.42093674407007	0.155335149719291	NA	ARHGAP26-IT1	Intron
chr5	145776974	145777346	89.7920779529296	2.23171342817901	2.96386655870262	0.752973652483161	NA	NA	PRELID2	Intron
chr5	146369543	146369946	23.6745445009924	-7.66978033328464	3.8195473712734	-2.00803382907845	NA	NA	LOC105378213	Intron
chr5	146451821	146452066	81.6349274443762	2.12980949098055	3.39861517211192	0.626669800234273	0.530875703751309	0.954098680300564	TCERG1	Intron
chr5	148999864	149000273	15.7449186684165	-7.14964100494255	4.20352860577124	-1.70086650418566	NA	NA	MIR584	UTR
chr5	149801585	149802104	12.9070234123509	-6.78229631240053	4.25039209023414	-1.59568721388876	NA	NA	MIR378A	Intron
chr5	150103903	150104566	73.0041969076813	3.05300438068699	3.24674653405335	0.940327293389149	NA	NA	CSF1R	Intron
chr5	150333217	150333613	19.2212633097698	0.83460195389906	3.92880817463466	0.212431332048089	NA	NA	ARSI	Intron
chr5	150748033	150748597	33.5861409755818	8.78474224150185	4.02426924343814	2.18294097886865	NA	NA	DCTN4	Intron
chr5	150750341	150750719	20.5521494154747	0	3.9240886275211	0	1	1	NA	NA
chr5	150774956	150775345	69.3473931043955	1.23847445918782	3.64822509525213	0.339473148408411	0.734253321853293	1	SMIM3	Intergenic
chr5	151602898	151603573	19.8045585712777	8.30790601047712	3.83258575217224	2.16770257671817	NA	NA	LOC105378231	Intron
chr5	151716475	151716968	37.8254457317656	1.31318834836234	3.96250627319621	0.331403474928283	NA	NA	SPARC	Exon
chr5	151791061	151791582	66.5470974489804	8.84846883076179	3.66564595047462	2.41389074403547	NA	NA	ATOX1	UTR
chr5	152176469	152176982	1.10591227632466	-0.7702508452969	4.15988246641797	-0.185161684618497	0.853102220637416	NA	LOC105378236	Exon
chr5	152751759	152752190	75.8946190543773	0.573131099162919	3.47195624859383	0.165074401324914	NA	NA	NMUR2	Intron
chr5	153212394	153212844	54.9741816548501	2.78301050458726	3.6107148641677	0.770764407958523	0.440846587366616	0.821493430736792	LINC01470	Intron
chr5	153716608	153717378	5.0299574696835	2.48972859830672	4.29596778007292	0.579550109722765	0.562218045329619	NA	LINC01861	Intron
chr5	154173902	154174225	63.7791710831894	-5.51175966800633	2.86293879855439	-1.92521044137913	NA	NA	LOC124901118	Intron
chr5	155021611	155022344	19.5852268231397	21.2040655860978	4.24855797116938	4.99088531449687	NA	NA	KIF4B	Intergenic
chr5	155385568	155386001	63.3572930489403	-8.92865713291631	3.26051250976821	-2.73842136969781	NA	NA	LOC105378239	Intergenic
chr5	156780938	156781367	8.46896450939582	0	4.40735632392312	0	1	1	LOC105377673	Intergenic
chr5	156859938	156860506	52.8125637729162	-6.41573709945167	3.07122862331724	-2.08898062838514	NA	NA	PPP1R2B	Intergenic
chr5	156908570	156909112	58.4120363263761	0.144179249434892	3.40223522225686	0.0423778016557161	NA	NA	TIMD4	Intergenic
chr5	157164784	157165284	51.8515508361002	0.909160427379021	3.21986312762968	0.282359961073347	NA	NA	GARIN3	Promoter
chr5	157270305	157270824	31.3722359401159	-0.685069580486237	3.92085244024768	-0.174724652591864	0.861295995779289	1	CYFIP2	Intron
chr5	158115418	158115833	37.7291025796709	1.23577292511207	3.67569161013313	0.336201470685217	NA	NA	LOC105377678	Intergenic
chr5	158340230	158340724	124.468065461474	-9.42131454258456	3.47675854484776	-2.70979834263903	NA	NA	NA	NA
chr5	158456107	158456394	54.198989147556	-15.2634776646011	4.00700036711217	-3.80920296136669	NA	NA	LOC124901122	Intron
chr5	158883232	158883969	100.805066232769	-9.06722338870948	3.47604131410187	-2.60849126042457	NA	NA	EBF1	Intron
chr5	159224165	159224760	11.982286160432	-5.19838198609695	4.25219086968862	-1.22251849585426	NA	NA	LINC01932	Promoter
chr5	159471450	159471750	70.4912950532885	1.83816626009704	3.22571277318661	0.569848089196472	NA	NA	LINC01845	Intron
chr5	159756327	159756599	34.2213119898613	6.95283925127397	3.56685707676743	1.94929011777932	NA	NA	LOC105377688	Intron
chr5	159972328	159973005	13.4214564624964	7.32696402144995	3.30261606752683	2.21853339039095	NA	NA	LOC105377687	UTR
chr5	160783502	160783933	53.8483881188137	-2.14139780332957	3.72047040284829	-0.575571788365841	NA	NA	ATP10B	Intron
chr5	161889482	161889743	22.7060543085357	-0.62070186149062	3.96825017841807	-0.156417018479934	NA	NA	LOC105377696	Intron
chr5	162329471	162329838	47.5129378668152	-8.9144003662518	4.09362494885851	-2.17762996796703	NA	NA	LINC01202	Intergenic
chr5	163660259	163660658	75.7470083131688	-5.60691361772527	3.00391990028276	-1.86653233236928	NA	NA	LOC102724458	Intergenic
chr5	164170021	164170932	116.308808840287	-10.0059709432415	3.65764903406062	-2.73562904752869	NA	NA	LINC03000	Intron
chr5	165016313	165016681	23.0044117652809	-19.6537179951323	4.25561099358195	-4.61830698923676	NA	NA	LOC105377702	Intron
chr5	165246645	165247091	46.6470826487014	-23.2946375007229	4.06872478119901	-5.72529201492419	NA	NA	LINC01938	Intergenic
chr5	165751597	165752373	4.17153947241339	0	4.40735632388366	0	1	NA	LOC105377705	Intron
chr5	166538201	166538689	106.059965116362	8.24763099137269	2.94104695883662	2.80431802239403	NA	NA	NA	NA
chr5	168433090	168433809	35.1063530989736	22.1142482740039	4.24778566040373	5.20606500467871	NA	NA	RARS1	Intron
chr5	168684126	168684748	52.0805262786545	-2.78235776361549	4.27528892418053	-0.650799937257761	NA	NA	SLIT3-AS2	Intron
chr5	169845796	169846631	52.2508041518388	-4.94495260465007	3.84056593004603	-1.28755831685223	NA	NA	INSYN2B	Intron
chr5	171604827	171605427	21.2764054047796	-7.70206527954725	3.59767616322884	-2.14084451465326	NA	NA	LOC105377722	Intergenic
chr5	172219538	172219941	16.0487520855978	0	4.4073563239228	0	1	1	EFCAB9	Intron
chr5	172426859	172427483	14.1057142004508	-4.59913934176432	3.82406309870113	-1.2026839576278	NA	NA	SH3PXD2B	Intron
chr5	173018412	173018751	56.356106490697	13.5152095623388	4.3102421965641	3.13560327842191	NA	NA	SNORA74B	Promoter
chr5	173494003	173494679	31.9699810192774	0	4.40735632388658	0	NA	NA	LOC105377733	Intron
chr5	174904489	174904954	40.6181506177077	0.192647690926434	4.02167125958146	0.0479023964147887	NA	NA	MIR4634	Intron
chr5	175558262	175558714	35.7806016797068	13.599925892722	4.4073563238789	3.08573323628001	NA	NA	SFXN1	Intergenic
chr5	175810972	175811686	25.3344451667203	-23.0159742246134	4.24776318854038	-5.4183750842575	NA	NA	CPLX2	Intron
chr5	176157461	176157846	34.1688445794893	-21.9390958061172	4.2486592711816	-5.16376918124002	NA	NA	CEP192P1	Intron
chr5	176529852	176530347	3.79802367417931	6.56290859580989	4.2527272135611	1.5432235048799	0.122776556183728	NA	LOC124901143	UTR
chr5	176791359	176791706	133.366343041051	8.78322273985803	3.27147252170484	2.68479184269012	NA	NA	UNC5A	Intron
chr5	176814328	176814663	52.909458953589	-6.78953514216299	3.44707109229362	-1.969653355088	NA	NA	NA	NA
chr5	176895491	176896160	40.8472855917582	1.72999655436121	3.35279952774638	0.515985683022346	0.605864408672262	1	HK3	UTR
chr5	178895257	178895620	31.4594061218683	-7.76623396371839	4.07699865443279	-1.90488999923373	NA	NA	ZFP2	Promoter
chr5	179386291	179387016	9.68313198066242	6.96028120062787	4.25135751718339	1.63719027922149	NA	NA	ADAMTS2	Intergenic
chr5	180333590	180334145	35.3077729682731	22.4856929272362	4.24765573200009	5.29367122618678	NA	NA	GFPT2	Intron
chr5	180629199	180629421	108.569328324084	9.01570305889912	2.73386636956611	3.29778483661949	NA	NA	FLT4	Exon
chr6	1526493	1527038	31.0490826054436	1.61185008668081	3.28002124199778	0.491414526845891	NA	NA	LOC102723944	Intron
chr6	2261547	2262433	22.3460182009337	5.54264410229891	4.14882907132817	1.33595383348115	NA	NA	GMDS	Intron
chr6	2513867	2514351	18.6090453190094	18.3062614281535	4.25743046603721	4.29983803004842	NA	NA	LINC02521	Intron
chr6	2837697	2838818	220.571463712676	8.99000835772445	2.51267925391725	3.57785751751207	NA	NA	SERPINB1	Exon
chr6	2852479	2853143	39.5881251781948	1.78028347907275	4.08320391046354	0.436001610037313	0.662835561424922	1	MIR4645	Promoter
chr6	2982385	2982894	54.2272668288298	1.23848719781608	3.58484808180025	0.345478293516452	0.729734826142654	1	LINC01011	Intergenic
chr6	3170678	3171387	6.66455230473013	6.28811773642801	4.25057195744568	1.47935802508017	NA	NA	LOC105374889	Intron
chr6	3597363	3597936	55.2533988426494	8.03860999370028	3.56998112007951	2.25172339105291	NA	NA	LOC100507336	Exon
chr6	3620532	3621100	58.6933825305617	5.93825637879003	3.126631871519	1.89925025484534	NA	NA	NA	NA
chr6	3750976	3751520	55.2344853592052	-9.21240452325536	3.9956140735616	-2.30562921084208	0.0211313596376365	0.0632541361338524	PXDC1	Promoter
chr6	4575644	4575849	84.6534109288261	0.261300845654421	3.11008571869872	0.084017248811956	NA	NA	KU-MEL-3	Intron
chr6	4977936	4978320	41.4117160899935	1.03169264717777	3.47840910927769	0.296598995335544	NA	NA	LYRM4-AS1	Intergenic
chr6	5048332	5049157	36.0352197886535	0.27668274307143	3.70539339893462	0.0746702747273696	NA	NA	PPP1R3G	Intron
chr6	5110834	5111405	48.7338592895154	-6.75409500687382	3.70271774951559	-1.82409123886298	NA	NA	NA	NA
chr6	5269298	5269529	22.6371065727505	-5.1914685118162	4.08361935803356	-1.27129099376101	NA	NA	LOC124901250	Intron
chr6	7048379	7048573	51.7186347541942	0.909134599690535	3.22347228549555	0.282035804613959	NA	NA	LOC105374904	Intron
chr6	7778947	7779386	43.3920863615637	0.743282449407964	3.54738196759726	0.20952986066832	0.834034627246887	1	NA	NA
chr6	7813277	7813941	6.35016097361269	-4.26329189853563	4.26615221666437	-0.999329532097433	NA	NA	BMP6	Intron
chr6	9868968	9869418	88.0523660058131	0	4.1244853455296	0	NA	NA	OFCC1	Intron
chr6	10507205	10507697	19.1051858589758	-0.685064249900283	3.92666772482898	-0.174464532755982	0.86150040203044	1	LINC02522	Intron
chr6	11530883	11531294	135.837878632865	-6.71733048840276	3.12024523679394	-2.15282132609065	NA	NA	TMEM170B	Intergenic
chr6	11701124	11701519	65.4176085042927	15.4679020606474	3.7554028744011	4.11883959670084	NA	NA	LOC124900221	Intron
chr6	11724634	11725001	109.707073766878	9.84003000496939	3.55009908962414	2.77176207101622	NA	NA	LOC124901258	Promoter
chr6	11798618	11799306	5.68641767478235	-1.3768792613767	4.09918092210942	-0.335891312810893	NA	NA	ADTRP	Intron
chr6	11935392	11935745	66.7179006312863	-5.49954676451259	2.74103919397814	-2.00637290287373	NA	NA	LOC107986570	Intron
chr6	12662977	12664036	50.6991822705243	-0.365416628028122	3.3053190588667	-0.11055411641665	NA	NA	PHACTR1	Intergenic
chr6	13259940	13260483	14.0437460508054	7.27286019961424	4.24912884759833	1.7116120646059	NA	NA	LOC105374933	Intron
chr6	14408576	14408756	55.3133872206487	1.59319053086546	3.08011669718625	0.517250054947877	NA	NA	LOC105374943	Intron
chr6	15127221	15127842	27.4381949805783	1.07352746181139	4.08369068354003	0.262881678609601	NA	NA	LOC105374945	Intergenic
chr6	15648139	15649009	63.98852723642	-8.54613550406501	2.80277461653068	-3.04916972405136	0.00229474798594957	0.0344314628828522	DTNBP1	Intron
chr6	15816858	15817106	59.2780073331444	-1.49272215191866	3.02990718315171	-0.492662666440471	NA	NA	NA	NA
chr6	15842103	15842363	39.1597464222575	0.980699219722007	3.29023393057623	0.298063675840293	NA	NA	LOC102724520	Intron
chr6	16423371	16423942	117.491163822844	10.1828940637053	3.12081041665494	3.26290056241862	NA	NA	LOC127903862	Intron
chr6	16547754	16548209	43.2774622472467	-3.74062865189799	3.75990539312931	-0.99487307811879	NA	NA	ATXN1-AS1	Intron
chr6	17825969	17826464	53.0312192031007	4.34225211274896	3.53409016522632	1.22867609759212	NA	NA	LOC105374953	Exon
chr6	18575897	18576236	42.8544219329997	4.94723549580454	2.88157730162654	1.71684982839503	NA	NA	MIR548A1	Intron
chr6	18983246	18983719	16.5139346216804	-8.11748105156189	4.24837712106881	-1.91072515933324	NA	NA	LOC105374958	Intron
chr6	20162150	20162504	46.8723452171825	3.46029307313948	3.42068678671451	1.01157846037784	NA	NA	LOC101928573	Intron
chr6	20239116	20240746	52.5793136421977	-1.53394041147083	3.44317881812455	-0.445501233742588	0.655957568402104	1	MBOAT1	Intron
chr6	20306759	20307745	70.0521129149349	-8.66789486648982	2.70266002685513	-3.20717174204702	0.00134046944149468	0.0328342920264512	NA	NA
chr6	20355740	20356405	76.6313980190212	-15.2455601465148	3.84793579591292	-3.9620100113697	NA	NA	LOC124901272	Intergenic
chr6	21714650	21714936	71.6501894075254	9.87608813063812	3.3874099481999	2.91552787577021	NA	NA	LOC124901274	Intron
chr6	22451530	22451709	71.6868456983346	-1.3328405581655	2.79085192833699	-0.477574802386494	NA	NA	LOC105374973	Intron
chr6	23118130	23118810	22.7509467929661	-7.05004323894929	3.1627868177992	-2.22906052323027	0.0258098780817682	0.0703199846383976	LOC105374974	Intron
chr6	24121288	24121804	32.0984468545649	9.66298042486107	3.71041941428688	2.60428252063742	0.00920668300043663	0.0442704331510357	NRSN1	Intron
chr6	24281752	24282749	67.7803015299183	9.48563452952615	3.46234621175184	2.73965512094954	NA	NA	KAAG1	Intron
chr6	24402388	24402703	29.8602494842312	-2.19856049732643	3.78592055251724	-0.580720188611623	NA	NA	MRS2	Promoter
chr6	25050085	25051030	46.8567268299283	13.5314661267221	4.01115702311012	3.37345709698252	NA	NA	LOC102724765	Intron
chr6	27194244	27194945	13.2021022832725	0.276677732923455	4.06226047726425	0.0681093037908257	NA	NA	MIR3143	Intron
chr6	28353412	28353884	79.2557082379559	-0.685078023266537	3.87597045432223	-0.176750063329967	0.859704715044084	1	ZSCAN31	Promoter
chr6	28482768	28483098	65.9971812088926	9.18098095567745	3.67250476735376	2.49992349561818	NA	NA	LOC124901294	Intron
chr6	28547849	28548417	6.08645549312969	6.31858531733819	4.25377640123806	1.48540607717396	0.137436286797709	NA	LOC124901295	Intergenic
chr6	29561429	29562079	93.0486592347537	-1.43385785450692	3.47709494116105	-0.412372362207671	NA	NA	OR2I1	Intron
chr6	31795288	31795935	34.2346634523164	3.34646370799002	2.80361227672182	1.19362571485917	NA	NA	EHMT2-AS1	UTR
chr6	32247344	32248071	77.3312224735446	-0.459000516519842	3.45141649029866	-0.132989025755082	NA	NA	TSBP1-AS1	Intergenic
chr6	34275201	34275476	75.869618372673	9.94518680080883	3.31717152938722	2.99809241478869	NA	NA	SMIM29	Intron
chr6	34733472	34734012	16.3177681336762	4.7420861611733	3.89798526879017	1.21654799445795	NA	NA	SNRPC	Intron
chr6	35361199	35361423	58.1879552994626	1.12217205681852	2.67040527725071	0.420225374170111	NA	NA	PPARD	Intron
chr6	35797314	35797771	31.9955747803739	-7.58153424811541	3.4461399233497	-2.2000076656046	0.0278063511631786	0.073499828805595	CLPS	Promoter
chr6	36322599	36324479	34.1593883037194	-5.24344850172898	3.40199372251516	-1.54128694213239	NA	NA	BNIP5	Exon
chr6	36424739	36425016	38.7188032466788	-0.76146719806609	3.32289596496002	-0.229157700420287	NA	NA	KCTD20	Intron
chr6	37056151	37056560	45.5196958334975	-1.15672991254327	2.87826188010179	-0.40188487383308	NA	NA	FGD2	Intron
chr6	37645574	37645773	63.5620474683047	-0.836892311574508	3.30987156495278	-0.252847367383105	NA	NA	MDGA1	Intron
chr6	38663295	38663835	10.6322597349098	18.5240934049978	4.25596362902207	4.35250275135793	NA	NA	LOC105375044	Intron
chr6	39167721	39168440	34.5896664203844	-4.44768871535364	3.46660580842374	-1.28300965300003	NA	NA	SAYSD1	Intergenic
chr6	39796221	39796731	39.9283194423339	9.98518834344571	4.01311454009786	2.48813938492825	NA	NA	DAAM2	Intron
chr6	39869677	39869914	54.9281998675506	-0.768455677845178	2.87091241179098	-0.267669495833134	NA	NA	DAAM2-AS1	Intron
chr6	40268117	40269110	1.50188496754293	-3.59883861258762	4.27728280687175	-0.841384302858309	0.400132676382276	NA	LOC105375050	Intergenic
chr6	40489876	40490454	23.5161733256752	0.276668139012664	4.0238779600676	0.0687565929579077	NA	NA	LOC105375051	Intron
chr6	40750147	40750922	18.7599308944017	-21.6813015811688	4.24898717822458	-5.10269875425424	NA	NA	LOC105375052	Intergenic
chr6	41072732	41073735	61.9255948205069	4.11719822326287	2.74547783798915	1.49962901404384	NA	NA	NFYA	Promoter
chr6	43132115	43132652	21.8225851928558	-4.64402515133142	4.13667619961557	-1.12264652277183	NA	NA	NA	NA
chr6	43138038	43139036	50.9711081588239	-6.37560514172908	2.95686213104841	-2.1562064307234	0.0310675496324257	0.0781557119123503	SRF	UTR
chr6	44222409	44223249	145.81734825801	9.96675053974843	3.70185351251841	2.69236762233953	NA	NA	SLC29A1	Promoter
chr6	45089333	45089790	29.8772451146546	-3.13932641898159	3.14013050374737	-0.999743932691709	NA	NA	MIR586	Intron
chr6	45729822	45730487	2.29866593805716	-3.86833491740428	4.27214789129836	-0.905477763371307	0.365212335065645	NA	RUNX2-AS1	Intergenic
chr6	46098920	46099424	64.1015750861386	-3.56605394909327	3.71022905265503	-0.961141185216425	NA	NA	CLIC5	Intron
chr6	47605436	47605865	92.5374598970317	9.38238507953949	3.18425450117735	2.94649346529005	0.00321399209969387	0.0365844398920166	ADGRF2P	Intron
chr6	48940825	48941303	107.902180896287	1.19228377203828	3.4858522402715	0.34203508635966	0.732324487794634	1	LOC107986602	Intergenic
chr6	49132330	49132705	16.0033951454157	2.26109433005036	4.30733372321945	0.524940595585043	NA	NA	MMUT	Intergenic
chr6	51384129	51385178	71.3294536396938	-1.63002134442204	3.20732686951432	-0.508218030383934	NA	NA	LOC124900230	Intergenic
chr6	52012302	52012537	94.7362222461404	10.4724773028075	3.50763103665667	2.98562682145423	NA	NA	PKHD1	Intron
chr6	52363027	52363480	50.3908095136753	-0.144776415631149	3.4701562202783	-0.0417204317157625	NA	NA	EFHC1	Promoter
chr6	54006036	54006424	26.6864805643219	-7.32358932348764	3.52058785304694	-2.08021774464436	0.0375055653846149	0.0888076368132926	MLIP	Intron
chr6	54339379	54340037	111.305994944456	-8.36065045012608	3.33590438727175	-2.50626201459083	NA	NA	TINAG-AS1	Intron
chr6	60483408	60483895	44.3517325011491	-15.1235138552432	4.29188368706671	-3.52374737013885	NA	NA	KHDRBS2	Intron
chr6	61855540	61856240	10.6261297989702	-6.17993158125403	4.25212102209883	-1.45337622074633	NA	NA	NA	NA
chr6	62196058	62196615	2.47168013579683	-2.60298952502984	4.1516353582488	-0.626979322704248	0.530672789228618	NA	NA	NA
chr6	62291848	62292242	6.82569489832934	7.4201679390447	4.25017847163137	1.74584855402474	0.0808372713846236	NA	NA	NA
chr6	63056098	63056535	19.1830356389356	0	4.40735632392273	0	1	1	FKBP1C	Intergenic
chr6	63742653	63743071	24.1444001157047	8.37686309940298	4.08879952281738	2.04873412175291	NA	NA	NA	NA
chr6	63833861	63834145	43.1083817606578	-6.19022443230558	4.10817217915851	-1.50680744680315	NA	NA	SCAT8	Intron
chr6	63897827	63898281	58.4800416761102	8.99874786907546	3.45964127150622	2.60106385687719	NA	NA	NA	NA
chr6	65673274	65673796	36.7624491608221	2.34743698274963	4.08419062171219	0.574761856185235	NA	NA	EYS	Intron
chr6	67036311	67036865	9.78167672401987	-6.58383205938521	4.24805256423967	-1.54984712637698	NA	NA	LOC124900229	Intergenic
chr6	68255934	68257168	26.1994698102218	-22.5594710024895	4.24802035139761	-5.31058449262546	NA	NA	LINC02549	Intron
chr6	70021973	70022420	5.15216869251784	-1.1232228435334	3.91601318840052	-0.286828156468027	0.774243902620242	NA	NA	NA
chr6	70078170	70078695	28.2672545177683	6.47941202682498	4.10342486324866	1.57902538556421	NA	NA	LMBRD1	Intron
chr6	71448927	71449478	38.211931423489	2.13604344503458	4.08373413742551	0.523061338753359	NA	NA	LOC105377853	Intron
chr6	71754696	71755202	74.211899685488	0.653451343318763	3.19985902426811	0.204212541353513	NA	NA	RIMS1	Intergenic
chr6	71838495	71838864	61.9645504970924	6.1343959190589	3.01281397863804	2.03610178476137	NA	NA	NA	NA
chr6	72353581	72353950	90.6661669149414	8.7139526255796	2.71361143827904	3.21120131742441	0.00132181298775476	0.0328342920264512	NA	NA
chr6	72427858	72428371	14.2345200640938	0	4.40735632392285	0	1	1	NA	NA
chr6	72494545	72494965	50.111237645648	-23.1968711747605	4.21209228964504	-5.5072086696171	NA	NA	KCNQ5	Intron
chr6	73363220	73363685	84.3291122827169	-1.62963335474511	2.9434039751061	-0.553656028369795	0.579814273724882	1	KHDC3L	Promoter
chr6	74168220	74168727	102.646634597868	-1.17166236326298	4.00271317812613	-0.292717042446566	NA	NA	NA	NA
chr6	74216379	74216760	27.9668412077542	-19.3046138061546	4.25781372789573	-4.53392633869289	NA	NA	LOC101928516	Intron
chr6	75433753	75434261	21.6430553201197	3.94256810549698	3.59438747709777	1.09686786152514	NA	NA	MIR4463	Intron
chr6	75464880	75465433	84.1356708374904	-7.66148640917247	2.9909965549658	-2.56151629344156	NA	NA	FILIP1	Exon
chr6	76305503	76305832	68.5553086849	-8.31804995145289	3.0630435963708	-2.71561591918195	NA	NA	IMPG1	Intergenic
chr6	77097810	77098043	24.9151075715628	-7.16244085178179	3.46263617072776	-2.06849362700339	NA	NA	NA	NA
chr6	77264950	77265930	74.2616352070118	7.56745947011949	3.86214833263366	1.95939120364109	NA	NA	LOC101928570	Intron
chr6	77339949	77340485	67.3862490770433	-7.20214971836533	3.46335695692469	-2.07952856374369	NA	NA	NA	NA
chr6	77556823	77557186	80.3431833535484	8.07959959994612	3.49898758464842	2.30912496957544	NA	NA	LOC105377864	Intergenic
chr6	77815394	77816036	35.2901555267373	18.0217655551544	4.26050861344327	4.22995637147403	NA	NA	MEI4	Intron
chr6	78418630	78419070	14.2774048537964	20.6704034069745	4.24906905455677	4.86468992185647	NA	NA	LOC105377865	Intron
chr6	79199079	79199540	22.8227254833806	6.09619839291354	4.25129351046183	1.43396318741853	NA	NA	HMGN3-AS1	Intron
chr6	79673190	79673983	105.624614389894	-8.1712159309098	2.80502805033887	-2.91306032747967	NA	NA	LOC124901349	UTR
chr6	81361649	81362470	1.65110566059197	-3.75039241224861	4.27427843082053	-0.877432875033519	0.380251563361429	NA	LOC105377871	Intergenic
chr6	82061057	82061532	32.4818434034977	-6.51876656224532	3.64585912649686	-1.78799189328769	NA	NA	LINC02542	Intron
chr6	82625021	82625648	29.6313582266007	-22.6274585304686	4.07026286083084	-5.55921307889433	NA	NA	LOC105377877	Intergenic
chr6	84668610	84669022	71.3343574388264	-8.83073069195923	3.68986295555021	-2.39324083261039	NA	NA	TBX18-AS1	Intergenic
chr6	86201847	86202323	17.4678724230282	0	4.40735632387941	0	NA	NA	LOC101928842	Intergenic
chr6	86210289	86210753	67.1638447234237	8.03833060366877	4.16752016636558	1.92880424875756	NA	NA	NA	NA
chr6	87092993	87093421	61.7704051459163	-9.0233428444732	3.54811680609172	-2.54313579219859	0.0109862523839853	0.0464092156781433	CGA	Promoter
chr6	87329111	87329366	105.692354390232	7.06036573738802	3.13041783671906	2.25540681968126	NA	NA	GJB7	Promoter
chr6	87913049	87914082	59.9853344106875	7.0461684528429	3.21145282426599	2.19407503034187	NA	NA	LOC107986541	Intron
chr6	89545636	89546441	8.15086375123178	0.0837632966271919	4.09030837200284	0.0204784796179504	NA	NA	MDN1-AS1	Intron
chr6	89856685	89857704	151.877286488271	7.53701494267365	2.93677884826493	2.56642237365833	NA	NA	MDN1	Exon
chr6	90753586	90753988	71.8249175214402	23.157599494706	4.10424795749604	5.64234903313061	NA	NA	NA	NA
chr6	90878711	90879099	54.4707168742648	6.8079481363171	4.2499256966267	1.60189815594206	NA	NA	NA	NA
chr6	90970423	90970822	64.5415158245065	0.288614856947568	3.25624181406019	0.0886343439548478	NA	NA	LOC107986623	Intron
chr6	92960123	92960798	24.6245305716854	-8.0437265650036	4.13591165300463	-1.9448497066324	NA	NA	LOC124901507	Intergenic
chr6	93061324	93061706	60.9961201762987	0.963551524693932	2.78196547237736	0.346356392364036	0.729074893096294	1	NA	NA
chr6	95851991	95852487	28.0388288386031	-1.49617581163926	4.08432799983945	-0.366321170018196	NA	NA	LOC107986626	Intergenic
chr6	95904092	95904399	47.3651318934342	-8.36391439190331	3.65221436881366	-2.29009404905774	NA	NA	NA	NA
chr6	96001377	96002153	22.7646095814246	20.534606417447	4.16671899848931	4.92824364323393	NA	NA	NA	NA
chr6	99486827	99487590	25.5920783416826	1.46766941260788	3.31552297785725	0.442666035617826	NA	NA	USP45	Intron
chr6	100618102	100618591	39.548046415311	7.85651305290515	4.11795686987024	1.90786676528565	NA	NA	SIM1	Intron
chr6	101087938	101088159	39.4438018051863	3.44451388436456	3.11672648242763	1.10517040997502	NA	NA	GRIK2	Intron
chr6	101402700	101403299	27.4156146903517	-7.10775056692299	3.32204294862551	-2.13957214787479	NA	NA	NA	NA
chr6	101711241	101711476	16.2577529274874	-3.88382952265743	3.36599181106822	-1.15384402002596	NA	NA	NA	NA
chr6	101879556	101880096	30.499894590141	21.5064412081993	4.11561275182072	5.22557453897599	NA	NA	LOC101927388	Exon
chr6	104924468	104924678	40.7592390794308	-8.75529677684865	3.23474522534162	-2.7066418425346	NA	NA	LIN28B	Intron
chr6	105036631	105037130	16.5246606970228	2.14705392964389	4.00819721875678	0.53566574009795	0.592189585411134	1	LIN28B-AS1	Intron
chr6	105354289	105354686	62.6420192237824	8.47918713590349	3.64516285452137	2.32614768511264	NA	NA	LOC105377921	Intron
chr6	106903343	106903570	101.741119119369	7.59791117907447	3.15088929941119	2.41135452790877	NA	NA	CD24	Intergenic
chr6	107050461	107051013	55.9893097908198	-3.94992256756634	4.04746470739813	-0.97590043474536	NA	NA	MTRES1	Intron
chr6	107645682	107646254	22.6104497224816	4.86779972138654	3.18498095404534	1.52836070030617	NA	NA	SOBP	Intron
chr6	108086473	108086818	60.4891442580543	-7.44857258905813	3.63870543858446	-2.04703917774553	NA	NA	NA	NA
chr6	108118362	108118724	28.5238009132909	-4.31957861108393	3.33633789339077	-1.29470657622567	NA	NA	OSTM1-AS1	Intron
chr6	108509619	108510095	46.2442963334286	1.23842326166744	3.91655565215473	0.316202135666351	NA	NA	LOC124901370	Intron
chr6	109031091	109031546	54.8583585917783	7.71887717545821	3.88867058436067	1.98496555776716	NA	NA	SESN1	Intron
chr6	109435572	109435823	54.4542582107988	1.06736757728589	2.60294635520227	0.41006130424188	NA	NA	SMPD2	Intron
chr6	110138712	110139130	74.6060903200086	0.282635287483616	3.63667530600116	0.0777180429105719	NA	NA	WASF1	Intron
chr6	112169549	112169960	24.4928551254452	3.25224837697636	4.08927502934896	0.795311724849707	NA	NA	LOC107986633	Intron
chr6	112234970	112235546	20.0357167849356	1.36453673405681	3.98285354822329	0.342602789064519	NA	NA	LAMA4-AS1	Promoter
chr6	112315609	112315915	41.9394946326984	0.0347916158050876	3.71692572293233	0.00936032043643853	NA	NA	LOC107986632	Intron
chr6	112724033	112724491	28.9605798553187	1.23846437937339	4.18358012785718	0.296029797810453	0.767207325343714	1	LOC105377949	Intron
chr6	112876139	112876638	52.5124101090368	-1.05306053491689	2.68556284204347	-0.392119118730286	NA	NA	LOC105377950	Intergenic
chr6	114205537	114206257	73.4744945437014	0.301652753740685	3.62119887431225	0.0833019019972982	NA	NA	LOC107986638	Intron
chr6	114239366	114240037	28.025073166272	9.47442844755989	4.2477927961766	2.23043564085511	0.0257185356658273	0.0703199846383976	NA	NA
chr6	114739866	114740216	85.9149920414663	22.6124920714499	4.24759098511336	5.32360393237024	NA	NA	NA	NA
chr6	114792968	114793680	19.7426907257796	0.429162709861636	4.0845562153017	0.105069605420998	NA	NA	LOC107986639	Intron
chr6	114913585	114913817	66.5403828898424	-8.83998156916286	3.72244898619337	-2.37477574627631	NA	NA	NA	NA
chr6	115656413	115656806	104.097646848616	-16.6498966693759	3.76400930547548	-4.42344726543461	NA	NA	LINC02534	Intergenic
chr6	115728091	115728640	85.9388125950359	2.56166961175871	3.23370725743951	0.792177339450039	NA	NA	NA	NA
chr6	115761044	115761568	5.20245712745305	-5.1263472895347	4.25756489154009	-1.20405617298304	0.228567867899217	NA	NA	NA
chr6	116805814	116806211	64.5349466937921	-8.71153219576734	3.88091629613227	-2.24471014859281	NA	NA	GPRC6A	Intron
chr6	119391644	119392022	42.3623044428599	-22.6921817960962	4.24796928702962	-5.341889327068	NA	NA	LOC105377975	Exon
chr6	120295258	120295549	88.9567963112998	-0.416765433430567	3.19646556838611	-0.130383207487823	NA	NA	NA	NA
chr6	120443131	120443449	12.2078905166361	1.63772112217425	4.08903238575347	0.400515566440658	NA	NA	MIR3144	Intergenic
chr6	120670424	120670697	42.3355655440899	-1.3100563465691	3.37983929833774	-0.38760906390236	NA	NA	NA	NA
chr6	123136516	123136751	91.4956701139908	9.2790246832953	3.41400349075502	2.71793063727747	NA	NA	CLVS2	Intergenic
chr6	123255745	123256094	3.39322799408512	6.4282060408637	4.25328382660468	1.51135130006013	0.130698970127557	NA	TRDN-AS1	Exon
chr6	123587168	123587716	41.4006526647055	4.45174010349572	3.09874684632396	1.4366259408305	NA	NA	LOC105377981	Promoter
chr6	124074383	124074957	45.1513170560134	1.75864684088768	3.20193940495622	0.549244260577045	0.582837833652775	1	NKAIN2	Intron
chr6	124171595	124172053	133.065231782076	-9.03369468050877	3.95220192641249	-2.28573712798852	NA	NA	NA	NA
chr6	125924718	125925561	10.1957344869691	-5.70051322532816	4.25411676736344	-1.33999923769397	NA	NA	HINT3	Intron
chr6	126188484	126188871	60.4967969432455	-7.23682941714242	4.24846346571324	-1.70339923493434	NA	NA	CENPW	Intron
chr6	127373349	127373689	85.9906807743309	-22.4474317632349	4.24800518454946	-5.28422889992674	NA	NA	ECHDC1	Intron
chr6	127930298	127930663	32.0437206374628	9.66454569627168	3.99747478945352	2.41766270090546	0.0156205489421737	0.0553763774263726	LOC105377995	Intergenic
chr6	128400157	128400481	51.0196057641177	-0.0535412315242931	3.46458903655418	-0.0154538477606984	NA	NA	LOC105377998	Intron
chr6	129951955	129952644	23.9229125004397	1.23847319728899	3.95161731140609	0.313409194183408	0.753969799895913	1	L3MBTL3	Intergenic
chr6	131752791	131753181	28.3140329790631	-23.0466047671453	4.03838256677177	-5.70688992092406	NA	NA	MIR548H5	Intergenic
chr6	132558567	132559196	28.438951814823	14.554227339301	4.30068912199185	3.38416168350255	NA	NA	TAAR8	Exon
chr6	132668642	132669102	38.2911581865957	0.576747303925788	3.71656295118219	0.155182977256536	NA	NA	TAAR1	Intergenic
chr6	132674133	132674493	61.3339995837646	-7.38046490207623	3.90143863787302	-1.89172907409865	NA	NA	NA	NA
chr6	132781628	132782054	28.36353483052	0	4.40735632388022	0	NA	NA	VNN2	Intron
chr6	133636153	133637186	13.6429630842548	-21.7100424793927	4.24895362279206	-5.10950328168719	NA	NA	LINC01312	Intron
chr6	134186662	134188049	90.1864074228562	-7.9420106014785	2.99321456379349	-2.65333821956723	NA	NA	HMGA1P7	Intron
chr6	135258759	135259274	42.7046806550928	0.276718235323363	3.8742903567462	0.0714242376907864	0.943060119980312	1	MIR548A2	Intron
chr6	135364018	135364624	67.8229290887256	-2.19320402648656	3.10285104309994	-0.706835099726672	NA	NA	LOC124901407	Intron
chr6	136248660	136249314	13.4867618626019	0	4.20953426160519	0	NA	NA	MTFR2	Promoter
chr6	137411268	137411530	107.294317358881	10.447735414118	3.53447914640839	2.95594767470466	NA	NA	LOC102723633	Intergenic
chr6	137618034	137618380	106.548353139644	1.4771717287883	2.82197383623197	0.523453375018065	NA	NA	LINC03004	Intergenic
chr6	138241836	138242363	25.1929074283627	5.05865211497022	3.86216670331544	1.30979641832334	NA	NA	PBOV1	Intron
chr6	138255947	138256541	58.0132635543438	1.3089903735355	3.78266122062824	0.346050121115023	NA	NA	NA	NA
chr6	138481802	138483089	44.6853073075269	1.23847722991413	3.89233189643742	0.318183870971456	0.750345466609252	1	MIR3145	Intron
chr6	139163429	139164460	4.40000359289616	0	4.40735632392379	0	1	NA	HECA	Intron
chr6	139697684	139698521	46.5506088378943	8.96346605233438	3.84831116498354	2.32919472154293	NA	NA	FILNC1	Intron
chr6	139855980	139856557	62.4116170860288	-9.25685257084507	3.83617545409398	-2.41304202104889	NA	NA	LINC02941	Exon
chr6	140416664	140417319	20.7035035107617	20.0455460803183	4.25023037230304	4.7163434271579	NA	NA	MIR3668	Intron
chr6	140595081	140596199	61.0288523499134	-1.3554496314841	3.58360323951149	-0.378236523658483	NA	NA	LOC105378026	Intron
chr6	140962561	140962948	23.2792713810329	-0.971912211362017	3.75951633837938	-0.258520544634999	NA	NA	LOC102723724	Intron
chr6	142701388	142701827	69.3764719103663	8.62683936025051	3.67407679880394	2.34802913293998	NA	NA	LOC153910	Intergenic
chr6	143109829	143110091	47.3483199314981	1.26811096041332	2.89321972546946	0.438304408493396	NA	NA	LINC01277	Intron
chr6	144403129	144403480	34.4052228652265	21.6036673211161	4.06251424271931	5.31780715842003	NA	NA	UTRN	Exon
chr6	144895656	144896030	64.7341372615996	7.61522019802947	3.89654523121181	1.9543518029845	NA	NA	NA	NA
chr6	146329193	146329655	28.2375737879784	7.64552305937325	4.17041747529657	1.83327523075602	NA	NA	NA	NA
chr6	146361639	146362232	2.98850870212522	3.4701081544584	4.29534414213051	0.807876630983337	0.419161605335146	NA	RAB32	Intron
chr6	146367305	146367790	41.0386206658564	-8.07568918911658	3.64934450518074	-2.21291499820092	NA	NA	NA	NA
chr6	147094826	147095346	61.5992438960659	4.09042110996338	3.57362415250748	1.14461424464386	NA	NA	NA	NA
chr6	147102194	147102918	27.2517158468322	8.41958503537072	4.24788607867798	1.98206469745795	NA	NA	LUADT1	Intron
chr6	147542974	147543503	35.8663674178434	-6.82952505511056	3.258770908534	-2.0957364745173	NA	NA	SAMD5	Intron
chr6	147773143	147773417	42.0405748928154	-0.182505548658384	2.76500994791484	-0.0660053859104617	NA	NA	LOC105378044	Intron
chr6	148585608	148585999	4.45052847945897	-6.48147070063096	4.24425349660158	-1.52711677231832	0.126731976980189	NA	UST	Intergenic
chr6	149475272	149475882	10.398996362405	-3.80769874776729	4.20312037155742	-0.905921889254956	NA	NA	ZC3H12D	Intron
chr6	149581350	149581836	34.3391930431717	0.32963312102266	3.98914241526124	0.0826325778096024	NA	NA	RPS18P9	Intron
chr6	149682705	149683051	8.16397445956931	-6.06895505101511	4.25252593463827	-1.42714122013493	NA	NA	KATNA1	UTR
chr6	149780371	149780717	37.9801839874331	-7.3113828468611	3.83959689081648	-1.90420584628257	NA	NA	NUP43	Intron
chr6	149837951	149838338	47.3070888425242	-1.8816446268231	3.71306291019976	-0.5067634651851	NA	NA	LRP11-AS1	Intron
chr6	150169438	150170047	46.1557178668047	21.709751484285	3.65514654262407	5.93950235130638	NA	NA	LOC124901527	Intron
chr6	150204802	150205580	10.0239628971456	-2.14685071545924	4.29223971847099	-0.500170273859729	NA	NA	NA	NA
chr6	151187368	151187861	50.8418208079414	8.01769918452025	3.8972115560273	2.05729123740289	NA	NA	LOC102723831	Intron
chr6	151363741	151363955	85.7066989265814	-17.8233741211405	3.30102083323464	-5.39935220695822	NA	NA	ZBTB2	Intergenic
chr6	152378263	152378872	28.411172557521	-9.04889119704527	3.78895806241247	-2.38822680219473	NA	NA	SYNE1-AS1	Promoter
chr6	152529357	152529836	67.0093997421964	21.6863206498613	3.39289135259245	6.39169321861462	NA	NA	SYNE1	Intron
chr6	153289375	153290058	35.5520544084619	-9.53425788494931	3.79325180778329	-2.51347876916217	NA	NA	LOC105378066	Intron
chr6	153916902	153917576	12.4353661533036	5.98971936126716	4.25161538222521	1.40881025746319	NA	NA	NA	NA
chr6	154047668	154047983	66.4222758690283	8.64765748332215	3.4132087681444	2.53358586325895	NA	NA	NA	NA
chr6	154156755	154157082	48.2097095701333	-8.00997067047734	4.14809527220774	-1.93099968656559	NA	NA	OPRM1	UTR
chr6	155605144	155605437	37.9562460902333	5.91202413379565	3.85327679064976	1.53428483210487	NA	NA	LOC105378068	Intergenic
chr6	155768436	155769083	10.7158378140308	20.2454210276436	4.24975017858208	4.76390850682861	NA	NA	LOC105378069	Intergenic
chr6	156566873	156567212	39.3843283246153	7.98183220971576	4.19793582196248	1.90137070889863	NA	NA	LOC105378073	Intergenic
chr6	156621909	156622331	95.8353931792803	6.04075483422496	2.94830960126317	2.04888754954258	NA	NA	NA	NA
chr6	156670389	156670677	29.3870063646016	-23.2145567889601	4.24767690159788	-5.46523601647463	NA	NA	ARID1B	Intron
chr6	156863028	156863438	64.7754477259342	7.3676595624631	3.64478848121769	2.02142308132011	NA	NA	LOC124901444	Intron
chr6	157252754	157253271	26.0728308086746	1.23844401070408	3.72678301877022	0.332309126790201	NA	NA	LOC105378075	Exon
chr6	157490762	157491473	13.8419108128028	0	3.90870391272877	0	NA	NA	MIR3692	Intron
chr6	157518077	157518583	29.3207861275017	8.53280591811515	3.41252814005709	2.50043532768419	NA	NA	NA	NA
chr6	157657184	157658812	52.620598979303	5.31533048905959	3.52324996915007	1.50864415968244	NA	NA	SNX9	Intron
chr6	159440121	159440716	60.5091149067514	-7.11075358839706	2.77972547706207	-2.558077640067	0.0105252590013385	0.045735730935025	LOC105378084	Intron
chr6	159597008	159597736	50.2806290528135	7.07403863714152	4.24919552400386	1.66479480578854	NA	NA	LOC105378085	Intron
chr6	160093858	160095148	48.7375754287774	-0.685119177984111	3.78553485078963	-0.18098345543991	NA	NA	CHP1P2	Promoter
chr6	160193227	160193783	48.282237132	9.22413331183598	3.80365567904932	2.42507053481283	NA	NA	SLC22A1	Intron
chr6	160247303	160247989	7.79560327446241	-4.02064640093944	4.26964061153798	-0.941682630166652	NA	NA	LOC105378088	Intron
chr6	160493510	160493701	34.3806527699465	22.1715029759464	3.72161201029772	5.95749984538897	NA	NA	NA	NA
chr6	160546985	160547252	47.4919135825136	0.303057151759911	3.90913666210432	0.0775253407479422	NA	NA	LPAL2	Intron
chr6	160902672	160903109	98.4753775946684	5.46264720692442	3.35443744406644	1.62848385102161	NA	NA	LOC102724087	Intron
chr6	161088858	161089492	17.0120686506451	-22.0526522028187	4.24853153541327	-5.19065282180459	NA	NA	MAP3K4-AS1	UTR
chr6	162480504	162481116	8.17040086078983	0	4.40735632392316	0	1	1	NA	NA
chr6	162493941	162494298	68.3096484927161	0.431395042143982	3.75845103354788	0.114780008650733	NA	NA	LOC105369171	Intron
chr6	162874557	162876953	63.3468665838368	-1.28216109558171	3.73193419860366	-0.343564764904333	NA	NA	PRKN	Intron
chr6	163925858	163926193	37.6443950306027	-6.77669612503623	3.13752762574311	-2.15988412960386	0.0307816406479354	0.0781557119123503	LOC105378102	Intron
chr6	164561462	164562215	26.8221327028	0.276724719034144	3.6668893261994	0.0754657952333017	0.939844111355316	1	LOC107986667	Intron
chr6	165987655	165988591	5.20792889172371	-2.40195164921239	4.11157812442049	-0.58419214630658	NA	NA	PDE10A	Promoter
chr6	166572640	166573153	33.0391860831663	-7.60024789191281	3.95623977489054	-1.92107868187112	NA	NA	RAMACL	Intron
chr6	166665038	166665296	75.8348102616913	0.646556868969912	3.15179644112801	0.205139158269534	NA	NA	LOC107986671	Intron
chr6	166697419	166698113	31.3840230725032	-19.438989852595	4.25712438986424	-4.56622547813665	NA	NA	NA	NA
chr6	167033245	167033709	3.96643321235362	-5.13570205181563	4.25241883426817	-1.20771312798013	NA	NA	CCR6	Intron
chr6	167720545	167721057	131.389254525023	2.51098648286671	3.09960213906195	0.810099609631391	NA	NA	LINC02487	Intergenic
chr6	168147779	168148244	19.1930599752357	1.20820858478626	3.44466502350923	0.350747772726942	0.725777582137018	1	FRMD1	Intergenic
chr6	168939228	168940656	39.4474320951608	6.62124086230534	3.02882319217095	2.18607704781852	NA	NA	LOC105378145	Exon
chr6	169728231	169728436	57.1781062501621	-1.3909090428063	2.69673424439098	-0.515775347793094	NA	NA	PHF10	Promoter
chr6	169929852	169930651	13.5961376992686	-8.03149711543542	4.06167058733604	-1.97738761495749	NA	NA	LOC107986674	Intergenic
chr7	173869	174147	38.7245454510617	1.57658319832621	4.08307755644815	0.386126194403632	NA	NA	LOC124901806	Intergenic
chr7	222267	222679	109.586948669094	-9.6720142459669	3.42191036777045	-2.8264954970953	NA	NA	LOC124901808	Intron
chr7	251327	252016	38.7599367522732	7.04528650862394	3.56035469117147	1.97881591013782	NA	NA	FOXL3	Intron
chr7	763038	763962	19.2208917325686	0	4.40735632392273	0	1	1	PRKAR1B	Exon
chr7	1263525	1264190	48.524053728258	8.42395630185291	3.0349768793575	2.77562453906938	NA	NA	NA	NA
chr7	1274513	1274750	37.4517221510478	-0.572707068975363	3.3534827257273	-0.170779788004173	NA	NA	NA	NA
chr7	1283743	1284318	29.751462291466	-3.26771688415598	4.02764210518961	-0.811322555185709	NA	NA	UNCX	Intergenic
chr7	1296010	1296709	2.70375952138492	-3.01805256560074	4.29218355003864	-0.703150862589176	0.481961737653967	NA	NA	NA
chr7	1544006	1544651	66.2586635540662	-19.943559548347	4.05166577697745	-4.92231112982495	NA	NA	LOC100128653	UTR
chr7	2045602	2046246	28.8182042346954	7.99467685999621	4.07486697005619	1.96194794056945	NA	NA	LOC124901573	Intron
chr7	2161928	2162265	71.2880031509073	-9.57408232650836	2.67281772957829	-3.58201841470833	0.000340949752829475	0.0237091212736804	MRM2	Intron
chr7	2398183	2398811	15.8441517859958	-8.37461816982737	4.24816108525382	-1.97135136868921	0.0486836994890443	0.106200060998351	CHST12	Intergenic
chr7	2826060	2826592	19.9585106669915	-1.06409026658145	3.08023851910048	-0.345457100150868	NA	NA	GNA12	Intron
chr7	2913762	2914127	46.5474347582213	0.262611517181617	2.89684223328944	0.0906544078112996	NA	NA	CARD11-AS1	Intron
chr7	2935040	2935532	56.9025531792041	8.63942650150896	2.78749719016042	3.0993489543255	0.00193946441835073	0.0328342920264512	NA	NA
chr7	3183894	3184228	42.119381477112	1.25610033908913	2.96776866431284	0.423247389256997	NA	NA	LOC100129603	Intron
chr7	3350786	3351538	5.68785684755836	-0.685088907606148	4.40735632388877	-0.155442142014438	NA	NA	SDK1-AS1	Intron
chr7	3742420	3742671	92.489365610157	-0.452026745282804	2.71325253709438	-0.166599584485003	NA	NA	NA	NA
chr7	3942114	3942409	135.016235020863	-1.2068531960864	2.71969384573734	-0.443745974561782	0.65722625221727	1	LOC105375131	Intron
chr7	3984255	3984728	101.103538552432	7.53979776183979	3.18717615816564	2.36566709452899	NA	NA	NA	NA
chr7	4650693	4651115	40.1810302692129	6.50591923257595	2.48964645337392	2.61319000686192	0.00897014171902973	0.0441118306492639	FOXK1	Intron
chr7	4841200	4841641	48.8155752958372	0.794549731801959	3.70248132771529	0.214599254249921	NA	NA	PAPOLB	Intron
chr7	5470186	5470773	17.5701700199712	0.112282930941332	4.32899051584292	0.0259374398096755	NA	NA	MIR589	Intron
chr7	5674789	5675377	1.81208398693392	0	4.40735632389635	0	1	NA	RNF216-IT1	Intron
chr7	6272731	6273236	58.4025901398202	6.38286195733652	2.667394827546	2.39291982252539	NA	NA	CYTH3	Promoter
chr7	6491685	6492077	23.9519320961406	-0.239560959283848	3.43001180927215	-0.0698426048086067	NA	NA	DAGLB	Intergenic
chr7	6508740	6509452	88.5948891677009	8.63356124966711	3.70130761154934	2.3325705820093	NA	NA	NA	NA
chr7	6640773	6641059	70.7456274916001	-6.88467392927356	2.91600238215172	-2.36099736111785	NA	NA	NA	NA
chr7	6647481	6648278	27.9528183765036	-7.65898549590114	3.42553710296036	-2.23584952248283	0.0253616297424182	0.0698991258754452	ZNF316	Intron
chr7	6686898	6687402	12.644062935666	0.591715062525408	4.08696016020157	0.144781216192776	NA	NA	ZNF12	Intron
chr7	6847288	6847677	83.6588466455136	6.9441912452159	2.9180837040446	2.37970940846931	0.0173262953358245	0.0586628126726043	CCZ1B	Intron
chr7	7078674	7079517	48.9843785966372	3.51056532988064	3.32498728997086	1.0558131576832	NA	NA	LOC100131257	Promoter
chr7	7359522	7360088	20.5353229199882	3.13208331008046	4.09035153557696	0.765724726307335	NA	NA	LOC107986764	Intron
chr7	7528530	7528825	20.0846245958222	-6.84533024351974	4.25024942290988	-1.61057141884938	NA	NA	COL28A1	Intron
chr7	8236680	8237496	94.7990010761306	-8.50464245902419	3.0674738811666	-2.77252318633917	NA	NA	ICA1-AS1	UTR
chr7	8449080	8449362	31.6931577756202	0.160032356027079	3.96675811281586	0.0403433613736225	NA	NA	NXPH1	Intron
chr7	8662699	8663160	30.852649331719	19.1017903784866	4.25322682984447	4.49112900455984	NA	NA	NA	NA
chr7	8867920	8868474	108.294713187459	-0.0422914694684161	2.72703388131155	-0.0155082303004157	NA	NA	NA	NA
chr7	9471023	9471625	27.1599254155376	21.5446049709332	4.24817041169004	5.07150205454262	NA	NA	LOC105375148	Intergenic
chr7	9572648	9573002	101.965294943867	7.70478044177911	2.89253302241474	2.66367933644091	NA	NA	NA	NA
chr7	10380667	10380915	41.2750790250545	1.80849905836542	3.31264073370004	0.545938785322315	NA	NA	LOC105375150	Intergenic
chr7	10917995	10918193	59.369874231822	1.83937465834472	2.92988204397896	0.627798194853858	NA	NA	COXFA4	Intergenic
chr7	11252198	11252530	51.3813347110983	-0.685076235482437	4.15416167846116	-0.164913233645786	0.86901227607741	1	NA	NA
chr7	11328323	11329549	121.590121633216	-1.61183519272384	3.7039617898752	-0.435165178304431	0.663442536109125	1	PHF14	Intron
chr7	11819956	11820150	50.9942676881508	-9.12202010038484	3.9754012783578	-2.29461618127593	NA	NA	THSD7A	Intron
chr7	12032409	12032871	25.7861399856457	-6.66536318965743	3.04379135754905	-2.1898226279953	NA	NA	LOC124901589	Intron
chr7	12398442	12398947	13.4546133577722	17.2901101496643	4.27036451903001	4.04886048313077	NA	NA	VWDE	Intron
chr7	13944613	13945243	7.44664784351031	-7.28581089260924	4.24940881456551	-1.71454694300911	0.0864283234270093	0.171340360478106	ETV1	Intron
chr7	15442142	15442972	17.960978221578	-4.47338147493063	4.10616441169828	-1.08943067700508	NA	NA	AGMO	Intron
chr7	16139458	16139889	39.4427491791643	17.5936400083961	3.75267248842855	4.68829615764406	NA	NA	CRPPA-AS1	Intron
chr7	16574297	16574618	44.2659984483994	-1.15299569982684	2.86677678172895	-0.402192353159591	NA	NA	LOC105375169	Intron
chr7	17046971	17047285	55.4971392891202	-23.9681029504965	3.86308927351593	-6.20438753896109	NA	NA	LOC105375170	Intron
chr7	17528453	17528894	41.7694758224392	-23.1834591158059	4.24769678435267	-5.45788936752909	NA	NA	NA	NA
chr7	17533146	17533797	48.9393822987716	-4.68075311222406	3.86494265074965	-1.21107957742043	NA	NA	LOC105375172	Intron
chr7	18063217	18063713	67.1762221871671	-7.21858415918759	3.22630036707279	-2.23741850971458	NA	NA	HDAC9	Intergenic
chr7	18803362	18804249	44.7478427346628	3.95748691198976	3.53141790838511	1.12065097211887	NA	NA	NA	NA
chr7	18814508	18814768	20.4009762669932	-6.95636431775133	4.25001277680329	-1.63678668349408	NA	NA	NA	NA
chr7	18827851	18828299	3.0719564150629	-5.55474175689589	4.25486701547638	-1.30550302434634	0.191721617995344	NA	NA	NA
chr7	18864972	18865682	76.47770426868	4.95340016247564	3.41700499740145	1.44963210947674	NA	NA	HDAC9-AS1	Intron
chr7	19759763	19760223	47.8981216119033	1.23845985676339	3.65904546633025	0.338465282314592	NA	NA	TMEM196	Intron
chr7	19873690	19874366	62.6390703497734	-5.79665055474843	3.61147195181532	-1.6050659210671	NA	NA	LOC105379720	Intergenic
chr7	20880079	20880774	24.3253870811471	9.26588855221334	4.05149731353447	2.2870281861621	0.022194177958484	0.0653535403077185	LINC01162	Intron
chr7	21370301	21370843	68.6182746448424	-6.0831455326424	2.85143679651098	-2.13336151798481	NA	NA	SP4	Intergenic
chr7	21454310	21454706	46.8348282005072	-1.1622484811552	3.43104999232576	-0.338744257225866	NA	NA	MIR1183	Intron
chr7	21684213	21684558	72.7255119623704	8.22060365031441	3.57980277081964	2.2963845151816	NA	NA	DNAH11	Intron
chr7	21823810	21824408	48.6834152619188	-7.50713915775073	3.00066000855779	-2.50182930966541	NA	NA	NA	NA
chr7	21841387	21841592	111.93863328568	9.61910726967854	2.95470046657692	3.25552704190772	NA	NA	CDCA7L	Intron
chr7	21896226	21896788	11.9001457152715	16.8136181594212	4.27728998383569	3.93090443317183	NA	NA	NA	NA
chr7	21903370	21903752	85.156253478477	7.41874402870783	2.78144143474819	2.667229996658	NA	NA	NA	NA
chr7	23129849	23130092	40.2630588022428	7.98123193659784	3.17328392662031	2.51513325663809	NA	NA	KLHL7	Intron
chr7	23469888	23470379	48.1051222192809	-4.04205597489467	2.95043757235037	-1.36998525668676	NA	NA	IGF2BP3	Promoter
chr7	24414705	24415195	35.1247919018205	-16.5206606534272	3.59765462876502	-4.59206409679694	NA	NA	LOC107986777	Intron
chr7	24702223	24702737	68.5622300111421	21.8930890329292	3.87595771133103	5.64843341012897	NA	NA	GSDME	UTR
chr7	24716953	24717507	31.0649195070018	6.48022197708981	3.39243496704293	1.91019784905071	NA	NA	NA	NA
chr7	24951560	24951980	51.4757582949838	5.6129148321039	3.90241612104779	1.43831786718758	NA	NA	NA	NA
chr7	24990348	24991110	20.4490557492718	2.23180084753153	4.0868313237997	0.546095659621336	NA	NA	OSBPL3	Intergenic
chr7	25332396	25333614	61.2139534375404	-17.0375501590039	3.35118304989442	-5.08404044343108	NA	NA	LOC105375194	Promoter
chr7	25384417	25385093	14.7669921175299	-3.36680480188182	4.09867052371054	-0.821438264531164	NA	NA	LOC124901604	Exon
chr7	25613737	25614602	26.958816278999	20.9747421649137	4.24829362126648	4.93721574702757	NA	NA	LOC105375196	Intron
chr7	25898395	25898932	24.8668950505906	-1.57016418326831	3.90617113880898	-0.401970146076873	NA	NA	LOC100506236	Intergenic
chr7	25920688	25921207	31.7612898367716	-6.67998265935488	3.85614237277798	-1.73229668762012	NA	NA	MIR148A	Intergenic
chr7	27404178	27404542	30.9990367858858	-23.1544260176876	3.83887184138187	-6.03157046507515	NA	NA	LOC105375206	Exon
chr7	27778266	27778804	29.2949504724751	-6.78223126123572	3.71553178744862	-1.82537296118598	NA	NA	TAX1BP1-AS1	Intron
chr7	28380360	28380677	119.670382574471	-0.62094670172365	3.33933375719514	-0.185949278171348	NA	NA	CREB5	Intron
chr7	29223863	29224291	15.1624393889682	-1.25841864821443	3.96477778870123	-0.317399540473781	NA	NA	CHN2-AS1	Intron
chr7	29335396	29335933	29.4332276703848	21.5318130396121	4.1158049945588	5.23149494888064	NA	NA	NA	NA
chr7	29571099	29571584	57.6155748947144	-7.15758138254374	3.28385218767771	-2.17962958546117	NA	NA	PRR15	Intron
chr7	30073726	30073965	102.821797093093	0.905955801561776	2.83256888676427	0.319835399518448	NA	NA	PLEKHA8	Intron
chr7	30204320	30205343	92.5377543284902	-16.0593344017897	4.02446576394025	-3.99042639290996	NA	NA	LOC105375217	Intergenic
chr7	30251590	30251976	118.510880683005	-1.46006816936238	3.7150776821114	-0.393011477631492	NA	NA	ZNRF2	Intron
chr7	30372699	30373163	26.2464937693652	1.40307717193079	4.08413284148024	0.343543470888244	NA	NA	DKFZP586I1420	Promoter
chr7	30556740	30557396	42.9903370798595	14.604166882531	4.17460740527173	3.49833300829408	NA	NA	GGCT	Exon
chr7	30656686	30657359	63.0177556125463	-7.1055702870636	3.66502773695356	-1.93874938937567	NA	NA	LOC124901609	Intron
chr7	30742542	30743045	2.86421821966465	-3.69805238406998	4.27528078015419	-0.864984681529294	0.387047196605981	NA	INMT-MINDY4	Exon
chr7	31247104	31248363	46.9132883944515	7.23143426172321	4.13956666044378	1.74690610271462	NA	NA	NEUROD6	Intergenic
chr7	31513155	31514161	18.2072218853828	0	4.40735632392275	0	1	1	ITPRID1	Promoter
chr7	31775699	31776907	29.7553107870485	5.73144721564776	4.09149668517389	1.40081922500792	NA	NA	PPP1R17	Exon
chr7	31968429	31968917	6.46172920783754	5.54092189273339	4.25858481716617	1.30111812506309	NA	NA	NA	NA
chr7	32190309	32190744	50.5002283448949	15.1224568110234	3.73510066977014	4.04874142574423	NA	NA	PDE1C	Intron
chr7	32907693	32908374	104.8643661361	-4.3019063141681	3.65974371307963	-1.17546654941804	NA	NA	KBTBD2	Intergenic
chr7	33383430	33383708	37.0623850972525	21.760531612263	4.24785437587538	5.12271130004985	NA	NA	LOC124901611	UTR
chr7	33609911	33610460	45.1233530464558	-6.64608725130831	3.65821350875809	-1.81675761554021	NA	NA	NA	NA
chr7	33697691	33698095	43.7453077231079	7.02046573568198	3.65791451225979	1.91925363814609	NA	NA	NA	NA
chr7	33711871	33712248	48.2645610686212	22.4110946684428	4.07253299541597	5.50298664091085	NA	NA	FLJ20712	Intron
chr7	33813994	33814426	30.2078823658222	0	4.4073563238787	0	NA	NA	LOC124901612	Intron
chr7	34703656	34704147	24.3464924092735	1.23847564202361	3.90879280038959	0.316843512887193	0.751362345386034	1	NPSR1	Exon
chr7	35092894	35093244	54.3287646599206	0.613079275606513	3.70235423851981	0.165591738691006	NA	NA	DPY19L1	Exon
chr7	35233076	35233466	53.3478425528879	-2.67547907408062	3.02976541169517	-0.883064762622553	NA	NA	TBX20	Intron
chr7	35462007	35462589	80.2562146361822	1.17008200458406	3.06774770050399	0.38141402710263	NA	NA	NA	NA
chr7	35485559	35486257	132.869430729395	-0.269067670842252	3.5238335814631	-0.0763565204264085	NA	NA	LOC105375230	Intergenic
chr7	36052672	36053297	27.4918455583041	-6.72454740143139	3.41182738413393	-1.9709518226809	0.0487293866941669	0.106200060998351	LOC124901617	Intron
chr7	36317851	36318134	54.9435013101721	1.25263874020612	2.90711586090255	0.43088710603272	NA	NA	ANLN	Intergenic
chr7	36658988	36659650	23.5988293564986	-22.1156689018336	4.24844081206119	-5.20559656593258	NA	NA	AOAH-IT1	Exon
chr7	36709372	36709778	5.08226302048952	-2.93720089038895	4.29476978047649	-0.683901824899001	NA	NA	AOAH	Intron
chr7	36953497	36953879	88.6858487259664	6.81772904288619	2.75193649041522	2.477429645136	NA	NA	MIR1200	Intron
chr7	37772371	37772784	36.8437388260865	-1.98503033138252	3.72966229655332	-0.53222789988706	NA	NA	NME8	Intron
chr7	37960281	37961004	39.7226329750918	-16.046457231728	3.77322912631997	-4.25271211859273	NA	NA	SFRP4	Intron
chr7	38084728	38085027	28.2576216207058	-8.13981836378371	3.42415002719849	-2.37717924130894	NA	NA	NA	NA
chr7	38184843	38185400	5.96051508755278	-5.46994769417192	4.25533952848084	-1.28543155195061	0.19864152137873	NA	STARD3NL	Intron
chr7	38198946	38199570	59.3824831399184	-5.68586752804928	3.16077837473062	-1.79888206446422	NA	NA	NA	NA
chr7	38475590	38476496	118.248939701879	-1.61572722047462	4.0039218361142	-0.403536154452677	NA	NA	TRG-AS1	Intron
chr7	38538486	38539129	115.939494976724	-7.09990747643141	3.02112385773319	-2.35008818266676	0.0187689639107232	0.0603812931505117	NA	NA
chr7	38547183	38547692	19.2811275715175	8.61645020371317	3.73225927785103	2.30864191425478	NA	NA	AMPH	Intron
chr7	38816769	38817331	21.4124892136388	-8.79768430052455	3.75388048707386	-2.3436239727979	0.0190974143109541	0.0604879090633076	NA	NA
chr7	38890443	38890966	14.1003042285046	-1.29813572217773	4.08767128748051	-0.31757341304659	NA	NA	VPS41	Intron
chr7	39540170	39540820	20.3473679158684	-7.14462138921981	4.24847550599877	-1.68169061564124	NA	NA	LOC105375238	Intron
chr7	39783286	39783613	28.7975879063984	7.20146218781987	4.17428224600595	1.72519771386096	NA	NA	LOC101928688	Intron
chr7	40330201	40330857	18.1443448778677	-22.5335331772895	4.2480872481191	-5.3043950985862	NA	NA	LOC105375245	Intron
chr7	40558413	40558653	78.2367915165838	-7.11732942733976	2.95798008183387	-2.40614514987782	NA	NA	SUGCT-AS1	Intron
chr7	40843438	40844802	44.5864508685134	-8.8297306689083	2.96941340390089	-2.97356058853535	NA	NA	LOC105375242	Intron
chr7	40971067	40971597	32.3166555784316	18.7596563831762	4.25210366534104	4.41185301668123	NA	NA	NA	NA
chr7	41031116	41031502	56.6888738131171	0.27671885064475	3.6342844512564	0.0761412196420361	0.939306746772369	1	LINC01450	Intergenic
chr7	41167688	41168027	45.7542470293802	-23.2814707034131	4.24765343964253	-5.48101935203367	NA	NA	LOC105375241	Intron
chr7	41519071	41519898	80.9596623827702	-4.2703037632612	2.81280788071465	-1.51816403549617	NA	NA	LOC105379725	Intergenic
chr7	41827024	41827411	33.4243573064506	-8.6186661491657	3.5940134827824	-2.39806171859248	NA	NA	INHBA	Intron
chr7	41985322	41985686	21.901982288349	-8.8032352348576	3.66030889851672	-2.40505254581791	NA	NA	GLI3	Intron
chr7	42402156	42402681	18.0282099679012	1.58815828672565	4.08612535788592	0.388670965187258	NA	NA	LOC105375249	Intergenic
chr7	42692617	42693383	29.6546012624349	-8.44927683696162	4.04137108014731	-2.09069562517225	NA	NA	NA	NA
chr7	42749328	42749783	42.959337903458	2.30162978282848	3.52102600171964	0.653681563755674	NA	NA	LINC01448	Intergenic
chr7	42965762	42966369	28.918492452342	-6.5097354328555	3.41657211170266	-1.90534114897149	NA	NA	NA	NA
chr7	43020826	43021530	40.6426255803095	2.60797324044173	3.55399315291703	0.733814931044864	0.463061539291542	0.847383869472781	LOC105375253	Intron
chr7	43385891	43386460	26.9470343424927	-3.33186722405881	4.26699012915735	-0.780847183425943	NA	NA	LUARIS	Intron
chr7	43967072	43967381	49.3380520066594	14.5058659845347	4.00647362625994	3.62060688218631	NA	NA	SPDYE1	Intron
chr7	44209802	44211111	35.1220729273545	-8.05272759528985	4.24778768043977	-1.8957462568977	NA	NA	YKT6	UTR
chr7	44293787	44294406	31.6137654460452	16.6196068240673	4.28160221727253	3.88163261804698	NA	NA	LOC124901621	Intron
chr7	44355754	44356115	53.892300309996	-8.76516917304967	3.86090444119124	-2.27023727382004	NA	NA	CAMK2B	Intergenic
chr7	44590441	44591033	43.8314834548538	22.2896212940755	4.24759695160826	5.24758388048941	NA	NA	TMED4	Intergenic
chr7	44682726	44683031	42.1716700273796	-0.654318996971033	3.88254064701507	-0.168528563242236	NA	NA	LOC124901622	Intron
chr7	44708914	44709809	43.6723737840476	4.95164632772833	3.6490344120248	1.35697441257637	NA	NA	NA	NA
chr7	45254535	45255052	57.4679783748973	1.98633902641196	3.11225633022848	0.638231178813648	NA	NA	LOC124901624	Intergenic
chr7	45360475	45360673	65.4473306797827	-0.41502330644268	2.64197027086338	-0.157088560389839	NA	NA	LOC107986736	Intron
chr7	45363943	45364507	63.0967502519496	6.8330888207292	2.89771837065317	2.35809279808961	NA	NA	NA	NA
chr7	45778740	45779038	47.5512680455172	-2.17033173409368	3.51768517147182	-0.616977253022789	NA	NA	SEPTIN7P2	Exon
chr7	45980332	45980602	91.8463221890056	7.49205344658866	3.2057094308119	2.33709686055082	NA	NA	LOC102723446	Intron
chr7	46515233	46515920	33.4914563872008	8.7603812873849	3.73918566117127	2.34285806622418	0.0191366614956924	0.0604879090633076	LOC105375266	Intergenic
chr7	46873231	46873570	116.208021522455	8.27061996338859	2.62336983216712	3.15267022665896	0.00161784461968538	0.0328342920264512	LOC105375267	Intergenic
chr7	47088058	47088548	10.3209923043929	-20.6961119563304	4.24890653875939	-4.87092661783362	NA	NA	LOC105375268	Intron
chr7	47409925	47410559	180.293318032909	-7.53620916375997	2.92863892953819	-2.57328040263001	NA	NA	LOC124901628	Intron
chr7	47998496	47998827	46.8543072578552	-21.7056732997977	4.24892535805436	-5.10850896889772	NA	NA	HUS1	Intron
chr7	48117993	48118270	91.4478455420323	1.2566796183338	3.0005361535271	0.418818355798374	0.675348888773558	1	LOC105375271	Intergenic
chr7	49006282	49006820	33.5284055465881	-4.70603154155306	3.56922324784236	-1.3185029948457	NA	NA	NA	NA
chr7	49018718	49019102	26.6306606796087	-0.523577138045959	3.66569063088577	-0.142831785539808	NA	NA	CDC14C	Intergenic
chr7	49044209	49044650	9.34697328468667	-2.18097961960267	4.09613742190171	-0.532447863673019	NA	NA	NA	NA
chr7	49387741	49388473	40.6325952061802	5.54204100923998	3.85267842418478	1.43849042122239	NA	NA	LOC124901804	Intergenic
chr7	49672523	49672973	81.6152018144901	1.90949965719937	3.73850462159716	0.510765627028595	NA	NA	VWC2	Intergenic
chr7	49747635	49748406	16.1888853868148	18.2384883943799	4.25827199838926	4.28307266451716	NA	NA	NA	NA
chr7	49788305	49789458	99.1662980722483	0.714828431397476	3.33342329317583	0.214442742048653	NA	NA	NA	NA
chr7	49854462	49855098	10.5914802106087	-18.0756727562457	4.27548052008061	-4.22775233598886	NA	NA	NA	NA
chr7	50262492	50263211	38.1256269285709	-8.71044143084723	3.92012337251401	-2.22198145393091	NA	NA	IKZF1	Exon
chr7	50358891	50359436	54.9083351073787	-0.685074456884108	3.63710319831111	-0.188357167649855	0.850596673935425	1	LOC124901631	Intron
chr7	50712800	50713619	64.3132151822672	6.91220127175965	3.59685273874042	1.92173596581	NA	NA	GRB10	Intron
chr7	50874303	50874921	129.327460313798	2.17657796672064	2.86711498665629	0.759152659328472	0.44776124142516	0.824832938672794	NA	NA
chr7	50897697	50898092	122.788759214434	0.298946677837269	3.14141536343285	0.0951630533539469	NA	NA	LOC124900241	Intron
chr7	51277781	51278541	8.43246625151726	4.77181776560202	4.25714277433578	1.12089681238059	NA	NA	NA	NA
chr7	51302526	51303104	32.6711868827206	-3.20867882759419	3.55429284708243	-0.902761524061829	NA	NA	COBL	Intron
chr7	51536385	51537216	28.344959185869	-1.967535469483	3.80184028241394	-0.517521863973131	NA	NA	LOC105375277	Intron
chr7	52220807	52221557	27.445281553171	4.04434328095406	3.27994002380831	1.23305403501196	NA	NA	LOC124900240	Intergenic
chr7	52644231	52644587	20.4908375198536	7.1568567709429	4.13154679712696	1.73224632864372	NA	NA	LOC101928257	Intergenic
chr7	53805976	53806476	34.2463697298467	8.79889225686518	4.04630422669848	2.17455034616725	0.0296638286994562	0.0764432328866875	LINC01446	Intron
chr7	54324128	54324614	21.3142967656911	1.70045808732819	3.95440133227714	0.430016567475963	NA	NA	VSTM2A	Intergenic
chr7	54419813	54420293	70.4053315262657	9.83140250757125	2.84023778086931	3.46147163233712	0.000537230735053607	0.0285680343816742	NA	NA
chr7	54691517	54692338	74.7475445782964	-0.202197519308928	2.83780893171405	-0.0712512801863653	0.943197769402423	1	SEC61G-DT	Intergenic
chr7	55365649	55367142	155.890433589274	-6.22907265494185	2.51676568930097	-2.47503082286216	0.0133224677532853	0.0512186885842216	NA	NA
chr7	55456373	55456798	125.440000783948	-1.3946874411524	3.56462171905251	-0.39125818980958	NA	NA	LANCL2	Intron
chr7	55607216	55607636	24.3561370902515	-8.06103975081965	3.7223900858488	-2.16555480884845	NA	NA	VOPP1-DT	Intergenic
chr7	56041349	56041872	42.1545051148861	5.76664832890806	4.13312303118454	1.39522784233581	NA	NA	PSPH	Intron
chr7	56051727	56052211	11.307266855927	-5.1231081384664	3.66580436844885	-1.39753997309851	NA	NA	CCT6A	Promoter
chr7	56083764	56084343	5.73960797654931	-6.88365432597642	4.25016567845085	-1.61962023289536	0.105313880594523	NA	NA	NA
chr7	56090653	56091210	20.9958530241865	1.16588347823341	3.39317640807874	0.343596482475116	NA	NA	PHKG1	Promoter
chr7	56166554	56167084	74.6993570865036	-8.54638165137008	3.65300648715721	-2.33954735131635	NA	NA	NUPR2	Intergenic
chr7	56493872	56494414	11.74760126632	5.74196703960732	4.2522218113066	1.35034513588626	NA	NA	DKFZp434L192	Promoter
chr7	56704787	56705434	3.99804011027096	6.27795718689915	4.25396883740281	1.47578824078365	0.140000748517108	NA	LOC105375289	Intergenic
chr7	56777977	56778455	101.640288038386	0.282359602808375	3.59561946152685	0.0785287780950193	NA	NA	LOC401357	Intergenic
chr7	56826114	56826853	7.14836225648844	-3.86834280408166	4.26051377848353	-0.907952187273184	NA	NA	NA	NA
chr7	57388291	57388647	50.155270539272	-23.3252254904476	4.10356516369612	-5.68413673476026	NA	NA	MIR3147HG	Intergenic
chr7	57417197	57417762	85.9181242702985	1.23845190704366	3.90599310999042	0.317064539585605	0.751194631038545	1	MIR3147	Intron
chr7	57436244	57436667	22.5251417917866	-0.685056894136446	3.6519446763584	-0.187586876266582	0.851200514831467	1	ZNF716	Intergenic
chr7	57746534	57746995	93.6632870418528	9.38880507594514	2.73927097249496	3.42748314066707	0.000609204130493221	0.0305955852203262	LOC102723842	Intron
chr7	64590061	64591226	58.5883901038299	-0.299957150159052	3.00404894519763	-0.0998509530407529	NA	NA	LOC641746	Exon
chr7	64634062	64635053	101.064393776936	0	4.40735632387939	0	NA	NA	LOC124901656	Intergenic
chr7	64890799	64891455	26.9437210207081	21.5920030793725	3.84797649723374	5.61126168387326	NA	NA	LOC441239	Promoter
chr7	65400126	65400664	32.2226100444127	-8.20992862870971	3.58000998342935	-2.29326975810422	NA	NA	NA	NA
chr7	65402645	65403227	32.9474506156975	1.04890138377083	3.96371305545465	0.264625962852531	NA	NA	ZNF92	Intergenic
chr7	65761328	65761793	54.8342279080519	0	4.40735632392253	0	1	1	SNORA15B-2	Promoter
chr7	65812386	65813044	63.3631394237493	-2.54532551243167	3.23171285397949	-0.787608809148185	NA	NA	LINC03129	Intergenic
chr7	66493624	66494202	18.6740378921019	-0.436138971742458	2.34744726914798	-0.185792872740762	NA	NA	LINC00174	Promoter
chr7	67305065	67305548	29.7829781963494	-7.44999565853641	3.55830475468327	-2.09369241033419	NA	NA	STAG3L4	Promoter
chr7	68992895	68993368	48.5113120025184	8.44082593256262	2.80610908246751	3.00801775144831	0.00262957777661946	0.0344512798559998	LOC105375342	Intergenic
chr7	69120682	69121247	46.7804561924619	9.22171228631226	3.7067867493943	2.48779142415439	NA	NA	NA	NA
chr7	69148614	69149102	12.6920677545228	8.32204624916753	3.81846688603451	2.17942082452102	0.0293004205215132	0.0758956451330886	NA	NA
chr7	69156088	69157103	132.680583296278	4.96714244183404	2.91559836962097	1.70364426513237	NA	NA	NA	NA
chr7	69510308	69510500	34.4551522953635	-23.4523831025743	4.24757462936438	-5.52135869266264	NA	NA	LOC124901667	Intergenic
chr7	69589985	69590730	27.9720008071528	4.42593839066475	4.09591986055412	1.08057250662761	NA	NA	CT66	Exon
chr7	69637454	69638157	31.7096936303244	13.4737050974742	4.40735632387891	3.05709457265212	NA	NA	AUTS2	Intron
chr7	69691066	69691581	37.1126241402029	-22.5036506770108	3.76087123449843	-5.98362700392	2.18222732060299e-09	6.57577832608366e-07	NA	NA
chr7	70749424	70749936	47.5542409609075	-20.0866247578721	4.02460700798293	-4.9909530838737	NA	NA	LOC107986709	Intron
chr7	71036109	71036443	82.0979583122628	9.19112427980516	2.97947306223565	3.08481536426733	NA	NA	GALNT17	Intergenic
chr7	71233340	71233774	50.609677542539	8.94454418233459	3.46280542502769	2.58303400984855	NA	NA	MIR3914-2	Intron
chr7	71347481	71347722	84.4987262283732	10.1643326862814	3.08337692050825	3.29649373019433	NA	NA	NA	NA
chr7	71552181	71552872	45.5665257938762	-4.37197175697093	2.91184528556514	-1.50144369917044	NA	NA	NA	NA
chr7	71661017	71661328	135.836099955611	-0.567234358340936	2.9830747612009	-0.190150902591722	0.849190883153023	1	MIR3914-1	Intron
chr7	72109844	72110339	62.7609459400399	-2.97570162407514	2.65106311082542	-1.12245597319962	NA	NA	NA	NA
chr7	72227795	72228395	69.21485686314	0.405858627351112	4.07018301864763	0.099715080499246	NA	NA	CALN1	Intron
chr7	72260961	72261673	26.0641877876238	5.10362881891716	3.57498506269992	1.42759444568498	NA	NA	NA	NA
chr7	73710702	73711405	15.8086433307274	20.0271368726802	4.24999258167047	4.71227572468103	NA	NA	MIR4284	Promoter
chr7	73754066	73754708	24.4431877713632	-5.93532625689532	3.84939565291641	-1.5418852183715	NA	NA	ABHD11	Intergenic
chr7	73807311	73807814	13.4224167130174	-5.24724419822923	3.84328564524276	-1.36530164098635	NA	NA	CLDN4	Intron
chr7	73991464	73992012	29.6589300002889	-5.01425919888293	3.81065125776971	-1.31585360603627	NA	NA	ELN	Intron
chr7	74023609	74024300	47.6283973567125	2.80302425838589	3.20501852274529	0.874573497311624	NA	NA	NA	NA
chr7	74061609	74061849	57.2997857499983	9.53788097281675	3.43849768049169	2.77385121616627	0.00553970073700521	0.0379385565625205	ELN-AS1	Promoter
chr7	74504425	74505337	31.831147298336	-1.35502809735889	3.3986311817526	-0.398698189033897	NA	NA	GTF2IRD1	Intron
chr7	74639507	74640201	18.8331903867638	-8.60902886438134	3.78614986538692	-2.27382147312374	0.0229767226334016	0.0662620571418521	GTF2I	Intron
chr7	75025454	75026099	60.1704300629413	-7.68793973899358	3.43382602226414	-2.23888446565048	NA	NA	RCC1L	UTR
chr7	75688947	75689527	38.5142780021024	0.276730710772431	3.58645391091594	0.0771599796473497	0.938496278306973	1	HIP1	Intron
chr7	76153587	76154019	44.3405838249359	-7.34758616810612	3.41964446059358	-2.14864037848857	NA	NA	NA	NA
chr7	76164694	76165365	85.3683947018932	-1.04081625399544	3.56172248028944	-0.292222726435122	NA	NA	LOC124901674	Intron
chr7	76383093	76383624	28.8384683048133	17.8675902432042	4.2614631651103	4.19282991567092	NA	NA	ZP3	Intergenic
chr7	78308311	78308914	26.1520994069872	-8.13160341170241	3.67256853274444	-2.21414613211474	0.0268187280562061	0.0719410390587844	RPL13AP17	Intron
chr7	78716229	78716784	20.3140860429527	-8.72177082526415	3.85215916620298	-2.26412524741574	NA	NA	MAGI2-AS2	Intron
chr7	79077501	79078213	8.88129591203582	5.14844012273547	4.22867510894475	1.21750666345712	NA	NA	LOC105375366	Intron
chr7	79264297	79264627	40.0974453677478	5.75944481366609	3.38025355582708	1.70384993863481	NA	NA	NA	NA
chr7	79922060	79923214	116.146661536678	-0.243299700865636	3.7879837789021	-0.0642293407434161	NA	NA	GNAI1	Intron
chr7	80383767	80384365	24.7597467871597	-6.69861039857034	3.37573579004028	-1.98434084158299	NA	NA	LOC105375373	Exon
chr7	82625253	82625598	67.602572525491	9.40890607981796	3.90054660851033	2.41220193582339	NA	NA	LOC105375376	Intron
chr7	84743015	84743534	28.6290408798755	-22.8333053495017	4.00882317523036	-5.69576265937189	NA	NA	LINC03017	Intergenic
chr7	84889021	84889338	38.3516630446571	-4.69263004594565	4.21696382729581	-1.11279826864317	NA	NA	NA	NA
chr7	85191533	85191998	43.2038398309434	-0.586129309371373	3.71983553417485	-0.157568608608227	NA	NA	SEMA3D	Intergenic
chr7	85344200	85344504	37.2191115448478	-6.98952545868527	4.24863696453795	-1.64512183955105	NA	NA	LINC00972	Intergenic
chr7	85619193	85619606	68.2646167235338	-3.96274712011254	3.30348465681016	-1.19956577123593	NA	NA	NA	NA
chr7	86224908	86225434	20.7483857314149	-8.6917125915843	4.24794259052342	-2.04609935430255	NA	NA	NA	NA
chr7	86421842	86422547	3.92072978015004	-0.00270356819009898	4.10135957947081	-0.000659188285667899	0.999474043882294	NA	GRM3	Intergenic
chr7	87365672	87366377	21.1588363547441	1.17984519293424	3.34542466905885	0.35267426699109	NA	NA	CROT	Intron
chr7	87615061	87615607	76.8311745787502	-6.57271544933399	3.61216099319038	-1.81960755949827	NA	NA	NA	NA
chr7	87668968	87669235	7.05017705390209	-6.51231222331616	4.25107879069116	-1.5319199064427	NA	NA	RUNDC3B	Intron
chr7	87909531	87909909	37.9304962302959	-9.62238403456011	4.0628623048523	-2.36837562106598	0.0178663865869301	0.0595985737069551	ADAM22	UTR
chr7	88645607	88646128	88.4009296796777	-7.88310761502897	3.52198906714821	-2.23825442519389	NA	NA	ZNF804B	Intron
chr7	88817462	88817832	55.1948253760053	10.4413320532696	3.76069312344379	2.77643820182492	0.00549580816616129	0.0379252716199222	TEX47	Intron
chr7	89932766	89933153	73.9642601108396	20.0893975022158	4.11878295214895	4.87750817064402	NA	NA	DPY19L2P4	Intron
chr7	90107950	90108389	5.35497240373478	-6.80939207247889	4.25032999932598	-1.60208550243363	NA	NA	NA	NA
chr7	90247949	90249258	43.4191069626938	-19.2244985444242	4.25893206362699	-4.51392467811572	NA	NA	CFAP69	Promoter
chr7	90520553	90521103	11.6564711866386	0	4.38776866140985	0	1	1	NA	NA
chr7	90606880	90607275	49.2085721741322	21.9537254022438	3.42814392043692	6.40396841899386	NA	NA	NA	NA
chr7	90709812	90710505	15.2000754470637	-0.349886804332569	4.08588251109618	-0.0856331045697885	NA	NA	CDK14	UTR
chr7	90834926	90835310	33.8120061743371	20.9865664182969	4.24862311223268	4.93961593295299	NA	NA	NA	NA
chr7	90931059	90931907	31.5966418986993	2.54792538364146	3.88174484243947	0.656386621754412	NA	NA	FZD1	Intron
chr7	91038613	91039378	46.6806635734266	-8.06566732306629	3.14809723717156	-2.56207693581694	0.010404826667454	0.0456693379356607	NA	NA
chr7	91646454	91646765	16.2733791356725	-21.6922332386736	4.24892643814505	-5.10534450395045	NA	NA	NA	NA
chr7	91714428	91715068	69.3208347887348	-15.0874718115902	4.20400597403126	-3.58883215313862	NA	NA	LOC101927473	Intron
chr7	91772656	91773074	60.6991753522841	21.4732097314908	3.96477384179777	5.41599863909364	6.09475643793216e-08	9.18276636648445e-06	MTERF1	Intron
chr7	92277456	92277967	95.035621817545	7.75846059882076	2.34622363426792	3.30678648254329	0.000943727955913057	0.0324730744377145	NA	NA
chr7	92304281	92304595	39.2487535883676	7.69807123898358	3.81638417997342	2.01711119110581	NA	NA	KRIT1	Intron
chr7	92468897	92469969	65.7265292038024	-7.72443874210446	4.19239971327738	-1.84248622993677	NA	NA	ERVW-1	Exon
chr7	92589761	92590513	5.53191204892829	3.41390254891055	3.19024612989733	1.07010632092528	0.284571454272934	NA	FAM133B	Promoter
chr7	92943345	92943696	118.430441043133	-0.35805287779051	2.89860687476477	-0.123525849920427	NA	NA	CDK6	Intergenic
chr7	93054624	93055163	25.1904354599941	-0.685066696960474	3.90849115298202	-0.175276512123559	0.860862366672764	1	SAMD9	Intergenic
chr7	93140580	93141274	9.52322843129341	-6.98424765028654	4.15834824954147	-1.67957256852085	NA	NA	SAMD9L	Intron
chr7	93870223	93870810	18.6456887418327	-0.685064729350902	3.94956261224517	-0.173453315368881	0.862295120535427	1	TFPI2	Intron
chr7	93976464	93976968	23.0664930446758	6.49271975385326	4.16156382553914	1.56016344481082	NA	NA	LOC130890646	Intron
chr7	94074699	94075097	40.5072347027554	-8.76427204644232	3.65606935327911	-2.39718429809919	0.016521611400947	0.0574472356666464	LOC124901812	Intron
chr7	94491594	94492083	3.15557563579235	-6.04748345121941	4.25260793221626	-1.42206465952476	0.155007481012858	NA	CASD1	Intron
chr7	94794460	94795089	16.6817619771338	17.0939537392344	4.26905963141787	4.0041496758285	NA	NA	PPP1R9A	Intergenic
chr7	95552816	95553061	58.1214551755031	2.00880728931097	3.04336475546209	0.660061297518037	NA	NA	LOC124901699	Intron
chr7	97031517	97031939	25.513069068133	1.23848610938786	3.84459379174636	0.322137051785982	0.747348869863066	1	DLX5	Intron
chr7	97299312	97299836	53.5555017892641	0.828460348207064	3.08950921559024	0.268152735724658	NA	NA	SDHAF3	Intron
chr7	97863852	97864398	31.7029686318648	22.263165569728	4.24772976179526	5.24119160544684	NA	NA	MIR5692A1	Exon
chr7	97881136	97881606	0.832596100004977	-4.12791899518355	4.26802623058248	-0.967172827009591	0.333457643680459	NA	NA	NA
chr7	97914800	97916137	40.4695659368642	-19.2089787609636	4.04895420220607	-4.74418276958965	NA	NA	NA	NA
chr7	99225288	99225568	73.8652214125813	-0.649690700324161	3.57908895178438	-0.181524043988975	NA	NA	MYH16	Intron
chr7	99400919	99401538	19.9372152376864	-6.87629023897818	4.15247814241726	-1.65594856929826	NA	NA	PDAP1	Intron
chr7	99633328	99633724	21.1390671993023	-21.4405116609786	3.85177390391109	-5.56639932556994	NA	NA	ZSCAN25	Intergenic
chr7	99695646	99695974	75.676675656991	-6.64458573843369	3.55586481652284	-1.8686272063996	NA	NA	CYP3A5	Exon
chr7	99960115	99960361	54.3875049321488	-6.63344942946125	3.35042656200111	-1.97988205582375	NA	NA	LOC124900245	Intergenic
chr7	100171789	100172496	37.3781808285799	-7.21440826401418	3.37076884114249	-2.14028567487557	NA	NA	GAL3ST4	UTR
chr7	100683277	100683995	27.9887313663497	-5.29864209077522	3.6546589207649	-1.44983217467151	NA	NA	GNB2	Exon
chr7	101030893	101031320	24.1818761389555	-6.32878945515586	3.30591212012695	-1.91438526651242	NA	NA	MUC17	Exon
chr7	101548292	101548998	92.406016400533	-0.701408809920449	3.86049134631699	-0.181688999404082	NA	NA	LINC01007	Intron
chr7	101553267	101554385	125.63091207622	-4.05213617399532	2.94416014737768	-1.37633008095857	0.168719463941608	0.323826741832725	NA	NA
chr7	101595485	101596091	81.9426759645797	-7.02709624998257	3.91164650364586	-1.79645482878704	NA	NA	LOC107986832	Intron
chr7	102106515	102106760	50.3947965250582	6.26260362940831	4.25082519927251	1.47326773880989	NA	NA	LOC124900244	Intron
chr7	102722923	102723268	40.0641074129513	2.17258685528071	4.0101393279413	0.541773409253602	NA	NA	RASA4DP	Intron
chr7	103381385	103381852	107.143211453351	-6.27238118122879	3.35405174120222	-1.87009076341217	NA	NA	DNAJC2	Intron
chr7	103488431	103488917	5.98155973070563	5.59724819891896	4.2581432063529	1.31448096686091	0.188684399052085	NA	SLC26A5	Intron
chr7	103832714	103833246	51.8869628625883	0.276718217332073	3.66810869283301	0.0754389361124285	0.939865480917425	1	RELN	Intron
chr7	104082391	104082929	1.9138979735834	0	4.4073563238908	0	1	NA	NA	NA
chr7	104407535	104408121	13.2552973692168	5.6608867413001	4.10846242105452	1.37786017277167	NA	NA	LHFPL3	Intron
chr7	104707104	104707321	79.9084538938051	0.259636866608309	4.09460863462132	0.0634094463663731	NA	NA	LHFPL3-AS1	Intron
chr7	105828206	105828621	137.816173689734	9.26052437701882	3.25757592483181	2.84276547675461	NA	NA	ATXN7L1	Intron
chr7	105921175	105921987	19.6979396176583	0	4.40735632388441	0	NA	NA	CDHR3	Intron
chr7	106674276	106674583	58.9375457467275	9.57396014519968	3.09674268459379	3.09162275342729	0.00199065656850083	0.0328342920264512	CCDC71L	Intron
chr7	106959387	106959633	31.6301383299896	-6.69823313287856	3.87359707316	-1.72920234251785	NA	NA	NA	NA
chr7	106984048	106984243	31.5997766915014	16.6666190082568	3.31443816250675	5.02848995548965	NA	NA	PRKAR2B	Intergenic
chr7	107821831	107822177	51.5907349324222	-6.85279278823706	3.57226539537632	-1.91833249486637	NA	NA	SLC26A3	Intergenic
chr7	108180587	108181006	63.2282795005501	6.45040097704271	3.18300078377197	2.02651567348933	NA	NA	LAMB4	Intron
chr7	108649852	108650479	18.2397761796549	-22.5641027250563	4.0402192595048	-5.58487083887173	NA	NA	LOC105375448	Intergenic
chr7	108823768	108824509	82.8236345052144	-8.92031426183554	3.68913877471444	-2.41799368540318	NA	NA	NA	NA
chr7	109246757	109247293	22.3655610604912	2.07665987782435	4.08594269371968	0.508244983713622	NA	NA	LINC02903	Intergenic
chr7	109700702	109701049	56.1669952165289	-6.70523830932051	3.94170178023677	-1.70110238753723	NA	NA	NA	NA
chr7	109920293	109921160	4.65037394198087	0	4.40735632388306	0	1	NA	EIF3IP1	Intergenic
chr7	109938755	109939034	42.0758698245448	-7.76667565336146	3.87756891315961	-2.00297553113836	NA	NA	NA	NA
chr7	110177919	110178470	82.1768001696881	-8.01416724009561	4.13366740364772	-1.93875473218372	NA	NA	NA	NA
chr7	110477604	110478247	36.1581384421768	-6.76230993861556	3.88302876001812	-1.74150395388367	NA	NA	LOC105375451	Intron
chr7	111333408	111333879	112.646936149697	1.16076568661391	3.56723929117176	0.325396081358092	NA	NA	IMMP2L	Intron
chr7	111901142	111901541	39.2340037550652	22.2274014223643	4.06957096701225	5.46185374392991	NA	NA	DOCK4-AS1	Intron
chr7	112286522	112286874	52.212471347302	-0.685076278971983	4.14996961948243	-0.165079829923532	0.868881148580926	1	ZNF277	Exon
chr7	112590101	112590547	61.5299598395997	2.45427227081232	2.93311371947485	0.836746374515523	NA	NA	LOC101928012	Intron
chr7	112885268	112885810	32.8957817066422	15.5287387784615	3.70651209338074	4.18958265540087	NA	NA	SAMTOR	Intron
chr7	112999200	112999805	66.88552631305	0	3.90571197585194	0	NA	NA	HRAT17	Intron
chr7	113373309	113373928	9.56479694826901	5.73104373275574	4.25223728276368	1.34777138519206	NA	NA	LOC124901813	Intergenic
chr7	113627784	113628446	22.9034446498748	1.2384871201381	3.84705850318186	0.321930929595627	0.747505021075804	1	NA	NA
chr7	113666170	113666473	13.8615023430835	-8.17373155443017	4.12959866527274	-1.97930409634379	0.0477817786819757	0.105869431197319	NA	NA
chr7	113793705	113794280	21.7073787699139	-20.4320164921642	3.86815852396113	-5.28210422752816	NA	NA	LOC124901814	Intergenic
chr7	113942175	113942763	73.8348225776513	8.95277486514684	3.19246062606832	2.80434934484146	NA	NA	PPP1R3A	Intron
chr7	114456486	114456729	40.70402749357	7.08315860628677	3.82713482496866	1.85077321030747	NA	NA	NA	NA
chr7	114465620	114466000	28.0253272136213	-6.57844705949821	3.36513151446614	-1.95488557615611	NA	NA	NA	NA
chr7	114510324	114510555	37.9779842771614	1.52387454284395	4.08308995997944	0.373216009879836	NA	NA	MIR3666	Intron
chr7	115075637	115076103	68.2525611457815	-1.24666416564407	3.28115833365263	-0.379946360057628	NA	NA	LINC01393	Intron
chr7	115164084	115164566	4.43620709387529	6.69283275973425	4.2522373117758	1.57395560713408	NA	NA	LINC01392	Intron
chr7	115752586	115752975	37.3305495333113	0.586637422582172	3.97259139228953	0.147671221289153	NA	NA	LOC102724407	Intron
chr7	115856142	115857028	68.5237828694871	1.80985638268111	3.45413995833127	0.52396729852124	NA	NA	NA	NA
chr7	116207140	116207611	28.0644514051872	3.89948659255151	4.09166481118116	0.95303177862847	NA	NA	TES	Promoter
chr7	116308357	116309132	51.2979218866768	0	4.25383062374196	0	NA	NA	CAV2	Intron
chr7	116746065	116746498	42.1873981241288	0	4.14362510301147	0	1	1	COMETT	Intron
chr7	116768438	116768964	7.03393188663029	-5.50482918123575	4.25514179087168	-1.29368877743274	0.19577294332697	NA	NA	NA
chr7	116861598	116862224	117.866695154037	8.08743399980407	3.62866395448786	2.22876356180673	NA	NA	CAPZA2	Intron
chr7	117414537	117414876	42.1222561529575	-5.80800653139332	3.62661121011586	-1.60149687818556	NA	NA	NA	NA
chr7	117424585	117425063	22.2578502089144	0.857992055266439	4.08428410269785	0.210071589951271	NA	NA	ASZ1	Intron
chr7	118139674	118139988	26.9984499581732	-22.8645108265698	4.10972416340241	-5.56351470743001	NA	NA	LOC105375470	Intergenic
chr7	118425343	118425993	59.7075696822153	6.76119708131529	3.92184618960313	1.72398323504867	NA	NA	NA	NA
chr7	118608762	118609786	5.78210686392853	0	4.40735632388228	0	NA	NA	LOC105375473	Intergenic
chr7	118640454	118640867	33.9526047942768	-7.63004787213335	3.2390828065223	-2.35561988621263	0.0184918289863244	0.0600644551920105	NA	NA
chr7	118884548	118884923	83.2571043379752	6.6540765907373	2.78299944885957	2.39097301778627	NA	NA	NA	NA
chr7	119782420	119782704	49.4403221926573	-0.660189029097069	2.85195642779234	-0.231486365872747	NA	NA	LINC02476	Intron
chr7	120130123	120130480	150.234162078875	8.93633549620935	3.55333852964833	2.5149125031703	NA	NA	LOC105375477	Intergenic
chr7	120278247	120278554	34.5772608355289	0.259037731797373	4.3125347869049	0.0600662358907681	NA	NA	KCND2	Intron
chr7	121419298	121419909	65.7826685062395	8.23911952675451	4.19552092659273	1.96378940086605	NA	NA	FAM3C	Exon
chr7	121541583	121542085	57.5319737888289	-4.98391643138412	3.41378575381052	-1.45993825940043	NA	NA	NA	NA
chr7	121605182	121605792	39.7091115712123	-8.7240605347393	3.27332417698076	-2.66519906463594	0.00769427620722804	0.0432026440455537	LOC124901737	Intergenic
chr7	121717154	121717931	98.4366095436031	-6.20022561306588	3.07525234345433	-2.01616808008066	NA	NA	PTPRZ1	Intron
chr7	122134773	122135765	11.7127936775899	-7.12429954873215	4.24968771669928	-1.67642895752951	NA	NA	AASS	Intron
chr7	122161427	122161973	11.4485122676785	-7.88223787068988	3.9431866058937	-1.99895126923708	0.0456136266960885	0.10308679633316	LOC102724527	Exon
chr7	122314715	122315166	108.436523401808	8.94807515081038	2.77284922766349	3.22703270756281	0.00125081161474685	0.0328342920264512	FEZF1	Intron
chr7	122560047	122560327	27.7963483301306	1.23848668437016	3.81840239332767	0.324346822779681	0.745675474560856	1	RNF133	Intron
chr7	122689504	122689994	79.9861339392378	1.23845176555531	4.18028967089952	0.29625979610375	0.76703168653495	1	NA	NA
chr7	122720404	122720826	16.9124949077825	-4.9497540889425	4.25324857911812	-1.16375847704834	NA	NA	RNF148	Intron
chr7	122909816	122910646	72.0745625491382	8.98648304496333	3.24044572708585	2.7732243653545	NA	NA	CADPS2	Intergenic
chr7	123046815	123047256	29.5158842488768	0.591413161135733	3.70825806547087	0.159485437823928	NA	NA	TAS2R16	Intergenic
chr7	123172493	123173087	123.886590229668	8.59794966998966	3.27500367753712	2.62532519549887	NA	NA	SLC13A1	Intron
chr7	124307617	124308047	24.9275897352187	5.04325780457245	4.10624470990353	1.2281922196232	NA	NA	LOC105375484	Exon
chr7	125817690	125818111	10.5447091455316	0	4.40735632392299	0	1	1	LOC105375487	Intron
chr7	126555408	126555967	28.5546221943827	-8.33260602371146	3.84143596885102	-2.16913833558021	NA	NA	LOC101928357	Intron
chr7	127053752	127054171	33.1965890257046	-9.43841749333063	4.00833556800023	-2.35469743817868	0.0185377927660505	0.0600644551920105	NA	NA
chr7	127075687	127076618	74.885504409341	2.4041753338523	3.01519518654591	0.797353134742309	NA	NA	MIR592	UTR
chr7	127080041	127081227	28.0490059468436	-2.05442780976489	3.14385002216297	-0.653475132491036	NA	NA	NA	NA
chr7	127188203	127188704	30.2803919267532	-0.621183357505764	3.79865355292779	-0.163527246918053	NA	NA	GRM8-AS1	Intron
chr7	127409742	127410105	16.3619952486754	-22.1431118495458	4.24841582616925	-5.21208675317265	NA	NA	ZNF800	Intron
chr7	127508202	127508563	34.3358351393937	-0.685071860118753	4.17257226283533	-0.164184540605951	0.869585870766797	1	LINC03012	Intron
chr7	128081950	128082678	46.4192662595357	9.4132563385295	3.77771427674926	2.49178620957794	NA	NA	NA	NA
chr7	128102186	128102988	10.0604890031611	1.23841455477722	4.35053759915318	0.28465782137322	NA	NA	MIR593	Intergenic
chr7	128150716	128151089	39.0415966773003	-8.70819889137181	3.44738135388979	-2.52603295006689	0.011535866113495	0.0474850211558731	NA	NA
chr7	128169598	128170172	25.8243385571277	-7.02255976568141	4.24860094682453	-1.6529111238207	NA	NA	LOC124901744	Promoter
chr7	128386922	128387281	39.6363923938885	0.417205962480225	3.72053175842207	0.11213611106418	NA	NA	LOC107986845	Promoter
chr7	128501084	128501784	119.514000247565	7.32303131366094	2.91607399729559	2.511263884405	NA	NA	LINC01000	Exon
chr7	128826226	128826931	11.009393187151	1.46930094706137	4.08941190336497	0.359293947829603	NA	NA	FLNC	Intron
chr7	128848480	128849244	110.740556456696	-21.5102828262542	3.326254972515	-6.46681718749604	1.00088612296628e-10	9.04801055161518e-08	FLNC-AS1	Exon
chr7	128945192	128945859	60.8378161458266	-18.3416943637188	4.03066056174336	-4.5505430394728	NA	NA	IRF5	Exon
chr7	129038737	129039440	50.6623868918599	-9.16630961625116	3.9740567833773	-2.30653715231046	NA	NA	TNPO3	Intron
chr7	129348668	129348888	52.4966641928186	1.23161558874776	3.01856475643515	0.408013638310105	NA	NA	LOC107986847	Intron
chr7	129445295	129446247	59.6822845553203	8.04503877800402	3.70352988604291	2.17226241600547	NA	NA	STRIP2	Intron
chr7	129528338	129528944	36.2430460180878	-5.48752127017224	3.38395649671619	-1.62162878733735	NA	NA	SMKR1	Intron
chr7	130018349	130018946	40.3932853663636	-9.71186923890263	3.75272146258301	-2.58795365862776	0.00965479685596035	0.0450761155576392	NA	NA
chr7	130059343	130060059	41.0560527102123	-8.78355216155536	3.67546674840806	-2.38977870371423	0.0168585273860831	0.058168354034424	ZC3HC1	Intergenic
chr7	130739813	130740373	15.5635584630847	0	4.24838260467562	0	1	1	KLF14	Intergenic
chr7	131231175	131231536	58.7260021498578	6.06453531095057	2.83422730092235	2.13974909809703	NA	NA	NA	NA
chr7	131327826	131328300	51.8917537137163	4.58693868100053	3.05898884870696	1.49949506450128	NA	NA	MKLN1-AS	Promoter
chr7	131544229	131545269	4.93248717466667	1.05040793087485	3.74073180162298	0.280802791159502	NA	NA	NA	NA
chr7	131647618	131648991	99.7523081441519	-1.15117386935388	2.85350669563673	-0.403424274810405	NA	NA	PODXL	Intergenic
chr7	131870603	131871316	63.8163734538779	-0.488066881284118	3.13481748703429	-0.155692279790699	NA	NA	NA	NA
chr7	131961720	131962084	100.376236677197	8.73128018713243	3.29591095997979	2.64912501980514	NA	NA	NA	NA
chr7	132025657	132026183	118.205750522956	-1.0752296604513	2.65935811017708	-0.404319243932028	0.685977976098146	1	LOC101928782	Intergenic
chr7	132153084	132153719	90.0036111014058	-0.285411832757946	3.22408217223057	-0.0885249871160961	NA	NA	PLXNA4-AS2	Intron
chr7	132179105	132179686	56.2013508446225	22.7776703825619	3.54977094972725	6.41665918876034	NA	NA	NA	NA
chr7	132511014	132511690	112.650844702835	-17.2579618392238	3.48756589257926	-4.94842602857907	NA	NA	LOC102724906	Intron
chr7	132575546	132576002	156.765382546738	0.0677300383150179	2.32026693711184	0.0291906233854821	0.97671255950301	1	PLXNA4	Intron
chr7	133101573	133102119	77.4972764429581	-1.04941402919146	3.80580017786234	-0.275740706329175	NA	NA	LOC105375512	Intron
chr7	133355159	133355706	29.7763215500493	-6.61457869940221	3.77682739216824	-1.75135848493326	NA	NA	MIR6133	Intron
chr7	133392873	133393457	6.02375276167717	-6.68256451006597	4.25063093410644	-1.57213472862253	NA	NA	NA	NA
chr7	133672078	133672579	25.5705233131139	1.23463970397486	3.95437912052572	0.312220873705887	0.754872669551757	1	LOC101928861	Intron
chr7	134551710	134552121	56.7749822902362	0.263960326284865	3.98432548307347	0.066249689541239	NA	NA	AKR1B15	Promoter
chr7	134729280	134729597	46.9818304429187	-21.1943438400782	4.24981094337664	-4.98712627984304	NA	NA	CALD1	Intron
chr7	134927069	134927620	75.5720700068673	-0.300874982287754	3.79390424031046	-0.0793048435674625	NA	NA	AGBL3	Intron
chr7	135195727	135196376	51.4981868966773	-8.13839184813306	3.31992066788798	-2.45138142210803	NA	NA	MIR6509	UTR
chr7	135456882	135457515	21.6356693792191	0.276724266523118	3.73126494714268	0.0741636604323763	0.940880160963995	1	CNOT4	Intron
chr7	135794543	135795357	17.4110075867535	-22.4236365923215	4.08324906942234	-5.49161616425564	NA	NA	FAM180A	Intron
chr7	135907771	135908138	18.6044667733649	-6.14106260064861	4.14365993408076	-1.48203827011469	NA	NA	MTPN	Intron
chr7	135966844	135967304	43.6109462379268	-23.6850379559611	3.98979088720053	-5.9364108610163	NA	NA	NA	NA
chr7	136487332	136487693	31.7363726860679	-9.36528383155649	3.73233061961193	-2.50923210884524	0.0120993951677527	0.0490582426580192	LOC105375524	Exon
chr7	136611811	136612293	110.632407677456	-10.2170768409486	3.2452276160797	-3.14833905342241	NA	NA	NA	NA
chr7	136984930	136985393	13.8704485979095	7.3566392052846	3.77782952981931	1.94731899552822	NA	NA	MIR490	Intron
chr7	137051012	137051364	10.5095692416005	-21.4474988545552	4.1928106220479	-5.11530350113443	NA	NA	LOC349160	Intron
chr7	137340175	137340883	113.991326334468	0.885892217594462	2.9517324187895	0.300126194351236	NA	NA	PTN	Promoter
chr7	137640435	137640961	25.0803806056591	-3.75967692935459	3.94790466175887	-0.952322118052258	NA	NA	DGKI	Intron
chr7	138154202	138154589	24.672861989417	-9.00327892719479	3.4254219161764	-2.62837079563169	0.00857949404972197	0.0438184328867156	LOC107986749	Intergenic
chr7	138294977	138295410	45.7062603184569	2.16681502246751	4.08322214231882	0.530663027125191	NA	NA	LOC124901754	Intergenic
chr7	138513291	138513782	108.960917083861	-0.719278551610829	2.69562718046951	-0.266831614112731	0.789598811920592	1	TRIM24	Intron
chr7	138557844	138558126	52.5448985544916	-2.19515131426378	3.51227600696323	-0.624993966849929	0.531975017793608	0.954177412867899	LOC124900246	Intron
chr7	139548030	139548316	114.46216778279	13.5239972859119	4.36006483889073	3.10178811225031	NA	NA	CLEC2L	Intergenic
chr7	139745507	139746088	20.6285594319333	0	4.40735632387925	0	NA	NA	TBXAS1	Intron
chr7	141266038	141266247	86.7258495912773	7.1802373581453	2.84202156446216	2.52645421411646	NA	NA	TMEM178B	Intron
chr7	141482997	141483585	26.8131316141211	7.24525063293553	3.67569554863378	1.97112370626792	NA	NA	NA	NA
chr7	141530464	141531056	66.837197252053	0	3.93760254052415	0	NA	NA	NA	NA
chr7	141576537	141577397	67.8237947538093	-1.14158691330802	3.07083596486178	-0.371751186442614	NA	NA	AGK-DT	Intron
chr7	141838897	141839609	15.3145395135291	-2.8724794990216	3.56294018757987	-0.806210418304196	NA	NA	PRSS37	Promoter
chr7	141965804	141966115	56.5255387828181	-5.75885464442279	3.01380888923259	-1.91082276815806	NA	NA	NA	NA
chr7	142052707	142053282	38.1446233915398	-6.77225539401963	3.93490030745045	-1.72107419880419	NA	NA	TAS2R38	Exon
chr7	142692706	142692927	47.1567828657987	-7.0603773189338	3.88921548746506	-1.81537313673912	NA	NA	NA	NA
chr7	142757470	142757956	33.0347166746415	-16.1616764044263	3.97765774504802	-4.06311388267298	NA	NA	LOC105375541	Intergenic
chr7	142872662	142873105	28.4099117821944	1.23846291499431	4.21086182871773	0.294111506235634	0.768672698827452	1	NA	NA
chr7	142882428	142883527	81.5016014575133	7.58489347514781	3.88177465431192	1.95397573290928	NA	NA	NA	NA
chr7	143284917	143285467	24.544934373815	-1.57446444359311	3.60163371944951	-0.437152849577874	NA	NA	TMEM139-AS1	Promoter
chr7	143451265	143451861	6.099602719595	-6.89073709760959	4.25015044329424	-1.62129251412302	NA	NA	NA	NA
chr7	143498837	143499424	15.6073279340582	-3.42292631369158	4.06947971533737	-0.841121360254233	NA	NA	LOC105375547	Intron
chr7	143989267	143989878	94.6708894600209	-0.302063280206175	3.00242709552936	-0.100606366314756	0.919862942763608	1	OR2A25	Intron
chr7	144093431	144093838	9.99254950715873	7.6643128808264	4.24968930485424	1.80349958103332	NA	NA	OR2A12	Intron
chr7	144452508	144452898	68.3153092376663	-7.64624218802715	3.25323024335487	-2.3503538378956	NA	NA	LOC124901817	UTR
chr7	144535527	144535781	48.3114059634253	-0.25862912860082	3.1078255194326	-0.0832186771695081	NA	NA	NA	NA
chr7	145440507	145441019	28.2523410436645	3.58333255523212	4.02541070271344	0.890178125878353	NA	NA	LOC105375553	Intergenic
chr7	145805095	145805334	27.0952243813421	-7.69322374197222	3.43605110111071	-2.23897244702949	NA	NA	NA	NA
chr7	147442272	147442667	53.2126723261495	-1.23200383490471	3.12164391417695	-0.39466507672754	0.693090079572699	1	MIR548F4	Intron
chr7	147962995	147963246	79.6201327007803	1.63687712144211	3.27476191694309	0.499846145447452	NA	NA	LOC105375556	Intron
chr7	148031042	148032053	86.4905372959215	8.66914066971015	3.21807000517683	2.69389437015488	0.00706225422789753	0.0422799855762872	NA	NA
chr7	148881142	148881710	72.1262411408102	-7.55425663489001	3.21104450681045	-2.35258546521789	NA	NA	EZH2	Promoter
chr7	148995089	148996028	4.31864750795342	-0.338607991679175	4.09954111496012	-0.082596559513337	0.934172337039503	NA	GHET1	Intergenic
chr7	149195170	149195890	37.0602636204944	7.86265129346079	3.23284301151357	2.4321166432946	NA	NA	NA	NA
chr7	149203994	149204605	52.9325939796852	-2.47396987436903	3.48159194779353	-0.710585821505277	NA	NA	ZNF282	Intron
chr7	149308723	149309196	11.1358778405653	-5.32662319778534	4.21548264699205	-1.2635856066413	NA	NA	LOC124901770	Intergenic
chr7	149382149	149382499	97.4998840580615	-7.25473547924072	3.08508461669259	-2.35155153929562	NA	NA	LOC101928733	Intron
chr7	149843593	149844001	31.8034688147907	21.1724910531558	4.24843960921457	4.98359233051922	NA	NA	ZNF862	Intron
chr7	150003269	150003979	147.581925892179	1.74444742771311	2.94985960676267	0.591366254757988	0.554275045613651	0.983733727502545	LOC100134040	Intron
chr7	150409380	150409942	37.029176864716	-2.64576244473763	2.99570054010429	-0.883186556639445	NA	NA	LINC00996	Intron
chr7	151080977	151082126	106.252630378362	3.43382391857704	2.60660094982679	1.31735696590045	NA	NA	FASTK	Promoter
chr7	151341691	151342119	16.4164034698625	-3.37641569424143	3.64154633196832	-0.927192842392429	NA	NA	NUB1	Promoter
chr7	151398092	151398588	82.1372367634436	-6.20457081202656	3.67371586789206	-1.68890873304981	NA	NA	WDR86-AS1	Intron
chr7	151553350	151553873	36.3144445877155	-2.0596084022794	3.9973339846567	-0.515245513681111	NA	NA	RHEB	Intergenic
chr7	151580135	151580559	33.4170162062145	21.8174376513556	3.80973715202065	5.72675667133198	NA	NA	NA	NA
chr7	151649388	151650002	16.7103014166621	-8.16049721467749	4.24833824760153	-1.92086805218126	NA	NA	NA	NA
chr7	151877470	151877912	11.1593770612927	1.95729093053842	4.01438501563422	0.487569309599266	NA	NA	PRKAG2	Promoter
chr7	152281172	152281521	21.785503642138	6.82107770727155	4.25179497381379	1.60428189724143	NA	NA	LOC731075	Intron
chr7	153034836	153035250	77.6797720131773	-7.37612989860972	3.56089500860289	-2.07142582996394	NA	NA	ACTR3B	Intergenic
chr7	153144414	153144840	26.8656858903501	13.6055283715466	4.40735632387878	3.08700440167107	NA	NA	LOC105375577	Exon
chr7	153350341	153350811	65.2458597128704	9.7232752516934	3.23061456647976	3.00972927955574	0.00261480639558742	0.0344512798559998	NA	NA
chr7	153433408	153433840	106.101256318701	1.41229184679978	3.11173082669072	0.453860544326621	NA	NA	LOC105375578	Promoter
chr7	154155838	154156196	32.3420323311313	7.64213466289413	3.38861230421989	2.25524019179688	NA	NA	NA	NA
chr7	154301175	154301718	31.7231945148381	7.05984289268993	4.2492174175805	1.66144543780718	NA	NA	LOC101929998	Intron
chr7	154574346	154574789	29.9334568992153	-22.804063655763	4.19319803991621	-5.43834644552555	NA	NA	NA	NA
chr7	154740794	154741193	69.1753092583728	-1.84606054550489	3.33275949767106	-0.553913520250987	NA	NA	LOC105375580	Intron
chr7	155113991	155114740	18.3731460636182	-19.5707954946336	4.25626809337026	-4.5981115534329	NA	NA	HTR5A-AS1	Intergenic
chr7	155252664	155253196	27.6048648696472	8.32248092568039	3.78699876320021	2.19764553570846	NA	NA	LOC105375587	Promoter
chr7	155412149	155413146	10.6750296191327	8.07139220661658	4.20647670927915	1.91880111657619	0.0550095085048207	0.117561691934652	LOC105375594	Promoter
chr7	155561504	155562311	37.4579221686557	-7.59457240355993	3.38974051822748	-2.24045833677298	NA	NA	CNPY1	Intron
chr7	155901424	155901908	44.8692521813395	1.16820151892836	3.03672010780946	0.384691864068778	0.700465723730207	1	LOC389602	Intergenic
chr7	155957305	155958478	45.8254208489614	-2.06186041739831	3.63387772758686	-0.567399503220911	NA	NA	LOC124901788	Intron
chr7	156235106	156236249	129.883653461574	8.27564752847733	3.44192248246456	2.40436778301632	NA	NA	LOC124901791	Exon
chr7	156382600	156383085	57.406930652774	-8.51946542883403	3.67198232499331	-2.32012702535259	NA	NA	NA	NA
chr7	156470931	156471189	48.2479603697373	-1.06594409012602	2.67211982863668	-0.398913281770701	NA	NA	LOC105375599	Exon
chr7	156657365	156658183	53.6187370863236	8.55314166986334	2.89604940958008	2.95338250845089	NA	NA	RNF32-AS1	Promoter
chr7	157064670	157065471	33.3714078976359	-14.9371611138267	4.40735632388087	-3.38914306358464	NA	NA	MNX1	Intergenic
chr7	157513198	157513898	15.0532246801212	1.23367091135942	3.77021062191402	0.327215382660273	0.743504987059097	1	LOC105375610	Exon
chr7	157582259	157582796	14.0639500905757	-19.723235426511	4.25476381301673	-4.63556528476883	NA	NA	MIR153-2	Intron
chr7	157840357	157841038	78.5769483319332	-5.83342296174957	3.87565489562535	-1.50514509646719	NA	NA	NA	NA
chr7	157868474	157869011	18.9963225430448	8.91339262754588	4.24815249980901	2.09818094523363	0.0358891642004373	0.0858301704687707	PTPRN2-AS1	Exon
chr7	157936154	157936779	13.4831677854579	-7.21671289616618	4.24836395340926	-1.69870401295888	NA	NA	LOC105375613	Intron
chr7	157955729	157956494	58.3989370080627	1.47856487432863	3.68952805627692	0.400746342560853	NA	NA	NA	NA
chr7	158028752	158029134	39.7476029688975	-0.608440423387157	3.5931876691961	-0.169331657403601	0.865535776505748	1	NA	NA
chr7	158131148	158131587	26.6690190767129	13.5859939758422	4.40130960068492	3.08680715706251	NA	NA	NA	NA
chr7	158262864	158263353	136.350998100619	-11.0778125386614	2.98559680523145	-3.7104181379249	0.000206917199821622	0.0199478111250479	NA	NA
chr7	158332470	158333559	63.8544124625282	-0.369834766544857	3.5664840476359	-0.103697300087465	NA	NA	MIR595	Intron
chr7	158553425	158553784	115.052994577396	6.41622307561211	2.56267623154736	2.50371974291031	NA	NA	NA	NA
chr7	159055317	159055767	32.3014167650783	-19.182512249619	4.05547617681285	-4.73002710737023	NA	NA	LINC00689	Intron
chr7	159205742	159206210	83.7059456686341	-8.28002322014413	2.77226916842628	-2.98673134428876	0.00281977399646938	0.0345683251624032	VIPR2	Intergenic
chr8	579386	580198	109.137891949273	-6.88181536561599	3.06396958950524	-2.24604558386862	NA	NA	TDRP	Intergenic
chr8	984000	984786	11.1310600425897	19.92279063125	4.25006705732555	4.68764148012922	NA	NA	LOC124902044	Intron
chr8	1253006	1255165	57.6712937859933	1.23846870704379	3.86893158172285	0.320106127721261	0.748887880627536	1	LOC105379585	Intron
chr8	1493960	1494152	45.2008079190308	-0.363102758359166	2.94361763955546	-0.123352555535712	NA	NA	LOC105377775	Intron
chr8	1695451	1695735	79.1001676680886	-9.41149254319052	3.91132552087228	-2.40621561487719	NA	NA	NA	NA
chr8	1709680	1710416	13.1534023328724	20.018922922896	4.22568754129556	4.73743567816148	NA	NA	LOC105377778	Intergenic
chr8	2353798	2354195	123.888921644708	-3.74784985295823	3.0669953511627	-1.22199397907056	NA	NA	LOC105377782	Intergenic
chr8	3602086	3602575	47.34102397777	-7.02458723093022	4.24987614694818	-1.65289222274737	NA	NA	LOC105377791	Intron
chr8	4904597	4905175	14.9075712815748	0	4.40735632387973	0	NA	NA	CSMD1	Intron
chr8	5387469	5388519	1.34649561801813	-0.438295567254681	4.14216291745853	-0.105813213045614	0.915730553152638	NA	LOC105377793	Intergenic
chr8	5837933	5838181	45.2802549925145	1.19250530672762	4.31614262997821	0.276289596744314	NA	NA	LOC107986908	Intergenic
chr8	6141661	6142152	37.5793442010954	8.37717718163596	3.80810822146355	2.19982644779365	NA	NA	LOC105377796	Intron
chr8	6212746	6213012	103.947253475357	1.36557497097849	3.69932148497741	0.369142010642751	NA	NA	LOC105377797	Intron
chr8	6405758	6406512	12.8483271304588	7.17475465771846	3.88388827180971	1.84731232095288	NA	NA	MCPH1	Promoter
chr8	6637968	6638657	41.3694251499515	22.484772522564	3.72517015968411	6.03590482010913	NA	NA	ANGPT2	UTR
chr8	8351344	8352013	105.547800423459	1.41647279109494	2.58848514048704	0.547220754308994	NA	NA	LOC105379222	Intron
chr8	8884767	8885092	54.2502816857071	2.12967377434973	3.87879260887578	0.549055850389224	0.582967122262592	1	LOC105379227	Intron
chr8	9230870	9231378	7.60215437486475	15.9008308395639	4.29862740839457	3.69904840054571	NA	NA	LOC124901883	Intron
chr8	9804860	9805925	43.0413566369039	13.6361179527865	4.40735632388162	3.09394497533545	NA	NA	LOC124902057	Intron
chr8	11382272	11382798	5.37474270245462	0	4.40735632388287	0	1	NA	LOC105379244	Intron
chr8	12013363	12014174	3.26888309151436	6.37516618480487	4.25351762156198	1.49879858319801	0.133925892281446	NA	LOC105379245	Intron
chr8	13093688	13094356	75.6843510038849	9.73672158479547	3.35835690355246	2.89925158773208	NA	NA	LOC101930149	Intron
chr8	14315106	14315388	48.8795611950372	-0.197741909023616	3.10788978339586	-0.0636257791637489	NA	NA	LOC105379292	Intron
chr8	15792438	15792913	106.264480186206	-0.248863712048463	3.6117246623999	-0.0689043975691934	NA	NA	LOC124902060	Intergenic
chr8	16727413	16727766	42.6476912733183	-15.218282808284	4.29450511890024	-3.54366391165956	NA	NA	LOC101929028	Intron
chr8	17397465	17398167	14.6901148939965	-7.28759362287993	3.87395127582454	-1.88117844133928	0.0599476493468974	0.124295126168796	MTMR7	Intron
chr8	17729881	17730593	8.15252433629024	4.04952991019898	4.12242524520959	0.982317366434887	NA	NA	MIR548V	Intron
chr8	17773339	17774082	35.1429011167504	-2.28768737889781	4.07605050355322	-0.561250989629192	NA	NA	NA	NA
chr8	17778228	17778746	30.1114291794812	13.6031709874582	4.40735632388398	3.08646952680931	NA	NA	MTUS1	Intron
chr8	17879763	17880144	38.7940938644649	7.92969016769084	3.92397148997183	2.02083276801478	NA	NA	LOC124901893	Intron
chr8	17935287	17936110	33.9432425958735	-16.6320463605485	3.755040863516	-4.42925841956757	NA	NA	PCM1	UTR
chr8	18731481	18732080	24.3242496101579	8.23088864335017	3.26428041922089	2.52150170521033	NA	NA	LOC124901895	Intron
chr8	18991199	18991663	88.7915233825749	9.24373177982236	2.99183624633754	3.0896516449181	0.00200391378760162	0.0328342920264512	LOC105379303	Promoter
chr8	19894961	19895397	11.1349110560679	19.2913820291003	4.25210888099438	4.53689747111765	NA	NA	LPL	Intergenic
chr8	20035465	20035834	39.11838032179	9.94927177823936	3.69844188980321	2.69012521345002	0.00714252138664097	0.0424792061416016	NA	NA
chr8	20063432	20064015	24.1353780635721	0.252523142142724	4.08377797053329	0.0618356688254889	NA	NA	LOC105379311	Intergenic
chr8	20948195	20948592	51.9285218170838	-7.31506156850017	3.24814970613369	-2.25207032628042	NA	NA	LINC03023	Intron
chr8	22921306	22921531	55.824189898764	-0.739250368833003	2.55561608808361	-0.289265031739312	NA	NA	LOC124901907	Intron
chr8	23246409	23246986	25.4211056482373	-3.68157047481521	3.13950921439683	-1.17265796129301	NA	NA	CHMP7	Promoter
chr8	23356204	23356709	12.5654452341445	-6.25534523083831	4.1721435030815	-1.49931209849761	NA	NA	LOXL2-AS1	Intron
chr8	23529401	23530061	1.79462638588673	2.41299741143377	4.29862475767057	0.561341719145864	0.57456460637226	NA	SLC25A37	Promoter
chr8	23604768	23605166	58.2151368491054	-0.455240593460534	3.59740765086088	-0.126546846408022	NA	NA	LOC107986930	Intergenic
chr8	23700567	23701059	24.699640858746	9.28313605551605	4.09314189265469	2.26797318514049	0.0233308410887122	0.0669558106164947	NKX2-6	Intergenic
chr8	24068245	24069471	38.9282201578141	20.1808509765513	4.24982914325579	4.74862642621222	NA	NA	LOC107986931	Intergenic
chr8	24135442	24136151	40.43847471253	2.82411678983526	3.99254834250772	0.707346924210675	NA	NA	ADAM28	Intergenic
chr8	24220958	24221316	73.4336373044515	-8.50568101853029	3.88995518598267	-2.18657558040263	NA	NA	NA	NA
chr8	25217449	25218128	29.9181787245502	6.02207897092871	3.87569369840701	1.55380673488307	NA	NA	DOCK5	Intron
chr8	25728921	25729310	41.681964691559	3.32038113617143	3.61546268106616	0.918383462664394	NA	NA	LOC105379333	Intergenic
chr8	26532509	26532780	57.1243600572511	-1.53050876034393	2.65325813564885	-0.576841257840766	NA	NA	PNMA2	Intron
chr8	26767056	26767296	58.6724635349421	-1.05373154774147	2.85237678705483	-0.369422284083822	NA	NA	LOC124901918	Intron
chr8	26892500	26893058	58.8480375997669	8.10834721185554	3.55452030158104	2.28113684095403	NA	NA	ADRA1A	Intergenic
chr8	27048398	27048867	84.388618899129	9.14471010920392	3.13502778181696	2.91694707212576	NA	NA	MIR548H4	Promoter
chr8	27288356	27288885	67.1138933645268	13.5552703119344	4.40735632387826	3.07560118034806	NA	NA	TRIM35	Intron
chr8	27616934	27617379	71.2261357725505	1.39104524682494	3.44478187022785	0.403812287462176	NA	NA	CLU	Promoter
chr8	28421179	28421840	35.4877719223932	-2.85958599864702	3.08114923556161	-0.928090715516997	NA	NA	ZNF395	Intron
chr8	28502572	28503075	26.7413505502716	-5.87648931112276	2.9827016723345	-1.97019010168836	NA	NA	MIR4288	Promoter
chr8	28701536	28702050	47.5387324216971	0.458844013733946	2.64174644411568	0.173689649419607	0.86210937244769	1	EXTL3-AS1	Promoter
chr8	29276551	29277090	35.7872634980069	-22.1886046607465	4.086007919521	-5.43038709120946	NA	NA	KIF13B	Intergenic
chr8	29422118	29422471	59.0166897079581	-22.8342608172151	3.82395864994291	-5.97136708514253	NA	NA	LOC105379349	Intergenic
chr8	30772745	30773260	13.4849128018799	20.5918424233382	4.24922330172557	4.84602501708396	NA	NA	LOC105379356	Intergenic
chr8	31165937	31166360	24.6372591227421	-4.48669016071677	4.10222163813569	-1.09372202589127	NA	NA	LOC101929492	Intron
chr8	31246932	31247391	20.9104221599918	-8.76931922858246	4.10239936178994	-2.13760739879705	0.0325486207427368	0.0803933146214045	NA	NA
chr8	32349154	32349573	70.3081661497134	-6.53270854401439	3.03748171674041	-2.15069888586022	NA	NA	NRG1-IT3	Intron
chr8	33472910	33473165	62.159647240099	7.22869685885067	3.20166320889517	2.25779427354108	NA	NA	POFUT3	Promoter
chr8	34555112	34555603	53.7288106532651	0	4.40735632387836	0	NA	NA	LINC01288	Intergenic
chr8	37371006	37371478	70.872814563381	6.24415114018882	3.89626589907193	1.60259882203526	NA	NA	LOC100507403	Intergenic
chr8	37482532	37483039	29.2217731940096	3.25405317984319	3.95830336024435	0.822082817735907	NA	NA	LOC105379379	Intron
chr8	37849426	37849879	48.3839113894761	-7.44820615808704	3.86461482383012	-1.92728292407296	NA	NA	BRF2	Promoter
chr8	38290850	38291194	34.5397213509194	0.833361422850753	3.18117326589085	0.261966687506844	NA	NA	NA	NA
chr8	38312549	38313002	6.88997803376316	1.11917226548741	4.09350802270154	0.273401752062234	NA	NA	PLPP5	Intron
chr8	38336243	38336904	142.49939115708	-0.173604575123894	3.19913773671682	-0.0542660521087969	NA	NA	NSD3	Intron
chr8	38516132	38516495	50.8207096491391	-6.56177200153186	4.11940831762697	-1.59289186591531	NA	NA	LOC105379384	Exon
chr8	40349644	40350436	27.8622539591584	19.9047772176424	4.25022960860468	4.6832239786163	NA	NA	LOC105379388	Intron
chr8	42121135	42121668	25.7210464258506	-7.3019802875083	4.24828891659163	-1.71880501323498	NA	NA	AP3M2	Intergenic
chr8	42434606	42434965	88.9389150034113	8.97011417915672	2.9322792469353	3.05909274791339	NA	NA	VDAC3	Intron
chr8	42793734	42793974	34.0906408196629	0.50894547792625	3.29227682323104	0.154587692728333	NA	NA	CHRNA6	Promoter
chr8	43208455	43209241	44.5758745509715	-23.6247805324108	4.16159301639559	-5.67685990420864	NA	NA	HGSNAT	Intergenic
chr8	43484992	43485360	13.3225958872213	4.66185108744803	4.25980806628414	1.09438054835053	NA	NA	LOC105379397	Intergenic
chr8	43893870	43894567	16.7240737073044	21.3581250611347	4.2483504845281	5.02739242887751	NA	NA	NA	NA
chr8	48038885	48039266	7.55651725664325	-5.660813375137	4.25431365318912	-1.33060555394018	NA	NA	UBE2V2	Intron
chr8	48710594	48711028	120.939888990073	0.147347294826161	3.44905231937894	0.0427210958785031	0.965923862840849	1	CLXN	Exon
chr8	49175052	49175505	89.7588815980861	-0.574507270350293	4.29701659533104	-0.133699104391295	NA	NA	LOC105375826	Intron
chr8	51063069	51063570	45.9394828870543	-2.78557535617641	3.76800094245169	-0.739271406435462	NA	NA	LOC105375831	Intergenic
chr8	52438219	52438858	4.44455996244042	3.85899023421264	4.28397964374869	0.90079565150217	NA	NA	ST18	Intron
chr8	53934078	53934368	73.5959758033633	7.94364178148219	3.60623160519752	2.20275419083825	NA	NA	RGS20	Intron
chr8	55120029	55120628	95.864273618531	8.03831705307814	3.2061277325259	2.50717305225556	NA	NA	XKR4	Intron
chr8	55939646	55940283	47.4791714943873	-2.91347785724562	3.28671889488226	-0.886439622744185	NA	NA	SNORA1B	UTR
chr8	57008528	57008843	65.0518806822553	13.4811886646321	4.046540419616	3.33153441376262	NA	NA	BPNT2	Intergenic
chr8	57165545	57166047	21.9145537926012	7.19855614337425	4.1244131029601	1.74535284504062	NA	NA	NA	NA
chr8	57722400	57723089	23.2916143455823	-3.36890581904678	3.62706112884166	-0.92882521120417	NA	NA	LINC03018	Intron
chr8	58405762	58406822	38.7979349913753	-23.5935761871182	4.24752672524587	-5.55466221010122	NA	NA	UBXN2B	Intergenic
chr8	59035402	59036261	19.2267904634485	4.78929443830483	4.26646221282083	1.12254467505018	NA	NA	TOX-DT	Intron
chr8	59239643	59239958	3.67311955832537	-5.37125416598705	4.25592555892244	-1.26206487675198	0.206925442492512	NA	NA	NA
chr8	59286842	59287410	21.4152698023557	21.6434242824627	3.99776882538769	5.41387589622914	NA	NA	LOC124900267	Intron
chr8	61479954	61480356	42.541416655088	19.9517220059545	4.06072047046171	4.91334534132214	NA	NA	LOC105375870	Intron
chr8	61628559	61628992	34.0230058344013	-1.18228807715887	3.17842889658797	-0.371972479368047	NA	NA	NA	NA
chr8	61638529	61639340	14.6592216879363	-2.65404620161084	4.09285375702254	-0.648458596170706	NA	NA	ASPH	Intron
chr8	62120425	62120994	2.62648966775455	3.47011029398375	4.29534414213155	0.807877129086499	0.419161318564335	NA	NKAIN3	Intergenic
chr8	62831092	62831510	37.5865452457689	6.40410625457006	3.11724516505397	2.05441212207612	NA	NA	GGH	Intron
chr8	63336793	63337059	43.3729169821791	-22.2820212714191	4.18818163100813	-5.32021369523451	NA	NA	LOC105375874	Intergenic
chr8	64340612	64341086	43.1541405993648	-9.81143073041855	3.4447912719015	-2.84819309966571	0.00439682376567151	0.0371469970482901	LOC105375877	Intron
chr8	64967445	64968149	16.1503901383382	0.139187781296825	4.08542283200001	0.0340693698107831	NA	NA	LOC105375880	Intergenic
chr8	65099524	65099966	69.8473696733077	-9.01227641439884	3.59985437605195	-2.50351138489186	NA	NA	LINC00251	Intergenic
chr8	65433607	65433948	32.3472341868688	-7.44097155710246	3.80556837538577	-1.95528520922927	NA	NA	LINC01299	Intergenic
chr8	68663588	68664708	38.4116245322943	4.37749554309715	2.92452065691352	1.49682496950357	NA	NA	LOC107986951	Intron
chr8	69386847	69387497	29.8507720540954	-15.9776507993695	4.3800637116976	-3.64781241804744	NA	NA	LOC124901958	Intron
chr8	69943095	69943637	47.0110480805679	-8.71440382875553	3.8980210047271	-2.23559693962337	NA	NA	SLCO5A1	Exon
chr8	70366180	70366380	64.6979108333917	-0.76897236532893	2.85882918198761	-0.268981571257889	NA	NA	NCOA2	Intron
chr8	70516720	70516913	44.5260708439177	-15.1444438153189	4.12447498090686	-3.67184766192691	NA	NA	LOC105375890	Intergenic
chr8	70693583	70693999	81.7524079965189	-9.33570435120567	3.68849995745338	-2.53103008238917	NA	NA	LOC105375894	Intron
chr8	73293896	73294496	8.66857962388783	3.25789902892332	2.31416659091802	1.40780661241459	0.159188341840056	0.306183534092363	RDH10	Promoter
chr8	73309151	73309513	50.5408371298867	8.06562010106857	3.84442700988488	2.09800318235463	NA	NA	RPL7	Intron
chr8	73404052	73404640	4.52463667988861	2.2855261634229	4.10991160527372	0.556101051051846	0.57814177662697	NA	STAU2-AS1	Intergenic
chr8	74315186	74315772	58.7945278107132	8.14373705654099	3.64939956293028	2.23152793113232	NA	NA	GDAP1	UTR
chr8	74320939	74321637	26.1731871619409	8.40505448079117	3.73591553554747	2.24979778070905	0.024461784970539	0.0685319788042535	JPH1	Promoter
chr8	74468505	74469778	61.9994658528418	-1.56573223873712	2.83314747479794	-0.552647630476345	NA	NA	MIR5681A	Intron
chr8	74890731	74890969	122.843627600549	9.73717039873655	3.31342874131827	2.93869920222354	NA	NA	PI15	Intergenic
chr8	75521334	75521702	57.924898174234	6.35573411830885	3.81738272828364	1.66494547984883	NA	NA	NA	NA
chr8	75676310	75677001	15.1205342401189	-15.3025531406178	4.40735632387972	-3.47204809779193	NA	NA	HNF4G	Intergenic
chr8	75893134	75893695	50.0758501815622	9.38161581902874	3.98619985047491	2.35352369949816	NA	NA	LOC102724858	Intergenic
chr8	76546499	76546907	27.7092424019343	-8.18593264008569	3.10088978713498	-2.63986571662354	0.00829388828572272	0.0438184328867156	NA	NA
chr8	76549651	76550165	22.2739880832283	-7.67082720111472	4.24804105115613	-1.80573283279056	NA	NA	ZFHX4	Intron
chr8	77881831	77882334	31.6767043134273	13.4848021127136	4.40735632387907	3.05961241201509	NA	NA	LOC105375909	Intron
chr8	79146292	79146873	29.9577670212008	-0.817666852817133	4.01667754982538	-0.2035679595074	NA	NA	LOC107986892	Intergenic
chr8	79809927	79810489	47.7844915968381	-1.20336239655818	3.65115773545145	-0.329583787869243	0.741714474157394	1	LOC124902076	Intron
chr8	80222690	80223477	39.4164733157065	-0.737090771440169	4.02084594985295	-0.183317336857217	NA	NA	LOC105375920	Intron
chr8	80253348	80253817	41.27436891687	-0.542398925646856	3.73234354525411	-0.145323955062108	NA	NA	MIR5708	Intron
chr8	80710815	80712195	65.3924272097358	-5.31945943853095	3.18331625025742	-1.67104334610198	NA	NA	NA	NA
chr8	80774365	80775037	82.5903611038042	-2.684236678056	2.67221679864168	-1.0044980929019	NA	NA	ZNF704	Intron
chr8	82190748	82191252	42.6894676724527	-18.4922386853999	4.02312879126043	-4.59648190372904	NA	NA	LINC02839	Exon
chr8	83546479	83546900	36.6066271139475	-16.0641340212927	4.00236668297613	-4.01365874086968	NA	NA	LINC01419	Intergenic
chr8	83574480	83574926	20.3669718688059	2.05889427007711	4.26297671782186	0.482971033238271	NA	NA	LOC105375932	Intergenic
chr8	83925944	83926452	57.9211697484415	4.43101510560349	3.46114337762698	1.28021714854282	NA	NA	LOC124901968	Intron
chr8	86188882	86189247	47.8423859479549	-3.29567007991808	3.21863709465468	-1.0239334174677	NA	NA	LOC105375623	Intron
chr8	86813568	86814454	66.0465753277313	-0.383165823320886	3.55041540952512	-0.107921406124174	NA	NA	CNBD1	Intron
chr8	86902194	86902725	82.9964361031391	9.18798952476506	3.2181716687763	2.85503399769185	0.00430322221687355	0.0368990868974514	NA	NA
chr8	87312456	87313048	73.6606771738538	7.95053324109273	3.0393816444363	2.61583906570156	NA	NA	NA	NA
chr8	87839630	87840235	20.1354741268956	-22.5889596081676	4.24804109395207	-5.31750025684251	NA	NA	NA	NA
chr8	87868381	87869119	27.6021600735687	5.33730704906583	4.25389581525514	1.25468682846567	NA	NA	DCAF4L2	Exon
chr8	88327563	88328141	29.0226188720814	0.27403835454624	3.03461897844251	0.0903040403071915	NA	NA	MMP16	Promoter
chr8	89392503	89392841	15.2068212459663	-21.8570839514627	4.24864607727224	-5.14448216065473	NA	NA	LOC112268015	Intergenic
chr8	91788304	91789008	17.5120851301197	-7.37073611567475	4.10492653254211	-1.79558295556393	NA	NA	RUNX1T1	Intron
chr8	91943740	91944188	34.3552115863022	6.76203664054725	4.10626019133529	1.64676282687005	NA	NA	NA	NA
chr8	92400647	92401131	41.4176124362763	-7.68332487035908	3.90091613279257	-1.96962062469638	NA	NA	LOC105375638	Intron
chr8	93474680	93475049	68.9507159409349	0.321639224538023	3.27410545744797	0.0982372830436339	NA	NA	LOC105375641	Intron
chr8	95809291	95809835	27.9946469981446	3.72221721896903	3.84082608703576	0.969118917290456	NA	NA	SRSF3P2	Exon
chr8	96110435	96111465	15.1234026401249	0	4.40735632387948	0	1	1	GDF6	Intron
chr8	96261096	96262181	23.865423488165	2.54783704280417	2.37562026764889	1.0724933936204	NA	NA	MTERF3	Promoter
chr8	96457461	96457824	42.8833866927391	-1.10538599426401	2.97131280399097	-0.37201939586411	NA	NA	NA	NA
chr8	96563556	96564310	36.7070411492445	13.6104903987636	4.14113296153327	3.28665863308195	NA	NA	SDC2	Intron
chr8	96743960	96744391	22.7867017247954	-7.00769246872447	3.47651752919845	-2.01572188544097	0.043829065779316	0.100054230970964	CPQ	Intron
chr8	97264960	97265685	10.4295934728154	-0.685053318968862	3.78818446084416	-0.180839482884158	0.85649357114322	1	TSPYL5	Intergenic
chr8	97399701	97400518	76.8363019723994	2.72039388591733	3.08521580239289	0.88175157271248	0.377911165069922	0.710253000464053	SNORD3H	Intergenic
chr8	98373612	98374924	27.0961975508548	0.217043546790821	3.4756076280743	0.0624476552064297	NA	NA	LOC124901988	Intron
chr8	99913090	99913358	30.3925665451325	-9.30222804793192	3.46139456868348	-2.68742203853113	0.00720059091138515	0.0425446678685763	NA	NA
chr8	99945528	99945857	24.3067351492993	9.26914681684448	4.2479085148099	2.18204953909166	NA	NA	COX6C	Intergenic
chr8	100113334	100113863	15.388750102991	3.63128422459784	4.09784390782502	0.886145081725475	NA	NA	RGS22	Intron
chr8	100234430	100234904	25.7738461917369	-6.8265041712162	3.51954318899863	-1.93959948909121	NA	NA	SPAG1	Intron
chr8	101095189	101095588	41.3321137699427	0.27672973132234	3.59488214364753	0.0769788049411704	0.938640406134018	1	LINC03090	Intergenic
chr8	101283866	101284078	106.792981392115	1.85968830711852	3.19387747119026	0.582266641063556	NA	NA	LOC107984005	Intron
chr8	101607347	101607931	44.4913434396721	10.0742353539801	3.51332518042521	2.86743607170483	NA	NA	NA	NA
chr8	101623799	101624355	97.5614863087037	-0.285153813002354	3.01101600120729	-0.0947035196385604	NA	NA	GRHL2-DT	Intron
chr8	101901128	101901515	9.46399665027096	20.1491269315268	4.16407249907795	4.83880310344942	NA	NA	LOC124902079	Intron
chr8	102600818	102601236	51.1688745645567	8.19006632799386	3.76945869410771	2.172743354582	0.0297996387840324	0.0764432328866875	NA	NA
chr8	102621275	102622325	3.64140892832776	1.23844087526904	4.40735632388578	0.28099404365317	0.778714968338101	NA	LOC101927245	Exon
chr8	103277065	103277288	31.4610215090771	-21.9002742099	4.18885780139951	-5.2282209729304	NA	NA	BAALC-AS1	Intron
chr8	103583387	103583841	71.036913869938	-15.0965431742415	3.97214710220935	-3.80060022596965	NA	NA	SLC25A32	Intron
chr8	105384785	105385194	29.3488791232241	2.19594624965115	3.86625582380509	0.567977482537599	0.570050257863344	0.996760992472849	LINC03084	Intron
chr8	106298957	106299424	4.09187303207839	-3.86834416311841	4.27214773097263	-0.905479961536283	0.365211171038612	NA	OXR1	Intron
chr8	107404309	107404713	37.8388085111284	-1.18510263386819	3.665347629979	-0.323326121695851	NA	NA	ANGPT1	Intron
chr8	108315106	108315529	48.3302839348063	-6.59491892869845	3.84906271370034	-1.71338308030797	NA	NA	LOC105375704	Intron
chr8	108719207	108720163	30.121281581235	-1.10443810128041	3.48718243876821	-0.316713599208916	NA	NA	TMEM74	Intron
chr8	108753741	108754281	71.1537041067209	0.246300407354403	3.60472336566273	0.0683271314799272	NA	NA	NA	NA
chr8	109230785	109231254	42.0208793556823	0.320421170956054	3.82940974015726	0.0836737755158307	NA	NA	NUDCD1	Intergenic
chr8	109361998	109362542	18.2425013978895	7.1395995135497	3.75880059891546	1.89943555814313	0.0575072319861385	0.121180740595499	PKHD1L1	Promoter
chr8	111327930	111328475	12.03753223311	18.3565572507321	4.25540690782805	4.31370199098099	NA	NA	LINC02237	Intergenic
chr8	113020621	113020873	57.7566284448784	-0.683988326583577	3.39622627082743	-0.201396571382429	0.840388495929986	1	MIR2053	Intron
chr8	113214460	113214669	58.2439481235214	-3.19759999433344	2.95191433813794	-1.08322926347195	NA	NA	LOC105375709	Intron
chr8	113840925	113841227	4.05162745962965	2.50835265708344	4.29534386222254	0.583970163400502	0.55924038603318	NA	CSMD3	Intergenic
chr8	115146614	115147197	38.470544527508	-2.05322812928305	3.47496226259315	-0.590863432212026	NA	NA	LOC107986901	Intergenic
chr8	115330587	115330836	20.8577356082718	-8.75314407072564	3.50368718461819	-2.49826642890767	0.0124802356146694	0.0495219793306371	TRPS1-AS1	Intron
chr8	115375049	115375569	31.9077012458152	21.9842369201514	4.04988052935416	5.42836677793486	NA	NA	NA	NA
chr8	115451257	115451830	14.6689049114642	-6.02133205290907	3.90681304494294	-1.54123885213888	NA	NA	NA	NA
chr8	115761576	115761840	67.6803227098692	-0.747019353764763	3.07563370641138	-0.242883069010314	NA	NA	TRPS1	Intron
chr8	116033990	116034763	7.04310774414005	6.35225575059382	4.25041825566862	1.4945013333975	NA	NA	LOC107986903	Intron
chr8	116223584	116224115	58.0338523613486	0.655888618666133	2.83169374377768	0.231624136652268	0.816829958929333	1	LOC124902005	Intron
chr8	116702992	116703628	16.5732791561128	-2.07597076386705	4.01188944441028	-0.51745462895531	NA	NA	LOC105375713	Intron
chr8	116839294	116840109	96.5131720440852	-1.28265594219344	3.22147887784479	-0.398157489411061	0.690514099488213	1	RAD21-AS1	Intron
chr8	117739875	117740158	48.3495480296866	8.60470898175298	3.56794439791165	2.41167126561428	NA	NA	LOC105375721	Intergenic
chr8	118548276	118548943	28.6518323496074	-7.20439458547772	4.13320970972362	-1.74305082283363	NA	NA	SAMD12-AS1	Intron
chr8	119438803	119439659	49.8636007647133	6.72864892034353	3.26790943539851	2.05900715835566	NA	NA	LOC124902009	Intron
chr8	120162488	120163102	15.9835425600458	-8.38723648291447	4.24815144255608	-1.97432615016849	0.0483446692882437	0.106200060998351	COL14A1	Exon
chr8	120276403	120276966	9.38474597850184	-21.587384258328	4.24911281138616	-5.0804450756123	NA	NA	MTBP	Intron
chr8	120709885	120710542	47.011987271355	-7.90434473824654	3.80755212715334	-2.07596494395367	NA	NA	SNTB1-AS2	Intron
chr8	121768013	121768506	47.5276557390107	7.70975842959185	3.62385894374474	2.12749959346512	NA	NA	LINC02855	Intron
chr8	122436558	122436938	37.9462930218317	-19.9960958911333	4.02686612901107	-4.96567187746169	NA	NA	SMILR	Intergenic
chr8	122973349	122973937	14.1945705876389	-1.69222412136284	3.72028315671169	-0.454864334267119	NA	NA	LOC124902013	UTR
chr8	123167609	123168032	54.5450953438584	0.856162207787174	3.54835522757757	0.241284243790797	NA	NA	FAM83A	Intergenic
chr8	123267710	123268485	4.32828813622073	1.23847685626402	4.40735632392384	0.281002207500529	0.778708706685012	NA	ZHX1-C8orf76	Intron
chr8	123573764	123574583	29.2303315075996	-8.89526552087607	3.90584437612301	-2.27742446044551	0.022760890799883	0.0661602742221681	FBXO32	Intergenic
chr8	123747555	123747964	47.2816753612054	8.37552720555401	3.13723592160717	2.66971544851601	0.00759155519819192	0.0428922868697844	ANXA13	Intergenic
chr8	125490385	125491257	7.7464452775534	-2.61493463846959	4.30662609156136	-0.607188686195312	NA	NA	LINC02964	Intron
chr8	125902298	125902773	17.8979591941649	7.85474146946161	3.51292327678738	2.23595588362661	0.0253546611133112	0.0698991258754452	NA	NA
chr8	125913511	125913931	48.9693425896526	1.41071226869442	3.48173072763154	0.405175580494721	NA	NA	LOC105375747	Intron
chr8	126940723	126941143	20.8665047506678	21.1603590405295	4.24830719501116	4.98089193393981	NA	NA	PCAT1	Intron
chr8	129406570	129407150	38.4782399754285	2.53911143572075	4.08435074158341	0.621668313122491	NA	NA	MIR3686	Intron
chr8	130005650	130005902	17.435469682121	5.37470831251496	4.2599927222656	1.26167077338492	NA	NA	MIR5194	Promoter
chr8	130030352	130030881	40.5417000564506	-3.7869639516557	3.95378150223516	-0.957808100805481	NA	NA	CYRIB	Intergenic
chr8	130063137	130063817	28.2109326703116	-15.0889616029291	4.14728198009357	-3.63827723201706	NA	NA	ASAP1-IT2	Intron
chr8	130241096	130241622	73.1829002257877	5.96781966370891	3.84272096836387	1.55301925714629	NA	NA	LOC124902027	Intron
chr8	130770328	130771055	39.5409369065229	-23.1793017533285	4.13011834333327	-5.61226091517302	NA	NA	LOC105375762	Intergenic
chr8	131306692	131307143	46.9693983743208	4.44071249911685	2.99440614351085	1.48300273452894	NA	NA	NA	NA
chr8	131468838	131469317	16.1360128094785	-2.71557722214525	3.72367143321294	-0.72927412389931	NA	NA	IADEN	Intergenic
chr8	131551017	131551341	34.9518501993776	8.72288733330668	4.24769322864519	2.0535586879208	NA	NA	NA	NA
chr8	133898421	133898966	18.8421933577913	18.3729465112195	4.25714307990691	4.31579257881585	NA	NA	LOC101927822	Intron
chr8	134934518	134935534	86.7323163512566	-7.62912962082036	3.27448467160086	-2.32987183815112	NA	NA	NA	NA
chr8	135007609	135008779	49.5726717165893	-5.8926581322759	4.10874231146672	-1.43417563954561	NA	NA	LOC101927845	Intergenic
chr8	135272992	135273624	46.8586815068652	0.276717236022719	3.87393172502983	0.0714305918802913	0.943055062987152	1	LINC01591	Intron
chr8	135571204	135571814	8.6193187329953	6.98676265075155	4.25127896673577	1.64344958432971	NA	NA	LOC101927872	Intron
chr8	135950409	135950737	22.5528338403703	-15.1989675793123	4.4073563238815	-3.44854521903661	NA	NA	LOC107986979	Intron
chr8	136316273	136316491	29.3684652505115	-3.89627406490778	3.94837101151799	-0.986805458134954	NA	NA	LOC105375775	Intron
chr8	137007775	137008158	76.6975055025912	-1.68224487517885	3.55521139096296	-0.473177172939692	0.636086782076211	1	LOC124902073	Intron
chr8	137289206	137289661	43.6635034089247	-9.83190095894627	3.38851057765774	-2.90154058357475	0.0037133267701128	0.0365844398920166	NA	NA
chr8	138605462	138605963	47.2020712074416	6.93529554607384	3.41331370592029	2.03183655051828	NA	NA	FAM135B	Intron
chr8	139337526	139337989	28.0726892854901	-23.0694079148064	4.24774711847767	-5.43097488418146	NA	NA	NA	NA
chr8	139582581	139582993	36.3201120134058	7.71138994081505	4.12660303513417	1.86870165973314	NA	NA	KCNK9	Intergenic
chr8	139684554	139685859	29.9084393189374	0.9172067130457	4.0833787678961	0.224619552870496	NA	NA	NA	NA
chr8	139763229	139764151	59.5485381435012	0.842172629872472	3.4382674000364	0.244940992624237	NA	NA	NA	NA
chr8	140597542	140598100	15.7643508281264	-5.80695226250953	3.41499749893264	-1.70042650523888	NA	NA	AGO2	Intron
chr8	141440484	141440864	81.3977158071527	6.35258730425288	2.68674078586344	2.36442136051146	NA	NA	NA	NA
chr8	141489790	141490364	19.4974281874641	2.17168552981852	3.89761580172437	0.557183067879019	0.577402357116014	1	LOC124902031	UTR
chr8	142268127	142268856	33.9912239570888	22.2784255114197	4.24769044776438	5.24483264149937	NA	NA	LINC00051	Intron
chr8	142422587	142423079	123.01546005169	9.65994732558459	3.79180329471559	2.54758661638569	NA	NA	TSNARE1	Intergenic
chr8	142575224	142575586	97.1843836028933	7.66982521463143	2.73050084683361	2.80894445556596	NA	NA	ARC	Exon
chr8	142798800	142799592	29.0405236351495	-9.2380586341825	3.7344724736334	-2.4737251912837	0.0133712505595977	0.0512186885842216	LY6D	Intron
chr8	143475333	143475858	43.163422243812	-8.8718335208897	3.63311220952865	-2.44193765819325	NA	NA	MAFA	Exon
chr8	144179207	144179684	71.9404442242983	0.91651983628481	2.98779878591068	0.306754203330816	0.759030469092256	1	MROH1	Exon
chr8	144475355	144475772	28.0863702428852	-0.650513031153951	3.88622423145356	-0.16738947431004	0.867063606617149	1	FOXH1	Promoter
chr8	144496384	144497145	31.7601122643939	1.14381377032633	3.51170457664306	0.325714690789773	NA	NA	GPT	UTR
chr9	908605	909549	2.52171204812085	-5.67209368375692	4.25425715900128	-1.33327475791061	0.182441654120963	NA	LOC105375949	Intron
chr9	940435	941042	91.7762860670214	-0.522383329728188	2.58126452187404	-0.20237496982639	NA	NA	DMRT3	Intron
chr9	1380729	1381628	94.4160064150003	-0.71342156493237	2.42840834141015	-0.293781549324647	0.768924834779876	1	LOC102723803	Intergenic
chr9	2194410	2194777	54.9609897359226	22.1739298250702	4.13993970997066	5.35609969673383	NA	NA	LOC107987043	Intron
chr9	2480626	2481109	61.3076371998355	0	4.40735632387827	0	NA	NA	LOC105375956	Intron
chr9	3732346	3732547	39.7561780099646	-0.396177519302527	3.10748026213336	-0.127491564187939	NA	NA	NA	NA
chr9	3829297	3829824	15.8498286963234	0	4.4073563239228	0	1	1	GLIS3-AS1	UTR
chr9	4720188	4720656	8.09191610805689	7.68243397558168	4.24965629025521	1.80777772385924	0.0706411021168964	0.143182861689853	AK3	Intron
chr9	4952965	4953496	36.1341631784235	-3.08535833749113	3.37823240664742	-0.913305529666935	NA	NA	JAK2	Intergenic
chr9	5383321	5383709	25.3010102275222	8.68070395225128	4.04652891447302	2.14522227215613	NA	NA	RLN1	Intron
chr9	5885230	5886218	11.9782376494526	4.41339651973963	4.18930970469234	1.05349015251756	NA	NA	MLANA	Intron
chr9	6203905	6204373	31.923745624638	3.59742331486686	4.03071010001812	0.892503609934807	NA	NA	IL33	Intergenic
chr9	6392934	6393425	20.9575329440243	-7.7989769629063	3.50079840135084	-2.22777094502126	0.0258957933067658	0.0703199846383976	UHRF2	Intergenic
chr9	7952446	7952877	9.08211861741389	17.1961811945976	4.24864522696255	4.04745048738548	NA	NA	NA	NA
chr9	8200792	8201478	10.9287280978451	-3.22641844028188	3.98975579846634	-0.80867566920314	NA	NA	LOC105375971	Intergenic
chr9	8842275	8842621	24.0144563351291	-21.0402311708375	4.2501111275255	-4.95051318413115	NA	NA	PTPRD-AS1	Intron
chr9	9300141	9300957	75.2605845276621	-7.30074356170165	3.48939686091001	-2.09226518298571	0.0364148004229818	0.0866288936378305	NA	NA
chr9	9790859	9791227	11.0034835103353	-7.82641274192634	3.87072700869611	-2.02194903550244	0.0431816172094183	0.0999665742721625	LOC105375972	Intron
chr9	10255314	10255599	48.733070612065	-0.854155022162277	2.74959293674816	-0.310647809261706	NA	NA	NA	NA
chr9	10465492	10465912	14.2586404930554	-6.67975016038673	4.1710117280531	-1.6014700019807	NA	NA	PTPRD	Intron
chr9	14460087	14460372	50.7166332201359	2.12973419667711	3.64719424575644	0.583937693791629	0.559262231907649	0.985953956074378	LOC124902121	Intron
chr9	15592181	15592606	46.2413487685177	1.80121427896518	3.75451388233182	0.479746336121282	NA	NA	CCDC171	Intron
chr9	16710724	16711564	54.3163077675381	-7.00063193943446	3.44377635626063	-2.03283582184645	NA	NA	NA	NA
chr9	16728237	16728755	46.0835975099106	6.71771946881071	3.12054344094246	2.15274025051926	NA	NA	BNC2-AS1	Promoter
chr9	18728805	18729292	23.8999617672903	-5.23076258802733	3.56543506023901	-1.46707554608404	NA	NA	LOC102724102	Intron
chr9	19260762	19261139	129.719910700224	10.720399716013	3.44675281936554	3.11028967780357	0.00186903947914184	0.0328342920264512	DENND4C	Intron
chr9	27193646	27194442	49.8345174860104	-21.4801987779498	4.24919424459994	-5.05512281657817	NA	NA	TEK	Intron
chr9	28507169	28507525	84.8738368645819	0.224217221544731	3.37482682262474	0.0664381413711619	NA	NA	LOC105376004	Intron
chr9	28813502	28814137	2.7430532711088	5.1373029781832	4.26230647141989	1.20528709341537	0.228092490367762	NA	NA	NA
chr9	28856980	28857595	13.4722150230377	-2.00250318845138	4.09032674523664	-0.489570470325722	NA	NA	MIR876	Intron
chr9	30115447	30115872	38.3976121051956	-4.60840632713224	3.81796114424078	-1.20703332302997	NA	NA	NA	NA
chr9	30182671	30183947	75.2610385433209	-0.270936779432958	3.97893243242541	-0.0680928324454621	NA	NA	LINC01242	Intergenic
chr9	30435093	30435906	48.861592453199	-4.046107669011	3.14622813521896	-1.28601852603083	NA	NA	NA	NA
chr9	31194528	31195183	19.3450280932486	-8.28455995866943	4.07440626778771	-2.0333171054068	NA	NA	LOC107987029	Intergenic
chr9	32325075	32325617	12.7830341187634	-2.90157582876529	4.02881921939698	-0.720205020566693	NA	NA	LOC107987059	Intron
chr9	32932843	32933999	37.9481995350225	0.103281373557193	4.02026105461222	0.0256902156736077	NA	NA	LOC124902140	Intron
chr9	33761045	33761754	8.97951391197245	-7.54178099724636	4.24902600864141	-1.77494347690703	0.0759072205521633	0.152828791490324	PRSS3	Intron
chr9	35041519	35042116	17.8400031751707	1.87430730235498	4.08682226443556	0.458622171721442	NA	NA	SPATA31G1	Promoter
chr9	35057029	35057531	106.743224104192	8.77477249090994	3.35285938723051	2.61710124925877	0.00886800325407689	0.0441118306492639	NA	NA
chr9	35432937	35433419	51.9723433358319	-6.13618000728166	3.12538371834686	-1.96333652449157	NA	NA	ATP8B5P	Intron
chr9	35564691	35565300	87.0896793782684	0.88961596280502	3.06957865821108	0.289816962476368	0.771956270357496	1	CIMIP2B	Promoter
chr9	36211991	36212593	40.4978807221304	18.3305794115146	4.25758164730191	4.305397037572	NA	NA	CLTA	UTR
chr9	38597470	38597870	37.4912582776769	0	4.40735632392258	0	NA	NA	FAM95C	Intron
chr9	42932816	42934551	53.7458752316005	13.4784644396515	4.24748139207143	3.17328392887398	NA	NA	LOC112268044	Intron
chr9	68426896	68427514	15.6800888656361	0	3.96968399890882	0	NA	NA	LOC105376070	Exon
chr9	68551121	68551744	10.5940978382591	-3.64470615812613	4.26211634044448	-0.855139997831696	NA	NA	TMEM252	Intron
chr9	68604207	68604717	39.5608120707472	1.2384679421644	3.94472996826494	0.313955062102547	0.753555169530515	1	LINC01506	Intron
chr9	69069080	69070214	9.84635795160778	20.3271874608314	4.24956500662409	4.78335722106757	NA	NA	TJP2	Intron
chr9	69413870	69414261	14.817194940246	19.1447766868797	4.25280570933371	4.50168147697469	NA	NA	LOC124902177	Intron
chr9	69986336	69986890	65.3728274459686	7.07148324633745	4.17409271263539	1.69413660241215	NA	NA	LOC124902179	Intergenic
chr9	70460528	70461021	81.7671886312004	-6.58378088410861	2.73160586912722	-2.41022358258888	NA	NA	NA	NA
chr9	70475638	70476061	21.955853843411	-5.87310190445551	4.12572160573999	-1.42353325446982	NA	NA	KLF9	Intron
chr9	71709047	71709593	61.1557876326622	1.14451311392681	3.33580046714521	0.343099992100633	0.731523237068664	1	CEMIP2	UTR
chr9	73329761	73330126	11.7278938553494	-5.82986636105743	4.25351152100231	-1.37060081588392	NA	NA	LOC105376084	Intron
chr9	73497842	73498450	7.28277589844639	7.39663635715561	4.25023007032008	1.74029081597425	NA	NA	LOC105376083	Intron
chr9	73769009	73769275	42.214580181427	9.09570800386152	3.44819449209987	2.63781756646866	0.00834414576546251	0.0438184328867156	LOC105376086	Intron
chr9	74677026	74677516	38.3877283870063	-23.3764797106994	3.86757267592332	-6.04422506556225	NA	NA	LOC105376088	Intron
chr9	76593555	76594161	24.0585241690323	-2.6735118808003	4.08808139841083	-0.653977164407632	NA	NA	PCA3	Intron
chr9	78316793	78317110	59.4807760123194	0.259505364072871	3.48646083225721	0.0744323187777966	NA	NA	PSAT1	Intron
chr9	78983524	78983871	60.7441533309514	-4.97831129804494	2.6550162761994	-1.87505867390436	NA	NA	LOC105376097	Intergenic
chr9	79672110	79672544	39.22938387947	-0.14092878247591	3.71580518869508	-0.0379268490459805	NA	NA	TLE4	Intron
chr9	80255588	80256060	7.06112448236881	-6.2888947615449	4.25175260220369	-1.47912998472332	NA	NA	LOC105376103	Intergenic
chr9	80520963	80521559	2.61389288152587	4.95591148204976	4.26434816269428	1.1621732778307	0.245165086825697	NA	NA	NA
chr9	80900065	80900433	42.9825410554187	-7.56559047975065	3.67962201252778	-2.05607816617917	NA	NA	LOC107987085	Intron
chr9	82768556	82768866	38.0176045801391	-21.6214228175881	3.83645483589543	-5.63578192431441	NA	NA	LOC124902189	Intron
chr9	83055065	83055976	20.5915915144521	-21.3592355173984	4.24941544679408	-5.02639381459223	NA	NA	LOC124902188	UTR
chr9	83957652	83958192	27.9938173426076	-7.02585989234284	3.41521573138139	-2.05722286524518	NA	NA	QNG1	Promoter
chr9	84230588	84231147	37.6223094915045	-16.1065930519729	3.74995540591547	-4.29514255731286	NA	NA	SLC28A3-AS1	Intergenic
chr9	85296902	85297592	6.21219428691904	0	4.40735632392341	0	1	NA	LOC105376119	Intergenic
chr9	85385148	85385982	85.0195370712929	6.3711513103364	2.71479224154011	2.34682831814858	0.0189339767829447	0.0604816784868621	NA	NA
chr9	86255047	86255473	40.0658695779845	5.57135630532803	3.3640676442304	1.6561368243838	NA	NA	C9orf153	Intron
chr9	86365831	86366434	4.7129919448417	-0.685052425449848	4.40735632392371	-0.155433864453231	0.876479288603598	NA	LOC102724080	Promoter
chr9	86522572	86522890	27.2782397036357	0	4.40735632392264	0	1	1	LOC105376123	Intron
chr9	86736494	86736929	55.3087751749538	-15.1784711579884	4.28042234070023	-3.54602185248508	NA	NA	LOC124902195	Intergenic
chr9	86852688	86852921	55.040214759808	-16.0721989285852	3.55607899151593	-4.51964058361193	NA	NA	GAS1	Intergenic
chr9	86975507	86976208	20.7357278340155	-1.70724959456403	4.0161675524241	-0.42509421538789	NA	NA	GAS1RR	Intron
chr9	87009673	87010579	61.3433919681909	-1.11145641374995	3.15404355743715	-0.35239095260088	NA	NA	LINC02893	Exon
chr9	88751294	88752911	87.6878800012514	4.65686485871233	2.98849300526357	1.55826526965608	NA	NA	LOC124902205	Intron
chr9	89188862	89189486	26.6640753619254	3.81422968047781	3.54964616570311	1.07453799686603	NA	NA	SHC3	Intron
chr9	89191984	89192380	65.115376308908	9.07266276459887	3.51696380357664	2.57968613591424	NA	NA	NA	NA
chr9	89598646	89599077	47.8625975332592	19.5813033471511	3.82878218343326	5.11423800285045	NA	NA	LOC105376139	Exon
chr9	89661708	89661996	50.7710993571633	0.0298373972556959	2.46090599690327	0.0121245579039761	NA	NA	LOC101927823	Intron
chr9	90963018	90963306	55.7208498059224	-8.30681680406091	2.98230719176298	-2.78536591636302	0.00534673479806991	0.0379252716199222	LINC02957	Intron
chr9	91359906	91361068	50.6845146300228	-2.70411837624033	2.84195370688091	-0.951499797372893	NA	NA	AUH	Promoter
chr9	91690346	91690715	48.4095943335638	0.145974925340046	3.31019745602048	0.0440985552310639	NA	NA	MIR3910-2	Intron
chr9	91709321	91709959	31.2848283085624	3.41158716001122	4.0719287600647	0.837830758109092	NA	NA	NA	NA
chr9	92284281	92284829	119.651761108506	0.346268114561585	2.94577769868806	0.117547265944678	NA	NA	LOC112268048	Intron
chr9	93019223	93019749	20.0174142929323	-15.0775124056832	4.4073563238791	-3.42098784343646	NA	NA	SUSD3	Intron
chr9	93316953	93317536	25.4580374847098	-23.0061910585043	4.24778989003935	-5.41603790537086	NA	NA	NA	NA
chr9	93345478	93345845	71.4525019938414	9.85844414125975	3.17862819650064	3.10147759719521	0.00192557442138403	0.0328342920264512	FAM120A2P	Promoter
chr9	93405111	93406721	61.6762849464659	4.84701883291704	3.36417014208208	1.44077696079819	NA	NA	NA	NA
chr9	93433603	93433972	41.8388972639605	0	4.40735632387858	0	NA	NA	LOC107987097	Intron
chr9	93659721	93660177	54.6318404419866	6.73914142685285	3.39294548756709	1.98622154453921	NA	NA	MIR548AU	Intron
chr9	93851328	93851828	28.6709971231746	0.941156954737285	3.40971998782018	0.276021772491342	NA	NA	MIR4291	Intron
chr9	94460823	94461260	17.1621372650952	-20.1269631134342	4.25304421399125	-4.73236630064237	NA	NA	SLC71A2	UTR
chr9	96105974	96106428	46.3668160119181	1.22259203400757	3.82392998473283	0.319721343980881	NA	NA	LOC158434	Exon
chr9	96736845	96737536	10.8150885573952	16.6588533036678	4.28159746072817	3.89080324726152	NA	NA	ZNF510	Intron
chr9	97349702	97350264	5.50043483617304	4.0512557905835	4.27938777617583	0.946690508660519	NA	NA	MIR1302-8	Intron
chr9	97833434	97834052	105.6443825752	-1.62977444218369	3.03220926060382	-0.537487456211762	0.590930947261847	1	PTCSC2	Intron
chr9	98104570	98105039	119.197465620585	7.1278921797172	3.85490568276447	1.84904450751842	NA	NA	TRIM14	Intron
chr9	98276144	98276459	42.2328139436304	5.094848928597	2.8488228019038	1.78840499493062	NA	NA	NA	NA
chr9	98368758	98369336	57.5144398028212	-1.57014808463995	3.84193483832975	-0.408686807744652	0.682769516318462	1	TBC1D2	Intron
chr9	98395414	98397133	93.5666851731047	-6.52569888141558	3.52303454557267	-1.85229488868235	NA	NA	NA	NA
chr9	98623570	98624134	38.3703985748499	-5.40763537709083	3.57633971128585	-1.5120586447719	NA	NA	GABBR2	Intron
chr9	98795356	98796607	82.936083775996	4.17942698019618	3.3390246408273	1.25169096660534	NA	NA	ANKS6	Promoter
chr9	99352801	99353288	109.692783669386	-7.64596268965014	3.49389256554288	-2.1883794496303	NA	NA	LOC124902232	Intergenic
chr9	99370649	99371778	125.99662302946	1.76928267686448	3.10242800326397	0.570289681179732	NA	NA	NA	NA
chr9	100267768	100268090	55.3269063945465	-0.780824171092362	3.53960111771581	-0.220596656268503	NA	NA	TEX10	Intron
chr9	100742699	100743510	9.97603696515038	-4.58979145904701	4.26229140593789	-1.07683661718973	NA	NA	NA	NA
chr9	100824859	100825390	38.2766717110473	0	4.40735632392258	0	1	1	NA	NA
chr9	100847790	100848243	39.163514858611	-8.78709255188783	3.82708339245879	-2.29602850285485	NA	NA	LOC105376179	Intron
chr9	103888164	103889543	127.835387832714	-7.86988681412198	2.57680983431629	-3.05412014084855	0.00225721666566638	0.0344314628828522	NA	NA
chr9	104020302	104021388	100.91991875967	-7.82437028491644	3.1298790637575	-2.49989540347386	NA	NA	LINC03094	Intron
chr9	104630504	104630781	25.6359189318654	1.620447955853	3.9031206845131	0.41516726917583	NA	NA	OR13C9	Exon
chr9	106117504	106118193	24.5622950764389	0	3.91784855394896	0	1	1	LINC01505	Intron
chr9	107025857	107026346	41.9748280530845	2.49407722589225	3.47102159012201	0.71854270022117	NA	NA	LOC340512	Intron
chr9	107154585	107155377	107.916032973799	7.98233464061004	3.18181806589382	2.50873383559336	NA	NA	NA	NA
chr9	107857453	107858769	101.308508176186	-8.34158385783929	2.84478869764135	-2.93223319705797	0.00336533944374549	0.0365844398920166	NA	NA
chr9	107861179	107861680	122.07661124575	0.373040808517289	3.27331271410844	0.113964305001911	NA	NA	LOC105376209	Intergenic
chr9	108210469	108211468	81.5339964884561	4.83348877769673	3.943156422386	1.225791792143	NA	NA	LOC105376212	Intergenic
chr9	108223456	108223873	119.856599471714	9.60652444138654	3.08476410678412	3.11418445911619	0.00184454133995037	0.0328342920264512	NA	NA
chr9	111186839	111187245	23.0403476842186	-6.2752151365609	3.84819539729452	-1.63069035968722	NA	NA	MIR7702	Intron
chr9	111622590	111623309	8.02995469351358	-5.00012766801199	4.24546865291596	-1.17775635078066	NA	NA	LRRC37A5P	Intron
chr9	112594357	112594941	31.9402459785529	-23.0149124142442	4.24777181738908	-5.41811410867886	NA	NA	HSDL2-AS1	Intron
chr9	113516635	113517222	24.5528041188506	4.24958565830008	3.38781793118642	1.25437250307364	NA	NA	RGS3	Intron
chr9	114324125	114324633	32.0571393931509	7.18572903488423	3.82591923623534	1.87817060193746	NA	NA	ORM1	Promoter
chr9	114431493	114431875	14.7643469848325	-6.06606263216072	3.85519730491966	-1.57347657003696	NA	NA	AKNA	Intron
chr9	114553264	114553964	152.110379845264	-6.62034431308884	2.55325624941793	-2.5929024219947	NA	NA	ATP6V1G1	Exon
chr9	116688709	116689229	100.858744084104	8.52806631822469	3.47889782551676	2.45137015973096	NA	NA	TRIM32	Promoter
chr9	116854433	116854885	38.4716342697398	6.94321804865869	3.58039060905136	1.93923479497069	NA	NA	LOC105376239	Intron
chr9	117324051	117324515	27.6338273384792	-8.20131038675869	3.47556945522919	-2.35970263072123	0.0182895893680395	0.0599246909034617	ASTN2	Intron
chr9	117824953	117825453	64.5517927643765	10.1599913761907	3.47064760342889	2.92740506588826	0.00341803392300759	0.0365844398920166	NA	NA
chr9	117848879	117849132	48.9938856934725	1.80819737608475	2.83333551257263	0.638186818349278	NA	NA	LOC105376243	Intron
chr9	118550211	118550849	60.3402108956961	9.61299138957368	3.46908352284224	2.77104639489847	0.00558764646700486	0.0379791910238526	LOC105376249	Intron
chr9	119246596	119247048	58.5221320226383	7.52330348583197	3.44081209424534	2.18649065388211	NA	NA	NA	NA
chr9	119328913	119329150	25.6721469373652	22.025859237989	4.24018943396862	5.19454604115973	NA	NA	BRINP1	Intron
chr9	119639017	119639322	45.2993411083766	2.82970270857365	3.12684756179334	0.904969830684914	NA	NA	NA	NA
chr9	119761311	119761752	42.0668630389914	7.57843641600144	3.36104443102048	2.2547861450616	0.0241467553471036	0.0684284226764316	LINC01613	Intron
chr9	120116140	120116531	94.1546055960608	0.717394334790166	2.97198307318838	0.241385740471441	NA	NA	LOC124902259	Intron
chr9	120326338	120326881	20.2336623827621	-7.29688821870942	3.87081214170335	-1.88510523155961	NA	NA	LOC105376253	Intron
chr9	120864053	120864681	27.1626815854321	7.25718286918693	4.25055398158313	1.70734988912762	NA	NA	PSMD5	Exon
chr9	121530447	121530868	26.0304548531768	21.212988163683	4.24825219496065	4.99334483692992	NA	NA	GGTA1	Intron
chr9	121583484	121584381	71.162545334906	1.26849436049745	2.74048475066096	0.462872256520132	NA	NA	LOC107987016	Promoter
chr9	122474676	122475747	151.480201921712	-7.81865081767215	2.69149621820799	-2.90494586794472	0.00367316621277404	0.0365844398920166	OR1J1	Promoter
chr9	122751993	122752509	70.6700146094406	-6.00761910521533	2.96280469412207	-2.02767975801237	NA	NA	OR1L6	Intergenic
chr9	123359919	123360364	69.5043988648643	0.326739525369585	3.7308817525309	0.0875770252294746	NA	NA	NA	NA
chr9	123373226	123374746	63.1659987696699	-0.304597964604343	3.95755439188425	-0.0769662105539172	NA	NA	CRB2	UTR
chr9	123476977	123477382	70.7947233970712	2.06365067944881	3.54780981921507	0.581668912542042	0.560789715168531	0.985953956074378	MIR7150	Intron
chr9	124242898	124243511	122.166263353739	-1.3703636994212	3.19960536614952	-0.428291474292134	NA	NA	NEK6	Intergenic
chr9	125553003	125554063	6.07067531187266	7.26744160069802	4.25052927042678	1.70977333370259	0.0873077959106754	NA	LOC105376272	Intron
chr9	125847124	125847407	39.3761017089645	1.7161553306208	3.95261807445155	0.434181926585185	NA	NA	PBX3	Intron
chr9	127038035	127038242	49.2246709282265	0.00718403388466231	3.68639797715875	0.001948794983389	NA	NA	ANGPTL2	Intron
chr9	127257682	127258447	1.54399557064945	-2.25254504242344	4.28647061074008	-0.525501104983552	0.599234885358242	NA	LOC124902274	Intron
chr9	128224705	128225056	40.2470687034256	-8.39993755373421	3.45670967285504	-2.43003848998297	NA	NA	MIR199B	Intron
chr9	128348743	128349425	72.5090439352405	1.71442814378054	3.03963099759029	0.564025088946547	NA	NA	SLC27A4	Intron
chr9	128764880	128765331	39.2716619572382	9.95743494911822	3.9861827183325	2.49798758680174	0.0124900567338333	0.0495219793306371	LOC124902282	Intron
chr9	129069908	129070269	99.4468864945751	-8.16097832023781	3.34508738250647	-2.43969062300633	NA	NA	DOLPP1	UTR
chr9	129153350	129153766	33.2697191066078	0	4.19833616770021	0	NA	NA	IER5L-AS1	Intron
chr9	129835334	129836305	60.1383618065063	-6.43302305826075	2.93195793460456	-2.19410482747202	NA	NA	C9orf78	Promoter
chr9	130110577	130110809	63.7696116469381	0.655650019657157	2.58194262582501	0.253936711489728	NA	NA	GPRACR	Intron
chr9	130520308	130520862	42.8859208391651	6.18453047088019	3.61966702310352	1.70859099232215	NA	NA	LOC124902286	Intergenic
chr9	130904021	130904799	79.9671503509122	-8.83716278696388	2.72136710728285	-3.24732475942481	0.00116495378779555	0.0328342920264512	QRFP	UTR
chr9	131019244	131019755	73.2864921841309	-6.78954703391605	3.30619447139105	-2.05358368742883	NA	NA	LAMC3	Intron
chr9	131443867	131444118	94.8198691998198	-0.257953694636246	3.65089715710025	-0.0706548783864203	NA	NA	SNORD62A	Intron
chr9	132705568	132705773	49.6394061363016	-2.11483181045304	3.3077784143898	-0.639351112895866	NA	NA	DDX31	Intergenic
chr9	134542632	134543421	6.30300017298182	-6.03781888863522	3.74545280176884	-1.61203977414527	0.106953284860099	NA	COL5A1	Intron
chr9	135406822	135407179	27.023350219301	-7.23531675202275	3.49248773872679	-2.07167992940769	0.0382953003002281	0.0898471085211923	LOC124902304	Exon
chr9	135881022	135882155	21.3800798732045	-6.7325697783372	4.17966795307718	-1.61079058286927	NA	NA	CAMSAP1	UTR
chr9	136675632	136676051	90.5543559253601	0.443633277787005	3.63712234629952	0.121973702159997	NA	NA	MIR126	Intron
chr9	137140438	137140932	26.9197286646362	8.101438022991	4.10715532803379	1.97251805104469	NA	NA	GRIN1	Promoter
chr9	138118706	138119115	66.0360750760269	8.78020251978035	3.19488333202673	2.74820755792997	0.00599220629740993	0.039542327098067	NA	NA
chr9	138176643	138177267	21.5379019747711	-1.48785302645492	4.32218110300992	-0.344236622898285	NA	NA	TUBBP5	Exon
chrUn_GL000216v2	56938	57462	51.5728023217319	-5.45923251043293	3.45429691495795	-1.58041785197825	NA	NA	NA	NA
chrUn_GL000224v1	36019	36713	77.1917556176427	-6.22817850910149	3.32963243561295	-1.87053034517756	0.0614102071260944	0.126746180917784	NA	NA
chrUn_GL000224v1	39405	39702	177.124082707008	-0.0265657604662895	2.71133595203224	-0.0097980334920789	0.992182425433737	1	LOC100505874	Intergenic
chrUn_KI270435v1	959	1372	14.3867009585187	-14.9853795433899	4.40735632387956	-3.40008350634085	NA	NA	NA	NA
chrUn_KI270438v1	103888	104997	529.088670224045	0.50380189033948	1.89905774059972	0.26529045408613	0.790785717676207	1	NA	NA
chrUn_KI270438v1	112034	112377	63.8221698835755	0.855705163859749	2.56506089702442	0.333600330835188	0.738681168575174	1	NA	NA
chrUn_KI270442v1	315459	316109	21.9227670875556	-0.685069027858065	4.02041978064617	-0.170397387644919	NA	NA	NA	NA
chrUn_KI270467v1	2031	3543	1445.19686513381	0.842645069604895	1.79991392946349	0.468158535700685	0.639671221685249	1	NA	NA
chrUn_KI270744v1	107721	108587	159.282777748234	-8.83758458677876	2.55196878049402	-3.46304572937132	NA	NA	LOC102723393	Intron
chrUn_KI270744v1	110356	112359	174.053800293468	1.78790392320297	2.55166763114223	0.700680567242464	0.483502386105154	0.883002337452646	NA	NA
chrUn_KI270746v1	33568	34242	27.9228845223103	-0.368720940354498	3.18944051528074	-0.11560677761129	NA	NA	LOC105379557	Intron
chrUn_KI270750v1	8361	8824	36.272449961204	-6.35368842821493	3.82868440857693	-1.65949651373238	NA	NA	LOC105379562	Intergenic
chrUn_KI270751v1	125177	125607	20.3613877590939	-0.348253244676184	3.66199300095778	-0.0950993747353149	NA	NA	LOC124905337	Intergenic
chrX	1848848	1849090	95.9676583534474	8.32682309191508	3.03937954885523	2.73964569349404	NA	NA	XG	Intergenic
chrX	7294259	7294475	54.1330308990515	8.49604875233174	3.14105128404442	2.70484241867972	0.00683367984569319	0.0418846848608327	PUDP	Intron
chrX	8670892	8671119	38.1776645427819	0.726696920603989	3.08427476706021	0.235613547912479	NA	NA	ANOS1	Intron
chrX	9213030	9213500	59.9031132866547	0.404745480494772	3.81894065785703	0.105983705104727	NA	NA	LOC124905242	Intron
chrX	9744669	9745384	38.2299821620946	-8.67143947960668	3.34620828862434	-2.59142250919819	NA	NA	GPR143	Intron
chrX	10740400	10740799	33.5100836189634	-15.1100324447071	4.28257522520479	-3.52825850104816	NA	NA	MID1	Intron
chrX	11045693	11046099	105.92587182195	6.44349405866943	3.22370135298939	1.99878752809849	NA	NA	HCCS-DT	Intron
chrX	11391628	11392158	49.7705980555821	0	4.11633098770206	0	1	1	MIR548AX	Intron
chrX	18684549	18684997	74.4990405803327	-19.6832606082054	4.03121535060161	-4.8827112660374	NA	NA	PPEF1-AS1	UTR
chrX	21776578	21776931	65.7461128044432	-23.0596932766512	3.91096444410402	-5.89616541040531	NA	NA	SMPX	Intergenic
chrX	21956245	21956603	53.8640592392678	9.4533427248649	3.96255987405755	2.38566558621736	0.0170482456168555	0.0583773259001416	SMS	Intron
chrX	24773775	24774496	16.2480815735457	-0.685066661757441	4.30721982423541	-0.159050777465032	0.873628868338471	1	SCARNA23	Intron
chrX	25547861	25548509	7.24244901523647	7.2361597106126	4.2506056969882	1.70238319582074	NA	NA	LOC107985707	Exon
chrX	27634132	27634533	131.304467998525	-1.02601610467706	2.64984074625905	-0.387199157581658	0.698608773751433	1	DCAF8L2	Intron
chrX	29334260	29334835	0.795919850475758	-3.50491713940441	4.27930819909056	-0.819038259536734	0.412764585329978	NA	MIR4666B	Intron
chrX	34086385	34087826	96.7980468294532	-14.9261729071805	3.70716759395633	-4.02630108536613	NA	NA	FAM47A	Intron
chrX	35871262	35871666	30.1644116326448	0	3.82500308161123	0	NA	NA	CFAP47	Intergenic
chrX	38619558	38619985	25.1089975196588	0.304522855874544	4.31704866768383	0.0705395929756627	NA	NA	MID1IP1	Intron
chrX	42361803	42362061	52.987167768701	-1.53313564027374	3.58690753860799	-0.427425469926865	0.6690694593377	1	LOC105373186	Intron
chrX	54358192	54358786	15.2401877075846	-18.982789183434	4.10554660233927	-4.6236935107783	NA	NA	WNK3	Promoter
chrX	56357415	56357793	19.6240648984287	3.14800913951974	4.30734123718488	0.730847398934467	NA	NA	UBQLN2	Intergenic
chrX	65380649	65380986	51.0473647695082	2.82924157494936	3.17858902529861	0.890093545416292	NA	NA	LAS1L	Intron
chrX	68662379	68662661	56.3137213453233	-8.25796359208604	3.66774357991822	-2.25151061194692	NA	NA	STARD8	Intron
chrX	70317590	70317799	58.0184074417385	-2.64043800912083	2.71166758647428	-0.973732186899036	NA	NA	PDZD11	Intron
chrX	72486395	72487703	26.5441887341425	-3.43786824190785	3.77422251349559	-0.910881176087253	NA	NA	HDAC8	UTR
chrX	76022690	76023120	61.1083143498593	-5.08294049037928	3.01150535380118	-1.68784042969191	NA	NA	PBDC1	Intergenic
chrX	78686890	78687940	47.130228534677	-8.43244719993493	3.42522911155677	-2.46186369591563	NA	NA	RTL3	Intron
chrX	80665683	80665897	117.371543742613	9.13858513859881	2.61291833750092	3.49746297365697	NA	NA	LOC124905202	Intergenic
chrX	81865675	81866319	22.6787539963866	14.5049395869632	4.30279200497693	3.37105292800249	NA	NA	LOC105373286	Intergenic
chrX	87140321	87140779	40.2210162505299	-3.99764038875714	3.80751114056861	-1.04993530975201	NA	NA	KLHL4	Intergenic
chrX	87937408	87937757	15.0319695982284	-7.15499013728406	4.17244271238122	-1.7148204614176	NA	NA	LOC124905233	Intergenic
chrX	92202551	92202918	41.7369247818704	17.411977077878	4.26556835944042	4.08198289434101	NA	NA	LOC105373293	Intron
chrX	93354066	93354478	12.2549744252521	6.46203656052791	4.25017045875246	1.52041820986744	NA	NA	NAP1L3	Intergenic
chrX	95476358	95477092	4.5587615870577	6.29270105898127	4.25389837411986	1.47927865349704	0.139065855625394	NA	MIR548M	Intergenic
chrX	101223096	101223885	32.4568479845115	-4.57251527644937	3.86557880171631	-1.18287985085679	NA	NA	DRP2	Intron
chrX	101386678	101387422	39.14174807042	5.31994263443163	3.77099345245838	1.41075361214522	NA	NA	BTK	Intron
chrX	102168228	102168420	24.8883460384728	-2.38485019903942	3.32866082473702	-0.716459358465228	NA	NA	TCP11X1	Intergenic
chrX	103104982	103105525	25.7267542906178	5.97571774202994	3.54832456678592	1.68409558639748	NA	NA	NXF3	Intergenic
chrX	109277798	109278025	47.9783511978734	-1.42475581054536	3.42094304126203	-0.416480424654994	NA	NA	GUCY2F	Intergenic
chrX	110317568	110318019	53.9375883064652	7.57133826117525	2.4454790928685	3.09605519967632	0.00196113849404305	0.0328342920264512	GNG5B	UTR
chrX	111710357	111710840	42.995329899191	-5.13927372011539	3.91897669940493	-1.31138154531405	NA	NA	ALG13	Intron
chrX	113593223	113593605	81.9454420633929	-7.56855223622797	2.98398439137981	-2.53639136253264	0.0112001487595732	0.0466586842334292	LOC124905291	Intergenic
chrX	118172162	118172467	87.8266651285288	-0.976989015148444	2.70728012892884	-0.360874740928638	0.718193086814358	1	KLHL13	Intergenic
chrX	119834736	119835044	53.9198189646809	-0.784494629116366	3.31669864062538	-0.236528763725259	NA	NA	UPF3B	UTR
chrX	120718941	120719411	44.6483706230217	0.320539783107322	3.70226563051029	0.0865793584516897	NA	NA	CUL4B	Intron
chrX	121235094	121235429	9.65747853141841	7.37828468966046	4.15459055601315	1.77593545986896	NA	NA	MIR3672	Intron
chrX	125368977	125369616	40.6288935422365	-1.33031262951697	3.05379108696968	-0.435626600389701	NA	NA	LOC124905212	Intergenic
chrX	129014678	129015169	23.7737054131132	-20.4828354938261	4.25023008418789	-4.81922980358835	NA	NA	LOC124905213	Exon
chrX	130739944	130740433	51.2842283412299	-6.17824995055979	3.39586316911513	-1.81934596386275	NA	NA	ENOX2	Intron
chrX	131742820	131743224	5.7770844192854	5.14856515367956	4.26218776937946	1.20796300685484	NA	NA	FIRRE	Exon
chrX	134964806	134965412	36.3896855761617	-3.73073117855271	3.82522778432192	-0.975296476158488	NA	NA	LINC02243	Intron
chrX	140717212	140717959	28.9206919508304	21.731070820332	4.24789418434796	5.11572790593597	NA	NA	LOC101928833	Intron
chrX	140960728	140961532	17.6333672339375	16.8535599436363	4.27292774164643	3.9442651415262	NA	NA	MIR320D2	Intron
chrX	141883309	141883559	90.6658310490611	8.70087033273936	2.93511870433559	2.96440151462595	NA	NA	MAGEC1	Intron
chrX	142748848	142749378	60.87427855141	-3.23914830250424	3.74414552598795	-0.865123505489157	NA	NA	SPANXN4	Intergenic
chrX	145902044	145902246	41.6829689377058	0.335778238070363	2.85098187450996	0.117776349640272	NA	NA	LOC107985703	Intergenic
chrX	145958902	145959483	14.1524543671253	8.47732799138536	4.19443690578739	2.02108845163186	0.0432706095945247	0.0999665742721625	MIR892C	Intergenic
chrX	147309599	147310015	48.2435989547684	-9.01155650234782	3.44856336668015	-2.6131335121799	0.00897162469071144	0.0441118306492639	LOC101928863	Intron
chrX	150980821	150981755	23.5795204702796	0	4.40735632392267	0	1	1	HMGB3	Promoter
chrX	153594293	153594617	44.482605777416	-0.579497292309824	2.83999413551162	-0.204048763715292	NA	NA	LOC105373383	UTR
chrX	153740858	153741114	83.4168233556926	9.17366244774912	3.9364190631564	2.3304588003883	NA	NA	ABCD1	Intron
chrX	153924467	153925179	29.2037197661141	8.72894650971825	3.61685751643352	2.41340624286621	NA	NA	ARHGAP4	Intron
chrY	10184190	10184900	41.2208699301044	8.12819619948044	3.4459203044054	2.35878821372886	0.0183347161552065	0.0599246909034617	TTTY23	Intergenic
chrY	12023390	12023817	33.967514333039	-8.50605316015658	3.80767398742476	-2.23392369941563	NA	NA	GYG2P1	Intergenic
chrY	15193115	15193702	84.6913443204109	5.61448841184171	3.18590328703496	1.76229091281266	0.0780201584348141	0.155695857008989	NLGN4Y-AS1	Intergenic
chrY	20755202	20755574	39.681906785357	-7.14499989126423	3.64183432698492	-1.96192337425179	NA	NA	RPS4Y2	Promoter
