CHR	START	END	baseMean	log2FoldChange	lfcSE	stat	pvalue	padj	SYMBOL	location
chr1	1615558	1616226	32.0670625212172	4.23493208515765	2.92155123630255	1.44954914106428	NA	NA	MIB2	Promoter
chr1	1946784	1947205	56.4562912695164	-1.50213702219746	3.41620532582596	-0.439709232592534	0.660147714832073	1	TMEM52	Exon
chr1	2043410	2044074	14.752064105566	-0.654241456173927	3.68733785756847	-0.177429213553366	0.859171262239043	1	LOC105378590	Intron
chr1	2132768	2133273	59.3563548169555	8.60412528331034	3.60213191765911	2.38862026155384	NA	NA	PRKCZ-AS1	Intron
chr1	2655754	2656366	28.7435283793052	18.7262360254981	3.8435497440391	4.87212011618694	NA	NA	LOC105378598	Intron
chr1	3286187	3286940	34.6871954428285	1.81754737957811	3.70475360890623	0.490598720305912	NA	NA	LOC105378604	Intron
chr1	3856768	3857210	18.514304501094	-5.63884118967484	2.89832782568762	-1.94554982348729	NA	NA	DFFB	Promoter
chr1	3866327	3866938	83.1885258053362	2.87925738518898	3.09824423724551	0.929319048051803	NA	NA	CEP104	UTR
chr1	3938235	3939005	22.0407814444665	1.27043934318402	3.98862574073261	0.318515555423025	0.750093897071554	1	LINC01346	Promoter
chr1	4157746	4158294	30.7210645310735	8.19683608082744	4.24805617368603	1.92954983307461	NA	NA	LINC02780	Intergenic
chr1	5378020	5378608	70.9478433077687	7.48265532395419	2.75669799440668	2.71435439759322	NA	NA	LOC105376686	Intergenic
chr1	5727817	5728008	20.0284901812205	6.39756821664142	3.20423843312328	1.99659555621942	NA	NA	LOC124903830	Intron
chr1	6348807	6349434	12.8065856437185	-6.02246201890397	3.13598221299288	-1.92043883219488	0.0548024924895446	0.128927917945752	ACOT7	Intron
chr1	6784639	6785243	139.92908649155	1.36632598501006	2.83709279175442	0.481593689491257	NA	NA	CAMTA1-DT	Promoter
chr1	7066570	7067121	37.7980170721166	-15.2008569984173	4.16828996696098	-3.64678492113157	NA	NA	CAMTA1-AS3	Intron
chr1	7460158	7460781	37.9671933419519	-0.65420934591071	3.6812669026726	-0.177713098019531	0.858948298259315	1	CAMTA1-AS1	Intron
chr1	8025829	8026258	14.5847913071782	1.28766861458318	3.41063540534555	0.377545079302524	0.705768570252639	1	ERRFI1	Promoter
chr1	8878884	8879492	13.9042964639619	-6.13137322933536	3.12782620158636	-1.96026659864467	NA	NA	ENO1	Promoter
chr1	10461197	10461611	36.1207815682565	0.546244791087071	3.2553295494733	0.167800151347335	NA	NA	PEX14	UTR
chr1	10610403	10610867	23.772821393827	-18.6164764216676	4.26499633307673	-4.36494546953991	NA	NA	DFFA	Intron
chr1	12316556	12317354	3.30264735581987	-3.32280562575275	4.26546146681901	-0.779002612402157	0.435978175866787	NA	NA	NA
chr1	12375858	12376487	12.4307928392955	-5.53999963409855	4.2510194373623	-1.30321672618275	NA	NA	LOC124903845	Intron
chr1	12763019	12763585	88.4963313673061	7.53365375284275	3.736897124682	2.016018504519	NA	NA	PRAMEF12	UTR
chr1	13848233	13848744	48.3589701087378	0.745309520087539	3.30543562496537	0.225479968346183	NA	NA	KAZN	Intron
chr1	14885477	14885795	44.9086438468213	7.30170853669227	3.18884865918007	2.28976327103893	NA	NA	LOC107985469	Intron
chr1	15747196	15748176	118.052536276331	2.86974633145583	3.11282569660234	0.921910383414069	NA	NA	SLC25A34-AS1	Promoter
chr1	16156634	16157391	82.9270851414239	-8.20644288415999	3.75325316513228	-2.18648796739795	NA	NA	EPHA2	Promoter
chr1	16484537	16485437	29.1733298742718	-6.79339294282106	2.7843270760267	-2.43986886501689	0.0146925942809061	0.0572445309794465	NA	NA
chr1	16609827	16610387	26.9472992889363	-8.9109956187688	3.7695242127577	-2.36395765508287	NA	NA	NA	NA
chr1	16643224	16644152	31.8636954073076	-5.22347439378004	3.23208513212799	-1.61613143845036	NA	NA	NA	NA
chr1	17156042	17156577	11.9102647250044	-7.8366832067298	3.82007715179459	-2.05144631779185	NA	NA	SDHB	Intergenic
chr1	19256006	19256560	31.8040479050638	-4.57692413159463	4.10604661218988	-1.11467904870023	NA	NA	MRTO4	Exon
chr1	19284205	19284863	23.1678248250849	-7.89650819420146	3.38840426550979	-2.33045043490801	NA	NA	AKR7A3	Exon
chr1	19376769	19377022	48.3487780661406	7.40205951525268	2.66124073480356	2.78143176543518	NA	NA	LOC124903868	UTR
chr1	19689953	19690584	14.1793706516798	-8.17508838923276	4.21015541033663	-1.94175454168784	NA	NA	HTR6	Intron
chr1	20043787	20044231	33.7099290082491	-2.1374792043865	3.54212526908989	-0.603445401279019	0.546212426838973	0.984661473527897	PLA2G5	Intron
chr1	20651514	20652355	7.05328024641533	0	4.40735632392327	0	1	1	PINK1-AS	Promoter
chr1	20999944	21000287	36.0593847906177	-7.34605981719223	3.61609159848055	-2.03149163043297	NA	NA	MIR1256	Intron
chr1	21613048	21613791	13.4204660968763	-0.653096374562816	4.28959697483406	-0.152251220428017	0.878988796752066	1	LINC02596	Exon
chr1	22184667	22186087	21.5387916272872	-8.59796222790718	4.04548636765622	-2.12532225955527	NA	NA	LOC105376850	Exon
chr1	22331679	22332062	47.0267181787023	-23.2384976374865	4.24765667628469	-5.47089828780903	NA	NA	MIR4418	Intergenic
chr1	22678135	22678527	92.2605292488742	-20.8761688241415	4.20281793524431	-4.96718371954125	NA	NA	C1QB	Intergenic
chr1	22801450	22801964	53.3909688374336	-0.307652956073458	2.9367136673782	-0.104760964438226	0.916565485416463	1	MIR4253	Intron
chr1	24125027	24125443	101.789080467091	-1.50402942048972	3.14111713769296	-0.478819908510122	0.632066752362735	1	MYOM3	Intron
chr1	26857518	26857724	77.142440487816	-0.543093117270838	3.03800867646582	-0.178766150827005	NA	NA	SFN	UTR
chr1	26907107	26907807	47.3194343843064	7.32109612793441	4.19947821027468	1.74333471001759	NA	NA	NR0B2	Intron
chr1	27199517	27200557	128.878925030463	7.23640832838758	2.84247741621215	2.54581031571773	NA	NA	SLC9A1	Intergenic
chr1	27914198	27914539	101.178840605929	8.95934384119578	3.34543477237573	2.67808056375088	NA	NA	RPA2	Promoter
chr1	27917456	27918507	63.5145179010201	8.09778514503592	3.24002514106428	2.49929700927443	NA	NA	NA	NA
chr1	28684066	28684738	30.9588139152707	4.66930555027265	3.90182768042237	1.19669701809261	NA	NA	LOC124904809	Intron
chr1	28729121	28729671	26.803315585117	0.598928337944265	3.40817410229838	0.175732905645978	NA	NA	YTHDF2	Intergenic
chr1	29195945	29196739	5.09061070310866	0	4.40735632392357	0	1	NA	SRSF4	UTR
chr1	29340374	29341286	21.7111539255346	-7.82387711216123	3.74680910105346	-2.08814404501191	0.0367848429654475	0.0972249842195009	LINC01756	Intron
chr1	30165602	30165900	115.98454353204	-15.0717831227829	3.80484117167404	-3.96121216175539	NA	NA	LOC105378618	Intergenic
chr1	30267297	30267746	26.3253824311582	-3.60600055534499	3.8146891248758	-0.945293426882431	NA	NA	NA	NA
chr1	30303602	30304093	59.8536844794444	-7.48043251028406	3.42197967506363	-2.1859955992126	NA	NA	NA	NA
chr1	30610767	30611341	32.6554652578533	0	4.15389701864371	0	1	1	LOC124903888	Intergenic
chr1	30716746	30717356	53.8641549580749	-6.62374220271562	3.66603986519288	-1.80678400843498	NA	NA	MATN1-AS1	Promoter
chr1	31043789	31044485	62.7206463338841	13.4394598812091	3.94015798768017	3.41089365533837	NA	NA	PUM1	Intron
chr1	31572581	31572987	35.4277356529054	-21.5088126533532	4.24916632489039	-5.0618900294302	NA	NA	TINAGL1	Intron
chr1	31799680	31800457	26.4010135078168	-4.16572880544572	4.07245550407435	-1.0229034549986	NA	NA	LOC124903930	UTR
chr1	32767616	32769189	49.6774987075467	-1.50131205971149	3.55840428735971	-0.421905983264606	0.673093642612688	1	NHSL3	Exon
chr1	32972009	32972469	31.5740825063235	1.27045201715009	3.82917879255709	0.331781848269793	0.740053991628218	1	RNF19B	Intergenic
chr1	33110064	33110457	5.21604553700247	-4.92651917778662	4.25886000949685	-1.15676945633361	0.247366563891761	NA	AZIN2	Intron
chr1	33866939	33867523	17.5647222540407	-7.50671849119105	3.60137337877516	-2.08440439289972	0.0371233985917164	0.0972249842195009	NA	NA
chr1	33899965	33900758	49.6012549988378	16.7896139644343	4.28267084217967	3.9203605841184	NA	NA	CSMD2-AS1	Intron
chr1	33905561	33906270	71.2899064086352	5.72964260165824	4.07566141549991	1.40581908493875	NA	NA	NA	NA
chr1	34977139	34978018	12.7620685285124	-4.02646619828185	3.60991270877732	-1.1153915684697	NA	NA	GPR199P	UTR
chr1	35638325	35638642	64.5720069784312	-0.653108014928551	3.86942674206686	-0.168786763121323	0.865964370437838	1	PSMB2	Promoter
chr1	36021800	36022137	14.3012185181802	-2.97442336402431	4.12580158074823	-0.720932237241734	NA	NA	LOC105378647	Intron
chr1	36964730	36965113	40.855026789137	-0.653092073214002	3.56572507446506	-0.183158280454917	0.854673827934304	1	GRIK3	Intron
chr1	36988204	36988416	63.8718053049168	7.21173614536282	2.58987424142321	2.78458931712443	NA	NA	NA	NA
chr1	37265855	37266425	138.500052699712	8.75288825631993	3.24219241579968	2.69968192315355	NA	NA	MIR4255	Intron
chr1	37561676	37562543	5.10961668828025	-5.8385446545707	4.2533322567241	-1.37269893395714	0.169845960749271	NA	DNALI1	Exon
chr1	38448900	38449922	122.131231222708	-2.13698659929591	2.94899194084101	-0.724649860754275	0.468666861920115	0.891423500631729	LINC01685	Intron
chr1	38859510	38860312	31.1085369370621	-5.09399343801443	2.7243326989409	-1.86981327207016	NA	NA	LOC105378662	Promoter
chr1	39640581	39641020	48.4817810149344	1.32731229367187	4.08241876172162	0.325128893223125	NA	NA	HEYL	Promoter
chr1	40455455	40456124	8.23828520347314	-5.36879768929806	4.25574611482235	-1.26154087777912	NA	NA	ZFP69B	Intron
chr1	40654524	40654753	109.066702570332	-0.77788149255359	2.7932189038568	-0.278489269666446	NA	NA	LOC105378675	Intron
chr1	40705840	40706587	36.5891565027217	-0.698357103048962	3.55862427547353	-0.196243561834309	NA	NA	RIMS3	Intron
chr1	40902088	40902681	42.4283345620175	-8.03251160854281	3.95192590670012	-2.03255622655385	NA	NA	NA	NA
chr1	40915188	40915918	85.2755896940705	-5.38069318587863	3.16881372097542	-1.69801498594318	NA	NA	LOC124904157	Intergenic
chr1	42396394	42396803	29.2540799259408	-9.0158630401274	4.24774815884029	-2.12250413701289	NA	NA	RIMKLA	UTR
chr1	42750399	42750898	40.7982248917898	5.91734329809053	3.40131833517923	1.73972051862612	NA	NA	CLDN19	Intron
chr1	42822566	42822794	39.4641488117771	8.98502176194462	3.36585724033478	2.66946014651856	NA	NA	SVBP	Intron
chr1	43946698	43946926	3.81974950549852	0.34511357447235	2.34266082051746	0.147316919056221	0.882881878700992	NA	IPO13	Promoter
chr1	44139452	44139696	42.9327490091507	-16.1452336378011	4.25398538422018	-3.79531948974027	NA	NA	KLF18	Promoter
chr1	44429426	44429887	17.8504245059418	0	4.26339861976971	0	1	1	RNF220	Intron
chr1	45016761	45017474	66.3210032351093	0	4.40735632388743	0	NA	NA	HECTD3	UTR
chr1	46845974	46846423	10.9608659064848	17.8662655483322	4.26219711632796	4.19179710855903	NA	NA	CYP4B1	Intron
chr1	47225841	47226541	17.5477353474213	-8.49003704312262	4.24805354715026	-1.99857109824287	0.0456547801009691	0.114690714431545	TAL1	UTR
chr1	47349207	47349646	43.1540013291899	5.91051546245792	4.12314791020718	1.43349586072961	NA	NA	CMPK1	Intron
chr1	48200733	48200986	56.4658761615459	7.20531378740905	3.04676314475791	2.36490775458083	NA	NA	SKINT1L	Intron
chr1	48710041	48711029	51.526302063385	-23.6478040082693	3.53658916548195	-6.68661325976964	2.28394399413093e-11	1.06431790126501e-08	BEND5	Intron
chr1	49318639	49319111	19.6703871216954	-21.5821832434995	4.24894271600297	-5.07942438532147	NA	NA	AGBL4-AS1	Intron
chr1	50165795	50166387	6.76504992681014	4.74189458796354	4.25764602226391	1.11373622024175	NA	NA	ELAVL4-AS1	Intron
chr1	51417218	51417819	45.2917902639659	9.19728284213273	3.19132705996722	2.88196185138956	0.00395207578252111	0.0334232590930601	TTC39A	Intron
chr1	51502193	51502590	4.30462644343957	4.40602274928996	4.2604226415844	1.03417503847726	0.301054341248753	NA	EPS15-AS1	Intron
chr1	51583654	51583961	58.2491295212607	7.36059591180179	2.77620438353761	2.65131629193037	NA	NA	OSBPL9	Exon
chr1	51862844	51863344	16.2701798448111	-6.34717025277185	4.25146783138561	-1.49293620568293	NA	NA	NRDC	Intron
chr1	51952902	51953450	38.6489258272578	4.56774064414668	3.41480103375467	1.33763009879505	NA	NA	RAB3B	Intron
chr1	52248541	52248905	86.0258534745389	6.89376444234454	2.77221989464514	2.4867307444336	0.0128922933419471	0.0551771040548725	ZFYVE9	Intron
chr1	53143582	53143907	70.931403078025	1.56590242841461	2.89246441709317	0.541373100101361	NA	NA	SLC1A7	Promoter
chr1	53511564	53512196	96.1667558330387	-7.15827543009755	3.08189551397003	-2.32268595662947	0.02019602924062	0.0683272920429638	DMRTB1	Intron
chr1	53680099	53681787	233.29691621553	-8.19312506555044	2.75957459759442	-2.9689811874238	0.00298788888243141	0.0304905204251169	NA	NA
chr1	53682310	53683444	42.899396438564	1.02564569081192	2.89726584395858	0.354004687885515	0.723335370021227	1	GLIS1	Intron
chr1	54277907	54278185	46.0375675140595	0	4.40735632387841	0	NA	NA	SSBP3-AS1	Intron
chr1	54891824	54892307	34.1925818626981	-7.69119740070226	3.89782944739609	-1.973200085971	NA	NA	DHCR24-DT	Intron
chr1	56391216	56391965	49.8978829251413	-0.653147006945926	3.82227944993339	-0.170878925913517	0.864318967613251	1	LOC124904187	Intron
chr1	57174712	57175145	29.8951837992548	3.94212159089876	3.67464811023984	1.07278886920181	NA	NA	LOC105378747	Promoter
chr1	58745561	58745958	84.460394438936	-22.8362991604191	4.1736648281656	-5.47152205570279	NA	NA	LOC105378751	Intron
chr1	59223401	59223601	61.6347453175849	7.67762193297307	3.01945388529954	2.54271872485028	NA	NA	HSD52	Intron
chr1	59978934	59979475	58.6785331118157	3.18661861923826	3.72944905103066	0.854447553951062	NA	NA	CYP2J2	Intergenic
chr1	61562735	61563337	61.7406135228448	5.55483624498377	3.41585029423817	1.62619429029241	NA	NA	MGC34796	Intron
chr1	61834633	61835254	25.2916717173186	21.6911167338792	3.7418423504092	5.79690823465802	NA	NA	PATJ	Intron
chr1	63285383	63286241	26.2387359940545	20.0371868165468	4.12433971656403	4.85827749253393	NA	NA	FOXD3	Intron
chr1	64003787	64004343	29.7375575085308	-9.25101987819852	4.24764370392987	-2.17791804657241	0.029412138694257	0.0843449638863	LOC105378772	Intron
chr1	64606896	64607199	30.4531477069265	8.80822349697087	3.25635109047169	2.70493667674359	NA	NA	MIR4794	Intron
chr1	67510739	67511060	44.9753373693797	6.93300021693649	2.90202518161621	2.38902138439589	NA	NA	LINC01702	Intergenic
chr1	67780477	67781015	20.2710645628588	0	4.40735632387956	0	NA	NA	LOC105378781	Intron
chr1	68934660	68935242	36.8450474864357	-21.1148014019788	4.24996673873562	-4.96822744741305	NA	NA	LOC105378787	Intron
chr1	69997995	69998322	46.4226689194078	6.40871991651092	3.60077176178241	1.77981842240913	NA	NA	PIN1P1	Intron
chr1	70629235	70629636	59.9782666320324	8.16228651925702	4.2480325844323	1.92142747425461	NA	NA	LINC01788	Intergenic
chr1	73927389	73928026	49.180120538945	9.36448344254686	3.5838512350149	2.61296656263354	NA	NA	LRRIQ3	Intergenic
chr1	74703641	74704173	29.7067422449943	-6.48176866966946	4.2234643798056	-1.5347042349077	NA	NA	TYW3	Intergenic
chr1	75322809	75323304	34.2528896309928	1.27044231451293	3.76037079144165	0.337850277266373	NA	NA	LHX8-AS1	Intron
chr1	75365596	75365951	21.1638514724302	13.4030324219093	4.2838386555736	3.12874351709556	NA	NA	NA	NA
chr1	75399101	75399823	40.8637627534984	1.27045171417374	3.78803706945625	0.335385238021471	0.737334502134559	1	NA	NA
chr1	76188236	76188972	57.1624961196206	0	4.2413566233521	0	NA	NA	ST6GALNAC3	Intron
chr1	76843455	76844034	43.7744617289732	22.4269585628763	4.24757037121831	5.2799498543549	NA	NA	ST6GALNAC5	Intergenic
chr1	76997476	76997826	41.3763576692905	-22.8799354233917	4.24782691571293	-5.38626829138392	NA	NA	MIR7156	Intron
chr1	78060757	78061226	29.290667336275	-6.09948919683522	4.04262657667055	-1.50879362245193	NA	NA	GIPC2	Intron
chr1	79010909	79011578	57.5010654035131	-6.19481807762427	2.91835054143246	-2.12271212442614	0.0337779823933262	0.0914669182196082	LOC107984998	Intron
chr1	80030108	80030604	8.52195997771899	-7.43412775050442	4.24913221811017	-1.74956376241236	0.0801936172844159	0.174627222684756	LINC01781	Intron
chr1	80697636	80698190	31.2520456938637	1.27045216859563	3.82838735540158	0.331850476625129	0.740002167105086	1	NA	NA
chr1	80842168	80842558	15.5251687104131	0	4.40735632388147	0	NA	NA	NA	NA
chr1	81002773	81003107	27.2017944305747	-0.653097827625015	3.67220517051135	-0.177848948329342	0.858841604868256	1	LOC105378813	Intergenic
chr1	82591028	82591456	103.807443391518	-8.7010929854031	3.29691614048633	-2.63916114776264	NA	NA	LOC105378814	Intron
chr1	83330409	83330686	38.1107726498195	-22.4889831674758	4.24807831029878	-5.29391916174305	NA	NA	LINC01712	Intron
chr1	84259790	84260164	22.8971472679678	-7.27548206132514	3.53471663476766	-2.0582928741057	NA	NA	LOC124904808	Intron
chr1	85029329	85029790	51.3168531134834	-5.9978276660702	4.08185984422169	-1.46938598946771	NA	NA	MCOLN3	Exon
chr1	85607366	85607817	31.386243365517	-8.84737127821356	4.11010757362987	-2.15258873879059	NA	NA	LOC112268231	Intergenic
chr1	85776684	85777313	2.62648966775455	0	4.40735632389387	0	1	NA	ZNHIT6	Intron
chr1	86390100	86390554	25.6511284859606	0	4.40735632392266	0	1	1	ODF2L	Intron
chr1	86586686	86587069	50.3801694546885	9.35443986200343	3.69054427353513	2.5347046854536	0.0112542157070538	0.0516696011772123	CLCA4	Intron
chr1	86745571	86745855	19.2843324703335	-8.15959893447113	4.2483108825622	-1.92066898116222	NA	NA	SH3GLB1	UTR
chr1	88024941	88025492	57.974235177595	-7.22349409437219	3.44211694952953	-2.09856149581423	NA	NA	LOC105378836	Intron
chr1	88633253	88633678	8.08240880552294	-6.51525384151511	4.25098260835321	-1.5326465529905	NA	NA	LOC105378838	Intron
chr1	89273039	89273797	16.459570106765	-6.71728439091905	4.25046940695383	-1.58036295471965	NA	NA	GBP5	Promoter
chr1	89472922	89473326	48.4043889197911	-21.9811744790717	3.90022102170837	-5.6358791865194	NA	NA	LRRC8B	Exon
chr1	89889412	89889811	18.2918199388367	0	4.40735632387958	0	NA	NA	LOC105378847	Intron
chr1	90225270	90225846	94.2525744355556	5.16403075594783	3.33822395261684	1.54693957902367	NA	NA	LOC105378849	Intron
chr1	90581194	90581580	201.828386066618	9.02069508016922	3.76956416856096	2.39303396275991	NA	NA	LOC105378851	Intron
chr1	90658845	90659510	24.9338548087046	-17.108348448966	4.3011678365658	-3.97760540835484	NA	NA	SNORD3G	Promoter
chr1	92770281	92770689	7.63867446823876	-21.3355074585561	4.24948486419238	-5.02072795654279	NA	NA	EVI5	Intron
chr1	94058883	94059586	46.2618194077258	7.13811896407116	3.42915943455637	2.08159436745309	NA	NA	ABCA4	Exon
chr1	94683223	94683950	27.485361380045	-9.12297314485403	3.21976993732321	-2.83342391613188	0.0046052269335414	0.0351809139513162	MIR378G	Exon
chr1	94998672	94999175	64.1439488838828	9.62870201060562	3.37717858548062	2.85110833404012	NA	NA	ALG14-AS1	Intron
chr1	95279549	95280028	26.7327545510614	-23.0828414975173	3.68761675732759	-6.25955543011618	NA	NA	LOC105379825	Intron
chr1	95468831	95469268	21.6068024942328	0	4.40735632387926	0	NA	NA	LINC01761	Intergenic
chr1	95647224	95647920	9.44084689388007	0	4.40735632388049	0	NA	NA	LOC124904592	Intron
chr1	96023314	96023868	42.3217238066251	2.18505802597755	3.41515035940617	0.63981312563863	0.522294098256491	0.963917028861485	LINC02790	Intron
chr1	99112135	99112628	71.4520995209809	-24.0434817985483	4.24738489135171	-5.6607730200068	NA	NA	PLPPR5-AS1	Intron
chr1	99210876	99211220	66.8948507449015	8.97478124998347	3.61539649199689	2.48237814852402	NA	NA	PLPPR5	Intron
chr1	100449356	100450074	43.9741523933099	22.2513830649209	4.08066792239468	5.45287768769554	NA	NA	LOC105379827	Intron
chr1	101430128	101430605	37.6422807787845	-21.3963862977985	4.03704520966234	-5.30001156454427	NA	NA	LINC01307	Intron
chr1	101571474	101571886	4.82428939881869	4.94985687094781	4.26490997654903	1.16060055151575	0.245804381053769	NA	LINC01709	Intergenic
chr1	102366439	102367078	8.6262435188481	-7.43590135105576	3.98410040329894	-1.86639406599759	0.0619862527295683	0.14124984729574	OLFM3	Intron
chr1	102635993	102637038	65.3240482586645	9.73423724823243	4.06004078670931	2.39757129536674	NA	NA	LOC107985096	Intergenic
chr1	103525680	103526381	16.5782058017526	-1.47934811826932	3.54533500382815	-0.417266102264515	NA	NA	RNPC3-DT	Promoter
chr1	105107217	105107605	42.8119666081737	2.94106066388052	2.78020721547841	1.05785664014775	NA	NA	LOC105378880	Intergenic
chr1	105725774	105726279	45.4505646760176	-3.81876463101094	3.372323580084	-1.13238381202904	NA	NA	LINC01676	Intergenic
chr1	106235750	106236125	32.1009592639786	6.8050039301941	2.96275957587824	2.29684648919814	NA	NA	LOC124904596	Intron
chr1	106668437	106668902	52.3688408872033	-7.42084753128139	3.59552853629481	-2.06391006395087	NA	NA	LOC124904233	Intron
chr1	109343929	109344283	16.6215215634282	0	4.27489826673417	0	1	1	MYBPHL	Intron
chr1	109360318	109360956	15.711110435359	-0.404547308329098	3.99124027879654	-0.101358795780413	NA	NA	SORT1	Intron
chr1	109636176	109636738	56.2165663931638	-0.60133319223613	3.78653864029763	-0.158808148908488	NA	NA	GNAT2	Intergenic
chr1	109724486	109724849	34.8062652522402	-9.05622044931582	4.08651010136931	-2.21612579552446	NA	NA	LOC124904258	Intron
chr1	110338779	110339848	109.656189765949	7.12925125748199	2.14396410516037	3.32526614616466	0.000883341686042446	0.0229267034668706	RBM15-AS1	Promoter
chr1	111755334	111755954	26.9092764344067	-0.511475292302108	2.82834761098638	-0.180838907606457	NA	NA	LOC101928718	Promoter
chr1	112302590	112303043	29.0966565870185	20.8794023776654	4.2487422710466	4.91425486548096	NA	NA	LINC02884	Intron
chr1	113290733	113291244	5.7918346281159	2.14550923089154	4.37020416718006	0.490940273913098	NA	NA	LOC643441	Intergenic
chr1	114067546	114067780	62.8191229622195	7.14106204720149	2.56203996391149	2.78725630661092	NA	NA	SYT6	Intergenic
chr1	115510584	115511028	44.5651890819394	-5.5643668049644	3.81423477320876	-1.45884224118782	NA	NA	LOC124904375	Intron
chr1	116172951	116173313	37.4460599190216	-23.177183554179	4.24768035109118	-5.45643307369516	NA	NA	LOC124904384	Intron
chr1	116921018	116921588	16.9686748992471	-3.43710126257752	4.0122783434182	-0.856645767912835	NA	NA	PTGFRN	Intron
chr1	118033829	118034167	18.4287613238011	-20.5231353094636	4.25142169943908	-4.82735817812929	NA	NA	WDR3	Intron
chr1	118386336	118387170	31.1692126706053	8.64021098165179	4.24787040624773	2.03401002275019	NA	NA	LOC105378930	Intergenic
chr1	118984275	118984701	71.7898542264502	-1.5384456605638	3.22009376277928	-0.477764243497046	0.632818013377781	1	TBX15	Intron
chr1	119214725	119215514	25.1734889698239	-8.14173892148612	4.01557345513786	-2.02754077654062	NA	NA	WARS2	Intron
chr1	145390044	145390407	0.869248188550794	-0.586787628870155	4.17929893229571	-0.140403363907695	0.888341300167434	NA	LOC105371288	Exon
chr1	146472955	146473489	40.9484747275092	-23.6139788201711	3.72633459818644	-6.33705272512665	NA	NA	HYDIN2	Promoter
chr1	147740236	147740830	21.4188285582174	-5.10780846777343	3.78112790745901	-1.35086899803027	NA	NA	GJA5	Intron
chr1	150319108	150319690	24.0967080645454	-1.58039532515647	3.91114716489553	-0.404074625302086	0.686157843774571	1	PRPF3	Promoter
chr1	150629267	150629781	101.234016421116	-0.98528111577858	2.71633207109132	-0.362724839965068	NA	NA	ENSA	Promoter
chr1	150991994	150992416	47.4208881077837	-9.1572330713946	4.08764203895666	-2.24022382197926	NA	NA	LOC105371438	Intron
chr1	152318854	152319170	44.7546197706652	-22.7433243018674	4.19794574933953	-5.41772706458764	NA	NA	FLG	Intron
chr1	152419669	152420114	54.9781914566842	-6.83248684755277	4.25020735581372	-1.60756553164561	NA	NA	CRNN	Intron
chr1	154675533	154676093	40.018040105969	-19.5157583890478	3.82613315501859	-5.10064799063507	NA	NA	LOC124904428	Intron
chr1	154831387	154831961	29.3714171249756	-7.45804845057784	3.69347091752234	-2.01925197656108	0.0434610365193444	0.110671273322484	KCNN3	Intron
chr1	155281862	155282689	118.785925853643	-1.93286063285578	3.76561587483324	-0.513292034318655	NA	NA	FDPS	Exon
chr1	155688474	155689038	53.7822300657519	1.28114197992467	2.64262447221171	0.484799105357724	NA	NA	YY1AP1	Promoter
chr1	155859501	155860310	121.801401752657	-4.26421433450714	2.50171508558746	-1.70451637721399	0.0882846590863432	0.187856854494228	SYT11	Promoter
chr1	156172161	156172742	43.2663171962295	4.57532434202371	3.60813302697677	1.26805866297489	NA	NA	SLC25A44	Intron
chr1	156978953	156979709	10.7636693768629	-1.98435199666625	4.13463291721808	-0.479934261734023	NA	NA	MIR765	Exon
chr1	157180328	157180744	50.0248284629963	-9.99940963747077	3.65194078597814	-2.73810837127046	0.00617937095244498	0.0418353412493955	LOC107985211	Intron
chr1	157389213	157390232	26.6899757877452	-6.02593979029403	3.53758691714462	-1.70340402410746	NA	NA	LOC101928202	Intergenic
chr1	157454546	157454907	29.2792512082003	-8.25617688945525	3.8102077792654	-2.16685739144836	0.030245729725549	0.0851632027317573	FCRL5	Intergenic
chr1	157918376	157919495	105.772069556234	1.73273964397272	3.78373172159197	0.457944635473175	NA	NA	LOC105371458	Intergenic
chr1	157975768	157976704	8.25517589589305	7.71067023828707	4.24967847316223	1.81441261662073	0.0696142247889747	0.155244097787189	LOC105371459	Promoter
chr1	158069531	158070036	69.7382446279008	8.96273247652262	2.77009664372651	3.2355306075045	0.00121416867294098	0.0241571499357196	KIRREL1-IT1	Intron
chr1	159049783	159050303	1.5487770804304	0.587589858672335	4.13395197120235	0.142137562982241	0.886971348402782	NA	PYDC5	Intron
chr1	160375361	160375918	20.0131023262527	0.728013498168303	2.90896834397813	0.250265184107406	NA	NA	NHLH1	Intergenic
chr1	160862975	160863410	33.2656788125767	0.186588684133171	3.66284679787647	0.0509408922702816	NA	NA	CD244	Promoter
chr1	161235677	161235913	57.8746205584246	-7.1225305770243	3.05039514719932	-2.33495341859685	NA	NA	NR1I3	Promoter
chr1	161858875	161859146	17.4433676642546	7.82266089933349	3.79309974062245	2.06233988934069	0.0391753878410517	0.101420726299612	ATF6	Intron
chr1	161968968	161969490	33.0284250274719	-4.24488253466892	3.41874262651851	-1.24165022009619	NA	NA	OLFML2B	Intron
chr1	162072919	162073344	8.4136652828749	-5.27042303398012	3.43520588877303	-1.53423788984671	NA	NA	NOS1AP	Intron
chr1	165961750	165962416	10.6308030932838	-17.9815785852642	4.27693507331375	-4.20431413548022	NA	NA	MIR3658	Intergenic
chr1	167211504	167212510	29.4128369003533	7.54893210812791	3.66989102054494	2.05699081140752	NA	NA	POU2F1-DT	Intron
chr1	167396960	167397407	64.6878555491897	6.12736757825976	3.3468478376094	1.83078761735294	NA	NA	LOC101928512	Intron
chr1	167429957	167430536	63.5341149011072	0.18965882028512	3.088388193883	0.0614102918346751	0.951032456132291	1	NA	NA
chr1	169242562	169242900	48.8882666864579	0.308679595912278	3.67531818115342	0.0839871762654859	0.933066627600699	1	NME7	Intron
chr1	169279897	169280132	43.813979095796	6.19901294153242	2.81639137186363	2.20104812259472	NA	NA	NA	NA
chr1	170420041	170420515	59.0182185025073	10.5367800270576	3.45668223603369	3.04823507270018	0.00230189782156537	0.0290644638773276	GORAB	Intergenic
chr1	170911666	170912164	14.033240426334	0.130557991065982	4.24171857578626	0.0307795033388752	NA	NA	MROH9	Intron
chr1	171468650	171469187	1.48162236033814	-2.98410848056639	4.29224508329836	-0.695232546756922	0.486909578693758	NA	PRRC2C	Intergenic
chr1	171883756	171884216	49.6160672098897	-22.0922321314074	4.13179254831999	-5.34688803298951	NA	NA	DNM3-IT1	Intron
chr1	172323322	172323944	35.9793910365434	-2.76979308357862	3.64290458444328	-0.760325454420847	NA	NA	C1orf105	Exon
chr1	172664002	172664684	8.76112182181947	-3.99316843721211	4.12684210339524	-0.967608727730788	NA	NA	FASLG	UTR
chr1	174240727	174241003	95.4757541437122	7.35126198839291	2.41514273687722	3.04382092045544	NA	NA	RABGAP1L-DT	Intron
chr1	174491206	174491952	16.0986556439331	-7.79782238885232	4.15444376889636	-1.87698349589741	NA	NA	GPR52	Intron
chr1	175373666	175373997	89.6142506850354	7.94190756527297	2.50238805517479	3.17373140782445	0.00150492883748341	0.0259739569728618	LOC105371623	Intron
chr1	175782477	175783022	15.3706271170461	-0.653097613147248	4.27195862778685	-0.152880135331646	0.878492801453777	1	TNR	Intergenic
chr1	178375133	178375872	2.01494560541462	0	4.40735632392529	0	1	NA	LOC105371629	Intron
chr1	178469355	178469762	75.665759362988	2.18590947045019	3.61276007824981	0.605052487047284	0.545144122520043	0.984661473527897	CLEC20A	Intron
chr1	178654497	178654941	11.4927631488763	4.95246686923495	4.20843200845454	1.17679621751894	NA	NA	MIR4424	Intergenic
chr1	179075699	179076451	23.3863012424968	-7.03679297507599	2.9513285926018	-2.38427974191534	0.0171125885143934	0.0625448333153516	TOR3A	UTR
chr1	179886637	179887235	28.4750399496546	-2.65738562632563	4.02527182795227	-0.660175446505807	NA	NA	TOR1AIP1	Intron
chr1	180103445	180103827	24.8826117855331	0.308688391249366	3.95703991799929	0.0780099260169813	0.93782015723678	1	LOC105371636	Intron
chr1	180271265	180271823	82.7079278757778	5.73018085685845	3.15231421478083	1.81776957068248	NA	NA	LHX4-AS1	UTR
chr1	180893861	180894276	53.4009720193276	0	4.13854462150192	0	1	1	LINC02816	Intron
chr1	182409432	182409809	95.9699255516746	-6.45930844879585	2.60925723164244	-2.47553532494377	0.0133036600314841	0.0556009468580412	RGSL1	Promoter
chr1	182637418	182638173	9.24305824888074	-7.5652162840577	4.24895171772932	-1.78049005652167	0.0749957951989758	0.16681642273376	LINC01686	Intergenic
chr1	182781694	182782200	39.9824963268333	0.965734451778655	3.77656886057806	0.255717421667993	NA	NA	NPL	Intron
chr1	183471113	183471548	75.2320342360865	6.41375543043505	2.90136728034384	2.21059755994593	NA	NA	SMG7	Promoter
chr1	184764481	184764740	51.3266944686359	7.85128696338197	2.96330928496086	2.64949966688531	NA	NA	EDEM3	Intergenic
chr1	185078361	185078574	34.2557415155467	8.78177813491801	3.3823349210482	2.59636562904199	NA	NA	RNF2	Intron
chr1	185254226	185254571	2.56959926344608	0	4.40735632392476	0	1	NA	LOC105371651	Intron
chr1	185681860	185682343	53.5731206070567	-23.8251627261616	3.79615472815023	-6.27613056693581	NA	NA	GS1-204I12.4	Intergenic
chr1	186759001	186759615	13.9734696124282	0	4.28324320435997	0	1	1	PLA2G4A	Intergenic
chr1	187024708	187025078	32.664347121816	-6.38858563194696	3.1413962181511	-2.03367712580587	0.0419841599207365	0.107497903972875	LINC01037	Intergenic
chr1	187899625	187900034	28.0845853068032	-8.21183054951071	4.24779730619871	-1.93319736267251	NA	NA	LINC03121	Intergenic
chr1	189413957	189414551	4.87997595496888	1.48704360914588	4.10093670381601	0.362610719585639	0.716895701479068	NA	LOC105371657	Intron
chr1	190399552	190399932	29.7973649545718	-21.5286959441767	3.8822254242152	-5.54545230936165	NA	NA	BRINP3-DT	Intron
chr1	192597566	192598095	55.3340456813651	6.96152107834118	3.46856581434183	2.00703156606015	NA	NA	LOC107985241	Exon
chr1	193060498	193060926	33.1803123234176	-3.02736462189165	3.23761794118895	-0.935059255564883	NA	NA	UCHL5	Promoter
chr1	193559670	193560095	34.0607390860862	2.88914774119262	3.95006026885944	0.731418647955681	NA	NA	LOC124904475	Intron
chr1	193800448	193801251	51.7373048096637	8.54340692607815	3.44306488860885	2.48133776227786	0.0130890279422223	0.0551771040548725	LOC124904476	Intron
chr1	194046382	194047173	191.934890923985	7.60628984523987	2.39279263179674	3.17883369589296	0.00147868903490172	0.0259739569728618	NA	NA
chr1	194518015	194518318	70.9368769525329	-8.68963713581597	3.93023092893982	-2.21097367888253	NA	NA	NA	NA
chr1	194565257	194565621	43.0049706902678	1.27043784623696	3.89335824339415	0.326309002874962	0.744190577386363	1	NA	NA
chr1	194570150	194570612	37.4714642306691	7.59635727599574	4.12368775123044	1.84212717699809	NA	NA	LOC107985242	Intron
chr1	196393355	196393607	55.0081527020118	7.88768200294879	3.06932604823089	2.56984167827173	NA	NA	LINC01724	Intron
chr1	197910433	197910931	76.7770079117435	-16.5818115983705	3.7742499914298	-4.39340574578338	NA	NA	LHX9	Promoter
chr1	198039990	198040643	10.6729129644313	-6.64301613461663	4.24880933662148	-1.5635006441355	NA	NA	NEK7	Intergenic
chr1	198795644	198796300	90.4172400559133	7.67925705383059	3.14135897850587	2.44456526820856	NA	NA	MIR181B1	Intron
chr1	199994791	199995262	28.2586214548576	6.73144490621557	3.79637445456905	1.77312459209973	NA	NA	NR5A2	Intergenic
chr1	200164794	200165182	99.2955699611109	10.358274414925	3.22121423230446	3.21564281911007	NA	NA	LOC107985244	Intron
chr1	200426050	200426604	6.2516143575863	-7.00093421056056	4.24985993276339	-1.6473329289251	0.0994896330980322	0.208073087096985	ZNF281	Intron
chr1	201197840	201198278	36.6932703292955	0	4.16108170548384	0	1	1	IGFN1	Intron
chr1	201277198	201277679	14.498381259886	-21.745493121408	4.24130946091182	-5.12707061859453	NA	NA	PKP1	Intergenic
chr1	201394440	201394848	30.8259398136718	-22.2203334293544	4.19232498725409	-5.30024115423083	NA	NA	LOC101929343	Intron
chr1	201634814	201635471	25.3019464117609	-22.7583009697121	4.1628069121129	-5.46705659190922	NA	NA	MIR5191	Intron
chr1	203175209	203176258	75.4700038063133	-0.644840670001097	2.85913105963001	-0.22553728967029	0.821561319573554	1	MYBPH	Promoter
chr1	203338842	203339601	53.2898786175863	-17.8960088341708	4.27693230025892	-4.18430958869453	NA	NA	FMOD	Intergenic
chr1	205100581	205100931	73.2241816826497	0.977445075747116	3.54322289726701	0.275863275917822	NA	NA	TMEM81	Intron
chr1	205345181	205345621	46.5281510965287	-7.39019063125838	3.66727522234489	-2.01517207823116	NA	NA	KLHDC8A	Intron
chr1	205680853	205681289	22.3398523802544	-5.3081619784929	4.16239373300845	-1.27526666600479	NA	NA	SLC45A3	Promoter
chr1	205768621	205769525	2.69519519695621	-5.78713988058938	4.25355982285767	-1.36054037596711	0.173658984974422	NA	RAB29	UTR
chr1	206007839	206008267	51.4611806387575	4.58436751040596	2.98778107762617	1.53437196076236	NA	NA	RAB7B	Intergenic
chr1	207396399	207396644	48.2429867613	2.31574946559076	3.95418006092589	0.585645931624196	NA	NA	LOC124904498	Intergenic
chr1	207820294	207820583	123.436014066105	-16.1355061192503	3.58674088153925	-4.49865397366696	NA	NA	LOC148696	Promoter
chr1	207972041	207972649	22.0947684375891	-21.011953908609	3.82894464197196	-5.48766197303588	NA	NA	NA	NA
chr1	208014554	208015015	12.9006380739113	0.496903064803319	4.08689386579386	0.121584528769454	NA	NA	LINC02767	Intergenic
chr1	208424910	208425380	34.5256396264612	1.27043611615235	3.77839022983456	0.336237402405093	NA	NA	LOC124904501	Intron
chr1	208488593	208489121	54.0984874907357	-15.9900628771852	3.75070604930635	-4.26321409008909	NA	NA	LINC01735	Intergenic
chr1	208511865	208512518	39.2836998741554	-8.68785040787043	3.63696674245786	-2.38876267589931	0.0169052186761909	0.0622753510126874	NA	NA
chr1	208798905	208799329	32.2266001701158	0.122025542015925	3.434948052097	0.03552471250371	0.971661341080805	1	LOC107985255	Intron
chr1	208963026	208963645	32.7445495158901	-0.653104697363916	4.19854594244787	-0.155554972201432	0.876383819753237	1	NA	NA
chr1	208974950	208976125	115.024009240583	-9.36502576312383	3.17566720336093	-2.9489947036051	NA	NA	NA	NA
chr1	209015214	209015486	70.3206397637333	-1.22598404440702	3.12853971317845	-0.391871018687335	NA	NA	NA	NA
chr1	209029808	209030214	12.0252802712706	-6.06554588194532	4.252418745336	-1.42637549244131	NA	NA	NA	NA
chr1	209038765	209039122	89.3408500276574	-16.9996335698072	3.95499414283136	-4.29827022642244	NA	NA	LINC01774	Intergenic
chr1	209525828	209526408	15.6691488004966	16.8376739256656	4.28242372020785	3.93180942049528	NA	NA	LOC105372898	Intron
chr1	209959056	209960088	114.397895935809	-0.685633753031006	2.9776237586867	-0.230262050747946	0.817888147441947	1	SYT14	Intron
chr1	209988173	209988605	12.2511891180858	-2.55514146989199	4.0949008068337	-0.623981285609625	NA	NA	NA	NA
chr1	209996045	209996698	4.21850404296159	0	4.40735632388706	0	1	NA	NA	NA
chr1	210269855	210270774	19.9449870655256	-21.7839389006412	4.248106509379	-5.12791730916974	NA	NA	LINC02602	Intergenic
chr1	210547983	210548150	60.2940303985406	8.72637234324128	2.76173170495459	3.15974659217839	NA	NA	NA	NA
chr1	210717204	210717502	35.6290275022628	-22.9792450780818	3.88118182094348	-5.92068244628017	NA	NA	LOC124904503	Intron
chr1	210897523	210897735	60.2350874032972	7.07169617018482	2.76504216549444	2.55753646668902	NA	NA	KCNH1-IT1	Intron
chr1	211503808	211504317	46.3385964306112	1.48897311855609	2.94911421614941	0.504888250988192	0.613637326646803	1	RD3	Intergenic
chr1	211539517	211539970	38.9756672926364	-7.68831249506181	3.47358638645729	-2.21336441351704	0.0268725320322721	0.0802119056411392	LOC107985260	Intron
chr1	212208549	212208762	61.9462860928779	8.66540085044771	3.07935763159855	2.81402873168368	NA	NA	LINC02608	Intron
chr1	212634136	212634520	31.9646334074407	-23.2245091998508	4.24764868090993	-5.4676153666446	NA	NA	GARIN4	Intron
chr1	213647986	213648600	20.5579723354604	-5.81479199310505	4.12218276902971	-1.41060994111956	NA	NA	PROX1	Intron
chr1	214697920	214698438	59.3453243089567	-0.814670206254277	3.75267079347736	-0.217090773768453	NA	NA	CENPF	Intergenic
chr1	215832735	215833236	30.5644676282253	-2.52521610822507	3.73248251022143	-0.676551357256128	NA	NA	LOC124904778	Intron
chr1	216371028	216371378	27.1131269459545	-9.11308070467508	4.05917924432577	-2.24505501140755	0.0247646012327136	0.0764258554598976	USH2A	Intron
chr1	216815460	216816684	43.6522956239034	-6.00915452227824	4.22396612966867	-1.42263321669902	NA	NA	ESRRG	Intron
chr1	217436968	217437422	28.3116640627445	0	4.40735632387888	0	NA	NA	NA	NA
chr1	217458087	217458568	38.0129866395211	-6.22211951390605	3.65172216010464	-1.70388634214377	NA	NA	NA	NA
chr1	217519375	217519656	40.560071140581	9.10494284655597	3.9496185225866	2.30527145710092	NA	NA	GPATCH2	Intron
chr1	217674887	217675126	51.1677208050553	7.18124116879581	3.63924018056594	1.97328035867065	NA	NA	SPATA17	Intron
chr1	217770318	217770844	89.4898069880855	0.321415802482986	3.55824240766305	0.0903299341806459	NA	NA	SPATA17-AS1	Intron
chr1	218231783	218232655	44.9789674277079	-7.64870736266894	3.9412238234903	-1.94069347624499	NA	NA	RRP15	Intergenic
chr1	218824987	218825373	30.9813983080333	19.6361367438197	3.81627296968303	5.14537007698657	NA	NA	LOC105372924	Intergenic
chr1	220293390	220293895	39.7917813730717	7.65784583098203	3.87527772573638	1.97607665126166	NA	NA	RAB3GAP2	Intergenic
chr1	220375858	220376294	127.90094537968	0.739260527647639	2.86017042680111	0.258467299962417	NA	NA	NA	NA
chr1	220645712	220645938	49.71269982455	7.44526883872411	2.58988075305673	2.87475353061594	NA	NA	C1orf115	Intron
chr1	221325670	221326101	66.9658865217346	3.13706967791657	3.39831304441431	0.923125573458532	NA	NA	LINC02817	Intron
chr1	221517024	221517553	32.3753264363032	19.4679177075936	4.25186610408115	4.57867609916204	NA	NA	LOC105372934	Intron
chr1	221596185	221596528	42.0641786672168	17.7341071910827	3.9865259744631	4.44851163762231	NA	NA	LOC105372937	Intergenic
chr1	222058773	222059190	53.1186578367701	13.6687874024421	4.40735632387832	3.1013574573916	NA	NA	LINC02257	Exon
chr1	223688382	223688827	42.9708562860243	-6.2444256064074	2.87741619777033	-2.17015029360234	0.029995462204187	0.0847144568918251	CAPN2	Intergenic
chr1	223726974	223727210	52.1476719485633	6.84136792313937	2.52479004729961	2.70967795142275	NA	NA	NA	NA
chr1	224095991	224096252	47.3875696363294	6.96189234764227	2.62146388999912	2.65572696774572	NA	NA	LOC105373056	Intergenic
chr1	224563370	224563680	37.7901795647659	7.37494218514054	2.9510651268031	2.49907808477607	NA	NA	CNIH3-AS2	Intron
chr1	225945856	225946305	79.5430571998809	10.9793898622981	4.24731021502043	2.58502188596209	0.00973728162935787	0.050823944937943	LEFTY2	Intergenic
chr1	226020743	226020951	59.040698450165	6.81804510913926	2.74910454881746	2.48009669623953	NA	NA	SDE2	Intergenic
chr1	226215247	226215753	91.2700288674096	10.2114284788172	3.45252786073325	2.95766721970737	0.00309976568665542	0.0309086259980258	MIXL1	Intron
chr1	226308674	226309268	47.0125076013143	-8.35041517822258	3.89900099439443	-2.14168069980693	NA	NA	LIN9	Promoter
chr1	226790353	226791101	38.1036383471574	-6.07914540630735	3.54267982057991	-1.71597370188318	NA	NA	LOC124904530	Intergenic
chr1	227370088	227370553	11.451865123948	-19.5537392918198	4.25610467409973	-4.59428063666125	NA	NA	LINC01641	Intergenic
chr1	227624100	227624738	35.0503271349315	-8.2381514985053	4.13472758063731	-1.99242908700541	NA	NA	ZNF678	Intron
chr1	228105699	228106394	75.9346200713464	6.9569290226548	2.32269190262011	2.99520096264469	NA	NA	C1orf35	Promoter
chr1	228180789	228181312	26.8718655994243	8.17013651483123	3.59978208147527	2.26961975194979	NA	NA	LOC124904536	UTR
chr1	228206749	228207219	42.3393803292025	8.83758556582195	3.45024315206804	2.56143847732146	NA	NA	OBSCN	Promoter
chr1	228218109	228218470	60.8119473639435	-7.46187190564927	3.39911624880834	-2.19523880898903	NA	NA	OBSCN-AS1	UTR
chr1	228268383	228269155	13.012529661876	-21.658415878817	4.24895571821675	-5.09735034092254	NA	NA	NA	NA
chr1	228315452	228315987	20.6071286515322	0	4.40735632388277	0	NA	NA	LOC124904535	Exon
chr1	229199090	229199918	224.30701953715	9.27598755906908	2.44654687768439	3.79146119932459	0.0001497635484628	0.0117222499825616	LINC02815	Exon
chr1	229231669	229232639	51.295269122239	1.04484772523114	3.64931567180743	0.286313330826118	0.77463814879594	1	TMEM78	Intron
chr1	229342182	229342541	86.6823345569312	9.55317423804214	3.12252767685394	3.05943620895854	NA	NA	CCSAP	Promoter
chr1	229457096	229457487	28.1727582173521	21.5887187550028	4.07054030755606	5.30364942337707	NA	NA	ACTA1	Intron
chr1	230750304	230751163	31.4027360487103	8.60024666760257	4.06680198003264	2.11474438879209	NA	NA	CAPN9	Promoter
chr1	230764900	230765105	87.4573604134328	0.615501220606411	3.85432028561186	0.159691249039181	NA	NA	NA	NA
chr1	231107387	231107858	58.0979550464831	8.15928554346964	3.90726427590055	2.08823487927217	NA	NA	TRIM67	Intergenic
chr1	231308370	231309215	5.1811122039355	0	4.40735632389948	0	NA	NA	SPRTN	Intergenic
chr1	231751708	231752093	45.751097533164	0.308696882797665	3.42768452947489	0.0900598874088789	0.928239624849769	1	DISC2	Intron
chr1	232755600	232756105	27.0988228646727	-22.9810109166712	3.50755105687285	-6.55186782574162	NA	NA	LINC01744	Intron
chr1	233058248	233058593	35.5953855139614	6.61981730903262	3.26038391154601	2.03037970025242	NA	NA	NTPCR	UTR
chr1	233544754	233545072	35.5810538808859	-7.8036247775931	3.82557017818057	-2.03985926649619	NA	NA	KCNK1	Intergenic
chr1	233682061	233682539	11.9740724093243	-3.70767601811315	4.14427754298151	-0.894649544983356	NA	NA	LOC124904552	Intergenic
chr1	233757391	233757910	79.4452880491015	-10.6582044570016	3.52445744445371	-3.02406955537908	0.00249399092251024	0.0290644638773276	NA	NA
chr1	234659255	234659876	113.568012875626	8.45298340551628	3.57106894004341	2.36707371026377	NA	NA	LOC124904554	Promoter
chr1	234869308	234869892	41.0395313041456	-0.65310773089347	4.19537643350299	-0.155673213416072	0.876290612317261	1	LOC124904557	Exon
chr1	235309695	235310131	10.1750951582673	0	4.40735632390555	0	NA	NA	GGPS1	Intron
chr1	240245345	240246322	6.80326057980705	-6.31243893344193	4.25157532862394	-1.4847294109887	NA	NA	FMN2	UTR
chr1	240535172	240535626	18.3509625873228	-3.4358810553198	3.9691903044623	-0.865637772887095	NA	NA	GREM2	Intron
chr1	241370242	241370707	36.6626656713831	3.66344965851451	3.52304359519667	1.03985362642383	NA	NA	RGS7	Intergenic
chr1	242652096	242652645	95.3715104531097	8.05309175886759	3.25161653826806	2.47664251429752	NA	NA	PLD5	Intergenic
chr1	242903553	242903996	25.2768449588786	7.6375215770427	3.59375958112271	2.12521772941102	NA	NA	NA	NA
chr1	244673682	244673877	47.3850535723385	7.00809753121962	2.60138263051072	2.69398951504637	NA	NA	DESI2	Intron
chr1	245214926	245216386	29.8755768133847	-23.1072959404287	4.08151612389016	-5.66144913777892	NA	NA	NA	NA
chr1	245312521	245313026	87.6021872576582	4.76677228604972	3.41657966522577	1.39518839105855	NA	NA	KIF26B-AS1	Intron
chr1	245448065	245449201	73.5751229724411	-6.65066905012615	3.39826893843076	-1.95707554952884	NA	NA	LOC124904571	Intron
chr1	245503069	245503680	20.2858270556924	0	4.40735632387905	0	NA	NA	NA	NA
chr1	245519372	245519880	48.9821194033181	23.4713554559177	4.24748733724226	5.52593888865052	NA	NA	NA	NA
chr1	246678069	246678561	38.5548370227619	-16.6898589466921	3.68380516602542	-4.53060305702848	NA	NA	LOC102724382	Intergenic
chr1	246825624	246826048	21.6319575894907	-7.96340744968107	3.76174304802801	-2.11694614650931	NA	NA	LINC01341	Intron
chr1	247331996	247332834	16.2702378357217	7.61237244921131	3.60012625062993	2.11447374876905	NA	NA	LOC107985375	Promoter
chr1	247787465	247787902	27.2430644969139	-9.1204052456497	3.67628997021869	-2.48087210735098	0.0131061387911874	0.0551771040548725	OR9H1	Intergenic
chr1	247881238	247881884	21.9905865601801	-21.9363084590476	4.24861886328155	-5.16316223340977	NA	NA	OR2W3	Intergenic
chr1	248301394	248301842	60.6475979808792	6.14271093095021	3.21006986692989	1.91357546271262	NA	NA	OR2T12	Promoter
chr1	248622469	248623017	18.8816561834688	-6.68687523509502	3.83386401970273	-1.74416077375991	NA	NA	OR2T29	Intron
chr1	248830433	248831309	123.614550181708	-6.97088266023938	3.24201386967077	-2.1501705237761	NA	NA	MIR3124	Intergenic
chr1_KI270706v1_random	29712	30236	11.0568780598371	-4.47766150834102	3.52605376255282	-1.26987896664946	NA	NA	LOC124905319	Intron
chr10	5296052	5296736	21.2769047239029	5.05370893194477	4.11090764081255	1.22934139453103	NA	NA	LINC02561	Intergenic
chr10	5373881	5374095	58.201743600867	0.308682666881741	3.86262241727668	0.0799153097390701	0.936304613363611	1	UCN3	Exon
chr10	6603325	6603547	45.1485923183705	9.18197808191037	3.1913781865845	2.87712002310111	NA	NA	LINC02648	Intron
chr10	9183252	9183481	43.9885541766189	-7.02258337922193	3.89072976139971	-1.80495274919724	NA	NA	LINC00709	Intergenic
chr10	9584466	9585238	4.47238561320792	-6.36925282412958	4.25140081556261	-1.49815392630457	NA	NA	LOC124902542	Intron
chr10	10360546	10360991	31.8629574753108	-7.64813039042051	4.00739244417655	-1.90850546757271	0.0563259171729339	0.131568307782392	CELF2-DT	Intron
chr10	11275577	11276325	13.4699003393724	-18.3105692978142	4.26699845849953	-4.29120597907434	NA	NA	LOC124902375	Intron
chr10	11705124	11705631	24.1177823725321	-6.37977754641555	3.84619701075365	-1.65872354655214	NA	NA	LOC105376413	Exon
chr10	15185115	15185679	33.2544047167302	0	4.20742039349315	0	NA	NA	NMT2	Intron
chr10	15282624	15282947	61.4155925500133	1.75161544006645	3.39832453853539	0.515435009282945	NA	NA	FAM171A1-AS1	Intron
chr10	17552318	17552940	42.3844180589633	10.0630347444456	3.44970682141493	2.91706955558565	0.00353336969166155	0.0315647776997003	HACD1	Intergenic
chr10	18023848	18024066	44.5673378293607	1.76859878124501	3.24630355683847	0.544803882409391	NA	NA	SLC39A12-AS1	Intron
chr10	23227161	23227516	36.3168479671988	7.0802255762153	2.83566706383153	2.49684656796364	NA	NA	PTF1A	Intron
chr10	23475296	23475798	29.8094244842276	-6.9687312001747	3.43067673076076	-2.03129928788988	NA	NA	OTUD1	Intron
chr10	24515466	24515843	64.2992238646073	-1.96202009030251	3.35631781570366	-0.584575179717051	NA	NA	LOC105376455	Intron
chr10	25235770	25236099	38.9100459185232	0.439125035986755	3.39121042937229	0.129489173595175	NA	NA	GPR158-AS1	Intron
chr10	30923857	30924267	8.9675166516449	6.18974982723121	4.25461408561283	1.45483226038341	NA	NA	LOC124902405	Intron
chr10	33814790	33815001	34.1041728371488	1.23691553265445	3.91953357736318	0.315577225769442	NA	NA	LINC00838	Intergenic
chr10	35115687	35116336	55.2908692287501	8.63577584728212	3.18293707649278	2.71314689538183	0.0066647555186621	0.042255456757776	CREM	Intron
chr10	38401636	38402033	58.9310858731279	-23.0748619982888	4.09120527701656	-5.64011347167496	NA	NA	HSD17B7P2	Exon
chr10	43297886	43298241	64.2102211916371	8.0271700380104	3.5761015574638	2.24467060261659	NA	NA	LOC105378271	Intergenic
chr10	48854157	48854626	127.386148333782	0.308636611321075	3.47932507925763	0.0887058852767293	NA	NA	LOC105378299	Intron
chr10	54135472	54135868	17.4486939271248	19.3492857373105	4.13170822700086	4.68312007388668	NA	NA	LOC105378311	Intron
chr10	56775246	56775501	48.1939678243467	-22.059881599984	4.24845821832236	-5.19244405060787	NA	NA	LOC124900300	Intron
chr10	58073212	58073404	55.0219971044031	7.96555192106892	2.55057113322937	3.12304637078812	NA	NA	IPMK	Intergenic
chr10	60516032	60516678	13.0951815520447	0	4.40735632388016	0	NA	NA	ANK3	Intron
chr10	61362417	61362795	47.2560906341415	0.3086976805634	3.40126142592264	0.090759762895809	0.927683482602312	1	TMEM26-AS1	Intron
chr10	65017163	65017473	6.89484406121847	0	4.40735632388186	0	NA	NA	LINC02671	Promoter
chr10	65574433	65575119	68.5145787613274	7.6408063526093	3.38113865702987	2.25983230138254	NA	NA	LINC01515	Intron
chr10	67728172	67728582	1.60121078908646	-3.24996225811516	4.28467463922316	-0.758508529064041	0.448146609025292	NA	CTNNA3	Intron
chr10	68407775	68408247	86.4124169327934	-1.79128512509889	3.30587478375114	-0.541849054266457	NA	NA	RUFY2	Promoter
chr10	70291018	70291847	40.1389897429812	8.13059922176363	3.06842617960549	2.64976204277106	0.00805484808226125	0.0463110945959546	NPFFR1	Intergenic
chr10	70762755	70763482	33.8386087724069	8.17015610093424	4.24819179726325	1.92320791782461	NA	NA	TBATA	Intergenic
chr10	74289890	74290533	15.2668708031267	0	3.92714238884157	0	1	1	ADK	Intron
chr10	77715647	77716436	22.4902711276796	21.6077685730225	3.97531781301741	5.43548203926403	NA	NA	LOC105378372	Intergenic
chr10	80078664	80078932	44.0428921390127	7.56721896137696	2.77336822417292	2.72853020216372	NA	NA	TMEM254	Promoter
chr10	81206513	81206903	39.2997458687724	-7.04165435261943	4.24838544998359	-1.65748951819959	NA	NA	LINC02655	Intergenic
chr10	81381866	81382226	71.124064237942	1.1858901393608	3.40879413409597	0.347891392882634	0.727921749492507	1	NRG3	Intergenic
chr10	82840877	82841437	31.918458936078	21.2060027551287	4.24846964282771	4.99144504678969	NA	NA	LOC105378392	Intron
chr10	83119138	83119684	81.1515730341729	1.12087952089625	3.1235309961973	0.358850135395118	0.71970720451697	1	NA	NA
chr10	83622995	83623753	27.4975267195539	6.34380050314845	3.58261306735197	1.770718853498	0.0766074656913891	0.169189947925058	LOC105378394	Intergenic
chr10	83837556	83838112	17.9228850062912	-4.38344823443694	4.10911205278155	-1.06676288651454	NA	NA	LOC107984181	Intergenic
chr10	84100959	84101780	44.1243177847529	0	4.40735632387908	0	NA	NA	GHITM	Intergenic
chr10	84917132	84917520	55.9334384879252	-22.3440345072982	4.15079538456868	-5.38307298653317	NA	NA	LOC107984249	Intergenic
chr10	85460671	85461232	56.3754509168793	7.91833382980487	3.30717774388915	2.39428734800723	NA	NA	LINC01520	Intron
chr10	86339294	86339903	20.6886288031156	-6.56223476424197	4.17073416672433	-1.57340038993564	NA	NA	GRID1	Intron
chr10	86644101	86644623	4.38392110144455	5.30352705083937	4.26103121559649	1.24465810797796	0.213257450965517	NA	LDB3	Intergenic
chr10	92414567	92414867	74.1190424033654	7.51892895470976	3.18418088844886	2.36133851000297	NA	NA	LOC124902484	Intergenic
chr10	94213231	94213710	50.4256783258925	-22.8622188844115	3.63467794131878	-6.29002603628655	NA	NA	PLCE1-AS1	Intron
chr10	95655369	95655982	14.1012264099417	-0.653095269054493	3.97957156340879	-0.16411195492991	0.869643010739905	1	ALDH18A1	Promoter
chr10	97688880	97689415	36.5437958908541	-7.77945068057381	4.24785230108325	-1.8313844571738	NA	NA	AVPI1	Promoter
chr10	98675714	98676227	51.5944822289794	3.95184124228857	3.42511007218013	1.15378518033237	NA	NA	HPS1	Intron
chr10	98707949	98708249	6.22909230925022	-0.653137125569845	4.40735632388182	-0.148192493997079	NA	NA	MIR6507	Intron
chr10	102103159	102103855	32.9120213816626	13.4186709710412	4.40735632387876	3.04460769335571	NA	NA	PPRC1	Intergenic
chr10	102419308	102419699	88.6619703657506	7.99971362332453	2.72473507770595	2.93596015582541	NA	NA	FBXL15	Promoter
chr10	103691450	103692183	92.8441018679137	-0.476249719248675	3.8544326839677	-0.123558966596981	NA	NA	SH3PXD2A-AS1	Intron
chr10	103833339	103833657	4.25214372274153	-3.20558661417363	4.28584421978839	-0.74794753373745	NA	NA	SH3PXD2A	Intron
chr10	109528022	109528891	14.400327701689	-20.9795957570117	4.24948513660724	-4.93697355858072	NA	NA	XPNPEP1	Exon
chr10	110998581	110998914	53.5129699970733	3.53355054726236	3.43412973435535	1.02895080285185	NA	NA	MIR548E	Intron
chr10	112841081	112842497	155.732694879704	23.7898290530823	3.515915656996	6.76632529729349	NA	NA	LOC103344931	Intergenic
chr10	118204151	118205084	69.8301172022666	1.55743490412769	3.78540172975481	0.411431867821481	NA	NA	LINC02944	Exon
chr10	120553328	120553820	12.146174858869	-5.95449368674125	4.25002946426758	-1.40104762491745	NA	NA	LINC01561	Intron
chr10	121306249	121306665	37.4546599162404	-4.87483316704332	3.86145346414038	-1.26243478325293	NA	NA	LOC105378523	Intron
chr10	121464729	121466174	99.9428724437726	-6.55882340628267	3.47278441245191	-1.88863535057504	NA	NA	FGFR2	Intergenic
chr10	122286998	122287574	17.95724607144	5.08794193588731	4.14664549463029	1.22700190852484	NA	NA	BTBD16	Intron
chr10	122445095	122445578	21.1171486523356	-7.73072986312245	4.02910748982227	-1.91872018372572	NA	NA	ARMS2	Intron
chr10	125425363	125425600	45.1623213854573	7.26377225867162	2.9503993558352	2.46196239309285	NA	NA	LOC105378543	Intergenic
chr10	126671860	126672437	20.5308605687187	19.3243590812451	4.25167837703031	4.54511309831075	NA	NA	LOC124902523	Intron
chr10	127426919	127427121	102.174511236765	-2.20342603387672	3.19033010360201	-0.690657694446403	NA	NA	LOC105378551	Intron
chr10	131944786	131945193	65.3526389320481	13.6981791770758	4.30904292064016	3.17893774310346	NA	NA	BNIP3	Intron
chr10	132735074	132735355	30.3903906632565	-15.2036757407353	4.28542782107631	-3.54776147808663	NA	NA	NKX6-2	Intron
chr11	215761	216213	64.0048230870812	-0.722762365876766	3.13900044794993	-0.23025239335305	0.8178956513457	1	MIR6743	UTR
chr11	345337	345837	21.7536967075753	-7.07917427024653	4.24971184251871	-1.66580100782807	NA	NA	IFITM3	Intergenic
chr11	372145	372523	62.0589713499341	-2.18827438568996	3.58361970275904	-0.610632423972108	NA	NA	B4GALNT4	Promoter
chr11	537379	537675	132.985198258776	-0.650666043599254	3.25149131467253	-0.200113111378489	0.841392119366262	1	MIR210	UTR
chr11	695133	696019	134.71324235403	-6.31600680296031	1.86286484712118	-3.3904804273487	0.000697702363685566	0.0229267034668706	NA	NA
chr11	707047	707492	55.1977640042798	0.505452711314914	3.71267456511384	0.136142476926042	NA	NA	TMEM80	UTR
chr11	719014	719600	29.4364775756023	-7.38442222039603	3.26400078538029	-2.26238371432734	NA	NA	LOC105376509	Intron
chr11	1026682	1028038	108.39404060608	7.46168047302797	3.45042431683948	2.16253996258139	NA	NA	LOC124902605	Exon
chr11	1545219	1545859	22.8962470649537	0.30869445221355	3.49714312187409	0.0882704657646734	0.92966171221033	1	LOC124902607	Intergenic
chr11	2370054	2370452	36.5895598973155	-22.0243236583002	4.17549488741484	-5.27466186695203	NA	NA	LOC105376520	Intron
chr11	2433893	2434605	20.0700419775941	-1.7324650684119	4.0865084548994	-0.423947506173591	NA	NA	TRPM5	Intron
chr11	2498472	2499069	26.5368038679073	8.32014957116671	4.0729195856555	2.04279740765559	NA	NA	LOC124902613	Intron
chr11	3000668	3001290	21.1812074295247	-1.90696891023387	3.08057315968607	-0.619030554180446	NA	NA	NA	NA
chr11	3099737	3100200	27.080369946426	13.4205025928655	4.40735632387905	3.04502327623323	NA	NA	LOC124902615	UTR
chr11	3681640	3682797	11.6300588752939	0.664036463344568	4.08767559769713	0.162448425143782	NA	NA	CHRNA10	Intron
chr11	6586341	6587052	30.5350856484143	-8.99857885432945	3.83627846160736	-2.34565320124315	NA	NA	RRP8	Intron
chr11	7505025	7505753	17.9251732104277	-7.22274621007249	3.85201306892187	-1.87505755583899	NA	NA	PPFIBP2	Intron
chr11	8749667	8750333	13.3865849398014	-6.91945040054887	4.2485030080303	-1.62867965197861	NA	NA	DENND2B-AS1	Intron
chr11	9401909	9402472	38.0170925547842	-0.703280140687745	3.42811281484735	-0.205150815819654	NA	NA	IPO7	Intron
chr11	9460815	9461416	48.5980952811963	-5.30961724449284	2.25907929148523	-2.35034567600416	NA	NA	ZNF143-AS1	Promoter
chr11	9977223	9977480	46.0113390953007	7.33235958946344	3.01556639561299	2.43150328247804	NA	NA	NA	NA
chr11	10056462	10056738	36.2073610582227	-22.8685245129074	4.24783071283282	-5.38357718536686	NA	NA	LOC101928008	Intron
chr11	10382876	10383696	42.1880741102342	2.94705194742137	3.62440145783371	0.813114104965295	0.416152640226116	0.801351778286653	AMPD3	Intron
chr11	10407308	10408386	34.4258319573736	8.09338737282482	3.92284532154365	2.06314210972765	NA	NA	NA	NA
chr11	10836904	10837279	59.7741983979737	-8.19025713354959	3.87934211837304	-2.11124899110071	NA	NA	ZBED5-AS1	Exon
chr11	11378783	11379672	34.2232064545465	-4.70575477107101	3.84446433983549	-1.22403392387101	NA	NA	CSNK2A3	Exon
chr11	12084910	12085487	9.35878887125719	-7.57040893577631	3.92560495365218	-1.92846937609787	0.0537967698052688	0.126933137869647	LINC02989	Promoter
chr11	12757571	12758051	25.5909228747025	-19.8709881633585	4.2542521288629	-4.67085343356689	NA	NA	TEAD1	Intron
chr11	13362006	13362487	35.8720102664835	8.85940486217919	3.72901288641508	2.37580430318551	0.017510747064278	0.0629952654864274	BMAL1	Intron
chr11	13997943	13998742	4.04637027935249	-5.25322495617058	4.25647027397569	-1.23417400287959	0.217138072513767	NA	SPON1	Intron
chr11	15123066	15123926	12.7922564074086	-21.8425225298274	4.24870734221197	-5.1409807196689	NA	NA	INSC	Intron
chr11	15141810	15142317	33.510531143937	1.11858728326034	3.42330405332914	0.326756626298656	0.743851967350949	1	NA	NA
chr11	15402627	15403192	43.7497947843278	-7.73168207633484	3.75539154321165	-2.0588218265312	NA	NA	LINC02751	Intergenic
chr11	17401081	17401612	60.080908406972	-8.19910874060264	3.71311252611848	-2.20814981580254	NA	NA	KCNJ11	Intron
chr11	17541651	17542173	137.299635921292	3.59109515801903	3.68743009902757	0.973874775000088	NA	NA	USH1C	Promoter
chr11	17592086	17592742	50.0050997736689	5.71599631648799	3.35847230471023	1.70196321359308	NA	NA	OTOG	Intron
chr11	17630128	17630719	86.8454593203783	-0.306577280662321	2.77310441207764	-0.110553818070135	NA	NA	NA	NA
chr11	17691818	17692379	36.9930631314627	-6.19517244229631	3.54532211931039	-1.74742159775918	NA	NA	LINC02729	Exon
chr11	18526159	18526881	9.43852992553611	0.944355898408388	2.92452497061195	0.322909158888386	0.746764039795378	1	TSG101	Promoter
chr11	19045888	19046269	65.3728086527013	6.31324689646332	3.41679119194561	1.84771223695071	NA	NA	MRGPRX2	Intergenic
chr11	20125783	20126106	48.2284058616804	6.78552187478132	2.8755228630863	2.35975236430512	NA	NA	DBX1	Intergenic
chr11	20820675	20821336	1.03606243519293	-3.24995367770424	4.28467486194801	-0.758506487053877	0.448147831010217	NA	NELL1	Intron
chr11	21272797	21274060	8.48608246075633	0.158697024324648	4.09014425469143	0.0387998599664599	NA	NA	NELL1-AS1	Intron
chr11	22548304	22548791	11.345582365429	-3.74228030634922	4.11084444422475	-0.910343448195099	NA	NA	LINC01495	Intron
chr11	22806357	22807524	33.7762215387897	1.270440260113	3.89710951221209	0.32599552466563	0.744427741139502	1	LINC02718	Intron
chr11	23100118	23101028	48.1200625925407	-8.06403028792673	3.29461748718888	-2.4476377968865	NA	NA	CCDC179	Intergenic
chr11	23331454	23332122	28.9334356826356	-8.12227227436076	4.24784494732035	-1.91209245513646	NA	NA	MIR8054	Intergenic
chr11	23718978	23719403	32.2993379512322	5.76861916110446	3.80884740475178	1.51453144431771	NA	NA	LINC02726	Intergenic
chr11	24875222	24875567	15.4294421405364	-0.950455562543205	4.35954148464301	-0.218017322668288	NA	NA	LUZP2	Intron
chr11	25647817	25648426	45.2690359100975	9.21689090930033	4.24759552376333	2.16990785910196	NA	NA	LINC02699	Intergenic
chr11	26222154	26222733	34.9558268511804	-1.87584486654287	4.00024247714896	-0.468932790264208	NA	NA	ANO3	Intron
chr11	26402079	26402678	16.2950968047938	0	4.40735632392279	0	1	1	LOC105376598	Intron
chr11	26703829	26704132	96.8660762192069	-7.60484199940823	3.51214447206187	-2.16529873981626	NA	NA	SLC5A12	UTR
chr11	28141122	28141649	6.30192280684799	-7.01253062631298	4.2498374736244	-1.65007030735518	0.0989285569486161	0.207660844766014	METTL15	Intron
chr11	28842845	28843413	18.3200852080671	-20.9731940219219	4.2502552637446	-4.93457280103312	NA	NA	LINC02742	Exon
chr11	29524696	29525379	44.4647550987599	2.7405997896041	3.04580645717721	0.899794464335084	NA	NA	LINC02546	Intron
chr11	30662007	30662663	29.7274775406712	-6.85947507691588	3.4206212130885	-2.00533021623941	0.0449277565712368	0.113476068087785	LOC101928338	Intron
chr11	30833768	30834160	13.7589713954631	-6.75521338594164	4.25038081090334	-1.58931956605223	NA	NA	LOC105376611	Intron
chr11	31524387	31524787	46.5728716123903	-7.93970327982933	3.88282343040821	-2.04482728152143	NA	NA	ELP4	Intron
chr11	32506196	32506639	30.6149464549294	-8.14896275819082	4.12694369456954	-1.97457570572472	NA	NA	WT1	Intergenic
chr11	33512448	33512852	117.719999669419	7.47753808917397	3.0325361118392	2.46577050145627	NA	NA	KIAA1549L	Intron
chr11	33847255	33847584	43.5796064801904	22.5339383069905	3.73986690999631	6.02533160919694	NA	NA	LINC02721	Intergenic
chr11	34163009	34163847	73.7669370547695	6.95999683957758	3.09578334025268	2.24821832622483	0.0245622716584515	0.0763067906189226	NAT10	Intron
chr11	34284067	34284434	65.3605148476555	9.3745731531511	4.24746625862498	2.20709773364648	NA	NA	ABTB2	Intron
chr11	34505806	34506626	3.27387125707794	-6.06845259265496	4.25240795380234	-1.42706265687157	0.153561835111578	NA	ELF5	Intron
chr11	35316942	35317261	35.4101314303764	7.97828680837322	3.36680371742455	2.36969169514766	NA	NA	SLC1A2-AS1	Exon
chr11	36873267	36873467	33.543594313614	8.94238116635183	3.12991428207728	2.85706903142948	NA	NA	LOC107984326	Intergenic
chr11	39453809	39454261	24.0749870442063	-0.282637638711126	3.43795509883107	-0.0822109744269856	NA	NA	LOC105376636	Intergenic
chr11	39687236	39687693	15.9322794570908	19.9506785351473	4.25035236753175	4.69388813208751	NA	NA	LOC107984362	Intron
chr11	39965907	39966371	42.7587706257082	21.0184342227376	4.24871936321405	4.94700459736594	NA	NA	LOC105376637	Intron
chr11	40424206	40424682	67.2195453454018	7.65578162257279	2.91451862836272	2.62677395439176	NA	NA	NA	NA
chr11	40483216	40483680	32.7608767294167	-5.35544580511969	2.89093983470418	-1.85249299927672	NA	NA	NA	NA
chr11	41055532	41055885	15.8886380783697	-6.45219442839076	3.74717503843234	-1.72188231460094	0.0850908392902203	0.182309568318357	NA	NA
chr11	41399570	41399939	43.5558882508994	0	4.19702103594293	0	1	1	LRRC4C	Intron
chr11	41500814	41501140	25.5526538582414	-20.7404034234918	4.25084847978843	-4.87912084425179	NA	NA	NA	NA
chr11	41822577	41823197	2.75559267309123	-5.12758682771975	4.25732601533046	-1.20441488607063	0.228429261270129	NA	LOC105376639	Intron
chr11	42999489	43000032	18.0593275181428	14.5553370636735	3.90388010877701	3.72842829649124	NA	NA	HNRNPKP3	Intergenic
chr11	43556869	43557237	105.20809209436	7.29863742418297	2.36332301677087	3.08829447874437	NA	NA	HSD17B12	Promoter
chr11	44011677	44012225	21.178887552573	13.5563847407393	4.40735632388292	3.07585403686988	NA	NA	ACCS	Intergenic
chr11	44504170	44504602	48.8504957446439	-5.7075996408704	3.78965605277702	-1.50609964634863	NA	NA	LOC105376646	Intergenic
chr11	44792275	44792915	85.1282330831253	-5.52678687236512	3.06828636436542	-1.80126175201648	NA	NA	TSPAN18-AS1	Intron
chr11	44941534	44942262	130.554600925967	10.3872177468685	3.233832584653	3.21204560686407	NA	NA	TP53I11	Intron
chr11	45138318	45138559	63.188310975262	7.14136120432259	2.70063675980859	2.6443249646164	NA	NA	LOC105376652	Intron
chr11	45220193	45220787	82.3104622692914	0	4.4073563239225	0	1	1	SYT13	Intron
chr11	45549837	45550743	108.866538138822	0	3.67706461073794	0	NA	NA	LOC105376654	Intergenic
chr11	46323330	46323954	48.3072811844822	-1.17503702488427	2.82865716848825	-0.415404538229092	0.677845785005935	1	NA	NA
chr11	46346719	46347273	8.82052226049021	20.1350253948229	3.88081997510035	5.18834306255142	NA	NA	DGKZ	Intron
chr11	46421881	46422202	60.921738011471	-8.079962706865	4.09835694574948	-1.97151268516154	NA	NA	MIR3160-2	Intron
chr11	46686253	46686841	119.129257860489	7.43352265906994	2.47092357961412	3.00839844679892	NA	NA	ARHGAP1	Exon
chr11	47834198	47834445	10.4988756494684	-7.30646633875492	3.60913488927094	-2.02443703627571	NA	NA	NUP160	Intron
chr11	48062038	48062819	14.1313059909251	18.5301778207729	4.2561152698398	4.35377724660883	NA	NA	MIR3161	Intron
chr11	48438001	48438304	8.63673130495502	-7.15808149318315	4.22800459754184	-1.69301648757545	NA	NA	NA	NA
chr11	48621380	48621919	7.20439996959058	0	4.40735632388946	0	NA	NA	OR4A47	Intergenic
chr11	48878055	48878478	34.7822998988354	-16.0666717764553	4.19611654921197	-3.82893839768884	NA	NA	TRIM51G	Intergenic
chr11	49282771	49282962	1.61000304915441	-5.04373611219192	4.25793992479197	-1.18454844391407	0.236196031654007	NA	FOLH1	Intron
chr11	54599163	54599674	28.9157037769703	0	4.40735632388872	0	NA	NA	OR4C46	Intergenic
chr11	54724244	54724485	40.7900186150039	9.02043096648067	3.20264133380053	2.81655984117842	NA	NA	OR4A5	Intergenic
chr11	56120414	56120610	84.2968545750445	-1.02646353207729	3.19935026984868	-0.320834996327499	NA	NA	OR8H3	Promoter
chr11	56241567	56242267	168.986772112677	0.567685858301402	3.01116561370533	0.188526946414896	NA	NA	OR5J2	Intergenic
chr11	57518762	57519284	36.0681218127839	-15.1846078475115	4.29253538370127	-3.53744500398701	NA	NA	SLC43A1	Promoter
chr11	58241919	58242406	20.4862965630338	1.27044395590056	3.92730118341471	0.323490330017402	0.746323929726124	1	OR10Q1	Exon
chr11	58646464	58646878	31.5030053543039	9.37284354069003	3.71266394053195	2.52456017857277	NA	NA	CNTF	Intron
chr11	58994294	58994886	32.9095023698861	4.79100053847269	3.22514788373211	1.48551344347305	NA	NA	GLYATL2	Intron
chr11	59218750	59219261	31.3421001297973	-8.24206787225459	3.47937602871864	-2.36883504519916	NA	NA	MPEG1	Intron
chr11	59244283	59244938	38.362802539288	-3.97586584071657	3.81822275879656	-1.04128703113427	NA	NA	NA	NA
chr11	61151088	61151873	45.2695114649444	-21.6418031533162	4.24898710824741	-5.09340287507787	NA	NA	VPS37C	Intron
chr11	61441964	61442232	47.3287837074847	7.77458221324058	3.23946294086535	2.39996022648241	NA	NA	SAXO4	Intron
chr11	61780009	61780268	59.4441533912145	1.42602150400882	3.0518933438995	0.46725797507286	0.640315319502089	1	MIR611	Exon
chr11	62165245	62165662	26.9675942841593	6.66039149885883	3.81416682615633	1.74622448425276	NA	NA	SCGB1D1	Intergenic
chr11	62539463	62540485	44.2135026047597	5.72681177715203	3.67156943839674	1.5597721555425	NA	NA	AHNAK	Intron
chr11	63124978	63125381	10.1873249438625	-21.512755675731	3.87263199903606	-5.55507357298234	2.77494855443597e-08	6.46563013183581e-06	SLC22A24	Intron
chr11	64109479	64109899	47.6597618257374	10.2378223044542	3.97927936915477	2.57278299779913	0.0100884440059222	0.050823944937943	LOC105369339	Intron
chr11	64916580	64917250	18.2879719417027	5.67170679084821	2.94564065684109	1.92545780412013	NA	NA	ATG2A	Promoter
chr11	65013739	65014016	19.9371460108067	-1.94059484096538	3.20906429884364	-0.604722953561468	NA	NA	ARL2	Promoter
chr11	65320815	65322011	71.4167389275181	-24.0484173522494	3.90765049084411	-6.15418840773924	NA	NA	LOC105369344	UTR
chr11	66267543	66268512	48.32774693791	7.88427980390468	2.79328941060556	2.82257891859313	NA	NA	KLC2-AS2	Promoter
chr11	66294853	66295287	87.2948988662388	-6.25049291068085	3.20707050710578	-1.94897271414266	NA	NA	TMEM151A	Promoter
chr11	66435070	66435794	30.4692928572194	0	4.40735632387879	0	NA	NA	LOC124900311	Promoter
chr11	67995179	67995635	43.4965184552674	7.27801728427271	3.48458468756431	2.08863263109842	NA	NA	UNC93B1	Exon
chr11	68631481	68632316	22.3181532817875	6.75977135302557	4.24967075082531	1.5906576648821	NA	NA	GAL	Intergenic
chr11	69177220	69178039	165.652861437373	8.45664855612556	2.96910733020907	2.84821248126792	0.00439655598757622	0.0338643816563722	LOC338694	Exon
chr11	69536036	69536888	5.45563818490666	-6.78012432368639	4.25032387645366	-1.59520180597238	0.110667115049569	0.228695678993788	LINC01488	Intron
chr11	69860502	69861339	112.637181192527	-6.62009713918651	3.45293731530694	-1.91723640908264	NA	NA	FGF3	Intergenic
chr11	70448982	70449208	126.322752594588	-2.74038900918243	3.55271396897433	-0.77135086953639	NA	NA	NA	NA
chr11	70492043	70492597	47.9631691916914	6.92864848696719	4.109607080105	1.68596373130401	NA	NA	NA	NA
chr11	70684797	70685287	38.9922213478826	5.196561164729	3.56117503536017	1.45922655110476	NA	NA	NA	NA
chr11	70736581	70736779	96.2620072813109	-0.339334451169149	3.45348752198833	-0.0982584847950394	NA	NA	SHANK2-AS1	Intron
chr11	70739065	70740413	17.2436454983053	-18.5373384550189	4.26119871523308	-4.35026378581007	NA	NA	NA	NA
chr11	70882551	70883077	95.2258563214601	0.871866874774117	2.99942307310356	0.290678191613689	0.771297452312009	1	MIR3664	Intron
chr11	71866521	71866967	43.6781603333828	-8.18479856896707	3.72869796326171	-2.19508221089792	NA	NA	DEFB131B	Intron
chr11	71923589	71924091	63.7626310071477	-7.02530396612954	3.88678684318769	-1.80748372616386	NA	NA	XNDC1N	Intron
chr11	72095471	72096202	23.0606314024311	14.4831665911981	4.292125567019	3.37435761490479	NA	NA	LAMTOR1	UTR
chr11	72137013	72137382	77.0880995624956	-8.17741567034852	3.29423161117316	-2.48234387728321	NA	NA	FOLR3	Intron
chr11	72465452	72465735	42.7833355473862	7.19177716461708	3.1577189277633	2.27752289837627	NA	NA	CLPB	Intergenic
chr11	72777650	72778238	27.4291471386319	22.0393544227791	4.24787126553231	5.18832917598252	NA	NA	MIR4692	Intron
chr11	72933820	72934178	44.2839792284795	-0.610233929891294	3.29494580213883	-0.185203025037673	NA	NA	ATG16L2	Intron
chr11	73223722	73224453	15.3931310550664	6.66311001650306	3.51602067005483	1.89507134393472	0.0580829504785128	0.134459930160737	P2RY2	Intron
chr11	74003819	74004280	58.9899201453367	-0.314449012357311	3.57709619700964	-0.0879062219853585	NA	NA	NA	NA
chr11	74047344	74047802	14.3699420688953	-20.2172694270819	4.25259103936861	-4.75410620017758	NA	NA	UCP3	Exon
chr11	75015296	75015988	21.8403226441092	1.27044285530748	3.92974418109255	0.323288946242366	0.746476424546842	1	NEU3	Intron
chr11	75212391	75212848	71.1676957479514	1.27044199537893	3.85528974012348	0.329532170346875	0.741753482112877	1	TPBGL	Exon
chr11	75525838	75526267	10.3656742190468	-7.41963159613877	4.10719802244665	-1.80649473329238	NA	NA	GDPD5	Promoter
chr11	75725363	75726671	14.9737634865098	-3.36617071670289	3.93529113352698	-0.855380352427949	NA	NA	MOGAT2	Intron
chr11	75893339	75893903	5.90113191062545	-0.653120874140906	4.40735632388964	-0.148188806655075	NA	NA	UVRAG	Intron
chr11	75923161	75923940	5.71740739165171	2.68430767802977	4.10862759196718	0.653334384279044	NA	NA	NA	NA
chr11	76234259	76234996	9.98614737149649	0	4.407356323923	0	1	1	LINC02761	Promoter
chr11	76544354	76544596	49.7447976387395	6.54102742648755	2.62099591783706	2.49562671272126	NA	NA	LINC02757	Exon
chr11	76754527	76754727	51.7067119433553	8.48472520855668	2.75499209462115	3.07976390390458	NA	NA	LOC105369397	Promoter
chr11	76808745	76809338	7.71079507077214	0	4.4073563239232	0	1	1	TSKU-AS1	Intergenic
chr11	77202172	77202718	41.9411466452009	-9.73473191035145	3.48651621867936	-2.79210859774484	0.00523657778972311	0.0390439240001755	MYO7A	Exon
chr11	77512472	77512679	65.9192113827091	7.52516425734657	2.37129386329172	3.1734423024654	NA	NA	PAK1	Intergenic
chr11	77838660	77839096	12.9141111940891	-21.5778385124369	4.24909067451352	-5.07822500514357	NA	NA	AAMDC	Intron
chr11	78669827	78670812	12.7542147818526	0.834628352259678	3.78947783833625	0.220248907070035	NA	NA	NA	NA
chr11	78951274	78951850	54.8586795029596	7.44124693229023	3.32111379024572	2.24058776731636	0.0250527898161139	0.076580501272326	LOC124902724	Intron
chr11	79280433	79280843	71.4410082993487	7.15951692976771	2.86605649565908	2.49803761391707	0.0124882942213523	0.0551771040548725	MIR708	Intron
chr11	79808357	79808688	38.5256432902293	-8.53277438232765	3.64697432337223	-2.33968589459047	NA	NA	LOC105369406	Intergenic
chr11	80417481	80417685	41.0619779344326	8.10463622402217	3.21642055396701	2.5197688200401	NA	NA	LOC105369408	Intergenic
chr11	81030064	81030694	32.8292568392955	19.6107241268799	4.25134989763381	4.61282289133498	NA	NA	LINC02720	Exon
chr11	83630231	83631040	85.444976690607	7.91793010914095	2.46137901279256	3.21686748281715	0.00129598443861157	0.0241571499357196	DLG2-AS2	UTR
chr11	84770123	84770607	35.7075292277979	-19.2820234650384	4.25844055280182	-4.52795412450971	NA	NA	LOC124902727	Intron
chr11	86622174	86622456	43.4040115074541	-6.86852309675016	3.37060207808736	-2.03777335254231	NA	NA	LOC102724775	Intron
chr11	86685601	86686051	5.65452874756203	-1.69486852000069	4.10163783749831	-0.413217496802309	NA	NA	ME3	Intron
chr11	87075635	87076647	1.46060283857161	0	4.4073563238991	0	1	NA	TMEM135	Intron
chr11	89229988	89230368	26.0990356642639	7.45006844664847	3.53663157559451	2.10654355349302	NA	NA	NA	NA
chr11	89318494	89319107	15.6173666220519	17.8697105148738	4.26185855193917	4.19293843216428	NA	NA	TYR	Intergenic
chr11	92127132	92127681	5.18228978568822	-3.47298571267389	4.27930739689566	-0.811576591855332	0.417034627526958	NA	NA	NA
chr11	92200134	92200346	50.9026440173552	8.41944258189172	2.98161242212588	2.82378840368819	NA	NA	NA	NA
chr11	92386271	92386809	16.0049399354351	-3.99257326576344	3.98244820597803	-1.0025424209586	NA	NA	FAT3	Intron
chr11	94295504	94295696	53.9617608816968	6.71240998538153	2.45486420158287	2.73433046970722	NA	NA	IZUMO1R	Intergenic
chr11	94591243	94591759	63.0948110289403	-8.57250750004225	3.92833830659108	-2.18222231157104	NA	NA	LINC02700	Intron
chr11	94680544	94681289	131.413544997542	-6.20364242164235	3.11368513849639	-1.99237949429855	0.0463294354943532	0.115111104511362	AMOTL1	Intron
chr11	94879016	94879772	21.2920343537199	-8.76925239400497	3.97187531577851	-2.20783677653943	0.0272556533876626	0.0804312099521688	NA	NA
chr11	94886199	94886885	41.7358735666112	-0.653104550852304	3.89643250951624	-0.167616030627306	0.86688535901365	1	CWC15	Intron
chr11	96204059	96204757	7.08248697427508	7.11111687047944	4.25103915997011	1.6727949573933	NA	NA	MIR1260B	Intron
chr11	96740167	96740704	95.5067884426155	2.06312262515283	3.47383980475727	0.593902638321858	NA	NA	JRKL-AS1	Intron
chr11	97208770	97209230	20.3417869391384	-7.27161703969434	4.21635012869177	-1.72462362416533	NA	NA	LINC02553	Intergenic
chr11	97854811	97855208	46.2160563559293	0.230868233874935	3.61221408018312	0.0639132201885529	NA	NA	LOC105369453	Intergenic
chr11	97923051	97923877	71.0688645779438	8.94630519330466	2.80248504743536	3.19227579875642	NA	NA	LINC02713	Intron
chr11	98734555	98735081	38.7089006038424	-16.5603152037698	3.96367276712329	-4.17802280277259	NA	NA	LOC105369455	Intron
chr11	102040574	102040980	25.9798168870869	9.35676643172908	3.7730880919969	2.47986959317905	0.0131430440989074	0.0551771040548725	CFAP300	Intergenic
chr11	103572017	103572756	4.94018551182088	-5.67877715776422	4.25406689673044	-1.33490546707876	0.181907288231122	NA	NA	NA
chr11	103640187	103640765	13.4068872630164	-6.4803593632132	4.25107875000479	-1.52440350892251	NA	NA	NA	NA
chr11	103665468	103665832	64.2692809570145	-5.64490333132288	3.58950863142227	-1.57261171679819	NA	NA	NA	NA
chr11	103752532	103753425	65.8175766460383	-1.57039050800985	3.37349623949528	-0.465508302521424	NA	NA	LOC105369463	Intron
chr11	104794497	104794700	48.6545186777824	8.32730155800501	3.22683294356112	2.58064229033655	NA	NA	LOC107984380	Intergenic
chr11	107445337	107445869	28.1796308592748	0	4.40735632392263	0	1	1	NA	NA
chr11	107494493	107494949	101.461659295365	6.93352769134389	3.6624391878698	1.89314479659024	NA	NA	CWF19L2	Intergenic
chr11	107505038	107505532	108.070229629724	8.86305065383926	3.46613249218285	2.55704323877637	0.0105566094716493	0.051511832605116	NA	NA
chr11	107633953	107634398	37.4717263314403	-8.18989681365886	3.42043819671601	-2.39439988172335	NA	NA	ELMOD1	Intron
chr11	108567521	108568146	3.73794466026608	0	4.40735632388528	0	1	NA	EXPH5	UTR
chr11	108801765	108802112	75.7854818268184	-8.65853677586744	3.75742032122103	-2.30438333634543	NA	NA	DDX10	Intron
chr11	109136197	109136490	51.0422572094845	22.5523266650423	4.24765550803308	5.30935868560712	NA	NA	C11orf87	Intergenic
chr11	109353204	109353752	51.8385098027851	-23.1367833867534	4.24770286974851	-5.44689308461993	NA	NA	NA	NA
chr11	110041136	110041358	55.6322388935848	7.57170081378642	2.76645075512126	2.73697292452058	NA	NA	LINC02715	Intron
chr11	110877752	110878229	11.2584801194988	-1.99231442474099	4.09249228703419	-0.486821790978819	NA	NA	LOC105369488	Intergenic
chr11	111107670	111108048	69.9321778031992	-8.45915532501255	3.7587737341338	-2.25050932121668	NA	NA	LOC102723966	Exon
chr11	111957972	111958589	115.607006467501	8.21700010006344	3.59352608504574	2.28661206447284	NA	NA	DIXDC1	Intron
chr11	112082744	112083459	35.825561382599	1.27045118924938	3.82437050748448	0.332198772781832	0.739739170372094	1	TIMM8B	UTR
chr11	112453987	112454461	35.7778879508091	-6.57510340824373	4.22335726815362	-1.55684281266554	NA	NA	LOC124902757	Intron
chr11	112624994	112625735	16.5892730118117	7.17344144887935	4.24911003554307	1.68822209565644	NA	NA	LINC02764	Intron
chr11	113222139	113222597	40.8517068457564	5.87258841096967	3.66974109605072	1.60027322289564	NA	NA	NCAM1-AS1	Intron
chr11	114241306	114241892	19.7334395682895	-8.65273768222273	4.06154393034104	-2.13040603047132	0.0331381063650099	0.0904391231548103	NNMT	Intron
chr11	114778586	114779068	20.8729126122809	-5.92270757820797	3.84464568259061	-1.54050803823803	NA	NA	NXPE2	Intergenic
chr11	116403790	116404281	62.508684168082	7.20373896366774	3.66590814127708	1.96506259460124	NA	NA	LOC107987166	Intron
chr11	116646981	116647388	47.0769600636573	7.83584588292091	3.68758812278387	2.1249243738765	NA	NA	LINC02702	Intron
chr11	117194905	117195512	4.43232945695563	-3.83637789692254	4.27214771045058	-0.897997484388928	0.369186890609223	NA	TAGLN	Intron
chr11	117478829	117479339	82.5360929845092	1.12152164860754	3.68435821146736	0.304400816705841	0.76082254565534	1	BACE1	Intron
chr11	117626221	117626705	40.8740945694734	-6.00887081045628	3.84825881988418	-1.56145183879215	NA	NA	LOC105369515	Intron
chr11	117782245	117782540	58.8915601585888	0.445790987182952	3.83591378277717	0.116215069583812	NA	NA	DSCAML1	Intron
chr11	117870099	117870453	52.9025762643631	0.79824379503409	2.44983206817591	0.325836127873224	NA	NA	FXYD6-FXYD2	Intron
chr11	119141667	119141973	62.4577382944891	0.308696536905678	3.37688764283579	0.0914145122834012	0.927163230896354	1	ABCG4	Intergenic
chr11	119752284	119752777	33.0456318464368	20.6025831846075	4.12584978635451	4.99353690789877	NA	NA	LOC124902771	Promoter
chr11	120232250	120233168	13.3782297534251	1.14595791905925	4.08728164023405	0.280371655277866	NA	NA	POU2F3	Intergenic
chr11	120264255	120264537	113.043316176844	9.52956093694072	3.10102935865	3.07303151141055	NA	NA	POU2F3-AS1	Promoter
chr11	120578355	120578746	101.719020479571	-0.44210075824164	3.23753980207416	-0.136554539949873	NA	NA	GRIK4	Intron
chr11	121991910	121992130	52.2047089667429	6.89057197448785	2.64863429038633	2.60155658314111	NA	NA	MIR125B1	Intron
chr11	122931482	122932113	65.6140425512757	8.04559467688812	2.84810308426731	2.82489588292338	NA	NA	LOC124902774	Intron
chr11	123433144	123433649	41.5951030286101	-0.86922446468003	4.0270834908057	-0.215844659457538	NA	NA	MIR4493	Intron
chr11	125330385	125330992	26.5456718695604	-8.11651296092262	3.77966374829218	-2.14741667551512	0.0317601242581947	0.0883595098765297	PKNOX2-AS1	UTR
chr11	126357268	126357884	20.362828656186	9.01343559702894	4.24810730878318	2.12175327548652	0.0338584622164859	0.0914669182196082	ST3GAL4	Promoter
chr11	126470938	126471170	45.365855322636	1.22409673391711	3.59786689158986	0.340228466144337	0.73368448262451	1	KIRREL3-AS1	Intron
chr11	126936274	126936472	87.8112305460245	9.22321896565904	3.41449801084832	2.70119324608058	NA	NA	LOC105369559	Exon
chr11	127198255	127198730	19.8689171436087	2.86899050024834	3.97885347492561	0.721059601296824	NA	NA	LINC02712	Intron
chr11	130346506	130347040	90.7790014968804	2.46961661318537	3.31824225507968	0.744254464665682	NA	NA	NA	NA
chr11	130363575	130363883	61.4110784238924	-8.33685707086608	2.73863105239714	-3.04416948152573	0.00233323654911559	0.0290644638773276	ZBTB44	Intron
chr11	131120851	131121263	15.9118318794666	-15.045082259373	4.40735632388378	-3.41362965772533	NA	NA	LOC107984412	Intergenic
chr11	133179687	133180409	17.8277499716976	-2.34614981183806	3.51042161730657	-0.668338469735776	0.503917562280052	0.939302336090016	OPCML-IT1	Intron
chr11	133450138	133450897	5.34714269927857	-3.66609440752352	4.27528059544832	-0.857509659465775	NA	NA	OPCML	Intron
chr11	134677680	134678347	61.5692885362522	-6.07624558254285	2.93660536100097	-2.0691393073231	NA	NA	LINC02706	Exon
chr11	135009970	135010176	46.674752004946	13.8027728553029	3.84585823021947	3.58899679318527	NA	NA	LINC02717	Promoter
chr12	206321	207021	42.118322840604	-2.28026151508416	3.65140174895658	-0.624489352817931	NA	NA	SLC6A12-AS1	Promoter
chr12	327558	328128	44.505555960332	-5.53202922223756	3.83471274570211	-1.44261893630436	NA	NA	CCDC77	Intron
chr12	340155	341098	102.101803855762	-7.75292227484735	2.57950761109891	-3.00558224425804	0.0026507290016876	0.0290644638773276	NA	NA
chr12	461954	462206	101.442233243762	7.62338959464841	3.1335819733454	2.43280362840156	NA	NA	B4GALNT3	Promoter
chr12	477758	478216	118.969370210322	9.09889282829607	2.36324749475799	3.85016501592774	NA	NA	NA	NA
chr12	664047	664563	92.9167428712798	23.4920119151102	3.85107965216329	6.10011062791545	NA	NA	NINJ2	Promoter
chr12	1164260	1164724	34.6045937687036	0	4.40735632392259	0	1	1	RAD52	Intron
chr12	2010179	2010718	102.938827061076	-7.66687882791622	2.60228064316049	-2.94621521628226	0.00321688489464431	0.0309086259980258	FBXL14	Intron
chr12	2984424	2984912	44.7978426531289	0.268801008399246	3.53758576850544	0.0759843085056306	NA	NA	LOC124902859	Intron
chr12	3358018	3358574	17.384020738606	-18.7912231319434	4.26319424736569	-4.40778018584419	NA	NA	LINC02417	Intron
chr12	3754973	3755456	51.8878457408236	8.3198783752572	4.01906822903583	2.07010130237404	NA	NA	LOC107984495	Promoter
chr12	5390076	5390479	46.680094785873	-8.92569760231573	3.26231353546548	-2.73600238152529	0.0062190575923044	0.0418353412493955	LOC105369618	Promoter
chr12	5768567	5769251	52.2917614632999	-6.82642192128258	3.14344966394905	-2.17163392166639	NA	NA	ANO2	Intron
chr12	6586200	6586661	80.5922199381591	7.47682607974582	4.10502798207978	1.82138248810615	NA	NA	NOP2	Promoter
chr12	6852093	6852359	34.621555734144	-6.76780404685751	3.45333952211683	-1.95978530448954	NA	NA	USP5	Promoter
chr12	7202612	7203199	31.1262831283848	0.257061156012147	3.92658551129191	0.0654668426990576	0.947802305374729	1	LOC124902869	Exon
chr12	7259917	7260378	13.3465378628316	0	4.40735632388073	0	NA	NA	ACSM4	Intergenic
chr12	7468491	7468914	22.3458693801634	0	4.40735632388033	0	NA	NA	CD163L1	Intron
chr12	8243169	8243634	122.395951872264	0.160098363155478	2.77733675215602	0.057644562918485	NA	NA	FAM86FP	Promoter
chr12	8620850	8621202	20.2010349388149	5.87009845489126	4.10589801492496	1.42967468591607	NA	NA	AICDA	Intergenic
chr12	10457681	10458169	25.3051679790664	6.0994269030586	4.10226116685139	1.48684509712483	NA	NA	KLRC1	Promoter
chr12	10773962	10774656	20.0841685111913	-22.6546321074603	4.24797275688584	-5.33304552641911	NA	NA	LINC02366	Exon
chr12	12589888	12591027	39.5225848484044	-7.75057595841998	4.08498770006667	-1.89733152887914	NA	NA	CREBL2	Intergenic
chr12	13879070	13879490	69.0629733018761	1.41380565773734	3.34286167252438	0.422932743331164	NA	NA	LOC105369667	Intron
chr12	15882034	15882642	21.6750837190233	-5.12494736255516	2.66580406760122	-1.92247713357522	NA	NA	STRAP	Promoter
chr12	16086241	16086753	92.5777922118776	11.1567406222981	3.33451908567771	3.34583198825224	NA	NA	DERA	Intron
chr12	16323200	16323808	33.6481672369373	-8.39201597044335	4.13550733992437	-2.02925911639098	NA	NA	MGST1	Intergenic
chr12	16632555	16632982	30.191541209055	-7.91682412021563	4.15481337474338	-1.90545841802211	NA	NA	NA	NA
chr12	16723887	16724720	53.1259975559906	-17.5762027024203	4.19957047053233	-4.18523818703592	NA	NA	LMO3	Intron
chr12	16885719	16886274	4.84107504703112	5.79349024511283	4.25215841884382	1.36248222066197	NA	NA	LOC105369677	Intron
chr12	17837351	17837658	81.3595476902148	-8.39816882222837	3.68180413590704	-2.28099282640396	NA	NA	MIR3974	Intergenic
chr12	18138275	18139085	3.97974923095686	0	4.40735632388987	0	1	NA	PIK3C2G	Intron
chr12	18603916	18604305	50.4418786934693	-0.982746529845001	3.2726250572339	-0.300293040803043	NA	NA	PLCZ1	Intron
chr12	19109709	19109945	22.8750369530443	-0.653100104080528	4.19784128797031	-0.15557998963708	0.87636409881286	1	PLEKHA5	Intergenic
chr12	19368801	19369077	19.3063047700218	-0.653099096059238	4.22511164608475	-0.154575583029726	0.877155920522274	1	AEBP2	Intron
chr12	21235567	21235983	8.42422250935802	-3.20847324787218	4.14447306722595	-0.774157099305204	NA	NA	IAPP	Intron
chr12	22614303	22614673	32.0452721009305	8.76396940246195	3.93796076035165	2.22550958117707	NA	NA	ETNK1	Intron
chr12	25655327	25655983	28.6559556664436	1.88908999530011	4.00714227931392	0.471430726343849	NA	NA	LMNTD1	Intergenic
chr12	25802684	25802995	71.1403508134846	-7.95837159882865	3.68295991430614	-2.16086294285068	NA	NA	MIR4302	Intron
chr12	26434881	26435147	31.9783571465753	-0.93091056186548	3.75943236240095	-0.247619978796734	NA	NA	SSPN-AS1	Intron
chr12	26889229	26890001	19.5391717476839	0	4.40735632388208	0	NA	NA	INTS13	Intergenic
chr12	26981956	26982419	142.077319077115	0.0291714313587927	2.97573009150183	0.0098031173734813	NA	NA	TM7SF3	Intron
chr12	27205350	27205571	34.5425738333382	-0.539736368832938	3.52035570826458	-0.153318702302107	NA	NA	STK38L	Intergenic
chr12	27806455	27806961	39.5662305763872	-23.0140570602926	4.24776309598867	-5.41792386727634	NA	NA	LOC105369709	Intergenic
chr12	28758267	28758471	58.2970702258511	7.31443843210793	2.74024103713419	2.66926826253122	NA	NA	LOC124902907	Promoter
chr12	29100923	29101466	18.8089628504385	21.5320247377213	4.24824635799092	5.06845011406171	NA	NA	FAR2	Intergenic
chr12	29515479	29515689	56.5513073770536	7.28590725169611	2.52829850207817	2.88174329324933	NA	NA	LOC105369714	Intron
chr12	29574068	29574463	25.5402242797253	-1.99179252930264	4.08575623217784	-0.48749666306963	NA	NA	NA	NA
chr12	30584164	30584603	21.9751789120209	-6.38304429781333	3.44195657503762	-1.85448135636155	0.0636703249964489	0.144381369578322	IPO8	Intergenic
chr12	30802075	30802699	66.2123413479	3.8687351437746	3.92023901123279	0.986862059351327	NA	NA	CAPRIN2	Exon
chr12	31701946	31702489	20.0527618227937	-8.67612868250229	4.05295487151398	-2.14069215117151	0.0322988718832775	0.0895909184381387	AMN1	UTR
chr12	31972489	31973981	30.1836716636689	-15.0641116769355	4.40735632387875	-3.41794730671518	NA	NA	RESF1	Intron
chr12	32171040	32171722	12.1474983137225	-21.798459324053	4.15513080591595	-5.24615477640729	NA	NA	BICD1-AS1	Intron
chr12	32398877	32399507	17.2429091294402	-0.653127220852268	4.18345740703962	-0.15612139847611	NA	NA	FGD4	Promoter
chr12	32595015	32595451	3.68047306221952	-3.83638302128087	4.27214762159317	-0.897998702547223	0.369186241173568	NA	NA	NA
chr12	32650144	32650759	20.6781345782301	-4.23308976810263	4.10305180984854	-1.03169298470518	NA	NA	DNM1L	Intergenic
chr12	33542742	33543213	11.2501112754827	18.7898684600138	4.25444712375197	4.41652414836999	NA	NA	SYT10	Intron
chr12	33885630	33885939	27.0401161854454	-6.22339931567981	4.25186301949762	-1.4636876322547	NA	NA	ALG10	Intergenic
chr12	38437399	38438289	47.7090946134589	0.30864674283962	3.59825144425082	0.0857768690214149	NA	NA	NA	NA
chr12	38471600	38472131	14.5363436636867	0	4.40735632392284	0	1	1	ALG10B	Intergenic
chr12	38648015	38648275	52.5254258631188	6.78349151021597	2.90865608236181	2.33217380059172	NA	NA	CPNE8-AS1	Intron
chr12	39305105	39305612	53.7334763422831	10.4134925890288	4.24744193840711	2.4517092264089	0.0142179502325961	0.0572445309794465	LOC101927019	Intron
chr12	40520087	40520543	19.4011734593691	3.01068938469589	4.21511758417027	0.714259881148377	NA	NA	LOC105369736	Exon
chr12	41102370	41102619	30.4532970791762	7.51711023569696	3.39777462426633	2.21236281594755	NA	NA	PDZRN4	Intergenic
chr12	41797258	41798056	1.60954132663637	3.30510645961672	4.30265368837276	0.768155352253483	0.442394895232465	NA	LINC02400	Intergenic
chr12	42002619	42003168	8.54272355835259	7.02699903429175	4.25127937373176	1.6529139622559	NA	NA	LOC105378247	Intron
chr12	42018916	42019453	77.8223870095435	8.63353873517066	3.48001607510013	2.48089047546203	NA	NA	NA	NA
chr12	42183185	42183508	84.3282697620578	-0.576678466753609	3.17506177414068	-0.181627479329811	0.855875082138556	1	GXYLT1	Intron
chr12	42412448	42412822	38.3279376834788	5.11044437817878	3.52189834949909	1.45104823337835	NA	NA	ZCRB1	Intron
chr12	42669828	42670175	11.5571233616173	8.19646586063357	4.24892316756448	1.92906897521799	0.0537222999273487	0.126933137869647	NA	NA
chr12	42784014	42784445	56.0029789301128	8.456703192756	2.98830486158658	2.82993321781302	NA	NA	LINC02450	Intergenic
chr12	43272992	43273260	35.9061301813037	22.2194659467715	3.25122634834092	6.83417995739051	NA	NA	LINC02461	Intergenic
chr12	43441300	43441617	3.88307619090594	-5.67877056526013	4.25406692875194	-1.33490390733607	0.181907798786712	NA	ADAMTS20	Intron
chr12	44186471	44186844	41.923028527049	-8.76705024147783	2.7841036976502	-3.14896684662905	0.0016384878250439	0.0267907132094897	NA	NA
chr12	44267607	44268705	190.906629238909	10.460634145245	3.53761600576379	2.95697275459001	NA	NA	TMEM117	Intron
chr12	44388495	44389926	133.145397795951	-0.207205629492283	2.69050691140139	-0.077013602386309	0.938612723967215	1	NELL2	UTR
chr12	44630017	44630519	56.3600665402434	-9.3226297071369	3.92000976824142	-2.37821593779323	NA	NA	NA	NA
chr12	44689283	44690131	45.4596687954204	-7.11384018581564	3.89487982120722	-1.82645948331487	NA	NA	NA	NA
chr12	44835621	44836369	111.149653494435	9.53774211771093	2.9476345299343	3.23572750313911	0.00121333153399237	0.0241571499357196	NA	NA
chr12	46405972	46406456	19.2776468713922	4.93163213023423	3.55417239280822	1.38756131813225	NA	NA	SLC38A4-AS1	Exon
chr12	46569722	46570160	75.4093662953464	-5.48447422859043	2.96790473585484	-1.84792798850087	NA	NA	NA	NA
chr12	46601207	46601808	6.89105818419852	0	4.40735632392329	0	1	1	LOC124902923	Intron
chr12	47491940	47492432	67.2657957764596	9.43086776075388	3.88751404881411	2.42593792391073	NA	NA	LINC02156	Intergenic
chr12	47670605	47671709	43.3415476418793	-8.30958781725435	3.57525613058421	-2.32419371193318	NA	NA	RPAP3	Intron
chr12	47751570	47752342	50.9622456798881	-3.79065432405326	3.37772223574196	-1.12225164163642	NA	NA	SLC48A1	Promoter
chr12	47868536	47869352	23.7827425457401	9.23776146140921	4.24795304578068	2.17463831682054	0.0296572305998519	0.0844925145690575	HDAC7	Intron
chr12	47955337	47956488	63.721786709872	-21.119543205578	3.82493428544302	-5.52154406572554	NA	NA	TMEM106C	Intergenic
chr12	48034044	48034721	30.873164504852	-15.1744734236205	4.26369606604845	-3.55899510390853	NA	NA	LOC124902927	Intergenic
chr12	49536099	49536391	28.396133025502	6.19251521219243	3.53570513803015	1.7514229751756	NA	NA	KCNH3	Promoter
chr12	49924778	49925173	27.533651083705	21.6096251632225	4.24814196008539	5.08684158068675	NA	NA	LINC02396	Exon
chr12	50119918	50120459	80.3734564749333	-7.00870597454752	3.00810048650333	-2.32994409794287	NA	NA	LOC124902931	UTR
chr12	50994347	50995114	26.6425854448033	7.34941442406542	3.3836365591228	2.17204605035085	NA	NA	SLC11A2	UTR
chr12	51218067	51218343	32.459335248316	0	4.4073563239226	0	NA	NA	POU6F1	Promoter
chr12	52375976	52376657	0.963050828311697	3.78774199169413	4.28692152968107	0.883557575166516	0.376935089353522	NA	KRT85	Intergenic
chr12	52899483	52900112	100.107309478355	2.35144729771481	3.72980086251598	0.630448483549497	NA	NA	KRT18	UTR
chr12	53109766	53110131	50.2357134318522	0.415681768134558	3.00648009102714	0.138261939393899	NA	NA	SOAT2	Intron
chr12	53146792	53147465	30.0548149853008	-23.0251398872918	4.24775077547452	-5.42054868666809	NA	NA	LOC124902936	Intergenic
chr12	53379565	53380188	46.4539911349785	-0.0491088520508911	2.78309522393262	-0.0176454084749204	NA	NA	SP1	Promoter
chr12	54636455	54637038	54.3325585690996	1.27044158687234	3.65529937419188	0.347561569331982	0.728169472101243	1	LACRT	Promoter
chr12	54642812	54643262	51.0918764699522	-8.08164404452607	3.39546994622294	-2.38012533537985	0.0173067504260803	0.062762223335046	DCD	Intergenic
chr12	55696920	55697874	98.4996409772711	0.155489653877706	3.54287764178161	0.0438879548206794	NA	NA	TMT1B	UTR
chr12	56289852	56290488	12.0051529456354	8.20884464330156	3.99287106428703	2.05587521137934	NA	NA	CNPY2-AS1	Intron
chr12	56628568	56628962	86.5825197469083	6.78065901484824	3.16066946023999	2.14532367276817	NA	NA	BAZ2A	Intron
chr12	56939191	56939845	52.9557033886949	-0.793157610799815	3.19182746368934	-0.248496392685032	NA	NA	SDR9C7	Intergenic
chr12	56995197	56995808	44.5715942059032	-7.58461559372263	3.8133837216897	-1.98894633933191	NA	NA	ACKR5	Promoter
chr12	57111514	57112178	12.0927553042298	5.52232724703536	3.91893248202132	1.40914069644472	NA	NA	LRP1	UTR
chr12	58676724	58677793	56.8216556448916	8.1675436821696	3.9079500712028	2.08998158455381	NA	NA	LOC124902949	Intron
chr12	58952883	58953092	60.0256733908159	8.18908371877744	2.97792447879558	2.74992995191386	NA	NA	NA	NA
chr12	59050650	59050858	60.9190684237656	7.41811406678045	2.51394190163607	2.95078977837664	NA	NA	NA	NA
chr12	59058407	59058962	1.39055031212924	-4.83314588867717	4.2596481834441	-1.13463499343962	0.256528284824992	NA	LRIG3	Intron
chr12	60284943	60285663	25.8649291171973	-19.0467278552012	4.26034725695247	-4.47069844462063	NA	NA	LOC124903071	Intergenic
chr12	60819374	60819824	10.9037390593077	0	4.40735632392297	0	1	1	NA	NA
chr12	61494092	61494584	22.5929879043866	-1.59364539636956	3.79026584001164	-0.420457420043305	NA	NA	NA	NA
chr12	61543098	61543437	33.4259219408351	13.5543051646753	4.28881055162533	3.16038794475046	NA	NA	LOC105369793	Intergenic
chr12	62173708	62174167	144.112075756171	8.6376891600197	2.61677136412637	3.30089562979587	NA	NA	USP15	Intron
chr12	62755871	62756238	51.4863247264741	-2.35460127655174	3.74122263114897	-0.629366789601778	NA	NA	LINC01465	Exon
chr12	63426412	63427109	21.9426877225735	20.3448074561656	4.24925541841374	4.78785233008195	NA	NA	LINC03056	Intergenic
chr12	64116954	64117360	105.677262611579	1.82185352748155	2.97561251330943	0.612261683714762	0.540364636152861	0.981715089462898	LOC105369798	Intron
chr12	64652298	64652916	17.0078324114091	-21.6667534489482	4.2488287230704	-5.09946501992455	NA	NA	MIR548Z	Intron
chr12	65164685	65165126	59.3107364274706	8.30974164300418	3.45749194194022	2.403401593567	NA	NA	LOC124902953	Exon
chr12	65315493	65316118	14.9798968446776	-6.30006384260308	3.46675081159089	-1.81728199833087	0.0691739449303882	0.154976242007504	MSRB3	Exon
chr12	66290849	66291364	62.494042188985	0.406435559051031	3.83834585237707	0.10588820671262	NA	NA	HELB	Intergenic
chr12	66684718	66685232	40.2325367797388	-8.60643543759895	4.10655064542255	-2.09578212488193	NA	NA	LOC124902956	Intron
chr12	67393340	67393894	26.3088864981847	1.57869613497246	3.9502828737285	0.399641287835774	NA	NA	LOC105369812	Intron
chr12	68164085	68164511	60.2555112155443	-9.26610912550631	3.61658338803244	-2.56211681892048	NA	NA	IFNG	Intron
chr12	69025349	69025879	29.2683107126774	-4.36826319317048	3.98949772642097	-1.0949406398307	NA	NA	CPM	Exon
chr12	69294434	69295030	15.771830894835	0	4.4073563239228	0	1	1	MIR1279	Intergenic
chr12	69434457	69434850	32.3050976408685	-6.85528453513393	3.1757273199116	-2.15865023805783	0.0308773120865239	0.0864193839778987	LINC02373	Intron
chr12	70330045	70330442	39.1202728645067	-9.64670876953006	4.24750216837001	-2.27114863916173	0.0231379813997573	0.0735993128483749	KCNMB4	UTR
chr12	70491318	70491713	66.2772423008032	-0.33011252381842	3.27880533579458	-0.100680732770133	NA	NA	PTPRB-AS1	Intron
chr12	70634215	70634630	9.49192186872659	1.27038088928213	4.40735632388082	0.288241021584458	NA	NA	PTPRB	Promoter
chr12	73272702	73273241	31.2330839370094	15.0345738239867	3.64176301852198	4.12837786190944	NA	NA	LOC105369839	Intron
chr12	73597981	73598339	40.2733753552636	-6.96731596549562	3.16124484120487	-2.20397859560923	NA	NA	NA	NA
chr12	73682124	73682473	5.45896299876476	-6.80581808975081	4.25026617287476	-1.60126867657974	0.109317423601472	0.226408530659049	LINC02445	Intron
chr12	74513089	74513461	16.7249443405448	13.8088902695445	4.40735632388159	3.1331458713061	NA	NA	LOC107987178	Intergenic
chr12	76256769	76257235	43.2127159085084	1.61907401259081	3.5620329762694	0.454536502996249	NA	NA	LNCOG	Intron
chr12	76559324	76559867	64.4813362703842	0.360067532025006	3.14498061493941	0.114489587094623	0.908849700416914	1	LOC105369850	Promoter
chr12	76801377	76802157	7.86088811069806	1.27043581449815	4.40735632392319	0.288253483749932	0.773152711176475	1	ZDHHC17	Intron
chr12	77425388	77425952	33.3865945931283	-7.83472844197072	4.14122471499476	-1.89188681638123	NA	NA	LOC124902972	Intron
chr12	77566808	77567485	5.92690926919724	0	4.4073563239234	0	1	1	NA	NA
chr12	78035833	78036356	38.1431068573687	7.34305472852827	3.68268506220191	1.99394045499448	NA	NA	LOC105369859	UTR
chr12	78181053	78181415	43.4406831902334	10.0982523677357	3.45678786677115	2.92128205632939	0.00348594076703203	0.0315426873288724	NA	NA
chr12	78787945	78788371	20.5875559320023	6.2967812964145	4.13238307733363	1.52376514436736	NA	NA	SYT1	Intron
chr12	79465565	79466668	72.3297045301641	-15.9687709143871	4.38010322166141	-3.64575219036277	NA	NA	MIR1252	Intron
chr12	79545782	79546239	64.8901885380188	0.334842954547906	2.86932108746986	0.116697624399773	0.907099672868429	1	NA	NA
chr12	80696896	80697793	69.8605329883009	-4.63444618266081	3.94808224506626	-1.17384742641881	NA	NA	LOC105369867	Intron
chr12	81001142	81001467	52.9219008596347	-8.20761047385953	3.71647679577155	-2.20843850907338	NA	NA	LIN7A	Intron
chr12	81296782	81297353	11.7038474697228	20.2397013588474	4.24994252281707	4.76234707885685	NA	NA	PPFIA2-AS1	Intron
chr12	82488474	82489061	32.6761166698558	0	3.90694074473916	0	1	1	CCDC59	Intron
chr12	82528763	82529433	65.7782132643715	-7.07881518359251	3.11312297737509	-2.27386300992234	NA	NA	TMTC2	Intergenic
chr12	84382116	84382658	1.82327856486997	-3.20557398166738	4.28584455783745	-0.747944527247357	0.454493618166793	NA	NA	NA
chr12	84530579	84531097	48.850060161991	10.2759653713384	4.24748254202906	2.41930726486976	0.0155500988217038	0.0593962791058523	LOC124903066	Intergenic
chr12	84879636	84879857	37.2342134582471	6.95146896794766	3.02479918891466	2.29815883098076	NA	NA	LOC102724680	Intron
chr12	85019645	85020019	11.67597371213	0	4.40735632388043	0	1	1	TSPAN19	UTR
chr12	85206883	85207314	42.579367715684	16.5812428752008	3.96752845674006	4.17923728991343	NA	NA	ALX1	Intron
chr12	86073983	86074618	25.2908923503608	-7.16087055870212	3.49106577065704	-2.05119898309862	NA	NA	NTS	Intron
chr12	86998504	86998996	109.774796197201	0.265981793287287	3.64353650273076	0.0730009958972384	NA	NA	MGAT4C	Intergenic
chr12	87495497	87496141	21.0759363312484	-2.70391331629898	4.04702000072203	-0.668124525160878	NA	NA	LOC105369879	Intergenic
chr12	87715795	87716296	19.131761571929	13.5087340217846	4.40735632388766	3.06504240389366	NA	NA	LINC02258	Intron
chr12	87901088	87902078	47.4553308331817	2.25363032281071	3.85233544226246	0.58500365728462	0.558545257613276	1	MKRN9P	Intergenic
chr12	89693217	89693671	48.6245968344638	21.691413263302	3.83156415779087	5.66124234646993	NA	NA	LOC107984543	Intron
chr12	92200735	92201132	57.1030368230272	-22.69848571375	3.9050687516172	-5.81257006150018	NA	NA	BTG1	Intron
chr12	92868560	92869143	14.1470975436001	3.6443068835712	3.66356561743477	0.994743172123921	NA	NA	EEA1	Intron
chr12	93015187	93015622	9.86998151043031	-4.83784217660801	4.25960731518782	-1.1357483961863	NA	NA	LINC02413	Intron
chr12	94092386	94092904	34.416905040369	8.36013049777198	3.4669124099317	2.41140516669029	NA	NA	LOC124902986	Intron
chr12	94500680	94501162	96.7332972129963	-8.65161407085427	2.94760871585843	-2.93512976274894	NA	NA	CEP83-DT	Intergenic
chr12	94755229	94755723	31.7384344963242	-0.558855989314129	3.75643606229732	-0.148772927329515	NA	NA	KRT19P2	Intergenic
chr12	96532664	96533244	20.8362643415657	-7.92599298032771	3.62631634638276	-2.18568713351053	NA	NA	CFAP54	Intron
chr12	98420200	98420686	31.5049596161171	-8.36525818633713	3.42797914794815	-2.44028852723454	0.0146755354705605	0.0572445309794465	SLC9A7P1	Exon
chr12	98910985	98911568	9.38126844439259	-6.66892767108881	4.25058578848556	-1.56894320052411	NA	NA	NA	NA
chr12	99233259	99234340	16.6261930385063	-7.28036297094765	3.89174205775923	-1.87072083989541	NA	NA	LOC101928937	Intron
chr12	99502475	99503051	32.0752980490331	-9.33648793260863	3.55299289725141	-2.62778119816432	0.0085943776068558	0.0471174113505271	NA	NA
chr12	99536765	99537205	59.2370789781864	-23.5970450794456	4.14811511732818	-5.68861866462486	NA	NA	GARIN6	Intron
chr12	100084171	100084496	99.4847934358378	2.25300339317229	3.23542629950708	0.696354416577358	NA	NA	BLTP3B-DT	Exon
chr12	100721090	100721665	48.4502359104137	-6.61644691569796	2.99510307285345	-2.20908821992374	0.0271685053313531	0.0804312099521688	GAS2L3	Intron
chr12	101221594	101221995	44.1435905611153	3.68999939030186	3.00444821666267	1.22817872840581	NA	NA	UTP20	Intergenic
chr12	101398324	101398772	34.0847823358623	0.128438245556791	4.33369254880634	0.0296371383318753	NA	NA	ARL1	Intron
chr12	103470050	103470786	1.1916093242897	0	4.40735632390155	0	1	NA	LOC105369945	Intron
chr12	103542755	103543287	52.3838568275239	7.45825292525596	3.04353294972175	2.45052478434243	NA	NA	NA	NA
chr12	103549419	103549790	11.3099825795696	-15.0463162056141	4.40735632388117	-3.41390963196825	NA	NA	LINC02401	Promoter
chr12	103665704	103666467	54.4685272329682	-8.33626726881001	3.03372628752871	-2.74786400575405	0.00599848835359899	0.0417208294444348	LOC105369946	Promoter
chr12	104172496	104173535	62.9579889531486	22.4890555900932	4.19244162377313	5.36419051432216	NA	NA	LINC02385	Promoter
chr12	104271229	104271861	6.14755910504354	6.78273523339363	4.25206175519562	1.59516385788748	NA	NA	TXNRD1-AS1	Intron
chr12	106107076	106107645	64.1390476672596	-9.38866685161745	3.76693430792435	-2.49238932355865	0.0126886868637604	0.0551771040548725	LOC124903007	Intron
chr12	106910629	106911114	133.204202554149	8.70865741238224	3.45545928085702	2.52026046454303	NA	NA	TMEM263-DT	Exon
chr12	108146611	108147745	110.897359941441	9.03027402324532	2.62550999860495	3.43943615832486	0.000582927253811524	0.0229267034668706	WSCD2	Intron
chr12	108880737	108881261	39.3587525169282	-21.6062655585212	4.24904315244977	-5.084972023893	NA	NA	NA	NA
chr12	108903714	108903978	48.9351439758454	-6.65742305693192	3.14430924367797	-2.11729271550421	NA	NA	DAO	Intergenic
chr12	109690653	109691382	52.4940093708346	4.23959094140275	2.960260269814	1.43216830784583	NA	NA	FAM222A	Intron
chr12	110330967	110331459	18.6896501134777	-22.205317281939	4.05813140766569	-5.47180834016212	NA	NA	LOC124903014	Exon
chr12	111193994	111194705	2.12868777799391	4.22635304160742	4.26219474607914	0.991590786764331	0.321397185427113	NA	MIR6760	Intron
chr12	111333950	111334260	116.68211333335	9.15214446242128	2.50662913233295	3.65117613306571	0.000261042133302477	0.0170783023183232	LOC105369983	Intron
chr12	111735255	111735559	20.8390900316502	0	4.40735632392271	0	1	1	ALDH2	Intron
chr12	111817129	111817325	53.5796846796325	8.42473725929481	3.4941425333304	2.4111029183646	NA	NA	MIR6761	UTR
chr12	112329784	112330455	28.8061930843909	-5.57637923035238	4.14679219821893	-1.34474527871145	NA	NA	HECTD4	Intron
chr12	113000059	113000669	19.925146944628	7.10682104637604	3.26697613542769	2.17535138053455	0.0296037949455148	0.0844925145690575	OAS2	Intron
chr12	113082521	113083170	57.4758810974773	7.60971760715641	3.09623473872954	2.45773277845169	NA	NA	DTX1	Intron
chr12	114068193	114068392	47.715588692534	-17.2771053086227	4.28466602115407	-4.03231085534389	NA	NA	LOC105369995	Intergenic
chr12	114442073	114442579	21.5997910934459	1.27043052260431	4.26560007424749	0.297831606454205	0.765831690174661	1	LOC105369998	Intron
chr12	115117908	115118535	25.5013118798984	0.435803451191628	3.2108591260579	0.135727988703971	0.892036320678563	1	LOC124903081	Intron
chr12	115509521	115510194	24.9647882368105	0	4.40735632388034	0	NA	NA	LOC105370003	Promoter
chr12	115701843	115702247	69.2363120796951	-5.5825308460032	3.17299635881272	-1.75938772526424	NA	NA	LOC105370002	Intergenic
chr12	116700649	116701067	36.8186544131859	0.308642166595804	3.75750196894863	0.0821402541226516	NA	NA	SPRING1	Intron
chr12	116774583	116775001	23.1563682144362	13.5329170102141	3.85061747992085	3.51447971157402	NA	NA	RNFT2	Intron
chr12	117123927	117124444	58.5941347991253	0.956382351173578	3.78439341400318	0.25271747584031	NA	NA	LOC105370010	Promoter
chr12	117272853	117273460	97.0111455162728	0.281435986525987	2.84201788055864	0.0990268176886581	NA	NA	FBXO21	Intron
chr12	117396902	117397436	47.8298429403645	-9.36493394777973	3.76689535094658	-2.48611471126386	NA	NA	NOS1	Intron
chr12	117838678	117839056	7.6970319245223	5.14194353896043	4.25507929884701	1.20842484424526	NA	NA	KSR2	Intron
chr12	118643970	118644442	18.6839724002236	19.5967527539453	4.08128302475165	4.80161572601003	NA	NA	LINC02460	Intergenic
chr12	120416175	120416758	15.110498547735	0	4.40735632392281	0	1	1	COX6A1	Intergenic
chr12	120620428	120620972	41.3467580244394	-21.4102966968141	4.24935888695725	-5.03847692472616	NA	NA	CABP1	Intergenic
chr12	122078767	122079431	3.75915716406527	0.387133423400061	4.10451835123688	0.0943188433506212	0.924855881811308	NA	BCL7A	UTR
chr12	122225807	122226338	67.2058644246982	-7.23887050502503	2.22042947045447	-3.26012179235911	0.0011136438165834	0.0235890008421756	LOC128125816	Promoter
chr12	123653468	123653850	42.2570965885066	7.94569920791138	3.45670559866129	2.29863347662254	NA	NA	TCTN2	Intron
chr12	123843876	123844278	31.8209470532638	-6.63851713162657	3.40562709429062	-1.94927892802936	NA	NA	LOC105370042	Intron
chr12	123853245	123853806	84.4044672908589	7.53931190031331	3.03343477285536	2.48540432376484	0.0129404366670718	0.0551771040548725	ZNF664	Exon
chr12	124330500	124330923	43.5207617919881	0	4.40735632387843	0	NA	NA	MIR6880	Exon
chr12	125334893	125335389	57.5075773906805	8.4036637044332	3.83004153622304	2.1941442736207	NA	NA	TMEM132B	Intron
chr12	126567033	126567653	3.77211684610603	-6.27211634279301	4.25170341780233	-1.47520081399164	0.140158562693645	NA	LINC02824	Intergenic
chr12	128652137	128652776	82.676816880639	9.06372064678753	3.65624345308124	2.4789707696158	NA	NA	SLC15A4	Intron
chr12	128946747	128947398	30.3535452521766	5.50456164421461	3.83206297844679	1.43644863750275	NA	NA	LOC100128276	UTR
chr12	129295698	129295941	37.0083457571664	8.88219716953569	3.20560989077465	2.77082910028996	NA	NA	TMEM132D-AS2	Intron
chr12	130719419	130719852	85.8496057350189	-5.60774413191639	3.16840632099106	-1.76989425086184	NA	NA	LOC105370080	Intron
chr12	131004424	131005178	69.7975204879865	4.71954325143496	3.32063693561905	1.42127650295353	NA	NA	ADGRD1-AS1	Intron
chr12	131411528	131412146	73.5166984068546	1.20634905801936	3.56921570918191	0.337987153568776	NA	NA	LINC02370	Intergenic
chr12	131677408	131678275	19.3084394581077	7.97056122041825	4.07107075806267	1.95785376725097	0.0502471742079939	0.121637315225585	LOC124903057	Intergenic
chr12	132062313	132062820	21.1394166912448	21.376755438765	4.2481778857939	5.0319821847032	NA	NA	SNORA49	Exon
chr12	132512125	132512978	204.476542425167	-0.760148471568003	2.60833756216695	-0.291430251434361	NA	NA	FBRSL1	Intron
chr12	132852386	132852661	52.0204710864733	-22.8464764962739	4.11303325462056	-5.55465396994013	NA	NA	GOLGA3	Intron
chr12	132918808	132919362	83.5196052789858	7.89607615236298	3.48680587124195	2.2645585799563	NA	NA	CHFR-DT	UTR
chr12	132951491	132952096	40.3814689744702	6.20806024597848	3.31886087498048	1.87053946514555	NA	NA	CHFR	Intron
chr13	19722612	19723281	131.006458884502	7.17416979860742	2.51908759656218	2.84792391038647	NA	NA	PSPC1	Intron
chr13	21433842	21434404	20.8273373301156	4.88542367463406	4.08228026048665	1.1967389211175	NA	NA	LOC124903131	Intron
chr13	21486630	21487076	42.9882685818721	-7.23552586158641	3.92608858243355	-1.84293494903814	NA	NA	ZDHHC20	Intron
chr13	22062917	22063398	7.56978197552645	0	4.40735632392321	0	1	1	LINC00540	Intron
chr13	25830367	25831048	21.839003959888	-4.71419163184773	3.57527291540292	-1.31855434351267	NA	NA	LOC105370122	Intron
chr13	26221843	26222544	78.2964214442338	-5.96064579370598	3.0019578725751	-1.98558608971848	NA	NA	RNF6	Promoter
chr13	28426056	28426501	27.7610950967004	-18.2070613178856	4.2718185842441	-4.26213355244985	NA	NA	FLT1	Intron
chr13	29203448	29204103	16.4979393352232	-7.14385209353163	4.16531869848566	-1.71507935182219	NA	NA	MTUS2-AS2	Intron
chr13	30312263	30312496	33.3585056872001	-5.55334817127375	4.11350305451113	-1.35002894070629	NA	NA	KATNAL1	Intron
chr13	30979350	30980557	97.7999131387602	-6.7879995660765	3.85039306590182	-1.76293678330907	NA	NA	TEX26-AS2	Promoter
chr13	31090087	31090296	71.5006094229327	6.82463313624241	2.76206845732971	2.47084141529217	NA	NA	LOC102723392	Intron
chr13	31974207	31974651	15.7722407926581	20.6545376702906	4.24891601079739	4.86113107856288	NA	NA	FRY-AS1	Intron
chr13	32424385	32424768	32.4336322313703	-15.0514995760322	4.24708120766177	-3.54396321616812	NA	NA	LOC124903256	Intron
chr13	32538055	32538544	9.86094782175506	-2.41367302103811	3.44737557977147	-0.700147972040259	NA	NA	N4BP2L2	Promoter
chr13	34119541	34119839	37.7377232645208	0.387310797191166	4.32642169155474	0.0895222021346657	NA	NA	LOC124900343	Intergenic
chr13	34632842	34633233	75.5295653730778	7.63829540247603	2.58571969422946	2.95403071706588	NA	NA	LINC00457	Intron
chr13	34782422	34782980	57.5288505434556	0	4.40735632387831	0	NA	NA	LOC107987189	Intergenic
chr13	36133068	36133381	41.5076078758366	13.4152168403641	4.40735632387864	3.04382397395049	NA	NA	DCLK1	Promoter
chr13	36463679	36464037	57.963023059338	6.42056747519905	2.86310512914318	2.24251893856251	NA	NA	CCNA1	Intergenic
chr13	36727788	36728146	87.6444536450551	0	3.86717067120662	0	1	1	SERTM1	Intron
chr13	36933067	36933568	29.380605757248	-0.653091226896992	3.83540360182808	-0.170279661463974	0.864790205470277	1	SMAD9	Intergenic
chr13	37075662	37075944	49.7026097455344	7.78248037771031	3.13550786867193	2.4820477905567	NA	NA	SUPT20H	Intron
chr13	37117403	37117794	14.4244936489701	-7.00953169111335	4.12397842077723	-1.69970135047222	NA	NA	NA	NA
chr13	37173409	37173749	56.7491813041166	2.18559302567134	3.53294444684089	0.618632151894058	0.536158715941131	0.977886346882845	CSNK1A1L	Intron
chr13	37531009	37531586	18.9436182847932	-21.9221785968256	4.24857539949499	-5.15988926533617	NA	NA	LINC00547	Intergenic
chr13	39257254	39257764	59.6359888299853	7.17056078779073	3.64677606192419	1.96627395431768	NA	NA	LOC105370169	Intron
chr13	41725750	41726076	24.0223746276411	0	4.40735632392267	0	1	1	MIR5006	Intron
chr13	41824339	41824776	13.4792654362909	-6.34126629358607	4.25148592290495	-1.49154117138725	NA	NA	VWA8-AS1	Intron
chr13	42194342	42194756	52.9627641740223	8.99659550232406	4.24762195050639	2.11803112592247	NA	NA	AKAP11	Intron
chr13	43100296	43100791	67.5289345720488	3.36703612208387	3.8620158709184	0.871833838757162	NA	NA	LINC00400	Intron
chr13	43361798	43362132	63.1456968119545	6.96231881414046	4.11688675989837	1.69116111765783	NA	NA	NA	NA
chr13	43588461	43588911	23.1996625985252	-7.76296601646105	4.24786165725178	-1.82749972641139	NA	NA	ENOX1-AS2	Intron
chr13	44215296	44216163	30.4463058142516	-8.31499276789087	3.34119150571732	-2.48863100294089	0.0128235983310005	0.0551771040548725	MIR8079	Intron
chr13	44350869	44351311	57.9959241831131	-8.32903020781401	3.88577472942035	-2.14346707871469	NA	NA	NA	NA
chr13	44359639	44359857	17.605242006947	2.73378074850535	4.05200924457125	0.674672880415557	NA	NA	LOC105370297	Intergenic
chr13	44388446	44388914	84.1443102631961	8.71596710282396	3.60713921564875	2.41631015099493	NA	NA	SERP2	Intron
chr13	45490104	45490700	30.648776136049	6.82017226312175	3.56555767382257	1.91279258030062	NA	NA	COG3	Intron
chr13	46670024	46670224	83.0453124519812	1.76717598453363	3.26251024783309	0.541661435610006	NA	NA	LRCH1	Intron
chr13	47632780	47633329	48.9081455517449	-0.504697698470059	3.58694547990294	-0.140704033919053	NA	NA	LINC00562	Intron
chr13	48631058	48631983	36.938665987424	0	3.9645874147319	0	1	1	CYSLTR2	Intergenic
chr13	48929796	48930096	37.3550426942389	22.0508615912546	4.06844786245712	5.41996907339918	NA	NA	FNDC3A	Intron
chr13	54357520	54358074	91.5994537123887	23.4850253285778	3.84904902627859	6.1015136903268	NA	NA	MIR1297	Intergenic
chr13	54717628	54718177	2.38906113483129	-4.04347737194872	4.26880101983971	-0.947216174554921	0.343528635001761	NA	LOC105370213	Intron
chr13	57347208	57347579	23.3056237551352	-8.87588037956889	3.51063951980165	-2.52828019781148	0.0114622833263542	0.0523669022556964	LOC105370216	Intergenic
chr13	57527207	57527632	40.3447448585211	9.19432489442436	3.52212421447982	2.61044879014361	NA	NA	LOC105370217	Intergenic
chr13	59062921	59063659	39.187625883121	-8.54835875261296	3.70122508041132	-2.30960251454445	0.0209101702699505	0.0688631755886708	LOC105370224	Intergenic
chr13	64545543	64546227	11.8899441689207	-6.63763200470081	4.24881636198529	-1.5622308518882	NA	NA	LOC105370240	Intergenic
chr13	65084831	65085169	96.0365083095028	0	3.98738365412231	0	NA	NA	NA	NA
chr13	65354226	65354689	57.4720199961857	2.89281836496848	3.43531038289972	0.842083550694093	NA	NA	LOC105370241	Intergenic
chr13	66480809	66481260	27.7198913018303	-1.13632729061953	3.40384971923231	-0.333835916491581	NA	NA	PCDH9-AS1	Intron
chr13	67509574	67510443	22.9280089831694	8.01773055958791	4.24813768446582	1.8873518598294	NA	NA	LOC105370249	Intergenic
chr13	72384236	72384747	80.2864739208586	6.98164771879423	2.80379229108987	2.49007308457945	NA	NA	LOC124900345	Intergenic
chr13	72727577	72728040	32.1949035765507	7.2688050867326	3.34681865726149	2.17185507525533	NA	NA	MZT1	Promoter
chr13	76402281	76402757	70.7886647541765	-2.08322364371557	3.68399565750097	-0.565479397206652	NA	NA	LOC105370263	Intergenic
chr13	78500834	78502008	44.5253742008727	-22.3638164908204	4.24818557210158	-5.26432193491891	NA	NA	LOC780529	Intron
chr13	83499226	83499467	54.8752647523747	8.05101504891707	2.99486403546601	2.6882739762389	NA	NA	LOC105370286	Intergenic
chr13	87221342	87221902	10.038078711353	-5.09439027427791	4.25756481561412	-1.19655025699076	NA	NA	LOC105370302	Intergenic
chr13	88610373	88610845	18.8765342014907	4.89564132187241	4.25820728770143	1.14969539787601	NA	NA	LINC00433	Intron
chr13	91753657	91754093	60.8833035316449	0.261280001055539	4.35305821758728	0.0600221701607188	NA	NA	GPC5	Intron
chr13	95328228	95328674	21.8556888690093	-5.7431147982359	4.16084675941953	-1.38027548965468	NA	NA	ABCC4	Intergenic
chr13	96956353	96956704	72.5478447869728	9.56527775183802	3.63774218132309	2.62945455589132	NA	NA	LINC00359	Intron
chr13	97096370	97096824	61.233773682639	8.94710058076922	3.6537990493291	2.44871172715754	NA	NA	LOC124903196	Intergenic
chr13	97295552	97295888	44.8306014182056	-8.06835425727826	3.31102710086556	-2.436813113118	NA	NA	NA	NA
chr13	97313340	97313844	45.5159568479508	-1.07485972596888	4.0825836805736	-0.263279288329948	NA	NA	LOC101927385	Intron
chr13	98300704	98301434	62.0755672302163	-6.10476133350806	3.82056266298677	-1.5978697045465	NA	NA	LOC105370327	Intron
chr13	98857490	98858271	13.9500733407372	-22.1156983799283	4.2484318924962	-5.2056144336432	NA	NA	DOCK9-AS1	UTR
chr13	99261621	99262294	48.217210329251	9.31264720385931	3.58468687397036	2.59789697992359	NA	NA	LOC124903198	Promoter
chr13	99500350	99500901	32.5396577975428	-23.1400412215934	4.03441884711025	-5.73565663321448	NA	NA	LINC01232	Promoter
chr13	100014557	100014835	11.9969897973804	-4.62267468884242	4.25454026760267	-1.08652742672175	NA	NA	LINC00554	Intergenic
chr13	100098192	100098779	18.1996204875571	-5.36681202151202	4.06403592472189	-1.32056215075886	NA	NA	PCCA-DT	Intron
chr13	100278616	100279003	23.8219561826561	-0.265141710772402	3.97064101828466	-0.0667755431809206	NA	NA	NA	NA
chr13	100353824	100354233	3.43892893081155	-5.06042267676053	4.25781490207752	-1.18850227009431	0.234635585986283	NA	NA	NA
chr13	100404969	100405537	25.2464954707458	-0.574535967940896	3.71031099151172	-0.154848466679826	NA	NA	LOC105370335	Intron
chr13	100886618	100887481	25.3436443574089	-3.81587235684951	3.67831073174794	-1.03739804359492	NA	NA	NALCN-AS1	Intron
chr13	100901383	100901916	66.0364142690715	5.30306590254789	3.6304512036522	1.46071813255968	NA	NA	NA	NA
chr13	101445359	101445946	2.73682101040616	0	4.40735632392461	0	1	NA	ITGBL1	Intergenic
chr13	102775588	102775915	35.9265863696776	-0.576619254897948	3.26993719008036	-0.176339550694482	NA	NA	TEX30	Promoter
chr13	103366729	103367068	62.3866882216731	0.340471848143487	3.29964337913671	0.103184438141483	NA	NA	LOC105370339	Intron
chr13	104232038	104232454	11.0793701147091	-6.29987489477202	4.25161485683015	-1.48176048558382	NA	NA	LOC105370340	Intergenic
chr13	104750251	104750598	83.1605556550571	-5.27591328903727	3.59035806303946	-1.46946716633908	NA	NA	LOC107984624	Intergenic
chr13	106001515	106002153	62.3304941270855	23.1635603466448	4.24740446907275	5.45358006644035	NA	NA	LOC124903244	Intron
chr13	107298096	107298467	109.036800296736	8.92052338090497	2.99023939475482	2.98321378433863	NA	NA	SNORD31B	Intron
chr13	107431399	107431932	103.36145380774	3.66599459523024	3.50268808986129	1.04662319372417	NA	NA	MIR1267	Intron
chr13	107759343	107759927	101.615533609877	9.39397982706803	3.51334033972115	2.67380296775166	NA	NA	NALF1-IT1	Intron
chr13	108167821	108168425	23.2772470048082	0.378141201668236	3.79969042078152	0.0995189501755409	NA	NA	LIG4	Intergenic
chr13	109588224	109588579	122.778076042716	0.345110694755576	2.95763238582939	0.116684783548175	NA	NA	LOC101927627	Promoter
chr13	109978621	109979138	68.7511349101052	7.00944713424215	3.4817400404831	2.01320232204056	NA	NA	LINC00396	Intron
chr13	110068030	110068465	55.2698352400444	7.01480009909529	3.21195343557719	2.18396693469958	NA	NA	NA	NA
chr13	110155945	110157459	79.7087821170905	-6.38558178795172	3.21387297169977	-1.98688057810028	NA	NA	LOC101927712	Intron
chr13	111565229	111565794	24.3401753957697	8.29533320836671	3.48258861924067	2.38194461514533	0.0172214873505487	0.0626969773855914	LOC102724489	Intergenic
chr13	111639149	111639607	39.1090028488252	-22.016499597261	4.13325757207149	-5.32667011754286	NA	NA	LINC02337	Intron
chr13	111953431	111953695	58.2445917671556	6.57773597058246	2.3691514470333	2.77641008506199	NA	NA	NA	NA
chr13	111954297	111954855	80.3235499667757	22.0264946373108	4.24771573746787	5.18549168510065	NA	NA	LOC105378193	Intergenic
chr13	112446415	112446901	60.6870026361567	-8.63392573668908	3.49715232733483	-2.46884462801452	NA	NA	LOC105370372	Intron
chr13	113062334	113062852	52.6333355656724	-0.168720980824904	3.23208831311864	-0.0522018473752981	NA	NA	F7	Intron
chr13	113490928	113491287	30.4000501029009	5.06949346130175	2.74800231124898	1.84479228439864	NA	NA	SLC9D1	Promoter
chr14	19873135	19873735	46.8072464050713	2.3999092816076	3.06681693635294	0.782540768299515	NA	NA	OR4M1	Intergenic
chr14	19910670	19911222	3.3031663906469	-5.88505470058077	4.25313322062394	-1.38369865115992	NA	NA	NA	NA
chr14	20429021	20430163	28.4700139430758	-6.75937428834573	3.06823792966274	-2.20301503445944	NA	NA	RNASE9	UTR
chr14	21057895	21058379	49.6815494264813	-15.1954618008797	4.28709160447303	-3.54446865213358	NA	NA	RNASE8	Promoter
chr14	21192488	21193303	24.7044888297438	-8.09873589284174	3.88858220030374	-2.08269633395152	NA	NA	LINC00641	Intergenic
chr14	21366501	21366975	13.1421587067988	-21.9868047632165	4.24845818153031	-5.17524330563066	NA	NA	SUPT16H	Exon
chr14	21810121	21810633	50.4923886850367	-6.00954314785383	3.59997845550816	-1.66932753129644	NA	NA	OR4E1	Intergenic
chr14	21902802	21903288	68.2714918665739	23.1031480704663	3.5464654551572	6.51441508809008	NA	NA	NA	NA
chr14	22011063	22011665	18.8142435000966	7.50424271887187	4.16316915665457	1.80253130163515	NA	NA	NA	NA
chr14	22177392	22177601	23.8659387732715	-5.8919663075645	3.39187999575532	-1.73707982444481	NA	NA	TRD-AS1	Exon
chr14	23611948	23612248	29.3574373020276	7.8060200125792	3.7993173206437	2.05458490402078	NA	NA	DHRS2	Intron
chr14	24670332	24671110	6.51234334084478	-2.66291087775255	4.30343685186196	-0.618787022888553	NA	NA	GZMB	Intergenic
chr14	24866784	24867420	23.5354710767904	0	4.21855794576958	0	1	1	LOC124903294	Intron
chr14	26340956	26341368	22.7375296002154	-5.85270262519974	4.25327098908181	-1.37604743272265	NA	NA	LOC105370418	Intergenic
chr14	26495543	26495867	14.0802985115524	6.52968454309735	3.49263608081497	1.86955766132202	0.0615452693474126	0.140934130299235	NA	NA
chr14	28146897	28147336	26.9605732021284	0	4.40735632387931	0	NA	NA	MIR3171HG	Intergenic
chr14	32028144	32028558	93.0975412988157	7.5901993222673	2.81298362163462	2.69827355690633	0.00697001388436879	0.0435976707398101	ARHGAP5	Intron
chr14	32300564	32300782	58.5546745990329	6.64967904314633	2.6282280042055	2.5300997601829	NA	NA	AKAP6	Intergenic
chr14	33060764	33061206	25.5492203978872	1.30460310763678	3.80343193956451	0.343006823407534	NA	NA	NA	NA
chr14	33220846	33221320	26.8950050265606	-16.0377675199475	4.29771815053833	-3.73169364722967	NA	NA	NPAS3	Intron
chr14	33822619	33822835	37.5054014297303	-15.2813108126265	4.40735632388874	-3.4672283540586	NA	NA	EGLN3	Intergenic
chr14	33939416	33939758	17.6567793350661	0	4.18370175365842	0	NA	NA	NA	NA
chr14	34111976	34112802	62.6166803175019	-1.09750010040974	3.01571098638371	-0.363927480241005	0.715912163438676	1	EGLN3-AS1	Intron
chr14	34797891	34798219	21.1799491902123	1.43506207507918	4.00962873591892	0.357903978047556	NA	NA	BAZ1A-AS1	Intron
chr14	37839244	37840011	14.3364170394698	-8.053262440982	3.74368936433045	-2.15115669524101	NA	NA	LINC00517	Intron
chr14	38089821	38090388	11.3373524621553	0	4.40735632387995	0	NA	NA	NA	NA
chr14	38171485	38171677	58.4021479941458	7.64240340619112	2.720653290717	2.80903246005927	NA	NA	LOC105370456	Intron
chr14	38734810	38735395	34.0351719781749	-6.76225151821745	3.95456190321267	-1.70998752421193	NA	NA	LOC105370457	Intron
chr14	39157333	39157721	91.1986038551551	-6.48229348011566	3.62004436791602	-1.79066685965713	NA	NA	TRAPPC6B	Exon
chr14	39504887	39505698	19.5903907213365	-7.12057079133151	4.2496366754781	-1.67557166296585	NA	NA	NA	NA
chr14	39697312	39697713	36.5478166392328	-7.98751315452996	3.63548542216559	-2.19709673592143	NA	NA	NA	NA
chr14	39727562	39727750	36.8678231323054	-7.41277588624003	3.5687404325928	-2.0771406680464	NA	NA	LOC105370462	Intron
chr14	40284896	40285523	24.0144110719217	1.84403377387684	4.01831699527496	0.458906994158298	NA	NA	NA	NA
chr14	40345208	40345711	4.16981086089639	0	4.40735632392386	0	1	NA	NA	NA
chr14	40434927	40435255	31.0953526171113	-22.1314633267689	4.12831903114615	-5.36088978584209	NA	NA	LOC105370463	Intergenic
chr14	40522889	40523255	51.9056179813388	-6.39548329616579	3.36045078228054	-1.90316231676083	NA	NA	LOC105370466	Intergenic
chr14	41071903	41072176	57.5809812503455	22.6290538371205	4.24757040311397	5.32752884343736	NA	NA	LINC02315	Intron
chr14	42139562	42140058	25.4125545287222	-18.8175089510032	3.75914087373669	-5.00580041638559	NA	NA	NA	NA
chr14	42356952	42357344	7.36458503747052	6.40409238480949	4.25039153068807	1.50670646188041	NA	NA	LOC124903305	Intergenic
chr14	42988506	42988843	40.5901773912609	8.25020341414616	3.15868102224654	2.61191407300709	NA	NA	NA	NA
chr14	43305340	43306063	37.182224262802	-8.67322882774093	3.56949830910024	-2.42981732352387	NA	NA	LOC105370470	Promoter
chr14	43424193	43424855	38.4220186738205	1.18524297167352	3.63594896985315	0.325978989667006	NA	NA	NA	NA
chr14	45822339	45822726	60.1854066912111	9.16229237504202	3.70759742906356	2.47122093224565	NA	NA	LINC00871	Intergenic
chr14	46442913	46443425	79.6404756962271	8.3020951207585	3.56906666599773	2.32612497823368	NA	NA	LOC105370480	Intron
chr14	47339133	47339631	35.7602066592173	-9.50516384967638	3.47108513890194	-2.73838395467398	0.0061741945880206	0.0418353412493955	MDGA2	Intron
chr14	49179849	49180096	71.1102091199093	7.32275438710266	2.70813588197558	2.70398336946104	NA	NA	NA	NA
chr14	49285226	49285665	71.7451804540903	6.92054877013457	3.23002052859305	2.1425711412271	NA	NA	LOC105378178	Intergenic
chr14	49710328	49710818	35.4241838052647	8.67301109810449	3.39416497411502	2.55527093239357	NA	NA	KLHDC1	UTR
chr14	50713856	50715039	101.063899321167	3.13130709466069	3.15182051880625	0.993491563360555	0.320470459867514	0.627475774362443	SAV1	Intergenic
chr14	51682888	51683343	28.3859059028256	-8.58701223781881	4.13321098133127	-2.07756445935238	NA	NA	FRMD6-AS1	Intron
chr14	52141308	52141530	61.350879515533	8.66942295826208	2.65891769866453	3.26050819948899	NA	NA	LINC02319	Intergenic
chr14	52572380	52573445	12.2116019186875	6.95434464452756	4.03284935653705	1.72442460149297	0.0846312195187943	0.182162347786412	GPR137C	Intron
chr14	53488183	53488612	30.1031480422074	7.0370307296134	2.70931648222362	2.59734541010059	0.0093947398261974	0.0497494177159999	NA	NA
chr14	53525938	53526589	79.8937926793086	0.365046794752572	3.34645401832578	0.109084658792116	0.913135342781597	1	NA	NA
chr14	53649859	53650869	123.208513643279	6.05201899249708	3.04722832442276	1.98607335853099	NA	NA	LOC124903316	Intron
chr14	54360003	54360363	41.9974656710391	1.34224434773084	3.05573062470286	0.439254801087501	NA	NA	CDKN3	Intron
chr14	54559567	54560102	44.6823657207818	-6.79102519815184	3.37847996169698	-2.01008301814546	NA	NA	SAMD4A	Intergenic
chr14	55317346	55317909	23.7416741277028	13.4981625721182	4.40735632388699	3.06264381188353	NA	NA	FBXO34-AS1	Intron
chr14	55404333	55404995	41.3635706799828	9.06552825809389	3.45464813198621	2.62415386798938	0.00868645332895637	0.0473437105414464	ATG14	Intron
chr14	55530426	55531005	45.5306548574202	-2.62199845406796	3.53550557139715	-0.741619098349152	NA	NA	KTN1	Intron
chr14	55844804	55845393	29.6986139470774	-1.0820229698085	4.02426154542836	-0.268874912227735	NA	NA	LOC102723670	Intron
chr14	56388194	56389138	135.296689525796	9.37647347290484	3.53556438143774	2.65204433049863	NA	NA	LINC02284	Intron
chr14	56429241	56429918	17.2337511409867	-5.29723719202908	3.86072497177065	-1.37208354150117	NA	NA	TMEM260	Intergenic
chr14	56533661	56534482	120.577172090439	-8.48530307920383	3.60524775497098	-2.35359777077848	NA	NA	LOC101927690	Intron
chr14	56548729	56549582	10.8607117495652	-3.71214208527836	4.11162382281947	-0.902840883612945	NA	NA	NA	NA
chr14	56552161	56552505	31.69165845962	19.7675876420191	4.25095053191513	4.65015706336942	NA	NA	NA	NA
chr14	57268257	57268801	32.7642415168936	-0.576598433822911	3.38274567029261	-0.170452788953843	NA	NA	EXOC5	Promoter
chr14	57997543	57998189	31.7907048110917	8.80298925594637	3.54494158156917	2.48325368793517	NA	NA	SLC35F4	Intergenic
chr14	58593423	58593890	48.0273737001149	-8.77716861750476	3.64184484219567	-2.41008856714857	NA	NA	DACT1	Intergenic
chr14	59702268	59702810	93.5078913689704	-9.10170049496028	3.82375503494156	-2.38030428513039	NA	NA	MIR5586	Intron
chr14	59823296	59823826	12.2868050289211	20.0115193421204	4.2499724364744	4.70862332432469	NA	NA	RTN1	Intron
chr14	60656513	60657118	36.5298924830528	-7.59538843891157	4.24796093220543	-1.78800807260914	NA	NA	SIX1	Promoter
chr14	60706829	60707464	40.484993218436	-5.68957128771809	4.14655348375507	-1.37212055988379	NA	NA	SIX4	Intron
chr14	62497643	62497935	77.0596350260071	-1.58031172881466	3.8728564979185	-0.408048098261325	0.683238363254681	1	LOC105370528	Intron
chr14	63437941	63438587	32.6826848473596	-6.95442299156865	4.14927580420389	-1.67605705663689	NA	NA	PPP2R5E	Intron
chr14	64739345	64740735	51.8501280829831	-0.239307201054669	3.74101474361782	-0.0639685265776958	NA	NA	PLEKHG3	Intron
chr14	68461693	68462074	54.1555771188332	1.2704395120623	3.63711743647296	0.349298457982783	0.726865255988252	1	LOC124903335	Intron
chr14	68506100	68506647	46.8998029480664	-1.2533892201057	3.55244482065069	-0.352824402174985	NA	NA	NA	NA
chr14	69005784	69006664	51.4043497798817	2.13612562030213	3.53012845112869	0.605112717532741	NA	NA	ACTN1	Intergenic
chr14	69241268	69241812	21.3615567913644	7.1201028501498	3.29551822212836	2.16054118661538	0.0307307987824241	0.0862683869434316	GALNT16	UTR
chr14	69624741	69625417	2.51295245273169	0	4.40735632389488	0	1	NA	NA	NA
chr14	69627745	69628417	22.4908355471526	-18.5292859270933	4.26653652676863	-4.34293385532713	NA	NA	SUSD6	Intron
chr14	69829149	69829542	67.1392916457617	-1.21305312602515	3.73068780500953	-0.325155357249747	NA	NA	LOC100506358	Intergenic
chr14	71532573	71532876	43.4377354527048	-0.242896112774484	3.10422165881912	-0.078247025976516	NA	NA	SNORD56B	Intron
chr14	72579699	72580372	39.6663396999153	7.93155306537928	3.39101750570624	2.33898912407042	NA	NA	NA	NA
chr14	72621683	72622189	46.2870757095028	6.21499051899564	4.04396430009933	1.53685593090992	NA	NA	MIR7843	Intron
chr14	72709050	72709593	38.0264401035707	-0.884362286750351	3.42026993085622	-0.258565056158875	NA	NA	NA	NA
chr14	72748747	72749220	19.5458697573815	-1.10013792647902	3.65420725247771	-0.301060626961723	NA	NA	DPF3	Intron
chr14	72890387	72890673	50.9301122419328	-2.08294443940011	3.28765983173282	-0.633564464089417	0.526365098209133	0.967598168700024	NA	NA
chr14	72960976	72961585	84.0307307083929	1.15008872786137	3.20264119716274	0.359106330387634	0.719515546082008	1	DCAF4	UTR
chr14	73118648	73119228	13.7983548968291	0.731360689365577	4.04583261322588	0.180768894633641	NA	NA	PSEN1	Intron
chr14	76024422	76024854	28.4511493679143	-7.33637734510918	3.70981444608894	-1.9775591075299	0.0479784662733826	0.117364647156936	TGFB3	Intron
chr14	76324320	76324907	85.5274796621915	-7.66165273621058	3.31347703761568	-2.3122697544703	NA	NA	NA	NA
chr14	76359898	76360437	48.2845709279185	-7.23468660065659	3.90204122182039	-1.85407744034068	NA	NA	NA	NA
chr14	76417543	76418153	41.1456460213384	-8.74306797710086	3.30144399409355	-2.64825573074772	NA	NA	ESRRB	Intron
chr14	76528984	76529282	56.8679240182125	7.30897742860526	2.63493301451103	2.77387599166789	NA	NA	NA	NA
chr14	76551118	76551802	22.3246272275063	3.0942761378955	4.02886254022166	0.768027230267642	NA	NA	LOC105370577	Intron
chr14	77336309	77336997	44.453491820727	4.5364986718576	4.07616598284115	1.11293276352196	NA	NA	GSTZ1	UTR
chr14	77357713	77358226	56.8147155721818	6.06735852864991	3.59828138909596	1.68618233888993	NA	NA	SAMD15	Intron
chr14	77555895	77556500	68.2143806090209	1.71973835203363	3.11304451204201	0.552429734101539	NA	NA	ISM2	Intron
chr14	78284315	78285051	10.3605346225391	-21.5333019005139	4.24917678231477	-5.06764086402249	NA	NA	NRXN3	Intron
chr14	79103729	79104851	77.9897954513877	1.44158820683919	2.79255261861119	0.516225978064516	NA	NA	NRXN3-AS1	Intron
chr14	79245218	79245847	54.1232579343382	0	4.40735632392253	0	1	1	LOC105370586	Intron
chr14	79448601	79449373	108.692871861312	8.9419007036862	2.69755536812239	3.31481637387489	NA	NA	NA	NA
chr14	79497630	79497901	55.6254959518882	0	3.6052898371634	0	1	1	NA	NA
chr14	79566152	79566819	82.6520146614552	6.3358914464108	2.66598595485998	2.37656595109241	NA	NA	NRXN3-AS3	Intron
chr14	79896784	79897621	46.0155300574481	-3.19223663661238	3.69247242362268	-0.864525518508946	NA	NA	LOC105370582	Intron
chr14	80137989	80138689	97.9070145186306	5.84558466648824	3.43454312264736	1.70199774984407	NA	NA	LOC105370591	Intergenic
chr14	81772409	81772885	8.52305640536495	-3.69563702773797	3.73851866803602	-0.988529777672456	NA	NA	LINC02311	Intron
chr14	84053958	84054182	53.7742806871698	6.88232522797949	2.93153595102826	2.34768576710289	NA	NA	NA	NA
chr14	84495844	84496213	42.1094712845662	-7.95159309088616	2.83879502620484	-2.80104516792696	0.00509373889863592	0.0382851988187797	LOC124903402	Intergenic
chr14	85054620	85055544	41.4173143848953	0.308688830716589	3.35207292212944	0.0920889365737579	0.926627378435884	1	LOC105370604	Intergenic
chr14	85341748	85342096	65.8147064683587	7.30917573736573	3.286243801977	2.22417330478296	NA	NA	LINC02329	Intergenic
chr14	86482115	86483395	35.6713980461523	-9.50906454787802	4.03801786860154	-2.35488421728337	0.0185284778648913	0.0651643070569008	LINC02309	Intergenic
chr14	87617785	87618037	116.380410052592	10.7614155340048	3.13178223031035	3.436195349042	NA	NA	LINC02330	Intron
chr14	88479029	88479258	97.8425033168064	-0.584734861294231	3.3281719617669	-0.175692502674591	NA	NA	NA	NA
chr14	88493639	88494637	4.81039057247574	-0.653111639525536	4.40735632389692	-0.14818671138168	NA	NA	LOC105370614	Intron
chr14	88946679	88947209	117.933591037602	9.70740365967483	3.19190926663137	3.0412530083976	NA	NA	LOC124903356	Intergenic
chr14	89780631	89781060	54.3244104700335	3.05150186360083	4.05399894716491	0.752714024687855	NA	NA	LOC105370616	Intron
chr14	90004408	90004669	56.747426690181	7.23525332114536	3.28868157694119	2.20004678223511	NA	NA	TDP1	Intron
chr14	90609934	90610229	86.8000760991892	-7.85097755023062	4.1647202751577	-1.8851152133941	NA	NA	TTC7B-AS1	Intron
chr14	91154055	91154329	146.941189707344	8.65829528542686	2.42201575199634	3.57483029509213	0.000350455138200298	0.0192131875766281	SNORA11B	Intron
chr14	91235705	91236568	26.9181275786696	-0.65310196376961	3.96549856848477	-0.164696053343719	0.869183223536727	1	GPR68	Intron
chr14	92133733	92134043	63.4558553915375	1.67840216131699	3.24508816865381	0.517213115356819	NA	NA	CPSF2	Exon
chr14	92470709	92471396	25.2810510672995	-0.653101320373711	4.19602455212088	-0.155647640346528	0.876310770965512	1	RIN3	Intron
chr14	92937986	92938603	16.8249444112881	7.34377820252943	4.24887898508728	1.72840371032092	NA	NA	NA	NA
chr14	92948291	92948808	26.6438656742043	-0.653101668496106	4.17892009178476	-0.156284794672198	0.875808541159382	1	NA	NA
chr14	93092671	93092894	32.8790925502864	-7.66621810210252	3.76627951830315	-2.03548835524466	NA	NA	NA	NA
chr14	93135531	93136259	76.1360988145332	-5.34080991129367	3.27562667367289	-1.63046966072759	NA	NA	NA	NA
chr14	93321638	93322172	14.2946497110157	-21.7793790274801	4.24882072317737	-5.12598211279504	NA	NA	GOLGA5	Intron
chr14	93366501	93367001	8.5246349928762	-7.09034459117747	4.24969134685454	-1.66843754345253	NA	NA	NA	NA
chr14	93486580	93487223	7.64161314859629	-7.29064485414133	4.24934951285562	-1.71570844715993	0.086215417932999	0.184295342920998	MIR4506	Intron
chr14	93801512	93801927	85.1137476651583	6.62827847025665	2.82549738988266	2.34588023120839	NA	NA	NA	NA
chr14	93997641	93998303	44.125304478764	-8.74506758055056	4.24752193704337	-2.05886342911695	NA	NA	LOC107984663	UTR
chr14	94106628	94107005	47.4994166353202	0.308688360983325	3.62795299437562	0.0850860971632987	0.932192943079101	1	NA	NA
chr14	94746488	94746977	139.498167033135	8.30146379973758	2.50305248623417	3.3165360476428	0.000911408289479799	0.0229267034668706	GSC	Intergenic
chr14	94912380	94912828	22.2640037492434	-1.15967492573924	3.91108516672985	-0.29650976041232	NA	NA	LOC124903369	Intergenic
chr14	95373548	95374172	83.1293483213224	7.94440412783498	3.82128823596209	2.07898583861597	NA	NA	LOC105370638	Intergenic
chr14	95844878	95845732	60.1462144680319	8.17416160594189	2.8277248367343	2.89072030621697	NA	NA	TUNAR	Intron
chr14	96514080	96514679	53.9651944160856	-6.50568098684674	4.22346197489818	-1.54036688989098	NA	NA	PAPOLA-DT	Intron
chr14	97304394	97304847	20.502211729979	0	4.22501712015524	0	1	1	LINC02325	Intergenic
chr14	99386399	99387022	27.8841171918584	-7.66280077398747	3.89323655852866	-1.96823405379801	NA	NA	LOC105370660	Intergenic
chr14	99526127	99527446	95.5970882372913	-8.50770849098851	3.15405559109426	-2.69738698170404	NA	NA	CCNK	Intron
chr14	100044001	100044874	118.003775193729	9.58549507736261	2.82305275434875	3.39543604440147	0.000685193799067862	0.0229267034668706	LOC124903379	Intron
chr14	102188516	102188756	50.1493158351203	8.44723343449001	3.46151597642849	2.44032773270793	NA	NA	HSP90AA1	Intron
chr14	102592129	102592621	21.3382407692919	8.06409076826922	3.49674737911101	2.30616910344818	NA	NA	RCOR1	Promoter
chr14	103087837	103088597	36.8375597779631	-4.47659983466956	3.81603463419045	-1.17310251708951	NA	NA	LBHD2	Exon
chr14	103613253	103613543	97.3118161860694	1.51411837582934	2.81906516160639	0.537099459938184	NA	NA	LOC105370688	Intron
chr14	103894462	103894981	55.0925817653062	7.5057026701816	3.65335319442607	2.05446948891584	NA	NA	ATP5MJ	Intergenic
chr14	104025116	104025574	18.5950295342254	-8.08688266743899	4.24837586591621	-1.90352335166911	NA	NA	ASPG	Exon
chr14	104177698	104178282	24.9998336091445	-8.99611590524437	4.0436169646177	-2.22476955259656	0.0260967123633736	0.0784585029763363	KIF26A-DT	Exon
chr14	104357429	104357625	64.5213713114019	7.14385619185892	2.66662011832853	2.67899283544624	NA	NA	LOC124903394	Intergenic
chr14	104466452	104467171	13.8659883670091	0.60801005307497	4.36252531003109	0.139371123343841	NA	NA	NA	NA
chr14	104580599	104581075	42.1174231857581	-1.58947628187733	4.02878574873918	-0.394529861106354	NA	NA	LINC02280	Intron
chr14	105077112	105077846	30.9465943488005	6.92951401638575	3.1955401790518	2.16849534917815	NA	NA	GPR132	Exon
chr14	105456658	105457191	72.3950889961313	1.15283512900773	2.9111130310192	0.396011806042487	NA	NA	CRIP2	Intron
chr14	105605388	105605620	64.5755106137762	7.30705695764823	2.73613951339068	2.67057177526492	NA	NA	MIR8071-1	Intergenic
chr14	105954247	105954451	61.0598791435451	7.37640704055602	2.77903993127058	2.65430048613354	NA	NA	MIR4537	Intergenic
chr14	106510054	106510528	44.8079718447612	8.89166993273053	3.17629475817052	2.79938438013604	NA	NA	LINC00221	Intron
chr14	106578796	106579334	16.8301172000206	-1.66986785447741	4.0874995945014	-0.408530402479735	NA	NA	NA	NA
chr14_GL000225v1_random	95568	96439	30.5767780759954	-7.76560877350586	3.8795210080848	-2.00169267219396	NA	NA	NA	NA
chr15	19845563	19846483	15.8435264795984	-4.69551295303406	3.86228655426465	-1.21573396667044	NA	NA	NA	NA
chr15	19928770	19929356	19.3690595189791	1.27044806881027	3.99501112238514	0.318008643753606	NA	NA	CHEK2P2	Intergenic
chr15	23486025	23486576	59.8443828084411	-9.29447973209268	3.41573696114783	-2.72107596041861	0.00650698074749712	0.0418353412493955	LOC105370729	Exon
chr15	25050124	25050611	43.0926587406047	-8.42290886837178	4.10136187545748	-2.05368585463634	NA	NA	SNORD116-1	Promoter
chr15	25055815	25056766	17.8734232052562	20.87398617169	4.24891594484762	4.91277926949872	NA	NA	SNORD116-3	Promoter
chr15	25228652	25229831	40.2619254275237	-4.83783556633598	4.22563685412298	-1.14487726545069	0.252260002808436	0.499164166916057	SNORD115-32	Promoter
chr15	26260666	26261120	18.6275107215612	0	4.40735632387925	0	NA	NA	LOC124903568	Promoter
chr15	26560898	26561447	51.3891941197421	1.22313117767271	3.37925837278081	0.361952547791184	0.717387490902474	1	LOC105370740	UTR
chr15	26816999	26817682	11.6863848475774	-15.2670965988967	4.40735632389257	-3.46400324297193	NA	NA	LOC112268151	Intron
chr15	28180582	28181200	51.991634088009	-7.51301621473421	4.08105525712317	-1.84094939700236	NA	NA	MIR4509-2	Intron
chr15	28693741	28694043	12.5414228754986	16.1672802852044	4.29684403946572	3.76259415904112	NA	NA	GOLGA6L7	Intergenic
chr15	28984934	28985304	85.2839291817586	-8.50354029703655	3.32453929075131	-2.55781013648807	NA	NA	NA	NA
chr15	31325434	31326561	71.3242470408037	-6.330512809811	2.78244208329601	-2.27516426947943	NA	NA	LOC105370939	Exon
chr15	31575705	31575910	100.605659887052	0.194994027283141	2.85749920972572	0.0682393984990315	NA	NA	NA	NA
chr15	33042913	33043661	109.160468605031	-3.12418894054255	3.10841338535949	-1.00507511493077	0.314860681752068	0.617789800827215	LOC124900367	Intron
chr15	33919933	33921032	65.2013802843006	2.03293644572312	2.89933460647645	0.701173448963775	NA	NA	NA	NA
chr15	33922153	33922742	31.2560713052704	-8.48308494962434	3.74761715040473	-2.26359433452486	NA	NA	CHRM5	Intron
chr15	34423664	34424217	0.792029805127043	0	4.40735632393005	0	1	NA	MIR1233-1	Intron
chr15	35308134	35308474	30.9039778189508	0.134721781319322	4.05063251335044	0.0332594430315003	NA	NA	MIR3942	Intron
chr15	36633435	36633792	39.8899466137804	9.04326736140882	3.35281838648353	2.69721360329734	NA	NA	CDIN1	Intron
chr15	36736074	36736798	36.8585832311883	1.12269482146175	4.06558178155994	0.276146165981435	NA	NA	CSNK1A1P1	Intron
chr15	38055361	38056766	16.7949639785528	20.9094398413311	3.85298887308455	5.42681033609937	NA	NA	LINC02345	Intron
chr15	39437381	39437930	34.1355107610514	-1.64160360769867	3.63456229129684	-0.451664733227872	NA	NA	LOC124903468	Intergenic
chr15	39675057	39675568	4.284175954735	6.1964859084379	4.25457892746626	1.45642753703199	0.145274467803301	NA	LOC105370785	Intron
chr15	40083588	40084135	18.8759570809307	1.27043170144272	4.27529626971946	0.297156412396675	0.766347097457928	1	LOC105370787	Promoter
chr15	40654179	40654811	49.8309670825071	8.06014738581637	3.08180228099449	2.61540055165881	NA	NA	RAD51	Intron
chr15	41554465	41554860	42.7810660506601	21.4329736306139	4.21104354805965	5.08970600422541	NA	NA	TYRO3	Promoter
chr15	41722420	41722871	12.0502441610534	-6.95439918992363	4.24995189516672	-1.63634774262564	NA	NA	MIR626	Intron
chr15	41922800	41923028	93.3309149717099	10.2510138869747	3.68403441331203	2.78255106682317	NA	NA	EHD4-AS1	Promoter
chr15	42154787	42155876	112.695310356058	-5.83457080219699	3.03611544505887	-1.92172231516837	NA	NA	PLA2G4F	Promoter
chr15	43307154	43308025	74.8132505614715	-0.943785255199375	4.04207022675939	-0.233490563561046	NA	NA	TGM7	Intergenic
chr15	44259952	44260487	8.30952848318548	1.2703942880079	4.37384536001619	0.290452492815887	NA	NA	GOLM2	Intron
chr15	44577661	44578234	18.0019785068092	7.00880945091444	3.45662704192905	2.02764410678307	0.0425965839780672	0.108767167856325	EIF3J	Intron
chr15	45242523	45243017	51.6937536948475	8.60032340939921	2.69311307492696	3.19345054222518	0.00140583416980169	0.0256909303187289	SLC28A2	Exon
chr15	45752579	45753140	55.6902698156771	-2.19636662501894	3.7176349293815	-0.590796747593598	NA	NA	LOC105370802	Intron
chr15	46406083	46406741	88.231975641375	13.4857536844798	3.76725368124936	3.57973070717325	NA	NA	LOC124900371	Intron
chr15	46666867	46667490	2.72514062056657	-4.56458569455883	4.26222028880112	-1.07094082080933	0.284196039717007	NA	LOC105370803	Intron
chr15	47531669	47532155	73.0799239107716	1.27042326437759	4.13781682485706	0.307027429717477	0.758822493991503	1	LOC105370804	Intron
chr15	47727081	47727524	43.8484772736904	-22.2055618364193	3.82228177634466	-5.80950414850236	NA	NA	LOC124900354	Intron
chr15	47945405	47946295	56.7674600920223	-8.67408274831458	3.30810758291016	-2.62206791372968	0.00873980130547997	0.0473575280041124	LINC01491	Exon
chr15	48016163	48016643	59.4691477259155	7.30506109372264	3.70738329796301	1.97040891286756	NA	NA	LOC102724553	Intron
chr15	48529061	48529833	15.5536644085835	0	4.40735632392281	0	1	1	LOC124903488	Promoter
chr15	48944777	48945376	33.7861623059399	-8.14244480656923	3.86403606166597	-2.10723830642994	NA	NA	SHC4	Intron
chr15	49215779	49216260	53.2605010470796	9.44672535496824	3.12209867854145	3.02576129956964	NA	NA	MIR4716	Intron
chr15	50810907	50811385	37.501260923485	0	4.40735632387867	0	NA	NA	SPPL2A	Intergenic
chr15	52203439	52204075	104.59462416595	-8.08416507622027	3.2394354943199	-2.49554747745255	NA	NA	LOC105370820	Promoter
chr15	52705443	52705876	49.3816950042531	-8.04501042256858	3.9128798150064	-2.05603310168509	NA	NA	ATOSA	Intron
chr15	56563663	56564226	10.6031780378115	-6.15018571572621	4.24965211021783	-1.44722098567522	NA	NA	LOC105370832	Intron
chr15	57028848	57029313	125.851679742826	-1.04269550979634	3.05109673670711	-0.341744493791983	NA	NA	TCF12	Intron
chr15	58113825	58114540	11.0462000195041	0	4.40735632388028	0	NA	NA	AQP9	Intron
chr15	58357577	58357898	96.0244294171871	8.32708139183339	3.63960506324866	2.28790795900277	NA	NA	LIPC	Intron
chr15	60957412	60958133	23.5903514909911	4.72293948372378	3.54015244795921	1.33410624348858	NA	NA	RORA-AS4	Intron
chr15	61187360	61187769	74.3359176599004	-6.74493766076207	3.6221333423309	-1.86214504638352	NA	NA	LOC107984805	Intron
chr15	62945360	62946299	31.0593965534695	-1.09846656474491	3.43828203989018	-0.319481226961821	0.74936162481492	1	LOC105370854	Intergenic
chr15	63058009	63058454	81.4599622789916	11.0075254399623	3.03970823019613	3.62124408211772	0.000293189739370355	0.0170783023183232	TPM1-AS	Intron
chr15	63355277	63355777	60.7822260062642	0	3.55313514315927	0	1	1	LINC02568	Intron
chr15	65613870	65614226	13.0498470703186	-22.0918898686529	4.2484478233042	-5.19999086430373	NA	NA	SLC24A1	Promoter
chr15	66200194	66200554	8.41290567562217	-5.48101567005011	4.2550962514766	-1.28810615462531	NA	NA	DIS3L	Intron
chr15	66851603	66852220	24.2997389881755	0.308690800216533	3.90234870152762	0.079103848432533	0.936950022501444	1	SMASR	Intergenic
chr15	67374340	67374828	28.8036913185678	15.768651844892	4.05549414622169	3.88821960440577	NA	NA	AAGAB	Intron
chr15	68180910	68181395	36.1349455997503	-2.53246415678848	3.20247787144114	-0.790782718398253	NA	NA	CALML4	Exon
chr15	68486025	68486333	32.3940620313144	22.1157907788472	3.72168150187066	5.9424189758664	NA	NA	LOC105370873	Intron
chr15	68512011	68512272	69.9253962523435	-2.47502159781615	3.60168838690893	-0.687183712730984	NA	NA	NA	NA
chr15	70038687	70039300	19.6104178890096	-8.65033565492546	4.0488530966707	-2.13649037107286	0.0326394649910824	0.0902670070376521	LOC101929129	Intergenic
chr15	70766211	70766558	6.42130533287126	-4.66772950050721	4.26117563634914	-1.09540884930676	NA	NA	UACA	Intergenic
chr15	71170052	71170449	39.5737073894388	-8.00047371773958	3.61968793942447	-2.21026614769771	NA	NA	THSD4-AS1	Intron
chr15	72972608	72972905	80.7189851492038	-6.27458615811533	4.15484023155878	-1.51018710911088	NA	NA	NEO1	Intron
chr15	73870340	73870858	5.07297644105808	-6.29985354306228	4.25161492430177	-1.48175544004538	NA	NA	LOC102723657	Promoter
chr15	74719504	74720348	27.2456741023198	8.70873074404999	3.82544294724168	2.27652872207371	NA	NA	CYP1A1	UTR
chr15	74756721	74756997	48.1334241522091	7.05246278812529	2.96496594172269	2.37859824589678	NA	NA	CYP1A2	Intergenic
chr15	75585582	75586601	91.9516164801185	-6.85212115515827	3.67190897193184	-1.86609232623576	NA	NA	PTPN9	Intron
chr15	75607541	75607797	60.9305908666171	7.39499438264619	2.45192229532471	3.01599867040927	0.00256134383075567	0.0290644638773276	SNUPN	Intron
chr15	75973088	75973692	9.85113701819685	-6.50177416043163	4.25101947260213	-1.52946233305579	NA	NA	FBXO22	Intron
chr15	76989646	76990331	17.9846256382872	-5.22288780715092	3.88752683341958	-1.34349884411131	NA	NA	PSTPIP1	Intergenic
chr15	77784563	77785030	51.2518505514912	0	4.40735632387861	0	NA	NA	NA	NA
chr15	77793940	77794248	88.4473778115012	0.0922369206302895	3.10992680155966	0.0296588719014325	NA	NA	LINGO1	Intron
chr15	77839808	77840261	64.9812848682887	-7.27690965183211	3.41676905437814	-2.12976339226314	NA	NA	NA	NA
chr15	77908123	77908693	65.0874477003269	0.678623115326244	3.49024534775644	0.194434215280158	NA	NA	LOC124903533	Intergenic
chr15	78035469	78035938	52.3138536948084	7.96758889681381	4.13959662218952	1.92472591510609	NA	NA	TBC1D2B	Intron
chr15	78046729	78047224	49.9913606992255	8.40480088098077	3.07554904257071	2.73278064002373	0.00628021434673203	0.0418353412493955	NA	NA
chr15	78218387	78218804	49.8301698288787	-3.13288872833705	3.2329884005378	-0.969038035464618	NA	NA	ACSBG1	Intron
chr15	78397993	78398599	71.7470831289858	4.44669529563834	3.60018536522365	1.23512954043745	NA	NA	LOC105370912	Intron
chr15	78579323	78579664	87.0316906168529	-0.406797896914873	3.53025216902266	-0.115231965717478	NA	NA	CHRNA5	Intron
chr15	80540036	80540244	63.9204372600476	7.2030083364287	2.62673208337383	2.74219376312525	NA	NA	ARNT2-AS3	Intron
chr15	80582914	80583808	16.6132999661326	1.06101559158287	3.05090116675943	0.347771210402679	NA	NA	MIR5572	Promoter
chr15	81989345	81989573	62.0315703946004	8.75437105562969	4.21894719056465	2.07501318698849	NA	NA	LINC01418	Intron
chr15	82714857	82715657	49.7124926268017	-16.6866114046827	4.16866625102847	-4.00286576085718	NA	NA	AP3B2	Exon
chr15	83204901	83205171	58.9634627090877	9.55493696368008	2.76748916091683	3.45256527057713	NA	NA	HDGFL3	Promoter
chr15	83428003	83428347	17.9456659544495	-6.45023955767217	4.25116362510708	-1.51728800076701	NA	NA	LOC105370934	Intron
chr15	84835122	84835474	46.7694729357776	-6.58669739601236	3.43668543021258	-1.91658431641936	NA	NA	ALPK3	Intron
chr15	84955648	84955913	51.9761136820912	7.89198782686446	2.93547356456626	2.68848880879994	NA	NA	PDE8A	Intergenic
chr15	85284181	85284761	17.8795325601084	0	4.20765986084012	0	NA	NA	LOC727751	Intron
chr15	85698994	85699664	58.5155628203946	-9.32655945213445	4.1587004328802	-2.2426620052734	NA	NA	MIR1276	Intron
chr15	88142456	88142842	61.4069814030296	-6.10307750357747	3.62069946777044	-1.68560731369832	NA	NA	NTRK3-AS1	Intron
chr15	88404914	88405535	48.5023155422552	-7.97504409805781	3.83404561984107	-2.08005978248855	NA	NA	MRPS11	Intergenic
chr15	89630920	89631492	41.9162828134995	4.73930271488406	3.55899075923572	1.33164232095444	NA	NA	KIF7	UTR
chr15	89652425	89652814	80.5929504665369	7.48682962986456	3.03484210962568	2.46695853010553	NA	NA	NA	NA
chr15	90641460	90642116	5.55316186445132	6.78120720080623	4.25206709558935	1.59480249214326	NA	NA	LINC01585	UTR
chr15	90930499	90930826	33.5578929437109	-21.6261441298091	4.24901981499255	-5.08967834263844	NA	NA	UNC45A	Promoter
chr15	92426455	92427380	38.7158069732201	2.49254476120656	3.66409877383721	0.680261345301084	NA	NA	ST8SIA2	Intron
chr15	92483504	92484159	4.41576557663604	-0.052884021835517	4.0989873428485	-0.0129017285032079	0.989706195595592	NA	C15orf32	Intron
chr15	92586102	92586795	41.5714562952586	-15.2668728745914	4.40735632387903	-3.4639524814174	NA	NA	LINC00930	Intron
chr15	92825030	92825330	70.8451532243966	-23.3461895278165	3.49647771414325	-6.67705943995614	NA	NA	CHASERR	Intron
chr15	93088105	93088937	19.8809270357306	3.39494889567884	2.93678438004798	1.15600890509482	NA	NA	RGMA	Promoter
chr15	93132212	93133030	8.1533808630353	6.58867616687201	4.25278473196789	1.54926162082585	NA	NA	LOC105370982	Exon
chr15	94461760	94462021	79.045591044822	8.9958167951083	3.94134707846855	2.28242187658431	NA	NA	LINC02852	Intron
chr15	94967833	94968452	5.31553174902548	4.70131766009145	4.26826115229851	1.101459702755	0.270696633602275	0.53338110468778	LOC105370989	Intron
chr15	98590103	98590501	27.1900605291025	-6.28011312938839	3.69125930325418	-1.70134705081594	NA	NA	IRAIN	Intron
chr15	99168073	99168714	22.1571434043732	-7.85449213306443	3.74348289323464	-2.09817764821614	0.0358894553403682	0.0952962175989264	TTC23-AS1	Intron
chr15	99872458	99873058	10.0894232557936	-6.97277767113346	4.24991522107832	-1.6406862980585	NA	NA	DNM1P46	Intron
chr15	100010164	100010899	6.72610577371984	4.0197869440841	3.75061474378879	1.07176748844735	NA	NA	NA	NA
chr15	100033700	100034085	64.0813648491161	7.62254088741579	4.14051755818581	1.84096330477962	NA	NA	LOC105371022	Intron
chr15	100957815	100958382	15.9561529366349	-7.36529909798001	3.27986422349161	-2.24561097536508	0.0247289368666307	0.0764258554598976	ALDH1A3-AS1	Intron
chr15	101153491	101154270	62.3985485809983	-7.67972680082458	3.86700699143752	-1.98596144714228	NA	NA	LOC124903564	Intergenic
chr16	274110	274898	36.6214593643725	0.308697191044303	3.47245381966357	0.0888988614610896	NA	NA	RGS11	Promoter
chr16	684176	684652	21.117025798989	-0.63206743747917	2.80303578284159	-0.225493888215159	0.821595079448846	1	JMJD8	Promoter
chr16	725152	725674	195.430531436651	0.320807500900145	3.49161293922651	0.0918794569970898	NA	NA	HAGHL	Promoter
chr16	2153483	2154274	47.6441225105987	-0.653102418657169	3.44455618619322	-0.18960422863038	0.849619273354684	1	SNHG19	Promoter
chr16	3523312	3523995	42.6047294382792	-0.653107180857654	4.16768181919284	-0.156707543711708	0.87547534151921	1	C16orf90	Intron
chr16	4224243	4225119	154.268965858882	1.75390793906016	2.58825865821637	0.677640132099016	NA	NA	SRL	Intron
chr16	4960050	4960570	64.3040995166468	8.21309824407603	2.8174642968319	2.91506737221524	0.00355611765930099	0.0315647776997003	PPL	Promoter
chr16	5376573	5377304	118.091878494835	0.793528273297367	3.59131003040492	0.220957886280817	NA	NA	RBFOX1	Intron
chr16	5905963	5906642	3.25201570876008	-6.05800501773507	4.25244684332386	-1.42459276763115	0.154274951870378	NA	MIR8065	Exon
chr16	7363411	7363878	20.7709799631004	7.94763176517834	3.80328990490128	2.08967287898203	NA	NA	LOC124903640	Intron
chr16	7785603	7785978	21.0974309625935	-6.5200110964433	3.43842598289615	-1.89621970310717	NA	NA	LOC124903641	Intron
chr16	8326465	8326688	49.6614878143839	9.39639596038943	3.65131139984298	2.57343045591606	NA	NA	LOC105371069	Intron
chr16	8534527	8534759	58.1531147232058	7.33074042565947	2.49282452894101	2.94073663852052	NA	NA	TMEM114	Intergenic
chr16	10576622	10577312	36.6104485259873	-0.653124714050305	3.68565759021293	-0.177207105669459	NA	NA	EMP2	Exon
chr16	11354423	11355087	22.2766031303229	2.95293227890434	4.19203733892429	0.704414593707337	0.481174620279717	0.907803129758494	LOC105371083	Intron
chr16	11671391	11671996	21.0065671262464	-0.66522685184376	4.08465063792789	-0.162860158875478	NA	NA	SNN	Promoter
chr16	13218094	13218854	40.675680213175	17.0444970646404	4.2678832253912	3.99366528194503	NA	NA	LOC105371091	Intron
chr16	13464428	13464619	54.7357211393473	7.60633232075227	3.17667158548862	2.39443458854822	NA	NA	LOC107984137	Intron
chr16	14105824	14107319	17.346878775752	-8.4582986315903	3.51114507483771	-2.40898580130052	0.0159969203210367	0.0603608491465837	LINC02186	Intron
chr16	15021367	15021885	40.8514539220407	22.7446103974413	4.11526595495928	5.52688711893138	NA	NA	MIR1972-1	Intron
chr16	16048357	16048896	40.7743811635508	9.1577733228504	4.24761882400083	2.15597813794052	NA	NA	LOC105371100	Intron
chr16	16863453	16864137	34.5971715871726	6.41014495148329	4.25095028677898	1.50793223139299	NA	NA	LOC124903652	Exon
chr16	17099272	17100013	8.97244169651049	0	4.40735632388527	0	NA	NA	NA	NA
chr16	20105226	20105425	31.5896144439837	-5.51971740546645	3.63469943227577	-1.51861729100677	NA	NA	GPR139	Intergenic
chr16	20385683	20386201	26.4025202469762	20.4228809456548	3.87195398146326	5.27456706444035	NA	NA	PDILT	Exon
chr16	20479636	20480053	39.1739906181894	-0.653106762787463	4.18500413151741	-0.156058809564582	0.875986665692689	1	ACSM2A	Intron
chr16	20978328	20978763	32.4730009323668	1.27043040783878	4.18357944116027	0.303670678591547	0.761378798792433	1	DCUN1D3	Intron
chr16	21059833	21060179	63.4713551391433	0.510623108062319	3.13830079283658	0.162706872849109	0.87074923535536	1	LOC107984888	Intron
chr16	22258137	22258376	27.5364073057747	9.42570212292725	3.13970637075855	3.00209669627482	NA	NA	LOC124903666	Intron
chr16	23641275	23641974	48.3880773451838	-6.12254361606708	3.18283623054421	-1.92361251807801	NA	NA	PALB2	Promoter
chr16	24027857	24028711	15.6653914220449	-5.16641201781668	4.19290625141746	-1.23217923512364	NA	NA	MIR1273H	Intron
chr16	24094663	24095222	17.5317434694045	-7.51980450352697	4.16623738817065	-1.80493903801023	NA	NA	NA	NA
chr16	24829158	24829414	114.936130028442	-23.0304715701781	3.52072725901673	-6.54139610252289	NA	NA	LINC01567	Intergenic
chr16	25513669	25513874	53.4302200605974	8.42298237476816	3.24078769570926	2.5990540466196	NA	NA	LOC105371147	Intron
chr16	26178150	26178436	36.7691493262124	-7.78071214639	3.35090211636986	-2.3219753595247	0.0202342624504914	0.0683272920429638	LOC102723536	Intergenic
chr16	26441006	26441344	18.2583782104947	-1.41236309012494	4.2239519777819	-0.334370063285286	0.738100326702023	1	NA	NA
chr16	26641404	26642137	32.5914341463576	6.3753602536434	4.1280964541043	1.54438258033065	NA	NA	LINC02195	Exon
chr16	27518678	27518899	24.2200718884054	7.30361145449274	3.01339831205887	2.42371259891715	NA	NA	GTF3C1	Intron
chr16	28006352	28006676	104.039473005987	-7.23740534089944	3.85336520067266	-1.87820384624744	NA	NA	GSG1L	Intron
chr16	28076061	28076562	104.51753998784	0.757987084034415	3.54129069376928	0.214042604683104	NA	NA	NA	NA
chr16	29997950	29998554	10.0795291038339	-4.66774378475446	4.261175496769	-1.09541223737294	NA	NA	HIRIP3	Promoter
chr16	30019223	30019613	38.1510612701874	-23.2607007542857	4.24764249073999	-5.47614372089808	NA	NA	C16orf92	Intron
chr16	30698173	30698803	199.51467140794	0.288462423996016	2.13017315147898	0.135417359755819	0.892281899454544	1	SRCAP	Promoter
chr16	30735698	30736065	70.1874670900115	15.0495013029363	3.74914125557759	4.01411957486189	NA	NA	TMEM265	Intron
chr16	31377278	31377690	35.2241675925146	0	4.40735632387866	0	NA	NA	ITGAD	Intron
chr16	31914150	31914612	16.8769141737713	0	4.40735632392278	0	1	1	NA	NA
chr16	31976589	31976996	29.5566883356888	22.0525088286526	3.91214789373306	5.63693127858968	NA	NA	ZNF267	Exon
chr16	35616670	35617304	15.1656121964444	-3.63465947480411	4.03470488588404	-0.900848904097163	NA	NA	TP53TG3HP	Intergenic
chr16	35837144	35837518	18.8169223251455	0	4.4073563238792	0	NA	NA	NA	NA
chr16	35864119	35864577	71.9865411091682	6.96051215163352	2.80168336441044	2.48440356967256	NA	NA	LINC02167	Intron
chr16	46689105	46690179	127.228115566786	-1.68037828543471	2.41002283149673	-0.697245795132622	0.485648983993875	0.914393642590487	ORC6	Promoter
chr16	47057188	47057685	43.3664207873247	-0.65313620971635	3.79509762070341	-0.17209997607263	0.86335893157387	1	DNAJA2-DT	Intergenic
chr16	47805723	47806092	87.4801399545651	-0.389342964325653	2.98848841840584	-0.130280901183262	NA	NA	LOC105371236	Intron
chr16	47902906	47903652	6.47633093467479	-5.64133863262866	4.25425111321551	-1.32604740117579	NA	NA	LINC02192	Intron
chr16	48004720	48005121	44.1292957866187	-6.12725122628881	3.55612152825667	-1.72301513815041	NA	NA	LINC02134	Intron
chr16	49465670	49466324	36.9178094867349	6.32692062540757	2.69476043300422	2.34786014664542	NA	NA	NA	NA
chr16	49488689	49489358	5.29142468752169	0	4.40735632392351	0	1	NA	LINC02179	UTR
chr16	50247649	50248104	130.940092641854	8.25645708583005	3.30454014832776	2.49851922362274	NA	NA	ADCY7	Promoter
chr16	50874704	50874982	63.8582547016813	8.75849001041428	3.74019414418742	2.34172068955985	NA	NA	LINC02128	Intron
chr16	50897041	50897319	45.1841184154406	-8.71739260095452	3.90848474547921	-2.23037651894064	NA	NA	NA	NA
chr16	51812230	51812567	33.3133999706762	-5.70710852307614	3.86517854911412	-1.47654460215924	NA	NA	LOC105371257	Intergenic
chr16	52432933	52433514	29.5826580530259	13.5794951409557	4.23447354980365	3.20689100575098	NA	NA	LOC107984901	Intergenic
chr16	52734400	52735162	14.836482330113	-7.27866637182261	4.10909121072085	-1.77135673037195	0.0765013991622603	0.169189947925058	CASC16	Intergenic
chr16	52743488	52744694	37.4344028663775	18.6114158652233	4.25608023685693	4.37290061029668	NA	NA	NA	NA
chr16	53438050	53438724	48.005360722093	-7.76904521416576	3.04151369825707	-2.554335105779	0.0106390808670368	0.051563705295896	RBL2	Intron
chr16	54018471	54018908	8.61311618527925	-6.09353709250182	4.25231572084703	-1.43299263096298	NA	NA	LOC105371271	Intron
chr16	54220864	54221805	7.4177328887665	2.02548202334876	4.09669743679353	0.494418261196778	NA	NA	LINC02169	Intergenic
chr16	55240468	55240945	81.2934276999018	7.5291172523987	3.45842025565265	2.17703942720456	NA	NA	NA	NA
chr16	55245555	55246161	59.7719332894137	-6.92365213502001	3.86821769095081	-1.78988172026021	NA	NA	IRX6	Intron
chr16	56005925	56006182	76.7532737305403	0.662023709100436	3.27760605408548	0.201983916973559	NA	NA	LOC105371281	Intron
chr16	56187990	56188428	24.599206706616	6.9533384247684	4.12543131909965	1.68548156227357	NA	NA	GNAO1	Promoter
chr16	56848045	56848518	66.1143372633589	8.07581209820192	2.7343172275474	2.95350225527624	NA	NA	MIR138-2	UTR
chr16	57669975	57670736	30.1123537480341	6.76355686507382	3.86958064668901	1.74787851258793	NA	NA	ADGRG3	Promoter
chr16	59720708	59721081	79.6036579658757	7.6884534865854	3.28068343919509	2.34355238141226	NA	NA	APOOP5	Intron
chr16	59729012	59729203	87.292139937682	5.99229242232353	2.69116058719839	2.22665732057326	NA	NA	NA	NA
chr16	59966868	59967269	45.3937722795074	-15.0603231340376	4.40735632387842	-3.41708771138901	NA	NA	LOC105371300	Intron
chr16	62343529	62344001	45.2920180956777	7.97199531304732	3.49232669905508	2.28271751185372	NA	NA	CDH8	Exon
chr16	62869873	62870453	13.9826395786055	0	4.40735632388161	0	NA	NA	LOC102723560	Intron
chr16	63180557	63181241	93.7497184174986	8.29505136765492	2.65306422231041	3.12659275184496	0.00176844710794959	0.0273287028480593	LOC105371307	Exon
chr16	64278004	64278307	17.5554634803365	0.30870319164675	3.65653344298458	0.0844250972841577	0.93271845376806	1	LOC105371311	Intron
chr16	65949782	65950258	83.5368000322441	6.50145252490398	3.62367414601506	1.79416036401993	NA	NA	LOC105371316	Intergenic
chr16	66552201	66552831	81.5786341076175	9.16500313381554	3.40511279575502	2.69154171492971	0.00711226031364467	0.0439075409860232	CKLF-CMTM1	Promoter
chr16	66722122	66722832	4.06768246782743	4.70132274032413	4.26826115256692	1.10146089292047	0.270696115874859	NA	CMTM4	UTR
chr16	67394023	67394477	21.3916021633266	0	4.4073563239227	0	1	1	TPPP3	Promoter
chr16	67575390	67575986	13.6556212337953	-18.711537856731	4.26411103578102	-4.38814507870895	NA	NA	LOC124903703	Intron
chr16	68071848	68072158	80.5635575474308	7.49413364604404	2.73107106403519	2.74402733225527	NA	NA	NFATC3	Intron
chr16	68753093	68753565	12.4079548360012	1.27043504545983	4.31293134887635	0.294564170559037	0.768326836049505	1	CDH1	Intron
chr16	68963469	68964035	57.9873229734938	-6.63597063938588	3.44181641627821	-1.92804317162321	NA	NA	TANGO6	Intron
chr16	72562584	72563017	54.8817345972082	0.390585574990516	3.95156636000863	0.0988432280787163	NA	NA	ZFHX3-AS1	Intron
chr16	73053502	73053933	13.3214444667656	-8.09276553570738	4.24837048609759	-1.90491049737546	0.0567917064708213	0.132324676077014	HCCAT5	Intron
chr16	73076038	73076323	74.9452562342984	-6.75774285264326	3.08550522141909	-2.19015764605812	NA	NA	NA	NA
chr16	73452290	73452813	16.0991720923984	-6.76782139354867	4.25035187226822	-1.5922967314085	NA	NA	LOHAN2	Intron
chr16	74037754	74038132	4.94930963824784	-6.03697524912856	4.25252598146206	-1.41962101476756	NA	NA	LOC107984856	Intron
chr16	74216925	74217363	6.46636745062981	3.5406873680564	4.11972817031532	0.859446842529273	NA	NA	NA	NA
chr16	74262680	74263285	43.157711810478	0.497212748827646	3.94454718313678	0.126050653153109	NA	NA	LOC124903722	Intron
chr16	75043222	75043933	12.1480358603193	-3.23947094686442	3.70215009464809	-0.87502420594656	NA	NA	WDR59	Intron
chr16	75273225	75273965	15.74119350683	-22.2958524726106	4.24824474031904	-5.24825047413256	NA	NA	BCAR1	Intergenic
chr16	75675815	75676171	118.882850344629	6.60161090658584	3.00589144515893	2.19622399112846	NA	NA	CPHXL2	Promoter
chr16	77063147	77063667	43.2898923278125	22.225212916103	3.85099330300677	5.77129357736094	NA	NA	LOC124903724	Intron
chr16	77410618	77411088	17.3504103390316	-3.01327118819909	4.27427796776257	-0.704977825711327	NA	NA	ADAMTS18	Intron
chr16	77599680	77600186	42.6283990969465	-5.11060265069793	3.14958292623038	-1.62262838299502	NA	NA	LINC02131	Intron
chr16	78312890	78313403	52.1564368682422	-10.0584807700643	4.05261199770211	-2.48197477966497	0.0130656522482953	0.0551771040548725	WWOX-AS1	Intron
chr16	79146723	79147393	23.242280766656	0	4.40735632387977	0	NA	NA	NA	NA
chr16	79253414	79253742	113.025560977009	-2.15457652472131	3.40210487693829	-0.63330690929796	NA	NA	LOC107984806	Intergenic
chr16	79386329	79387013	37.3881637390455	8.90223291962635	3.80804303997812	2.33774482750529	NA	NA	NA	NA
chr16	79405813	79406182	59.9443174792352	8.36117922324189	3.57935470916829	2.33594597423532	NA	NA	LOC124903729	Intergenic
chr16	79545024	79545649	18.5029150102139	20.3219649077887	4.10239860709611	4.95367877529914	NA	NA	NA	NA
chr16	79564444	79564941	175.592218292559	2.7578155144828	3.10580685646687	0.887954609521359	NA	NA	LOC101928230	Intergenic
chr16	79769132	79769677	79.649017568059	1.62182082206917	2.40509815679523	0.674326250463819	0.500103918498547	0.936689849798502	MAFTRR	Promoter
chr16	80236295	80236792	27.8301647740124	-9.15168098997582	4.05158243940787	-2.25879175034467	0.023896341938524	0.074987847429981	LOC105371357	Intron
chr16	81143612	81144072	67.6697390256649	-9.17709851098386	3.1192201894643	-2.94211307748683	NA	NA	BCO1	Intron
chr16	81164481	81165049	44.7484337564509	-7.40941476089157	4.17781052739717	-1.77351622633488	NA	NA	NA	NA
chr16	81231002	81231282	43.7241160284466	6.58564964718402	2.94872003347468	2.23339264915689	NA	NA	NA	NA
chr16	82130067	82130636	20.8494799118239	1.30159661296963	3.81021703817188	0.341606947827342	NA	NA	HSD17B2-AS1	Intron
chr16	82331085	82331507	29.3946381600593	-6.78182559822738	3.40898148940685	-1.98939936145191	NA	NA	MPHOSPH6	Intergenic
chr16	82632175	82632937	62.2314180944718	10.6194798465988	3.46617618782687	3.06374496596397	0.00218585165444375	0.0290537560515185	CDH13	Intron
chr16	82841125	82841524	111.534943633316	1.07917187664768	3.09219686362354	0.348998438405721	NA	NA	LOC101928446	Intron
chr16	82934388	82934734	41.4048653588852	16.3634060300748	3.72938488406996	4.38769570284123	NA	NA	NA	NA
chr16	83187565	83187921	86.9519003620014	0.326229542544204	3.17346512940933	0.102799157778968	0.918122373719627	1	LOC101928417	Intron
chr16	83384044	83384657	20.1850745460194	3.67394469822141	3.64487692407808	1.00797496726194	NA	NA	CDH13-AS1	Intron
chr16	83477045	83477744	2.50321915470401	-3.33056380534432	4.22561069395093	-0.788185198913876	0.430588385415676	NA	MIR3182	Intron
chr16	83953138	83953638	8.09976200906935	1.29383739824575	4.13746866267414	0.312712313670919	NA	NA	NECAB2	UTR
chr16	84280723	84281479	35.6294275872408	-2.8600604732048	3.73650018239462	-0.765438333625845	NA	NA	WFDC1	Exon
chr16	84868479	84868733	52.6126300901876	-6.91424737121852	3.41668668278712	-2.02367030200683	NA	NA	CRISPLD2	Intron
chr16	85781308	85781697	28.610396323879	-6.12718616062108	4.19297099914794	-1.46129943704981	NA	NA	LOC101928557	Exon
chr16	86221765	86222647	50.4683217332431	6.53317458048637	3.31137697838269	1.97294799810961	NA	NA	LOC124903743	Exon
chr16	86725466	86725976	39.1930115906227	-0.399703539956596	3.10487018844504	-0.128734380407953	NA	NA	LINC02189	Intron
chr16	87124685	87125461	25.8394706194389	-4.21812294154995	4.25647215440815	-0.990990376192528	NA	NA	LINC02181	Intron
chr16	87135621	87136348	30.9227900520609	-7.52399025693542	3.55495175309442	-2.11648167950131	NA	NA	LOC101928708	Intron
chr16	87166537	87167259	1.91964597258947	3.46547937493346	4.29683982778406	0.806518165402655	0.419944138177832	NA	NA	NA
chr16	87609837	87610060	22.6623273370458	8.37818028531369	3.48827290822554	2.40181330582177	NA	NA	LOC124903750	Intron
chr16	87846769	87847390	41.3045620794687	5.61939635748315	4.0802917321878	1.37720455455524	NA	NA	MIR6775	Intron
chr16	89133272	89133829	20.1349585119133	-8.39353795451279	4.24812270842807	-1.9758228588502	NA	NA	LINC00304	Intron
chr16	89179174	89179616	39.251973773442	-6.2189314074077	4.25001293984971	-1.46327352302782	NA	NA	CDH15	Exon
chr17	1522453	1522997	27.8841008682501	-9.14503206849149	3.73738900370648	-2.44690399084015	0.0144089215739249	0.0572445309794465	PITPNA-AS1	Intron
chr17	2296936	2297581	25.8342577969674	-8.18308519630605	4.24829058388154	-1.92620656114098	NA	NA	SRR	Exon
chr17	2389409	2389712	67.1322451719946	-9.20928657296766	3.92460222132007	-2.34655286157129	NA	NA	MNT	Exon
chr17	3073685	3074284	23.0533580237113	-6.8845961281067	4.25009551905267	-1.61986856465787	NA	NA	OR1D5	Intergenic
chr17	4116016	4116618	142.915374299189	4.54236617390028	3.53699228320616	1.28424542950452	NA	NA	ZZEF1	Intron
chr17	4405115	4406010	11.7789519732637	-0.541320361125983	4.08778069474292	-0.132424022115997	NA	NA	SPNS3	Intergenic
chr17	4574346	4575182	20.3481433040966	5.9432654774864	3.57312315631131	1.66332511293058	NA	NA	SMTNL2	Intergenic
chr17	4617944	4618233	94.8131037040461	-7.58012035880541	3.48487016691903	-2.17515143914443	NA	NA	LINC01996	Intron
chr17	5536399	5537164	41.9536326196114	-3.74226566329332	2.8649888301683	-1.30620602212731	0.19148250544112	0.382144957325747	SMIM48	UTR
chr17	7329381	7330725	132.485299784144	-5.1934726946072	2.24718818274763	-2.31109825802713	0.0208274281921566	0.0688631755886708	CTDNEP1	UTR
chr17	7786069	7787130	46.4634031863931	-0.541715369543493	3.2088160542159	-0.16882094840923	0.86593748037923	1	RPL29P2	UTR
chr17	8618005	8618750	11.0983583782964	6.4384979951668	4.14563624776579	1.55307837214051	0.120404412375878	0.246475943663916	MYH10	Intron
chr17	8633177	8634156	33.490057461092	0.384855017144981	4.05351851178394	0.0949434462988571	NA	NA	NA	NA
chr17	9078229	9078980	36.7684181614855	7.3577576339765	3.26157734230837	2.25588936326405	NA	NA	NTN1	Intron
chr17	9817013	9817343	23.56784411579	-22.0505877114811	4.24849494071123	-5.19021159709552	NA	NA	GSG1L2	Intron
chr17	12500691	12501181	56.144928718056	21.6902647806188	3.43697403552826	6.31086082012981	NA	NA	LINC00670	Intergenic
chr17	13173237	13173706	48.5102069063506	-8.62692616522446	4.14473804100409	-2.0814165044637	NA	NA	LINC02093	Intron
chr17	14618424	14619008	43.061784923904	8.60137629737759	4.24789359324322	2.02485681634284	NA	NA	LOC105371545	Intergenic
chr17	14766925	14767300	27.430261982133	-6.4487208229968	4.06723203171516	-1.58553059493814	NA	NA	NA	NA
chr17	16073610	16075176	63.3705076885684	8.29575756811543	4.09879937882137	2.02394818613955	NA	NA	TTC19	Intron
chr17	16362964	16364310	74.9612330484019	-8.66492245192881	3.68933774715667	-2.34863898232325	NA	NA	CENPV	Intergenic
chr17	16729334	16729814	19.9698877744565	-7.96216463228328	3.84070756254232	-2.07309838164633	NA	NA	CCDC144A	Intron
chr17	16944269	16945060	19.5863334139372	-20.3370229563837	4.25215220057697	-4.78275988183682	NA	NA	TBC1D27P	Intron
chr17	17141376	17142032	24.6686554155512	-5.97824519577733	4.09369691581508	-1.46035364090627	NA	NA	PLD6	Exon
chr17	17236658	17237253	41.9689882203012	0.20253140006482	2.29405159113172	0.0882854600340115	0.929649795040156	1	FLCN	Promoter
chr17	17388137	17388578	61.23384371403	0.337926067849427	3.34931519830835	0.100894077696869	NA	NA	NT5M	Intergenic
chr17	17423159	17423661	123.596903606277	0.112958900712163	2.94773288985189	0.0383206026234753	NA	NA	MED9	Exon
chr17	17750594	17751488	10.3198608295297	0	4.40735632388026	0	NA	NA	RAI1-AS1	Intron
chr17	17802409	17803351	2.22861019234106	-1.37293834061666	4.12802596216381	-0.33258956053101	0.739444124668345	NA	MIR6777	Intron
chr17	18290080	18290562	23.7113826708905	-5.8904447375093	4.12241808910563	-1.42888096505206	NA	NA	LLGL1	UTR
chr17	18329887	18330496	46.1457753346419	-8.2608511108953	3.65573968143752	-2.25969347676499	NA	NA	NA	NA
chr17	18604460	18604819	31.2516375207738	-5.24235072851344	3.89929194201909	-1.34443658142686	NA	NA	LOC107985051	Promoter
chr17	19533815	19534421	47.7143882983169	-5.47232188348067	2.97763773711126	-1.83780646492935	NA	NA	SNORA59B	UTR
chr17	20161929	20162401	31.1430655204368	-6.21897175522485	3.50465813058328	-1.77448741746169	0.0759825615442525	0.168608922283913	LOC100131943	Intron
chr17	20927564	20928175	28.9248918144828	6.51803999673741	4.09064851321877	1.59340016031067	NA	NA	CCDC144NL	Intron
chr17	21255959	21256342	2.54048791970663	0	4.40735632388716	0	1	NA	NA	NA
chr17	21257375	21257925	43.8585854411178	8.14454588626082	3.06233298074383	2.65958860041488	0.00782361495531494	0.0461494249262881	NATD1	Intergenic
chr17	21648847	21649471	9.36729046780746	-21.6950486152565	4.24892699996629	-5.10600643772619	NA	NA	LOC101930665	Intergenic
chr17	21668658	21669179	8.86230866141054	-2.06561990100664	4.22328504113127	-0.489102648978042	NA	NA	NA	NA
chr17	21763233	21763786	6.64557423076476	6.61781560483368	4.2526699287794	1.55615547777373	NA	NA	KCNJ18	Intergenic
chr17	22133072	22133386	79.0391308155674	10.9702108497454	3.98392790606389	2.7536168094427	0.00589407329335368	0.0413028293940273	UBBP4	Intron
chr17	27476357	27476978	49.6897106639269	7.70735067522008	3.76205908547961	2.04870537652322	NA	NA	KSR1	Intron
chr17	28192066	28192543	64.7800001939193	-1.50231815984733	3.38517650819132	-0.443793154127142	0.657192138355824	1	NA	NA
chr17	28204295	28205360	56.2797967637299	-8.90243638928367	4.14672379716856	-2.14686022622543	NA	NA	PYY2	Exon
chr17	28435449	28435858	30.009149808345	-22.1995999649531	4.24820069142674	-5.22564765119357	NA	NA	SLC46A1	Intergenic
chr17	28679775	28680327	45.097492475791	1.27042833387495	4.14758605841393	0.306305478893614	0.759372068026404	1	SUPT6H	Intron
chr17	28734597	28734864	33.4210687301508	6.04453017326073	3.10220902005055	1.94845999550418	NA	NA	TLCD1	Exon
chr17	28975988	28976185	31.5438538672908	-23.3366749409146	4.23959794470236	-5.50445472549471	NA	NA	LOC105371716	Intron
chr17	29464497	29465019	31.4893133714297	-6.15393601795298	3.86588200425064	-1.59185821274073	NA	NA	MIR4523	Intron
chr17	29576336	29576946	62.6822083282261	0.775053292900358	3.09501860830487	0.250419590635306	NA	NA	ABHD15	Exon
chr17	30406910	30407278	60.7510209165341	0.952394197866122	3.33253970913374	0.285786301437257	NA	NA	CPD	Intron
chr17	31079968	31080377	44.3169591225874	-8.24556368436672	3.84559628751171	-2.14415738624035	NA	NA	NF1	Intron
chr17	32669692	32669950	29.30802010124	-9.21614789513232	3.20786899053228	-2.87298138494213	0.00406618074590957	0.0334232590930601	LOC105371734	Intron
chr17	32679656	32679850	56.8310531147221	7.34040965621936	2.63524986546241	2.78547008100551	NA	NA	NA	NA
chr17	33802878	33803339	53.5052324402814	-15.2518576531141	4.27642984654724	-3.56649312636996	NA	NA	NA	NA
chr17	33926066	33926592	15.0937466974334	-5.81956157858644	4.25341535243807	-1.36820909701439	NA	NA	LOC124903983	Intron
chr17	34041281	34041838	56.2620521993541	-9.20299567628902	3.48639493050025	-2.63968823376201	0.00829823261536955	0.0463110945959546	LOC107987247	Exon
chr17	34109573	34110095	58.4164196348828	7.78799720121398	2.88703917896877	2.69757239802883	NA	NA	LOC107985035	Intron
chr17	34670652	34671430	39.4027849966518	-22.374753503271	4.24818992945103	-5.26689104650328	NA	NA	TMEM132E	Intergenic
chr17	34731209	34731766	97.9113362009348	-2.42545568583968	2.82371643760001	-0.858958659425862	NA	NA	NA	NA
chr17	35167875	35168463	23.6636659669511	7.73006993744403	4.17066366066781	1.85343882086293	NA	NA	UNC45B	Exon
chr17	35791915	35792166	46.4594128086607	8.44397824750696	2.82128947616459	2.99294996803594	NA	NA	NA	NA
chr17	35801415	35802020	29.4327637498521	-1.11479448590449	3.06322536706	-0.363928327929212	NA	NA	C17orf50	Intergenic
chr17	35920046	35920338	78.044966659344	7.42526306732852	3.35665783801614	2.21210007860587	NA	NA	NA	NA
chr17	35931981	35932560	92.0070126981362	-9.48967762369514	3.49582392293239	-2.7145753999346	NA	NA	LRRC37A8P	Intron
chr17	36192752	36193300	25.1913963542866	17.435975988262	4.26706706625502	4.08617341080711	NA	NA	LOC128966706	Promoter
chr17	36734006	36734556	117.332877064578	9.61283239058131	2.86108340227583	3.35985745222766	0.000779826977905375	0.0229267034668706	LOC105371751	Intron
chr17	36748971	36749574	46.8611330778777	1.74312864347994	4.03232048609793	0.432289211507284	NA	NA	NA	NA
chr17	36841420	36841788	24.3670318024449	-21.9984734047283	4.2485343411004	-5.17789704367331	NA	NA	NA	NA
chr17	36922053	36922269	95.6825452840475	-7.41359534797038	3.68497708348898	-2.01184299929244	NA	NA	MIR2909	Exon
chr17	37443794	37444143	36.1173047598047	2.83117825141464	3.98652771900996	0.710186520945037	NA	NA	MIR378J	Intron
chr17	38588804	38589344	59.642444180179	6.18914010472045	3.37968662011507	1.8312763283685	NA	NA	MIR4734	Intron
chr17	38799521	38800012	6.57052344622847	3.01917610352211	3.42539195548543	0.881410402884609	NA	NA	MIR4727	UTR
chr17	39230883	39231330	74.5171568176329	7.96466042476714	3.42099660305163	2.32816963853821	NA	NA	STAC2	Intergenic
chr17	39444964	39445656	41.1102772208248	1.18459712192674	3.92050928026314	0.302153887988561	0.762534754312221	1	MED1	UTR
chr17	40055382	40055835	50.5181400214739	-4.32358686266543	3.58094852603047	-1.20738592896173	NA	NA	THRA	Promoter
chr17	41817920	41818837	199.195303436145	8.9252059758237	2.60918353687135	3.42068921166268	0.00062462668321563	0.0229267034668706	FKBP10	UTR
chr17	43403519	43403821	62.7006245120914	-0.272497958575417	3.09786017479494	-0.087963285364697	0.929905857024186	1	ARL4D	Intergenic
chr17	44359960	44360483	27.0731831701725	1.85500766198934	4.0073094608623	0.462906017143525	NA	NA	FAM171A2	Exon
chr17	44441602	44441987	62.9040670498003	-7.37736742614348	3.59114417525688	-2.05432226223993	NA	NA	ITGA2B	Intron
chr17	45268911	45269363	30.3202200244748	-23.0855822578768	4.02420256091587	-5.73668494774348	NA	NA	SPATA32	Exon
chr17	45824024	45824728	60.1973316358001	-22.9392804935878	3.29235215988901	-6.96744436183312	NA	NA	LOC105371802	Intron
chr17	49162407	49162793	43.1236403239341	7.31211617508085	3.84693437704872	1.9007644681193	NA	NA	B4GALNT2	Intron
chr17	50163930	50164467	46.0060118871397	0.308698183903889	3.39433470870881	0.0909451219150149	0.927536196620461	1	SGCA	Promoter
chr17	50271002	50271764	7.49798833833953	-6.26825584785637	3.99085173826084	-1.57065615536697	0.116262538587037	0.239727181334333	TMEM92	Promoter
chr17	50778747	50779126	36.6278805840386	-22.5999899924128	4.13567685821061	-5.46464116207358	NA	NA	MIR8059	Intergenic
chr17	51395949	51396627	65.3633950989731	7.08714833341119	2.56273169552454	2.76546637550389	NA	NA	NA	NA
chr17	51469750	51470220	10.5270864091566	-6.42374986744884	4.25123974799162	-1.51102978148517	NA	NA	LINC02073	Intron
chr17	52138586	52138761	65.7060029718217	6.7718196499328	2.62649517795824	2.57827225679394	NA	NA	CA10	Intron
chr17	53953061	53953506	14.2885587208301	-7.21429302527496	3.48560089611259	-2.06974155684918	0.0384765529084566	0.0998889897233468	LOC107985001	Exon
chr17	54597341	54597705	98.2880052608004	0.287314124542619	3.17824330352337	0.0904002925843045	NA	NA	NA	NA
chr17	54847818	54848089	19.6656227908566	-8.62201401261737	3.95358842683048	-2.18080717611001	NA	NA	TOM1L1	Intergenic
chr17	56343995	56344699	12.5528380367407	20.1323067052572	4.24994245537659	4.73707748202283	NA	NA	LOC124904035	Intron
chr17	57044526	57045757	61.2535437904601	-5.37492633195804	3.26749006802634	-1.64497097774031	NA	NA	RNF126P1	Promoter
chr17	57602569	57603321	51.9812882097461	-0.65310741057108	3.91386871950795	-0.166870035092334	0.867472311059975	1	MSI2-AS1	Intron
chr17	57822137	57822401	85.3671105230596	7.01389136675064	2.73290028909113	2.56646442416793	NA	NA	MRPS23	Intron
chr17	58221492	58221909	49.0961963238023	-8.98490490884584	2.72143166318063	-3.30153611071934	0.000961569564279228	0.0229267034668706	MKS1	Promoter
chr17	59851760	59852458	25.2774116572755	-9.00680738922812	3.74717906054062	-2.40362343077586	0.0162334857565278	0.0609307405741714	MIR21	Intergenic
chr17	59964406	59965082	12.2266808025088	-1.14816990414359	3.1935278937687	-0.359530256924929	NA	NA	RNFT1	Promoter
chr17	61094236	61094476	69.1931116846614	-1.09865846826204	3.28052797966724	-0.334902940950829	NA	NA	BCAS3-AS1	Intron
chr17	62840947	62841346	82.1317904799792	1.04441189616109	4.0421735738149	0.258378784851488	NA	NA	MARCHF10-DT	Exon
chr17	63363254	63363444	101.326594577251	9.43040642496001	3.48816114345428	2.70354666459623	NA	NA	LOC105371856	Intron
chr17	63490625	63491006	62.6136714804672	-0.516305439677053	3.08421773676593	-0.167402396245359	NA	NA	ACE	UTR
chr17	63620783	63621988	83.9530040647449	-0.207489132627869	3.18178443723184	-0.0652115618518724	NA	NA	MAP3K3	Promoter
chr17	66587892	66588325	13.3140053084388	-3.08440956607046	4.09809932530966	-0.752643926178486	NA	NA	PRKCA-AS1	Intron
chr17	67056547	67057095	44.7414990294956	-14.3918972842398	4.17505613324532	-3.4471146794026	NA	NA	CACNG1	UTR
chr17	67871691	67872111	32.001299309445	-19.6386820770858	4.25564970552188	-4.61473181206709	NA	NA	BPTF	Intron
chr17	68794371	68794661	25.8609876492637	-2.65779092742092	3.14882326011717	-0.84405846497781	NA	NA	LOC105371874	Intron
chr17	69496568	69497167	3.62125263856469	-6.18406316010545	4.25199587494629	-1.45439067722133	0.145838023178355	NA	MAP2K6-AS1	Intron
chr17	72355824	72356374	78.359953859736	5.63390780867058	2.93506448213909	1.91951755845737	0.0549188663352612	0.128927917945752	LINC02003	Exon
chr17	72503107	72503695	18.1912376876142	-6.57643683545809	3.53177722842011	-1.86207577945112	0.0625924094801331	0.142283233257278	LINC00673	Intron
chr17	73157629	73158109	24.6786658680306	-22.1258052472418	4.24841545812713	-5.20801354418283	NA	NA	NA	NA
chr17	73166168	73166861	25.0961820288824	-17.8551751473089	4.27931256816624	-4.17244005033269	NA	NA	SSTR2	Promoter
chr17	73761832	73762444	33.1599828711264	-9.40511104521162	3.66673022227841	-2.56498582526411	0.0103180020062735	0.0508803061896664	NA	NA
chr17	73776329	73776894	35.1113846197134	19.3562510236846	4.25203884495486	4.55222817323299	NA	NA	LINC02092	Exon
chr17	73781939	73782333	27.3331454137939	-0.653119816783989	3.88232102601997	-0.168229214536013	NA	NA	NA	NA
chr17	73890232	73890757	17.2415198118403	1.55435606939935	3.9671106191722	0.391810619519274	NA	NA	LOC107985081	Intron
chr17	73986652	73987227	48.4411246329914	6.52500976533725	3.54129914441249	1.84254690136316	NA	NA	LOC105371888	Intron
chr17	74314240	74314444	51.3232137140447	-0.454883641433082	3.7617568129627	-0.120923192021768	NA	NA	LOC105371891	Promoter
chr17	75053201	75054070	30.6357993371821	5.82415466840555	3.80497385225989	1.53066877580418	NA	NA	ATP5PD	Intron
chr17	75623761	75624351	60.1656421793646	8.19197602168857	2.84809796636865	2.876297135289	0.00402370744082977	0.0334232590930601	SMIM5	UTR
chr17	75693019	75693601	21.9398376051118	0.916664745172435	3.24788005362306	0.282234790090195	0.777763483557697	1	SAP30BP-AS1	UTR
chr17	76723774	76724564	9.40508749178786	-0.231616218674965	4.0894179968183	-0.0566379418428663	NA	NA	JMJD6	Promoter
chr17	77102935	77103267	122.44515805603	-0.379333278952794	2.71830912392848	-0.139547513420616	0.889017512921838	1	MIR6516	Intron
chr17	77435589	77435939	62.2372863294861	1.22134976199077	3.06527505728843	0.398447036290175	0.690300691981851	1	LOC112268198	Intron
chr17	78054341	78054899	56.4217547969518	-0.689213382468644	3.62009455912677	-0.19038546402912	0.849007087381997	1	TMC8	Intron
chr17	78784281	78784827	12.3381572986666	18.6527892528928	4.2555765967127	4.38314029344496	NA	NA	CYTH1	Promoter
chr17	79132092	79132723	18.8202881396806	4.77285816568755	3.40179303426659	1.40304190102399	NA	NA	LOC124904069	Exon
chr17	79458041	79458916	68.5039145694249	3.88851921002501	3.27575689126989	1.18705976636672	NA	NA	NA	NA
chr17	79572319	79573384	79.6878621727462	6.86403771113719	2.74158665027496	2.50367345144783	NA	NA	MIR4739	Intron
chr17	79924866	79925168	61.30553132362	-8.34886932459722	3.28016520285361	-2.5452587928602	0.0109196776246439	0.051563705295896	LINC01979	Promoter
chr17	80624740	80625200	56.7958153105704	0.455069354968553	4.30626828561476	0.10567603427978	NA	NA	LOC105371922	Intron
chr17	81266337	81267035	23.4224922347309	-6.19626840645415	3.64696300268577	-1.69902146029202	NA	NA	NDUFAF8	Intron
chr17	81683340	81683840	45.4483284024418	3.20777507925677	2.61744373035311	1.22553736000431	NA	NA	ARL16	Promoter
chr17	82435319	82436397	108.772657582733	0.439890030345068	3.42904637376761	0.128283488292911	NA	NA	HEXD-IT1	UTR
chr17	82587786	82588321	43.4053917061414	0.261283299509183	4.3385935056686	0.0602230421374583	NA	NA	FOXK2-AS1	Promoter
chr17	82956966	82957728	14.3394954484704	-6.93507042244932	3.85587440663705	-1.79857269482432	NA	NA	NA	NA
chr17	82973774	82974239	84.5262790845759	23.6521551819332	3.93531663163596	6.01022926383962	NA	NA	LOC124904094	Intron
chr17_GL000205v2_random	1468	2041	87.7506223579016	9.24631694556688	3.36194059365132	2.75029159141824	NA	NA	NA	NA
chr17_GL000205v2_random	5806	6798	195.141468009191	8.65761583166364	2.38123315798894	3.63576989620595	0.000277151645717069	0.0170783023183232	NA	NA
chr17_GL000205v2_random	44257	44697	90.3801943714428	-0.725007711640388	3.1504832125203	-0.230125876804911	NA	NA	NA	NA
chr18	322776	323180	41.1019265390221	-15.0479816110745	4.28763173042583	-3.50962548958933	NA	NA	THOC1	Intron
chr18	545116	545436	32.8589632622703	-22.8934879149117	4.24782798628953	-5.38945738594022	NA	NA	LINC01925	Intergenic
chr18	746130	746509	34.7802711247695	0	4.40735632388061	0	NA	NA	ENOSF1	Intron
chr18	815940	816652	22.0913980647841	8.16487637135701	4.11267275900357	1.98529687378658	0.0471114516584819	0.115851907508457	YES1	Intergenic
chr18	1450740	1451461	4.03385690918705	2.39999699038887	4.11541335296444	0.583172766512041	0.559777002344658	NA	LOC105371954	Intergenic
chr18	1811526	1811896	34.2254604557725	-22.6930861172832	4.24789109970664	-5.34220053777989	NA	NA	LOC105371960	Intron
chr18	2474259	2474981	11.0568190561911	0	4.40735632388756	0	NA	NA	LOC105371956	Intron
chr18	2695360	2695657	79.772676769016	-2.16339435963158	3.58257038189181	-0.603866534085837	0.545932380070758	0.984661473527897	CBX3P2	Intron
chr18	2721073	2721710	2.68358016193608	0.658974449254071	4.11170481481285	0.160267937250759	0.872670014731828	NA	NA	NA
chr18	3042472	3043261	43.4743063456018	9.09773844038929	4.24755720984157	2.1418754335574	NA	NA	LOC124900407	Intron
chr18	3699604	3700209	56.9593373592879	8.03825031536892	2.45700333062436	3.27156671510342	0.00106953350679837	0.0231815169380483	DLGAP1-AS6	Intron
chr18	6079208	6079709	25.7150439719676	-9.0367235503733	3.72846840162595	-2.42370930284201	NA	NA	L3MBTL4-AS1	Intron
chr18	6371262	6371645	52.5125443155433	-9.00804919097754	3.67940371473356	-2.44823615166401	NA	NA	MIR4317	Promoter
chr18	6675255	6675706	36.5849493822773	-1.49985552599692	3.86723421115796	-0.387836744324783	0.698136851671426	1	ARHGAP28	Intergenic
chr18	7556642	7557039	21.727060328021	1.94817590053248	3.73324655346219	0.521844960581495	NA	NA	PTPRM	Intron
chr18	7735383	7735962	31.317363863209	0	4.40735632388358	0	NA	NA	LOC124904242	Intron
chr18	7802747	7803240	11.7249141151824	-3.65777504947337	4.10840161769672	-0.890315842958901	NA	NA	NA	NA
chr18	7858928	7859256	7.95245020898891	-5.04849056224275	4.2579041554013	-1.18567501239749	NA	NA	NA	NA
chr18	8255755	8256302	53.2514993409479	8.56928579114719	3.50046012751536	2.44804553658198	NA	NA	LOC100192426	Intron
chr18	8425330	8426114	60.9612824252361	-1.0948189374589	3.31730765278491	-0.330032379281972	NA	NA	NA	NA
chr18	8630122	8630484	92.5374278801452	1.36670646450898	2.8194707866346	0.484738650596315	NA	NA	RAB12	Intron
chr18	8660800	8661065	25.4134505739519	-22.0123881486878	4.24853154591485	-5.18117563934619	NA	NA	MTCL1	Intergenic
chr18	8732973	8733167	65.4883686296264	6.9546490077319	2.80930493191354	2.47557640636568	NA	NA	GACAT2	Intron
chr18	9421563	9422546	115.906861221187	9.63646547595258	3.71402855794616	2.59461264920415	NA	NA	LOC105371980	Intergenic
chr18	9451019	9451456	23.4795985200651	3.22790082340191	4.28241873205652	0.753756469267963	NA	NA	RALBP1	Intergenic
chr18	9499080	9499426	60.2386886311777	8.44846676895629	3.32112476748136	2.54385708470789	0.0109635931725722	0.051563705295896	NA	NA
chr18	9688610	9689063	60.5683062552381	8.17480115234343	3.14098782623501	2.60262108756475	NA	NA	NA	NA
chr18	9790044	9790684	16.5015789086911	-22.0333354962031	4.248511614848	-5.18613046018269	NA	NA	RAB31	Intron
chr18	9913595	9914416	30.1083216653964	-3.09516582786602	2.58896675848837	-1.19552165655198	NA	NA	LOC124904245	Promoter
chr18	10344241	10345028	69.6381947717479	1.36786148602303	3.73412485884927	0.366313805169482	0.714130929415571	1	LOC105371986	Intron
chr18	10713976	10714398	70.8017181464742	8.92436673660597	3.69302186583807	2.41654857751045	NA	NA	MIR6788	Exon
chr18	11061945	11062356	34.2430596268759	5.28918439339502	4.10248924166891	1.28926222150027	NA	NA	PIEZO2	Intron
chr18	11296154	11296629	48.1616614787898	7.26845176594889	3.63682821950808	1.99856889774465	NA	NA	LOC105371993	Intergenic
chr18	11983077	11983565	47.3513637855136	4.93440181581726	3.32062205496415	1.48598718376896	NA	NA	IMPA2	Promoter
chr18	12193242	12193743	5.85369892319461	-0.653135651100646	4.407356323882	-0.148192159449764	NA	NA	C18orf61	Intron
chr18	12284970	12285691	5.75098011497395	-4.85367486638171	4.25947050850765	-1.13950193027214	NA	NA	TUBB6	Intron
chr18	12567774	12568038	98.5458271029393	1.81501371374707	3.45608312878784	0.5251649471706	NA	NA	PSMG2	Intron
chr18	12724109	12724326	102.357737781362	1.05333773435953	2.79771997223595	0.376498629173991	NA	NA	CEP76	Exon
chr18	12984008	12984387	30.3703951222184	19.5003063489652	4.25119683695015	4.58701563274471	NA	NA	CEP192	Exon
chr18	12991321	12991592	61.6900275321046	0.114833342557757	2.92265278405444	0.0392907919764781	NA	NA	NA	NA
chr18	13163296	13163567	61.7315164507318	7.93852639307327	3.64679512767793	2.17685011500168	NA	NA	LOC124904254	Promoter
chr18	13184567	13185169	20.0585479925298	20.1844476639035	4.24981666601354	4.74948668381902	NA	NA	NA	NA
chr18	13632820	13633500	14.2853902040309	7.44394345493399	3.90829837807493	1.9046507545825	NA	NA	MIR4526	Intron
chr18	13731725	13732230	82.953855382153	7.79965914709351	2.86887708316509	2.71871499579499	0.00655360495966926	0.0418353412493955	FAM210A	Exon
chr18	13825650	13826495	4.55185964215763	-3.7184418724164	4.2742781127827	-0.869957867574407	NA	NA	MC5R	Promoter
chr18	13868622	13869127	85.5388043199168	9.81761189903738	3.66910804394366	2.67574892356812	NA	NA	NA	NA
chr18	13880477	13881011	56.9641350533897	-6.46229882115755	3.60321524372573	-1.79348120610067	NA	NA	MC2R	Intergenic
chr18	14935308	14936000	84.5201850430168	1.1189213392466	3.39475972690286	0.329602513656371	0.741700323028668	1	LINC01443	Intergenic
chr18	15315820	15316382	40.3259560672221	-17.4143471466868	3.94397934635671	-4.41542554292874	NA	NA	LOC644669	Exon
chr18	21499851	21500397	13.2619873922165	0	4.40735632388104	0	NA	NA	GREB1L-AS1	Exon
chr18	22247193	22247585	13.3189440724573	-6.06570422322691	4.24980876349266	-1.42728874657453	NA	NA	NA	NA
chr18	22248745	22249320	39.3940610684414	1.44684747562616	3.9656912355235	0.364841181447945	NA	NA	LOC105372018	Intron
chr18	22308650	22308966	46.530489436266	-23.1936547685797	3.59480208328672	-6.45199769868102	NA	NA	LOC101927548	Intron
chr18	22367786	22368245	40.9652362303281	-15.0674589969153	3.92807857390642	-3.83583441965901	NA	NA	LOC105372019	Intergenic
chr18	22803168	22803682	29.8782180626061	-3.47246571037055	4.01961044341955	-0.863881154467412	NA	NA	RBBP8	Intron
chr18	22806030	22806650	40.0068786641284	9.01806795230123	3.14884611014653	2.86392781255403	0.00418423356435906	0.0336117708346267	NA	NA
chr18	23842143	23842537	51.6022426106673	3.03141774876951	3.54466728357502	0.855205159258876	0.39243758052025	0.761669980998011	LINC02958	Exon
chr18	25693542	25693952	67.4962980788697	8.45129192419263	2.92801199024351	2.88635837296888	NA	NA	LOC124904271	Intergenic
chr18	26029993	26030312	115.88276420517	-6.72864044861631	3.27068941557364	-2.05725447869717	NA	NA	SS18	Intron
chr18	26344781	26345308	42.2393315676432	-8.29982478315285	4.09615899456852	-2.02624575710034	NA	NA	LINC01543	Intron
chr18	26580279	26580680	128.211149974517	-7.6306099450624	3.43007172426386	-2.2246211037176	NA	NA	MIR8057	Intron
chr18	27018499	27018902	94.7334538284127	10.2584235228447	3.0999272768351	3.30924651023368	0.000935474331146791	0.0229267034668706	AQP4	Intron
chr18	27075551	27075986	24.7712401034308	-15.1753884008703	4.40735632387976	-3.44319525940021	NA	NA	CHST9	Intron
chr18	27082582	27083156	67.6133085423972	-0.182171087195445	3.13206016022844	-0.0581633422974093	0.953618519875931	1	NA	NA
chr18	27245215	27245901	35.8080480216529	-16.1344684825202	3.8589416909137	-4.18106044994424	NA	NA	LINC01908	Intron
chr18	27585103	27585366	51.1674257972314	6.66266829342542	3.03633133179439	2.19431529874837	NA	NA	LOC107985126	Intron
chr18	27984519	27985059	55.775954485036	-7.88065151360998	3.2071670184186	-2.45720022323496	NA	NA	CDH2	Exon
chr18	28252126	28252541	42.753030535653	14.4045309487722	3.98911090491077	3.61096276642485	NA	NA	NA	NA
chr18	28546628	28546963	39.946329564771	1.75112741623677	3.00734976760418	0.582282591503087	0.56037634946756	1	NA	NA
chr18	29541326	29541892	49.0968085480263	-9.00276726706582	3.24482032303284	-2.77450409292653	0.00552859383941645	0.0405720429790246	NA	NA
chr18	29759863	29760166	40.7193336523362	21.9458450734364	3.82205021909838	5.74190390376751	NA	NA	LOC105372045	Intron
chr18	30236201	30236612	60.2315570594755	0.232638184157082	3.4363031097336	0.0677001349206115	NA	NA	LOC105372046	Intergenic
chr18	30447473	30448047	15.6989881300683	-7.45502751429362	4.24831015952199	-1.75482185489311	NA	NA	MIR302F	Intergenic
chr18	30516310	30516955	19.331893790915	-4.49741373304564	4.1090282175167	-1.09452004098518	NA	NA	NA	NA
chr18	30800298	30801259	65.1451528745656	-6.71755584605604	3.85570648207567	-1.74223735060863	NA	NA	DSC3	Intergenic
chr18	31222310	31222909	39.2945813402452	0.864660672972357	3.11315404927756	0.277744261699164	0.781208680885451	1	LOC105372049	Promoter
chr18	32092173	32092628	45.8410770441864	-4.056591047798	2.47273785283813	-1.64052612497599	0.100895821076736	0.210368915533597	LOC124904278	Promoter
chr18	32212441	32212935	20.1714201906026	-8.69119830217646	4.24792342144024	-2.04598751905696	0.0407575986491231	0.105141559987422	MEP1B	Intron
chr18	32453022	32453555	34.5534932039183	8.88476944650219	4.11978115167969	2.15661199451815	NA	NA	LOC112268208	Intron
chr18	32507928	32508830	26.907707830393	4.44636807978729	3.4236244640116	1.2987312500324	NA	NA	WBP11P1	Promoter
chr18	32864383	32864852	18.7882379492579	-2.16680422455261	4.08829192446347	-0.530002324830796	NA	NA	LOC105372058	Intron
chr18	33265203	33265676	14.6655605263373	-22.0781598197979	4.24846547611962	-5.19673749119487	NA	NA	CCDC178	Intron
chr18	33478722	33479287	25.8619380160369	-0.653093425326062	3.94070015119878	-0.165730301791013	NA	NA	NA	NA
chr18	33558714	33559772	104.596938783289	-21.471088197964	4.08824357943135	-5.25191021053362	NA	NA	NA	NA
chr18	33831269	33831666	47.2522121590812	-23.764553124292	3.75835590172128	-6.32312472414019	NA	NA	ASXL3	Intergenic
chr18	34114858	34115618	7.39512877105762	-4.09601180134493	4.26802535687798	-0.959697157080885	NA	NA	NOL4	Intron
chr18	34279278	34279959	22.1574150030674	-4.50012591002671	4.01146843514281	-1.12181511154443	NA	NA	LOC124904280	Intron
chr18	35194719	35195280	23.6984325110112	7.82324302386136	3.64366267456852	2.14708213207135	NA	NA	ZNF397	Intergenic
chr18	35577582	35578113	18.2888221297113	0	4.40735632387929	0	NA	NA	GALNT1	Intergenic
chr18	36492065	36492592	64.9557389791305	-17.6527378181128	4.28476473100572	-4.11988497066661	NA	NA	LOC105372071	Intron
chr18	36761610	36762787	73.0134011654583	-9.08341539296448	3.58579618347131	-2.53316555883304	NA	NA	KIAA1328	Intron
chr18	36815195	36815971	94.1439661284394	7.29290416940978	3.02844220514622	2.40813714622553	NA	NA	NA	NA
chr18	37185793	37186383	20.3612278349852	5.01855646981932	3.87658235557961	1.29458270442676	NA	NA	LOC105372068	Intron
chr18	37406546	37406752	43.4645487334012	3.21506714796074	3.59430494758128	0.894489253095863	NA	NA	NA	NA
chr18	37587289	37587695	65.0634325469845	8.10346955623048	3.86494974991786	2.09665586374123	NA	NA	LOC107985118	Intron
chr18	38064376	38064853	33.8165687472652	0.282647162320336	3.75388276320786	0.0752946163078361	NA	NA	NA	NA
chr18	38100883	38101162	49.8138007320971	-7.06288783031716	3.60216218903087	-1.96073565255466	NA	NA	LOC105372073	Intergenic
chr18	38851496	38852216	35.2536631235579	3.42765459510363	3.77924225503457	0.906968742355012	NA	NA	LOC105372076	Intergenic
chr18	39344221	39344679	11.4902580273025	-7.31208890964546	4.24931564868624	-1.72076859291593	NA	NA	LOC101927879	Intron
chr18	39479429	39479622	55.5442423707254	9.55505550223094	3.71272198426587	2.5735984387531	NA	NA	MIR924	Intron
chr18	39708937	39709575	86.3201550303177	10.1251794166401	3.27568021840149	3.09101583230279	0.00199472997706051	0.0275914938086224	MIR5583-2	Intron
chr18	39796217	39796861	26.0353506439552	0	4.40735632387886	0	NA	NA	MIR924HG	Intron
chr18	40491556	40492006	35.4373432900298	8.48959017599685	3.85983733664009	2.19946838054758	NA	NA	LOC107985132	Intergenic
chr18	40714885	40715233	44.0431287117788	-0.653102777727076	3.67799237167515	-0.177570454674331	0.859060329500495	1	NA	NA
chr18	41513080	41513808	51.0779481194314	14.5460170970761	4.01657979739953	3.62149336768902	NA	NA	LOC105372084	Exon
chr18	42084576	42085210	34.7667948477931	8.48015918953264	3.86140175908635	2.19613490608114	NA	NA	NA	NA
chr18	42295375	42295835	32.2860102946193	-9.3666377642052	3.69179133195557	-2.53715254248772	0.0111758245383809	0.051563705295896	LINC00907	Intron
chr18	43725891	43726391	42.367175996927	-21.1753891383203	4.15204701635489	-5.09998780238051	NA	NA	LOC105372087	Intergenic
chr18	44152915	44153506	7.32252719287672	-5.95447529041869	4.25002950220273	-1.40104328389546	NA	NA	LOC124904291	Intergenic
chr18	44842751	44843756	40.5935858059974	-23.6430862940758	3.7383409056843	-6.32448642073427	NA	NA	MIR4319	Intron
chr18	46422331	46423236	13.4419631680587	0	4.40735632392285	0	1	1	NA	NA
chr18	46507662	46508265	58.0441316443695	17.6291239778663	4.26633174799423	4.13215029191166	NA	NA	LOC124904293	Exon
chr18	46695423	46695827	32.1599972528326	-1.095157633463	3.75750542699297	-0.291458696398856	NA	NA	NA	NA
chr18	46703926	46704582	114.63165224057	8.68035194554141	3.64922941899119	2.37868079775073	NA	NA	LOXHD1	UTR
chr18	47423747	47424509	58.6204972147881	-2.61796648950807	3.47371796419438	-0.753649696519107	NA	NA	MIR4527	Intron
chr18	47711026	47711702	40.1327446748035	-17.4194713181072	4.28585066178941	-4.0644139734991	NA	NA	LOC105372100	Intron
chr18	47832045	47832442	16.4999009720177	-7.43267548895989	3.72776140652768	-1.99387103368379	0.0461661502275924	0.115111104511362	SMAD2	UTR
chr18	47908992	47909731	30.7268512787659	0	4.40735632389223	0	NA	NA	NA	NA
chr18	48100626	48101157	18.1916480712146	-3.47300261432896	4.27930702052726	-0.811580612858446	NA	NA	ZBTB7C-AS1	Intron
chr18	48234189	48234575	18.8339681951678	-7.30526139610854	4.13050986121376	-1.76861008484843	NA	NA	ZBTB7C-AS2	Intron
chr18	48405873	48406386	37.6728766251873	-0.653105525627271	4.16463976948914	-0.15682161285882	0.875385439005843	1	NA	NA
chr18	48566644	48567077	66.1922758655706	-7.94665553581477	2.69711766313972	-2.94635107856735	0.00321547211629804	0.0309086259980258	NA	NA
chr18	48575165	48576211	38.1418018938875	-6.48927928016614	3.80789279922622	-1.70416543277815	NA	NA	ZBTB7C	Intron
chr18	48877907	48878438	23.6768154542015	20.6556688396525	4.24913947470349	4.86114164117756	NA	NA	CTIF-AS1	Intergenic
chr18	49749786	49750670	1.62551448123377	-4.47920713950044	4.26314311216027	-1.05068186116574	0.293404729564617	NA	SCARNA17	Intergenic
chr18	50088127	50088365	67.1733131765603	-0.827637640630531	4.08527705038948	-0.202590333635176	NA	NA	MIR4320	Intron
chr18	50191665	50191937	46.6834099972794	6.72351507754979	2.65874231952116	2.52883291027643	NA	NA	MYO5B	Intron
chr18	50307046	50307578	124.651424333877	6.57441595570504	3.14554666758357	2.09007102754433	NA	NA	LOC124904301	Promoter
chr18	50493861	50494265	17.8201402609351	-22.3681217540785	4.24818994298621	-5.26532995329186	NA	NA	MAPK4	Intron
chr18	50873883	50874231	65.0133324589908	8.22725481770713	2.49284800544877	3.30034354269667	NA	NA	ME2	Intergenic
chr18	51016431	51017141	47.3039078102661	6.75216848765266	2.65581367672384	2.54241046607682	0.0110090802629562	0.051563705295896	LOC107985152	Intron
chr18	51452365	51452646	81.5153055913081	0.879398464132767	2.89854045558925	0.303393544995042	NA	NA	LINC01630	Intron
chr18	52053682	52053922	32.7448731757627	-22.867316471529	4.24784043196337	-5.38328047811335	NA	NA	NA	NA
chr18	52271889	52272134	44.8363080594435	-6.35265625777009	3.35114055010188	-1.89566989590364	NA	NA	LOC105372121	Intergenic
chr18	53265478	53265938	41.3464568737386	-8.04957321790265	3.83106980518296	-2.10112935217536	NA	NA	MIR4528	Intron
chr18	53490237	53490993	1.1786592696187	3.30511294260512	4.30265368843309	0.768156858984567	0.442394000187028	NA	NA	NA
chr18	53532999	53533440	36.372780765416	-7.79111277551368	3.89857042432147	-1.99845377344176	NA	NA	LINC01919	UTR
chr18	54616880	54617289	88.7190707941608	0.396456347386163	2.95294403158701	0.13425799579855	0.893198566956959	1	LOC124904308	Intergenic
chr18	55790502	55790832	42.7878583282012	7.58560205962411	3.44922591455065	2.19921867907349	NA	NA	LINC01415	Intron
chr18	56464814	56465294	59.9211740073714	18.846523428631	4.07306049360992	4.62711601219738	NA	NA	LOC105372135	Intergenic
chr18	56581542	56582208	7.42681387998759	-6.38724817208151	4.20342894126601	-1.51953280555702	NA	NA	NA	NA
chr18	56981740	56982113	55.7466910271134	0.308702251767496	3.07542463873617	0.100377114717516	0.92004493780263	1	LOC105372136	Intron
chr18	57234202	57234887	18.0561609676108	-16.088876878833	4.28353490836794	-3.75598126850869	NA	NA	LINC02565	Intron
chr18	57377357	57377812	11.9910352209115	0	4.40735632392292	0	1	1	ST8SIA3	Intron
chr18	57911000	57911542	28.65733868625	0	4.13444244655005	0	NA	NA	LOC105372140	Intron
chr18	58220294	58220856	46.7283217991934	9.23296823134663	2.71231038506251	3.40409721623133	0.000663831227761349	0.0229267034668706	LOC105372143	Intron
chr18	58380750	58381824	16.5695494543979	-6.40230009449162	3.82497737289686	-1.67381384785626	NA	NA	MIR122HG	Intron
chr18	58485123	58485949	9.49719004081878	0	4.40735632392303	0	1	1	MIR3591	Intron
chr18	58511768	58512197	51.2299350700888	0.332169647642598	3.42886760364	0.0968744454553959	NA	NA	ALPK2-AS1	Exon
chr18	58536166	58536780	34.0050611460035	7.39401124651431	3.44405878153905	2.14688880635485	NA	NA	NA	NA
chr18	58723102	58723494	22.4052608458313	-20.8054908533685	4.25058604981795	-4.89473465765024	NA	NA	MALT1-AS1	UTR
chr18	58727985	58728388	28.9544690375976	-8.06938537024749	3.81492139825415	-2.11521667889156	NA	NA	LOC105372146	Intron
chr18	59139461	59140108	50.1742470472043	-5.48645062600622	2.36673759404467	-2.31814910102902	0.0204412191634561	0.0685323374716678	SEC11C	Promoter
chr18	59670923	59671440	93.0580598878442	7.87055500091658	3.84846496996169	2.0451154063629	NA	NA	NA	NA
chr18	59719602	59720292	53.8694133089583	-3.47471632083472	3.52211133542687	-0.986543578530459	NA	NA	NA	NA
chr18	59796802	59797725	106.312338002707	-6.8774631234231	3.6617862989995	-1.87817162495316	NA	NA	CCBE1	Intergenic
chr18	59888271	59888638	36.7126461706085	-6.58804743422336	4.12854986310719	-1.5957291670604	NA	NA	PMAIP1	Intron
chr18	61130009	61130279	140.403882883781	-0.311758383729418	3.45866948940348	-0.0901382409289381	NA	NA	NA	NA
chr18	61244513	61244994	39.0862911569833	0.235488875158386	3.1957137284869	0.0736889769127989	0.941257870091379	1	CDH20	Intergenic
chr18	62030924	62031553	16.9023214660671	-5.60540223097916	3.83709649188178	-1.46084474102713	NA	NA	LOC112268209	Intron
chr18	62172400	62172859	14.0577939961871	8.11794664154166	4.13407328647874	1.96366781113748	NA	NA	PIGN	Intron
chr18	62335007	62335726	13.6398547397127	8.40127809529565	3.56217185646583	2.35847074027217	0.0183504063561773	0.0648162860726383	TNFRSF11A	Intron
chr18	62985202	62986044	15.2577947568431	2.07704526631513	3.74203978256036	0.555056970798418	0.578855693287694	1	NA	NA
chr18	63007576	63007968	73.5511984714945	1.67144592662532	3.55365234440858	0.470345932757104	0.638107885777641	1	LOC105372161	Intron
chr18	63038620	63039073	18.7293006575893	5.05916033653805	3.64104240729842	1.38948129975005	NA	NA	NA	NA
chr18	63114216	63114943	40.3333187977754	-7.91134409135101	3.42420780291365	-2.31041588206745	0.0208651406459648	0.0688631755886708	NA	NA
chr18	63209699	63210339	9.8905906271049	-1.08242283017611	4.04906605790077	-0.267326542639141	NA	NA	BCL2	Intron
chr18	63521398	63521912	22.6748999522265	1.27043375838036	4.1987016887881	0.302577761543009	0.762211664195102	1	SERPINB12	Intergenic
chr18	63585502	63585877	43.9293222288325	2.07562589331019	3.99799281002584	0.51916699002187	NA	NA	SERPINB13	Promoter
chr18	63802243	63802731	42.9856568390523	-1.61391976999906	3.40935314581845	-0.473380052159901	0.635942058847468	1	SERPINB7	Intron
chr18	63837000	63838289	59.5060586941965	0.390194160371099	2.75703912310936	0.141526522819539	NA	NA	SERPINB2	Intergenic
chr18	64138484	64139452	20.9053398594231	-8.73719415081569	4.10232110973183	-2.1298172222766	0.0331867062620812	0.0904391231548103	LINC00305	Exon
chr18	64956550	64956763	59.0536580020093	7.36658981635305	2.79930657505052	2.63157664902069	NA	NA	LOC101927404	Intron
chr18	65777013	65777556	77.2605142612338	13.3799855758449	4.05575137837283	3.29901523234221	NA	NA	CDH7	Intron
chr18	65841824	65842239	60.5884717902804	6.08397765609696	3.90078818771494	1.55967906056979	NA	NA	NA	NA
chr18	66416337	66416638	58.3319292529865	-1.00568048169339	2.62857498447327	-0.382595317856192	NA	NA	NA	NA
chr18	66657139	66657762	39.755873369782	20.6395319818715	4.2492686803767	4.85719626936881	NA	NA	NA	NA
chr18	66778185	66778664	19.2448999980689	-6.06026010283678	4.24981917635444	-1.42600422543986	NA	NA	CDH19	Intergenic
chr18	66993482	66994073	22.9973671271474	1.13378044716891	3.71657083998269	0.305060900487017	NA	NA	NA	NA
chr18	67209358	67209720	16.2674543291701	-6.28353413719505	4.25166678423469	-1.47789901139351	NA	NA	MIR5011	Intergenic
chr18	67445364	67445696	53.0623841421176	-1.53826245565168	3.60251480950226	-0.426996844424969	0.669381626099015	1	DSEL-AS1	Intergenic
chr18	67520814	67521267	17.2931984227769	7.98577831096067	3.75606520291948	2.12610215199501	NA	NA	NA	NA
chr18	68532258	68532649	76.7375709783708	8.25147505102605	3.25884736604593	2.53202256018448	NA	NA	TMX3	Intron
chr18	69526376	69527369	48.7439463972894	15.1071712526201	3.77352085589669	4.00346833356252	NA	NA	LOC105372179	Intron
chr18	70025971	70026371	24.3084052812862	1.66156342032848	4.08480888893038	0.406766501324267	NA	NA	CD226	Intron
chr18	70622565	70623659	93.8744888524078	21.7074858215322	3.62974911923756	5.98043696917873	NA	NA	LOC124904322	Intron
chr18	70829243	70829865	18.1619086319067	7.12260327514883	4.24942523543826	1.67613333110313	NA	NA	LOC105372185	Intergenic
chr18	71002789	71003531	8.77804833242782	-7.49110338139787	4.24905174862694	-1.76300591863081	0.0778994914386927	0.170829002402027	NA	NA
chr18	71035495	71036043	28.6885958928145	-23.0123517806245	4.24775965218489	-5.41752680587466	NA	NA	LOC105372188	Intergenic
chr18	71122941	71123343	28.9501089607259	-7.2538041165323	3.48041538640443	-2.08417769467055	0.0371440068899811	0.0972249842195009	NA	NA
chr18	71172781	71173772	35.6690444171823	-8.74233846397408	4.10460380531036	-2.12988606906801	NA	NA	NA	NA
chr18	71270828	71271039	53.3057760201032	8.56233033290565	2.86569278204566	2.98787448066693	NA	NA	LOC105372187	Intergenic
chr18	71823718	71824384	23.7389806033327	0	4.40735632387897	0	NA	NA	LINC01899	Intergenic
chr18	72097812	72098212	121.447194703965	1.54917426029265	3.37752919996209	0.458670871094181	NA	NA	NA	NA
chr18	72235215	72235676	9.70176698435798	3.07447271866572	4.28241609101875	0.717929470962343	NA	NA	LOC105372189	Intergenic
chr18	72280418	72280780	80.0714370817748	9.97078170502333	3.6212182007447	2.7534330030079	NA	NA	NA	NA
chr18	72907496	72908261	34.5828269782141	0	4.20963240909941	0	1	1	NETO1	Intergenic
chr18	72956706	72957422	11.5464769405497	7.22403261324442	4.17282079999012	1.73121084261791	0.083414166211688	0.179958340067808	NA	NA
chr18	73341982	73342472	69.7503553066246	-8.19488495461094	3.44688558126211	-2.37747519069383	NA	NA	LINC02582	Intron
chr18	73596133	73596594	84.8583763297796	8.25738389070553	3.65043236454745	2.26202900535844	NA	NA	LOC105372190	Intergenic
chr18	73754480	73755073	14.5399578779297	-6.77100760494505	4.24907218320928	-1.59352614241328	NA	NA	LOC105372191	Promoter
chr18	73772639	73772985	15.168391366561	-21.4957135802421	4.24920708927123	-5.05875875866731	NA	NA	NA	NA
chr18	74157732	74158256	23.70827623521	-6.93580055779947	4.24998948690834	-1.63195710934451	NA	NA	TIMM21	UTR
chr18	74296917	74297467	44.350084387651	-7.74197402575435	3.60635074380534	-2.14676124862586	NA	NA	CYB5A	Exon
chr18	74363880	74364205	67.0114563388425	7.60490832768755	2.99972763898166	2.53519960574462	NA	NA	LINC01922	Intergenic
chr18	74497261	74497841	69.9658769092407	7.78901705915738	3.25832583230948	2.39049667222402	NA	NA	CNDP2	Promoter
chr18	74554702	74555366	36.8002832217988	7.73893069901349	3.61320241374752	2.1418480928631	NA	NA	CNDP1	Intron
chr18	75004151	75004658	36.8185712370364	0.384280445194171	4.01927287335005	0.0956094441216363	NA	NA	NA	NA
chr18	75073004	75073369	38.9869378893107	13.4135408698186	4.29222983713332	3.12507516577377	NA	NA	LOC105376874	Intergenic
chr18	75578027	75578324	85.5367546627585	10.1852341398162	3.75400449207268	2.71316514440095	NA	NA	LOC105372202	Intergenic
chr18	75818637	75819071	17.396681818738	2.74152095780313	3.98586044973165	0.687811576039423	NA	NA	LINC01898	Intergenic
chr18	76156983	76157636	40.0849950421615	21.9856077519788	4.2478687431258	5.17567963641943	NA	NA	LOC339298	Intergenic
chr18	76179061	76179933	9.33431727987926	4.50560500383532	4.05246712850001	1.11181777938395	NA	NA	LINC01893	Intron
chr18	76466606	76466979	94.091771503539	6.1140324714438	3.00380272629113	2.03543076179072	NA	NA	ZNF516-AS1	Intron
chr18	76553360	76553957	31.9043215552945	1.83731780041476	3.41591601405683	0.537869723041788	NA	NA	LINC00683	Intron
chr18	76989383	76989991	20.1761686629665	-8.23258616610514	3.82832271113469	-2.15044205708172	NA	NA	MBP-AS1	UTR
chr18	77170226	77171100	26.4722435501738	1.50903265322606	3.75270033533231	0.402119145783708	NA	NA	MBP	Intron
chr18	77756193	77756609	76.9097582537585	0.374759441223642	3.41443878368106	0.109757258796018	NA	NA	LOC107985129	Intergenic
chr18	78558582	78558768	61.3935039179711	-6.6858874401584	3.35834648760973	-1.99082717189107	NA	NA	LOC105372221	Intergenic
chr18	78771766	78772130	63.1695830906158	0.631959539890552	3.1364765682075	0.201487091055081	NA	NA	LOC124904330	Intergenic
chr18	79181811	79182358	19.3030901130096	-8.608479983298	3.51450981857312	-2.4494112771587	0.0143089957295996	0.0572445309794465	LOC124904331	Intron
chr18	79264930	79265610	31.131675206411	22.0346029816036	4.24784877549838	5.18723809300822	NA	NA	LOC124904332	Intron
chr18	79346793	79347220	60.0081842480081	-6.11117358424261	3.90442502537971	-1.56519168495195	NA	NA	NA	NA
chr18	79462642	79463191	65.0552627968503	-1.41332375851417	2.92149141892317	-0.483767896547545	0.628550601135306	1	LOC101927897	Promoter
chr19	427923	429028	44.13341548626	-5.51069135635263	3.53208224053042	-1.56018206289701	NA	NA	C2CD4C	Intron
chr19	621715	622347	15.5896988116686	7.32484523733036	4.17678544168102	1.75370397632452	NA	NA	LOC105372234	Exon
chr19	774363	775264	110.28208437902	2.84682093086501	2.77430423525426	1.02613869621408	NA	NA	LINC01836	Intron
chr19	1395464	1396675	60.5971247729845	0.24025564378709	2.87873290320137	0.0834588174262042	0.933486722038717	1	GAMT	UTR
chr19	1562963	1563335	97.7634819253962	8.74693614488618	3.53553671326178	2.47400518062123	NA	NA	MEX3D	Intron
chr19	1853570	1854169	31.325145682755	-1.50485444470636	3.89522680027283	-0.386332945902138	NA	NA	REXO1	UTR
chr19	2587394	2588056	21.5458561247354	0.308690621388883	3.93595606940965	0.0784283706284313	0.937487306532646	1	MIR7850	Intron
chr19	2775763	2776013	95.1428713505281	7.58271399561881	3.25693023182687	2.32817820950544	NA	NA	SGTA	Intron
chr19	3750670	3751253	35.7344859272919	-7.27802377781724	4.17703159812246	-1.74239136258597	NA	NA	APBA3	UTR
chr19	3839601	3840589	24.1373221257262	1.46684935579993	3.06642112587216	0.478358743169278	0.632394892709958	1	ZFR2	Intron
chr19	4375296	4375551	85.9934830481933	7.38067337185403	3.15860810699023	2.33668537591607	NA	NA	SH3GL1	Intron
chr19	4437773	4438006	57.1898029457329	7.66727668081974	2.92882222243796	2.61787029000261	NA	NA	MIR4746	Intron
chr19	4548693	4549151	23.152215340552	21.8736344309378	4.2479927260348	5.14916946464625	NA	NA	PLIN5	Intron
chr19	4817057	4817472	70.4517996314064	8.0451222791612	3.67328459252705	2.1901712422523	NA	NA	TICAM1	Exon
chr19	5302864	5303383	39.9285959150493	-0.659488911368225	3.61422556920737	-0.182470324206371	NA	NA	LOC105372253	Intron
chr19	5460035	5460552	43.3075278472965	-2.50674225531999	3.06404718045651	-0.818114770330172	NA	NA	NA	NA
chr19	5505168	5505532	92.5199973155866	6.84183895825341	3.08943785309911	2.21459025349552	NA	NA	ZNRF4	Intergenic
chr19	5843512	5844042	54.3150463522086	18.7437881668857	4.25416799822237	4.40598212734379	NA	NA	FUT6	UTR
chr19	6280829	6281266	69.5328707470736	5.69462059918705	4.13666611423268	1.37662079605459	NA	NA	MLLT1	Promoter
chr19	6539501	6539858	78.1325460222658	-1.2512281559292	3.09474092707144	-0.404307884057113	0.685986328601699	1	TNFSF9	Intergenic
chr19	7121119	7121617	26.4460282860014	0	4.40735632387947	0	NA	NA	LOC124904625	Intron
chr19	7594051	7594553	8.60962224650834	-21.4447512712415	4.24929855993932	-5.04665675257889	NA	NA	CAMSAP3	Promoter
chr19	7620871	7621266	49.5974877709131	8.36715939177764	3.39424549798078	2.46510141849057	0.0136974475148993	0.0564868189552486	MIR6792	Exon
chr19	8215543	8216179	50.1242971605565	8.85060061520632	3.64099349100272	2.43082022450111	NA	NA	CERS4	Intron
chr19	8513520	8514211	51.3151581527324	-9.9198705939682	3.37884185591823	-2.93587892448799	NA	NA	ZNF414	Promoter
chr19	8679153	8679826	12.0781200720573	-21.8942012700642	4.2486687679006	-5.15319090899215	NA	NA	ACTL9	UTR
chr19	10363215	10363704	229.673443929924	0.629034031390078	2.82134470944376	0.222955397574972	NA	NA	TYK2	Intron
chr19	10380313	10380814	52.3934499105173	4.52203449162736	2.61142667539987	1.73163372122441	NA	NA	NA	NA
chr19	10654194	10654765	21.8278220067532	1.37617441260351	3.21146508413152	0.428519188766354	NA	NA	ILF3	Promoter
chr19	11256012	11256468	70.5577454192951	0.610559445570354	3.07634496079678	0.198469109723058	NA	NA	DOCK6	Intron
chr19	11373743	11374098	82.8955470420111	-7.37738961263714	2.44700750768902	-3.01486186268567	0.00257096319915766	0.0290644638773276	SWSAP1	Promoter
chr19	12762205	12762868	15.8435637562235	-6.42375748807043	4.25123972589065	-1.51103158190512	NA	NA	BEST2	Intergenic
chr19	13229868	13230672	73.9104226954106	-1.7365255135154	3.08698703711145	-0.562530873190936	NA	NA	IER2	UTR
chr19	13395404	13395708	17.6072447379814	-6.97250238850168	3.62612252114416	-1.92285350201063	NA	NA	CACNA1A	Intron
chr19	13829768	13830143	83.9371697647132	-22.6857539866022	4.16619685506175	-5.44519492856896	NA	NA	C19orf53	Exon
chr19	14423231	14423431	99.3505078342554	0.168914684770426	3.16778206181875	0.05332269754487	NA	NA	DDX39A	Intergenic
chr19	15209933	15210230	135.238919322289	-0.621283553983532	3.09595150071792	-0.200676126172991	NA	NA	NOTCH3	Intergenic
chr19	15388998	15389193	28.4260322970174	8.50009736691478	3.39422230885567	2.50428421990441	NA	NA	AKAP8	Intron
chr19	15702677	15703194	46.6547603850067	-0.653100684429774	3.60776075310137	-0.181026606009931	0.856346692441256	1	OR10H2	Intergenic
chr19	15820852	15821257	70.6586196385941	-0.494469531964738	3.57951093059343	-0.138138852360695	NA	NA	OR10H1	Intergenic
chr19	15920095	15920744	43.2109180406753	-4.51986967717077	3.58528163007172	-1.26067353796147	NA	NA	CYP4F11	Intron
chr19	17333651	17334341	19.6635757767288	6.90223239605949	4.12532868636527	1.67313514166089	NA	NA	ANO8	Promoter
chr19	17635637	17635895	113.045687756628	10.1476428117619	3.70061088052366	2.74215342801077	NA	NA	UNC13A	Intron
chr19	18281293	18281654	7.16291883641084	-3.40490035293222	3.49165393130356	-0.975154015810797	NA	NA	JUND	Promoter
chr19	18522109	18522504	53.7201325045287	-4.46409905071544	2.44604348303021	-1.82502849261912	0.0679967297687609	0.153754287646923	ELL	Promoter
chr19	18842915	18843271	119.989242536288	9.25958724861593	3.34543262549654	2.76782954110206	NA	NA	UPF1	Intron
chr19	19502412	19502787	40.5652137414853	22.4408159519666	3.46650421866988	6.47361564745977	NA	NA	TSSK6	UTR
chr19	19735197	19735634	22.2845277634551	-22.3178595886859	4.14916081521623	-5.37888517283774	NA	NA	ZNF14	Promoter
chr19	20765162	20765646	18.9268383333993	-0.653086803368345	3.62459379498693	-0.180182067373069	0.857009636189136	1	NA	NA
chr19	20797040	20797861	4.22024344481371	-3.58382179717825	4.27693100778888	-0.837942391554041	0.402063058867648	NA	ZNF626	Intron
chr19	21384139	21385034	58.3926583942921	-1.30123466089168	2.88434510892313	-0.451136951977809	NA	NA	ZNF493	UTR
chr19	21502235	21502492	41.8873772448041	2.14644064359517	3.8785359948845	0.553415166554124	0.579979155912913	1	ZNF429	Exon
chr19	22735442	22735966	28.8270621889012	6.57599626515115	3.38335175048527	1.94363363614438	NA	NA	ZNF99	Intergenic
chr19	27657966	27658550	64.8341415760388	5.29992685222048	2.96988747204745	1.78455476919693	NA	NA	LINC02987	Intergenic
chr19	28285982	28286420	51.9742311261356	4.31022950480179	3.18976688771774	1.35126786894629	NA	NA	LOC105372349	Intron
chr19	28390358	28390825	34.2863413978689	15.3300987683166	3.93643654300642	3.89441023647453	NA	NA	NA	NA
chr19	28805354	28805596	6.53126332445799	6.06292334726891	4.25128622758641	1.42613859022873	NA	NA	LOC100420587	Intron
chr19	30214208	30214541	68.9952300380338	-8.59650198910673	4.216347989845	-2.03885021108581	NA	NA	NA	NA
chr19	30308947	30309396	135.624510291873	2.06276254855398	3.54276961191083	0.582245749658388	NA	NA	ZNF536	Intron
chr19	30749408	30749661	45.1874242375038	-23.7904891615079	4.24744555857629	-5.60112868626908	NA	NA	LOC105372354	Intron
chr19	30784323	30784782	24.7178256746177	-6.89705457269631	4.24890350210574	-1.62325516907554	NA	NA	NA	NA
chr19	32270122	32270649	42.1548572654896	2.90222580378709	4.06114253813284	0.71463283461147	NA	NA	ZNF507	Intergenic
chr19	32502090	32502491	28.8575914640907	-15.2334963827596	4.28171141104859	-3.5578054941888	NA	NA	PDCD5	Intergenic
chr19	33275794	33276381	33.1247579343578	20.7324928861355	4.24905519224712	4.87931833033477	NA	NA	CEBPA	Intron
chr19	34357079	34357709	8.88944462289076	-4.09646791563503	3.89613826895612	-1.05141748902371	NA	NA	PDCD2L	Intron
chr19	34595085	34595498	75.9629728765026	-6.64190850716629	3.22607856830634	-2.05881796321323	NA	NA	ZNF807P	UTR
chr19	34755417	34755852	19.5438532298559	6.57358005423652	4.18226050251914	1.57177680593473	NA	NA	ZNF181	Intergenic
chr19	34776190	34776825	79.9807956451837	5.56636408240004	3.40906158452513	1.63281417609691	NA	NA	ZNF599	Intergenic
chr19	35013828	35014040	55.1489741744921	7.59105708817054	2.70301645773844	2.80836510130679	NA	NA	SCN1B	Intron
chr19	35145301	35145681	43.0447352965902	0.503351245834999	3.52431531460183	0.142822421067017	NA	NA	FXYD7	Promoter
chr19	35854949	35855267	38.2607293140502	-6.41926200543979	3.82678035116565	-1.67745765797205	NA	NA	KIRREL2	Promoter
chr19	36916078	36916311	36.9241849269048	0.244749081832649	3.14860620082393	0.0777325159839307	NA	NA	ZNF829	Promoter
chr19	37217707	37218249	50.5502373593182	6.72353265044228	3.15675335401146	2.12988849505721	NA	NA	ZNF383	Promoter
chr19	38130771	38131135	64.0691938540502	2.03324818372783	3.07810559337588	0.66055179786665	NA	NA	DPF1	Exon
chr19	38234146	38234621	36.2048603177249	7.29680708566681	3.20653914645749	2.27560205953767	NA	NA	NA	NA
chr19	38686400	38686937	32.8931039026782	8.59825114598581	4.24777269690536	2.02417873071455	NA	NA	LOC107985291	Intron
chr19	39452258	39453285	3.96942621766957	-2.98609085972385	4.29218337135307	-0.695704400621288	0.486613969062126	NA	SUPT5H	Intron
chr19	40348066	40348390	50.8085474231744	-7.47397548521275	4.14296795623423	-1.80401479426509	NA	NA	PLD3	Promoter
chr19	40450159	40450638	45.6942777346619	6.25829867941942	3.37054208902069	1.85676324879769	NA	NA	SERTAD3	Exon
chr19	40474693	40475279	30.33729978803	9.50857674353952	3.64811897785276	2.60643274006818	NA	NA	SPTBN4	Intron
chr19	40502033	40502472	72.4118851187506	5.89261691839608	3.19677777527423	1.84329888801564	NA	NA	NA	NA
chr19	40808298	40809018	2.89615880590629	5.66583961884749	4.2579275757043	1.33065664413287	0.18330201502702	NA	CYP2T1P	UTR
chr19	40875155	40875379	45.1055701771341	8.39696697306445	2.99192411763123	2.80654409768671	NA	NA	CYP2A7	Intron
chr19	42355923	42356802	46.0039289805492	-4.26256260142991	3.23871699238348	-1.31612691428557	NA	NA	MIR8077	UTR
chr19	42772793	42773274	4.75932799603631	-5.61395976899546	4.25082134355667	-1.32067647997134	NA	NA	PSG8	Intron
chr19	43225538	43225970	70.8033397992681	0.804958644225778	3.59359179497313	0.223998353221918	NA	NA	PSG4	Intron
chr19	43474122	43474395	53.427696059743	6.30530136397752	2.41123072819904	2.61497221739828	NA	NA	LYPD3	UTR
chr19	43882548	43882836	55.7637731815707	-1.44613322873695	3.60083689944245	-0.401610311469776	NA	NA	ZNF404	Promoter
chr19	44023182	44023973	117.827009779029	-4.08856801510307	3.04680049645807	-1.34192180284074	NA	NA	ZNF222-DT	Promoter
chr19	44304659	44305092	31.6195965758529	1.70286326521965	3.35714354486242	0.507235762327059	NA	NA	ZNF235	Promoter
chr19	44432914	44433456	42.5481330835273	-5.13643278220891	3.61920814350275	-1.41921452940746	NA	NA	ZNF229	Intron
chr19	44967390	44967895	19.3382815264329	13.4449980902183	4.28927847840062	3.13455938053984	NA	NA	CLPTM1	Intron
chr19	45105467	45106064	42.645633874059	-23.2611127093597	4.14370162849688	-5.61360705833389	NA	NA	PPP1R37	Intron
chr19	45834955	45835500	76.8733806683014	-2.04177834684565	3.53512089351376	-0.577569596160603	0.563554738756838	1	RSPH6A	Exon
chr19	45918389	45919170	3.94118210595906	6.64498415972975	4.25256511619334	1.56258257737814	0.118150808898129	NA	NANOS2	Intergenic
chr19	46213676	46214543	16.8920860120658	-7.0923758136402	3.91201310588709	-1.81297342868485	NA	NA	LOC93429	Exon
chr19	46221572	46222116	37.2273564690499	-7.61601835417692	3.04041341900729	-2.50492854246894	NA	NA	IGFL1	Intergenic
chr19	46349934	46350603	118.992314277057	-0.468130926236795	2.95519657817404	-0.158409403182933	NA	NA	PPP5C	Promoter
chr19	48294925	48296235	47.9607186667587	-8.69650245401196	3.86414872258949	-2.25056101054624	NA	NA	ZNF114-AS1	Intergenic
chr19	48554440	48554775	25.9587586962086	1.2703885391362	3.99154798025426	0.318269640104708	NA	NA	SULT2B1	Promoter
chr19	48774352	48775218	22.6206088364141	0	4.4073563238846	0	NA	NA	FGF21	Intergenic
chr19	48929913	48930243	46.1261911585168	-23.3101781589488	4.13898776286742	-5.63185481437615	NA	NA	DHDH	Intron
chr19	49129633	49130438	5.61937672484124	6.15217796811183	3.7355322811759	1.64693476191168	0.0995714558425489	0.208073087096985	PPFIA3	Exon
chr19	49188699	49190165	44.8434832861158	7.89568221487026	3.67564987681509	2.14810509147617	NA	NA	TRPM4	UTR
chr19	49463883	49464528	23.0200109657914	-6.99209708998458	3.70603105376939	-1.88668065338334	0.0592032913680676	0.13657788998772	FLT3LG	Promoter
chr19	49872485	49873112	28.697589214415	-7.20737392089673	3.49102191508919	-2.06454559616037	NA	NA	TBC1D17	Exon
chr19	50471656	50472068	42.4670627480947	-0.285904787063146	3.68429108620428	-0.0776010310731713	NA	NA	EMC10	Intron
chr19	50739886	50740596	10.9031945462604	-5.85269147933657	4.25327103707938	-1.37604479665502	NA	NA	CLEC11A	Exon
chr19	50948165	50948613	26.1768374410525	-1.39575546954888	3.60633454056133	-0.38702883879753	NA	NA	LOC105372442	Promoter
chr19	51016143	51016772	19.7303188339312	-7.85616703961494	4.10516173675025	-1.91372899374096	NA	NA	KLK10	UTR
chr19	51137485	51137800	36.4660618573998	8.95198494145154	3.93519472380545	2.27485183574212	NA	NA	LOC124904749	Promoter
chr19	53755692	53756231	16.9118347599078	-3.39038660108587	4.26802702275709	-0.794368588345001	NA	NA	MIR516A1	Promoter
chr19	54190807	54191192	46.1952367613607	-5.80685516434301	3.04067394636859	-1.90972635236936	NA	NA	LILRB3	UTR
chr19	55227710	55229115	72.7481169111728	-6.20702482947023	3.3230505087931	-1.86786954126814	NA	NA	TMEM86B	Promoter
chr19	55230530	55230952	24.8783135148793	-6.0616806300471	3.834753247001	-1.5807224714622	NA	NA	MIR6804	Promoter
chr19	55958073	55958829	74.8380567788882	0	4.14067448809721	0	1	1	NLRP8	Intron
chr19	56162246	56162901	18.7242004169694	-1.02857951474412	4.08565690065219	-0.25175376683733	NA	NA	GALP	Intergenic
chr19	56832444	56832821	28.5287094537595	0	4.40735632387871	0	NA	NA	NA	NA
chr19	56839161	56839741	45.2498302800852	-4.69906895208596	2.37891861973462	-1.9752962178295	0.0482345422076043	0.117682181511747	PEG3	Promoter
chr19	57821709	57822204	31.8696127867909	5.44215438292276	3.20204244910335	1.69958845625132	NA	NA	ZNF587B	Promoter
chr19	58033579	58034074	53.9895986249492	-2.64315720733272	3.37846047395967	-0.782355521902804	NA	NA	ZSCAN1	Promoter
chr19	58361973	58362814	28.3447402115359	2.10978637083569	2.29447055475567	0.919509019831529	NA	NA	A1BG	Promoter
chr2	840285	841089	85.3984402294245	-8.78331402491896	3.3757070808936	-2.60191829872688	NA	NA	LINC01939	Intron
chr2	2069462	2069691	72.3982757609866	-1.41351073134036	4.10838118007509	-0.344055400262185	0.730804623008439	1	LOC107985838	Intron
chr2	2546501	2547620	51.4761234779607	-7.86183745570127	4.0905812087128	-1.92193653042649	NA	NA	LOC107985839	Intergenic
chr2	3303403	3304346	69.2333150600539	-2.21625197843489	3.49788406650346	-0.633597894126405	0.526343275505063	0.967598168700024	EIPR1	Intron
chr2	4220769	4221360	19.2391238226616	-1.9497140900578	3.90342767337731	-0.499487694713931	NA	NA	LOC107985841	Intergenic
chr2	4501525	4501889	35.6145082913594	5.88945548535659	2.67278236372311	2.2034923476346	NA	NA	LINC01249	Intron
chr2	7234003	7234355	3.52161247435954	0	4.40735632388473	0	1	NA	LOC105373406	Intron
chr2	7882089	7883036	68.4451970948058	-0.40648123775303	2.60959598725652	-0.155764049200722	NA	NA	LOC105373409	Exon
chr2	8509824	8510502	11.64969584561	-6.06027058931916	4.18523591596827	-1.4480117037601	NA	NA	LINC00299	Intron
chr2	8538288	8538497	55.2486053125183	7.94895451349165	3.04497859463507	2.61051244415868	NA	NA	NA	NA
chr2	9135443	9135900	40.2048258046908	7.60327887903621	3.50550879733777	2.16895158979788	NA	NA	LOC105373417	Intron
chr2	9592352	9593495	70.3738794176382	-0.658788823399186	3.76671560746117	-0.174897415163026	NA	NA	ADAM17	Intron
chr2	10532778	10533314	45.359881204163	6.05264336204164	2.95648976546679	2.04723974787243	NA	NA	ODC1-DT	Intergenic
chr2	10621705	10622432	56.4853919142037	22.3456044846152	4.24758800082994	5.26077493397407	NA	NA	NOL10	UTR
chr2	10747481	10748026	45.2913470043446	-1.86011240940994	3.16953057726994	-0.586873154892274	0.557288900467166	1	LOC105373428	Intron
chr2	10750138	10750647	69.5581077809917	-7.67431196201771	2.62079390554628	-2.92823939561858	0.00340887465701323	0.0315426873288724	NA	NA
chr2	10863124	10863689	20.9168331497073	-8.73585247344448	3.71569654741534	-2.35106725265851	0.0187196501010063	0.0654423299115314	LOC124905973	Intron
chr2	11616140	11617736	68.2743397023013	-16.6213181044337	3.96244828315571	-4.19470915875181	NA	NA	NTSR2	Exon
chr2	14146640	14147123	26.3289577679178	-7.7515292764057	4.15387302256014	-1.86609682922571	NA	NA	LINC00276	Intron
chr2	14571032	14571633	17.9712445260215	5.88155377747583	4.25641658908176	1.3818087713883	NA	NA	NA	NA
chr2	14745712	14746346	53.1112782973974	-0.383544541168264	3.53985654133111	-0.108350306485595	0.913717818660359	1	LRATD1	Intron
chr2	15135169	15135720	67.7687739804335	-0.456767734440949	3.94360379989622	-0.115824955451399	NA	NA	NA	NA
chr2	15340170	15340872	14.1336888643054	8.09493517884535	4.06729157113022	1.9902519987265	0.0465631828334585	0.115111104511362	NBAS	Intron
chr2	15654046	15654543	42.5299396048545	21.7713385734299	4.247874443966	5.12523118576529	NA	NA	LOC124905976	Intergenic
chr2	16413758	16414107	153.336824095854	1.10804565245914	2.7036018368075	0.409840545813344	0.681922921111081	1	LOC107985855	Intron
chr2	16442995	16443409	78.2005516250489	9.97632003211019	2.69345686593614	3.70390933609505	0.000212302162188901	0.0152204319353889	LOC105373444	Intron
chr2	17645280	17645941	49.8901321896452	1.11970919353446	3.33241813576375	0.336005011351265	0.736867087450132	1	LOC124908054	Promoter
chr2	19079415	19079803	95.151070817368	6.74294892939083	3.03275719267582	2.22337249604921	NA	NA	NA	NA
chr2	19250549	19251043	6.88831744870469	-6.85878226958739	4.25015041620469	-1.61377400748846	NA	NA	LINC01376	Intron
chr2	19319184	19319696	55.8381549909395	7.64836336242763	3.64011195205234	2.10113410333861	NA	NA	NA	NA
chr2	19981435	19981807	35.9337016208643	-20.8433228912976	4.25053204310718	-4.9036973912708	NA	NA	WDR35	Intron
chr2	20071728	20072285	21.8893306974153	0.194111203846297	4.28616522370919	0.0452878490947009	NA	NA	LAPTM4A-DT	Exon
chr2	20230127	20230599	37.4246751603874	8.14877920051995	3.45539500293843	2.35827718497894	0.0183599780291594	0.0648162860726383	SDC1	Intergenic
chr2	20623392	20624233	62.677870378396	-2.78045442399191	2.79576998097	-0.994521882314235	NA	NA	LOC105373466	UTR
chr2	20712894	20713611	29.8909761124733	16.0096549558557	4.2900487039728	3.73181193514889	NA	NA	GDF7	Intron
chr2	21272471	21273159	7.99664351085425	-5.12760856682673	4.25732586073492	-1.20442003608847	NA	NA	LOC105374318	Intron
chr2	22948490	22948999	72.5939666636881	-17.0364334636954	3.9711404149406	-4.29006070890852	NA	NA	LOC107985858	Exon
chr2	23306959	23307934	38.3025835581433	2.28397935031604	2.99642185869524	0.762235578975045	0.44591941482954	0.853381713801092	LOC102723389	Intergenic
chr2	23372158	23374182	87.3496504053849	6.73330889325456	2.87283028131449	2.3437893066811	NA	NA	LINC02923	Intergenic
chr2	23548556	23549633	2.82405820830812	-5.03785007783661	4.25798437058876	-1.18315372706265	0.236748228000584	NA	LOC105374325	Intron
chr2	24090035	24090560	27.5150488094751	-0.381085716168205	3.96988415640959	-0.0959941653594404	NA	NA	TP53I3	Intron
chr2	24260873	24261185	60.8233508365208	-8.66501969747145	3.27665762162465	-2.64446905904533	NA	NA	LOC124900541	Exon
chr2	24615439	24615857	93.1103973571275	-0.0582491796018668	3.51557988083729	-0.0165688681743149	NA	NA	NCOA1	Intron
chr2	24916256	24916712	29.0058950371798	8.40986430257943	4.24791631806965	1.97976223467628	NA	NA	ADCY3	Intron
chr2	25199446	25199926	23.6177675084869	4.02856234865536	3.1929263153182	1.26171478788225	NA	NA	LINC01381	Intergenic
chr2	25300367	25300570	64.2842213530427	7.8311916928078	2.66301450405213	2.9407243861765	NA	NA	NA	NA
chr2	25316288	25316664	114.043286811351	9.04686173169601	3.58879805499825	2.52086118891424	NA	NA	MIR1301	Intron
chr2	25609730	25610308	29.9695156970807	9.55481170998801	3.50785871729711	2.72383025658178	0.00645296625323377	0.0418353412493955	DTNB	Intron
chr2	25614413	25615072	14.2188847280655	5.57771940795317	4.18906602408486	1.33149474748889	NA	NA	NA	NA
chr2	26649100	26649784	13.287468180999	0	4.40735632392286	0	1	1	CIB4	Intergenic
chr2	27200599	27201002	75.4374531522862	7.70273202486267	3.27616014457799	2.35114636798528	NA	NA	ATRAID	Exon
chr2	27522013	27522436	29.9940999854523	1.58868541140522	3.92032849234414	0.405242931684859	NA	NA	SPATA31H1	Intron
chr2	28320224	28320714	36.5523264249194	1.47904883369799	3.09995856382928	0.477118904412378	NA	NA	BABAM2-AS2	Intron
chr2	28351805	28352436	66.594209405974	8.16788328986673	3.32548427711489	2.45614852130739	NA	NA	LOC105374383	Exon
chr2	29021927	29022327	56.2031352865904	7.45569296498864	3.45615324510115	2.15722291121105	NA	NA	PCARE	Exon
chr2	29556754	29557316	32.344627348457	-1.39224303116242	4.00707599156513	-0.3474461263258	NA	NA	LOC105374389	Intron
chr2	29749816	29750388	52.2524517821606	9.12967734249589	3.62792017031847	2.51650447470967	NA	NA	NA	NA
chr2	29766937	29767514	8.24852027247601	0	4.40735632388231	0	NA	NA	LOC124907748	Intron
chr2	30985051	30986548	50.0707317215132	0.37796781239943	3.7913104323261	0.0996931850203397	NA	NA	NA	NA
chr2	30986952	30987831	42.5887591933832	4.54173983850074	2.99969076958447	1.51406934493114	NA	NA	LOC124907750	Exon
chr2	33461791	33462014	50.0706984533552	7.83351325756517	2.70122094452458	2.89998982624647	NA	NA	RASGRP3	Intron
chr2	34645660	34646143	49.2944465568739	5.5898666566696	2.45573948864067	2.27624578361273	NA	NA	LOC124907752	Intron
chr2	35055096	35055741	16.3379317836967	0.349221425945886	3.71828711134953	0.0939199732263652	NA	NA	LOC105374461	Intron
chr2	35608754	35609074	75.2824539903999	-6.83886788316439	3.0805012253214	-2.22005036938457	NA	NA	LOC107985866	Intergenic
chr2	36457255	36457874	10.2088948542118	-7.70868268613201	4.24877208414626	-1.81433189012326	0.0696266447157133	0.155244097787189	LOC124907753	Intron
chr2	37888221	37888619	26.1834402963286	-7.91716583011904	4.08675939448644	-1.93727231429389	NA	NA	PIRAT1	Intron
chr2	38104579	38106004	37.4374971266956	19.507891984976	4.03705968050257	4.83220302122149	NA	NA	CYP1B1	Exon
chr2	38514755	38515461	19.6137501698627	-8.45013847748173	4.24808158292577	-1.98916577107304	NA	NA	LINC02613	Exon
chr2	38886335	38886835	40.7398454406014	0.280286604883396	4.31335904726759	0.0649810511510632	NA	NA	ARHGEF33	Intron
chr2	39286320	39287378	60.9278023584157	6.85867381073321	2.81842831646427	2.43351011294744	NA	NA	CDKL4	Exon
chr2	39356508	39356956	90.6157136487743	9.12841351838726	3.65103509410789	2.50022617780882	NA	NA	MAP4K3-DT	Intron
chr2	39943697	39943930	69.6758724798434	0.338049001697914	3.16933089083551	0.106662577478237	NA	NA	SLC8A1-AS1	Intron
chr2	41041220	41041863	99.3971094930589	-15.2498189745756	3.88103731576851	-3.92931521493393	8.51881102496679e-05	0.00992441484408631	LOC105374497	Intron
chr2	41933829	41934461	52.1617352013387	0.387219935868123	4.30535047945727	0.0899392367045888	NA	NA	LINC01914	Promoter
chr2	42000368	42001313	11.2674685998008	5.73498449408508	3.68769021287617	1.55516981173214	NA	NA	LOC105374517	Intron
chr2	43073882	43074295	41.5766203920742	-8.47002655319737	3.856387919066	-2.19636269248784	NA	NA	LOC124907756	Promoter
chr2	43318777	43319272	29.4659048498061	-7.72199921080897	4.24788489387341	-1.81784568172885	NA	NA	LINC01126	Intron
chr2	43754034	43754469	52.5932319561901	21.8294917826713	3.85224187472529	5.66669811828157	NA	NA	DYNC2LI1	Intron
chr2	44840691	44841044	92.1140685503352	-5.35320864848973	3.0116358947018	-1.77750858193294	NA	NA	LOC105374573	Intergenic
chr2	45766161	45766575	70.374916620378	0.278846289514107	3.58162471600352	0.0778546921089073	NA	NA	NA	NA
chr2	45804311	45804939	25.6032454227245	3.19614279069739	4.07689217513193	0.783965494646411	NA	NA	PRKCE-AS1	Intron
chr2	47014611	47014893	15.0715200375401	1.27043284300035	4.30568901612183	0.295059127178822	0.767948712192565	1	MCFD2	Intron
chr2	47203808	47204255	38.67987030037	-1.01618477208413	3.66306705820459	-0.277413641611629	NA	NA	CALM2	Intron
chr2	47262806	47263347	19.9260562945461	2.00573535117607	3.69836225315496	0.542330689608634	0.587590717464353	1	LOC107985882	Promoter
chr2	47674331	47674747	85.3523576590252	8.58599741621862	4.08368373074853	2.10251282477373	NA	NA	LOC105374589	Intergenic
chr2	48164851	48165260	11.8724417159192	-21.124096293225	4.17072792748665	-5.06484639144388	NA	NA	LOC102724008	Exon
chr2	48219738	48220141	72.1071761487916	8.04253469819043	3.74873377125023	2.14540033754069	NA	NA	NA	NA
chr2	49481113	49481733	14.5689662461113	-8.14929877085763	3.72488008200602	-2.1878016450046	NA	NA	LOC107985810	Intron
chr2	49636105	49636824	7.87500522610121	6.60146690165672	4.2527339196305	1.5522877815573	0.120593380161744	0.246475943663916	LOC124906005	Exon
chr2	51071079	51071636	53.04152952639	9.42180732784944	3.04665229277574	3.09251152492542	0.00198470526957538	0.0275914938086224	NRXN1	Intron
chr2	52025880	52026334	44.8261685653306	-21.7866460060172	4.13150856692974	-5.27329077335244	NA	NA	LOC105374597	Intron
chr2	52536385	52536732	24.2118069429278	-22.9161140652437	4.24781010992544	-5.39480661145796	NA	NA	NA	NA
chr2	52550484	52550852	44.4670962431804	-5.62817500725333	3.81214297574795	-1.47638088158251	NA	NA	LOC105374598	Intergenic
chr2	54465951	54466147	63.2686238708777	7.129318101495	2.31649953951047	3.07762552070336	NA	NA	SPTBN1	Intron
chr2	54830884	54831468	31.3610997533702	21.9977354382396	4.03539411946562	5.45119876448465	NA	NA	EML6-AS1	Intron
chr2	54991975	54992428	20.3972067804281	0.378100323348822	3.80462396391371	0.0993791572925596	NA	NA	NA	NA
chr2	54993635	54993866	50.7286136566244	-7.90817323083473	3.86778025474084	-2.04462836820718	NA	NA	LOC105374662	Intron
chr2	55197188	55197445	27.2590822369776	7.67330662784555	4.03079774620698	1.90366947462601	NA	NA	RPS27A	Intron
chr2	55206037	55206641	23.4353233604926	3.59467374165919	3.65201422926612	0.984298941896933	NA	NA	NA	NA
chr2	55588598	55588909	78.5709047021071	-8.28829474157307	3.73914185611155	-2.2166301949807	NA	NA	LOC124900537	Exon
chr2	56021971	56022245	56.3894911448528	7.26221910367626	2.73707306846285	2.65327922274094	NA	NA	MIR216B	Intron
chr2	57012933	57013737	13.1955091143331	19.8942507502066	4.25069663248948	4.68023302301752	NA	NA	LOC101927213	Intergenic
chr2	57019935	57020527	29.2486892511753	-8.24909523268159	3.58851060992524	-2.29875180245139	NA	NA	NA	NA
chr2	57445603	57446260	29.8039566830517	13.5994612996652	4.21023078396642	3.23009877545318	NA	NA	LOC124900539	Intron
chr2	58438120	58438458	51.5865614775975	-8.29840370408957	4.24775409205561	-1.95359795417765	NA	NA	LOC124907771	Intron
chr2	58806796	58807574	21.4390161775842	20.948564552638	4.12085326639579	5.0835502257425	NA	NA	LINC01793	Intron
chr2	59435235	59435713	32.8512191693224	5.33052196534803	2.64690038317939	2.01387328334024	NA	NA	NA	NA
chr2	59972013	59972334	25.6299550270852	8.36446071124898	4.00045194267265	2.09087893845834	NA	NA	LOC105374754	Intron
chr2	60402140	60402602	92.0912626907421	9.7313706863924	3.68366254747917	2.64176497194398	NA	NA	MIR4432	Exon
chr2	61431728	61432228	25.4647505762917	-0.440518745075188	3.66207936161156	-0.120291971193472	NA	NA	SNORA70B	Intron
chr2	61720028	61720701	25.7161288505007	-2.55325587217047	3.64444357405245	-0.70058866882973	NA	NA	LOC107985767	Intron
chr2	62293374	62293685	68.669677880186	-7.92126505317879	3.72415087345334	-2.12699896495695	NA	NA	LOC105374764	Exon
chr2	62476060	62476583	46.0718265592461	0.350772931087218	3.76305386127274	0.0932149642334857	NA	NA	TMEM17	Intron
chr2	67204164	67204638	39.3393682719413	-1.8977464712161	3.74221511502444	-0.507118488083951	NA	NA	LOC101927661	Intron
chr2	67555963	67556236	55.5640079196794	8.27513642054356	3.6153563487138	2.28888541609115	NA	NA	LOC124906017	Intron
chr2	67812086	67812513	21.2446755606399	-0.652350980207309	3.43595843779714	-0.189859974157762	0.849418857911905	1	LINC01812	Intron
chr2	68441029	68441359	61.5271270153422	7.23127037164732	2.95084987181364	2.45057210152235	NA	NA	FBXO48	Intergenic
chr2	69037835	69038035	63.2001070889963	-6.8183428871636	3.24080721474782	-2.10390264997425	NA	NA	ANTXR1	Intron
chr2	70894104	70894682	10.0946410896277	-5.9906311347213	4.25270450189626	-1.40866385897494	NA	NA	VAX2	Intron
chr2	70958974	70959487	30.4199091123692	-6.54281066672087	3.86810644689251	-1.69147637391859	NA	NA	ANKRD53	UTR
chr2	71789457	71789782	115.94810652616	6.52015511039021	2.72811824298401	2.38998259227154	NA	NA	LOC124907827	Intergenic
chr2	73021263	73021687	53.1470095160572	20.7984363517249	3.60644329571895	5.76702159061086	NA	NA	LOC105374800	Intron
chr2	73234273	73234763	51.8427839341805	7.49315831890181	2.60716620439289	2.87406238477484	0.00405228911380193	0.0334232590930601	CCT7	Promoter
chr2	73402012	73402639	5.46254768674192	0	4.40735632388476	0	NA	NA	ALMS1	Intron
chr2	73612855	73613513	81.5426424192008	-9.42441707081477	3.30509625299713	-2.85148036528997	0.004351617371811	0.0338643816563722	LOC124905592	Intron
chr2	74270797	74271404	89.5328739688293	0.691106383452505	2.9899121668564	0.231146048741337	0.817201341878202	1	MTHFD2	Intron
chr2	75352430	75352627	60.3845996110555	8.63475865473772	3.23490429314271	2.66924702317825	NA	NA	LOC105374810	Intron
chr2	75724929	75725491	25.8496586594633	-5.96148249332849	3.29541224154776	-1.80902480671995	NA	NA	GCFC2	Exon
chr2	76635189	76635667	10.9474193327522	-4.57451873409964	4.26211641679538	-1.07329746228264	NA	NA	LOC105374814	Intron
chr2	77557337	77557804	5.71257205497386	0.765426173838894	4.09535843347157	0.186900899218742	0.851738334148009	1	LRRTM4	Intron
chr2	77830820	77831441	23.3175705684147	-5.06034033746768	4.07512783449292	-1.24176235519182	NA	NA	LINC01851	Intron
chr2	78699393	78699935	47.0758694934466	-4.50761932867415	3.3895988218434	-1.32983859317685	NA	NA	NA	NA
chr2	78778046	78778414	58.3369777882641	7.94914783243733	3.576929388772	2.22233848322244	NA	NA	NA	NA
chr2	78864405	78864870	13.8886578719658	0	4.40735632392284	0	1	1	LOC105374821	Intergenic
chr2	79230527	79231123	46.4992287156955	6.78974911061747	4.104983387014	1.65402596563403	NA	NA	CTNNA2	Intron
chr2	79632485	79632991	66.7310628071385	2.0071484734017	3.6197053633179	0.554506036248737	0.579232575761306	1	MIR4264	Intron
chr2	80493366	80493873	33.7000203091619	-8.45940838792787	3.20071209086436	-2.64297698380094	0.00821806214799127	0.0463110945959546	LRRTM1	Intron
chr2	80992021	80992483	4.94336027159366	-6.44247449235532	4.25118579494662	-1.5154535235824	NA	NA	LINC01815	Intergenic
chr2	81048006	81048507	59.9724172803883	-24.1859023849579	3.97067827203285	-6.09112618247351	NA	NA	NA	NA
chr2	81718023	81718634	87.834122201419	-0.234513419031554	3.32746506783618	-0.0704781009719378	NA	NA	LOC105374828	Intron
chr2	82517119	82517615	29.7767580956987	-21.7244677178094	4.24884799105357	-5.11302540442791	NA	NA	LOC124906132	Intron
chr2	82637487	82637966	54.5260461976553	4.3402871077904	3.85052638092487	1.12719318825908	NA	NA	LOC105374831	Intergenic
chr2	84262653	84262982	64.1547441425266	-7.06613028627403	3.51229349938362	-2.01182796583318	NA	NA	NA	NA
chr2	84287940	84288328	80.2138688032459	6.11615797466187	3.31845091382103	1.8430762224593	NA	NA	NA	NA
chr2	84290252	84290625	34.7483652372851	-14.9547725277354	4.29727741428989	-3.48005750757579	NA	NA	FUNDC2P2	Promoter
chr2	84295942	84296394	74.3762657237672	-8.20352145383306	3.80632422206765	-2.1552345452529	0.0311434849086292	0.0869033770504264	NA	NA
chr2	85369562	85369913	61.3326886180305	0.325497568110196	4.02895351819087	0.0807896061944032	NA	NA	ELMOD3	UTR
chr2	85418598	85419085	62.4485548802413	-6.41177157996936	3.03192463113977	-2.11475295728543	NA	NA	SH2D6	Promoter
chr2	85538976	85539463	81.1295324211158	-6.81650176224073	2.28205346608169	-2.98700353149251	0.00281726468047279	0.0298373941159164	PARTICL	Promoter
chr2	85943461	85943985	32.6886198534439	-23.3422824788914	3.95534787039175	-5.90144868258566	NA	NA	LOC124906031	Intergenic
chr2	86224394	86224885	80.3896706649222	8.12997026771018	2.84079150077226	2.86186799189594	NA	NA	MRPL35	Exon
chr2	88891438	88891751	78.1117727220889	-23.923012538591	3.36322630531679	-7.11311412519939	1.1345338668378e-12	1.05738556389283e-09	MALLP2	Intergenic
chr2	88899792	88900327	15.175078399015	0.908246624379045	4.08618958286593	0.222272267588238	NA	NA	NA	NA
chr2	90234090	90234751	1.74437647855704	3.69676582371195	4.28950319609353	0.861816778007909	0.388788350672897	NA	KMT2CP4	Intergenic
chr2	95195713	95196175	41.0494807867361	0.386646682266483	4.23342591783464	0.0913318644924461	NA	NA	ZNF892	Intergenic
chr2	95343769	95344381	11.1936734505585	20.5150217553996	4.24917256163005	4.82800391319711	NA	NA	KCNIP3	Intron
chr2	96125117	96125824	80.6852875756925	8.48039695042879	3.00782304808641	2.81944676094694	NA	NA	ADRA2B	Intron
chr2	96696139	96696421	47.2616051837329	7.34320348241158	3.64138919292999	2.01659396822205	NA	NA	LMAN2L	Intron
chr2	96802903	96803386	32.3127154147436	-1.94691044079809	3.6550620902925	-0.532661386510752	NA	NA	MIR3127	Intron
chr2	99380242	99380805	24.6930232436803	-0.781632231738681	3.69767147399147	-0.211384985723176	NA	NA	TXNDC9	Intron
chr2	100112017	100112719	50.7235681221976	-23.0681340379515	3.65740314059927	-6.30724400651436	NA	NA	AFF3	UTR
chr2	100953794	100954105	67.4139380018809	0.561924482695938	2.9207111022903	0.192393038207476	NA	NA	NPAS2-AS1	Intron
chr2	101443503	101443971	24.7434063203826	6.77720788413032	3.90381068236881	1.73604932092095	NA	NA	LINC01870	Intron
chr2	102252054	102253096	70.4063920107142	-23.3344812611624	3.89416073058417	-5.99217209446357	NA	NA	CFAP144P2	Promoter
chr2	104508781	104509281	127.758386563782	23.6224084378371	3.29141781016463	7.17697047299368	NA	NA	LINC01103	Promoter
chr2	104575342	104575558	46.334877864559	7.34216809841145	2.54133284628692	2.88910132694303	NA	NA	LOC105373524	Intron
chr2	104782853	104783226	37.665395338095	0.278497922524263	3.6953054461988	0.0753653321975701	0.9399240416349	1	LOC124900520	Intron
chr2	105365829	105366632	15.8998601482231	8.65700085472926	4.24840751317142	2.03770491128495	0.041579452735542	0.106754958538637	C2orf49	Intron
chr2	106900291	106900885	1.49225789397232	5.24196003947963	4.26164080213394	1.23003328597164	0.218684640480905	NA	ST6GAL2	Intergenic
chr2	107274882	107275233	47.0309573375942	9.25495972498645	3.69061527037073	2.5077010327486	0.0121519434807599	0.0544500544426357	LINC01789	Intron
chr2	107820867	107821553	21.2573624095981	-8.76183201418629	4.12608697366375	-2.12352092190782	0.0337102241983476	0.0914669182196082	RGPD4-DT	Intron
chr2	108088684	108089394	35.0388789191201	6.6455024534841	3.48728465127545	1.90563808751705	NA	NA	LINC01593	Intergenic
chr2	108883072	108883777	41.689163403531	0.170644373093066	2.76934046895369	0.0616191382049671	0.950866135819075	1	CCDC138	Exon
chr2	108927101	108927512	42.8333024120999	-6.36349605711757	3.61769425368191	-1.75899222291688	NA	NA	EDAR	Intron
chr2	109394240	109394674	115.587774728831	8.31428489639693	2.45211745726438	3.39065523625955	0.000697257538097677	0.0229267034668706	MIR4266	Intron
chr2	111006835	111007210	42.6537161718923	7.11876562057974	2.82193397747519	2.52265491588466	NA	NA	ACOXL-AS1	Intron
chr2	112339189	112339694	40.7338403519173	-7.90439636249369	3.89938599728799	-2.02708743581456	NA	NA	ZC3H6	UTR
chr2	112633607	112633994	63.5385050816485	0.302314925864601	3.10505218913615	0.0973622687961029	NA	NA	LOC107985934	Intron
chr2	113196670	113197462	171.408816400846	8.65633990592889	2.87884423607539	3.00688026029839	NA	NA	PAX8-AS1	Exon
chr2	114652300	114652638	21.3549035258614	-22.395007436209	4.24808742357058	-5.27178591286752	NA	NA	DPP10-AS3	Intron
chr2	115238893	115239460	88.686968429259	-7.14980103479386	2.96342203629351	-2.41268403461575	0.0158355407150238	0.0602396895771518	DPP10-AS1	Intron
chr2	116142829	116143157	39.3596517322555	-6.64484286249014	4.04912801354537	-1.64105526924845	NA	NA	LOC105373576	Intergenic
chr2	117438747	117439752	36.1556989540925	5.83731752264996	2.86810948764647	2.03524919386532	NA	NA	LOC124907878	Intergenic
chr2	118484959	118485167	94.8848851008462	-10.0541402646343	3.42145542090222	-2.93855655789403	NA	NA	LOC105373579	Intron
chr2	118495328	118496182	43.6498769546788	8.2296478426161	3.2693580552087	2.51720603973148	NA	NA	NA	NA
chr2	119187612	119187966	52.206304228666	-16.0446258289473	3.91517554223846	-4.09806039495589	4.16626587990533e-05	0.00554708542867396	C1QL2	Intron
chr2	119473318	119474495	48.2400914198612	-7.03654835382359	4.24979152753256	-1.65573965410699	NA	NA	SCTR-AS1	Promoter
chr2	121863531	121863842	65.4886620956411	-21.5053344273552	4.24920633278953	-5.06102381082476	NA	NA	LOC105373595	Intergenic
chr2	122274611	122274874	3.51687625897473	-0.718881501212152	4.11021757282355	-0.174901082114324	0.861157359976988	NA	LOC105373592	Intron
chr2	122363633	122364334	14.4793379202392	-15.2609712249113	4.40735632387952	-3.46261343613761	NA	NA	LOC105373593	Intron
chr2	122937467	122938288	13.5506004547367	0	4.40735632387962	0	NA	NA	LOC105373596	Intergenic
chr2	123302875	123303123	98.9765340307736	0.853163696256072	2.99029586053578	0.285310797341374	NA	NA	LINC01826	Intron
chr2	123784297	123784547	39.7837613352903	2.52509002776312	3.64135908310278	0.693447136120262	NA	NA	CNTNAP5-DT	Intron
chr2	124615757	124616240	44.5877349568211	1.26112315270908	3.90603796246874	0.322865052727755	NA	NA	CNTNAP5	Intron
chr2	127183101	127183483	52.9665470337645	-8.35062854311559	3.72785238576104	-2.2400641653655	NA	NA	LOC124907883	Intergenic
chr2	127198568	127199270	35.416223245108	-7.86884803146129	3.839528315829	-2.04943091551659	NA	NA	NA	NA
chr2	128033166	128033807	111.63405863267	10.6937097023849	3.17660341923021	3.36639746644115	NA	NA	SAP130	Intergenic
chr2	128268850	128269429	62.3200535453715	0.308693024395336	3.27075143303008	0.0943798483975155	0.924807422992312	1	NA	NA
chr2	128278718	128279052	25.9729427081602	13.4855720336793	4.40735632388874	3.0597871019833	NA	NA	NA	NA
chr2	128314114	128315001	15.7209174237701	-22.2945805699855	4.11616157572803	-5.41635214260077	NA	NA	HS6ST1	Intron
chr2	128631051	128631752	64.1891941213884	-9.3957817052648	3.6877920439904	-2.54780681589031	0.0108402482288078	0.051563705295896	LOC105373611	Intron
chr2	130135124	130135649	121.783529511679	-1.52675142178111	3.10735694825728	-0.49133441931651	NA	NA	POTEF	Exon
chr2	131317379	131317801	54.371476538564	-5.51359566947382	4.10025655276072	-1.34469528882564	NA	NA	LOC440910	Intron
chr2	131608477	131609003	40.5515313183347	6.75119855740059	3.57756222459123	1.88709465652187	NA	NA	LINC01087	Intron
chr2	132161948	132162450	29.9970058177498	-7.45059052271309	3.53854252061694	-2.10555348121523	NA	NA	MIR663B	UTR
chr2	132934133	132934853	19.5443390916407	0.134297224299073	4.0450992214655	0.0331999827313056	NA	NA	NA	NA
chr2	133014488	133014959	36.3639572091664	19.7795731829367	3.83041654186219	5.16381781635704	NA	NA	NCKAP5-AS1	Intron
chr2	134555863	134556179	41.0715172114203	3.75683773710994	3.5326420005793	1.0634640409342	NA	NA	LOC124906076	Intron
chr2	134918168	134918906	15.7607378882804	4.98902757214373	2.89329767039115	1.72433953934275	NA	NA	CCNT2-AS1	Promoter
chr2	135432805	135433181	33.8218269849863	-5.85838371594673	3.85273458328959	-1.52057806975757	NA	NA	ZRANB3	Intron
chr2	136287144	136287586	32.5503208452292	-4.73075211416964	3.39065915050851	-1.39523081034558	NA	NA	CXCR4	Intergenic
chr2	136693047	136694344	64.700425393308	1.14167202925259	2.96141847563185	0.385515265284824	NA	NA	THSD7B	Intergenic
chr2	137723927	137724233	113.990117633155	8.04295620325135	2.73404452194898	2.94177952797853	NA	NA	HNMT	Intergenic
chr2	138325070	138325453	152.988747881663	-1.91380571096186	3.36791265387993	-0.568246836436538	NA	NA	SPOPL-DT	Intron
chr2	138541933	138542261	79.9868308603636	8.1585675252565	3.29926958642567	2.472840521679	NA	NA	LINC02631	Intron
chr2	138649941	138650396	96.6785386685618	9.38281956516148	3.51775655601293	2.66727370577232	NA	NA	LOC124905958	Intergenic
chr2	139267928	139268479	37.8255076437396	8.9428010594946	3.99376133805312	2.23919265637792	0.0251433834649482	0.076580501272326	LOC105373641	Intron
chr2	139444137	139444508	31.2947852828532	-6.77754128756092	3.8735083526272	-1.74971645096985	NA	NA	LOC105373645	Intron
chr2	139982823	139983238	11.2763663571156	-0.653154223835188	4.40735632388	-0.14819637348046	NA	NA	NA	NA
chr2	140009669	140010019	52.8742447561919	0.421840649382476	3.99114636815734	0.105694106522391	NA	NA	LINC01853	Intergenic
chr2	141215162	141215491	146.678333204271	10.4365388827959	3.29540932296258	3.16699318960881	NA	NA	LOC105373648	Intron
chr2	141650997	141651456	22.0510292309066	-8.81371867170682	4.0410083012111	-2.18106918242789	0.0291782998339478	0.0841924936385121	NA	NA
chr2	142426892	142427244	27.0801294340241	-21.3748144315093	4.24941412286345	-5.03006151283415	NA	NA	LRP1B	Intergenic
chr2	142831816	142832164	57.8138664428997	-15.1970750333593	4.01667299160129	-3.78349819991217	NA	NA	LOC105373652	Intergenic
chr2	144008073	144008551	49.4753531701829	7.39878117535528	2.72357164321704	2.71657299479589	NA	NA	QTMAN-AS1	Intron
chr2	145547701	145548424	48.1768420680611	-0.686927295129238	3.42641744044663	-0.200479745118183	0.841105397488854	1	LOC124908059	Intergenic
chr2	145801634	145802188	7.86315676560608	-6.18203989158238	4.21949269010362	-1.46511449257436	NA	NA	LOC105373665	Intergenic
chr2	147724934	147725483	25.8381643604865	-5.19471589799015	3.89593106827155	-1.33336956094935	NA	NA	ACVR2A	Intron
chr2	149533130	149533557	99.021676040763	8.68638571043475	2.80329150217929	3.09863804876586	0.00194412373157585	0.0275914938086224	MMADHC-DT	Intergenic
chr2	150878643	150879144	62.1481284838562	7.20605779559476	2.82159569168363	2.55389452742428	NA	NA	LOC105373686	Intron
chr2	151406295	151406678	16.5018052131156	-7.42595214259126	3.83191606793365	-1.93792139779191	0.0526328129424315	0.12513719811823	RIF1	Intergenic
chr2	151745570	151746045	55.1624441619529	5.70424267027844	3.52613216106804	1.6177052956945	NA	NA	NEB	Intergenic
chr2	154166676	154167012	40.5724404619714	-0.448112759264629	3.23905903953873	-0.13834658578142	NA	NA	GALNT13-AS1	Intron
chr2	154360630	154360937	132.226882658743	9.5362876650951	3.13073037511044	3.046026493022	NA	NA	NA	NA
chr2	154616976	154617271	45.007124736335	0.655832737075619	3.51528307258225	0.186566123846709	NA	NA	NA	NA
chr2	154874746	154875303	20.9050346166828	21.472113299516	4.24824238021542	5.05435221858203	NA	NA	KCNJ3	Intron
chr2	156215184	156215483	35.6931354133843	1.14149798824664	4.00703582706879	0.284873417036969	NA	NA	LINC01876	Intron
chr2	156623565	156624184	42.7102477900609	9.1046408235434	4.09771235205533	2.22188383207931	NA	NA	LINC01958	Intergenic
chr2	157118933	157119660	12.7301584458863	-7.05665190458712	4.14413191698411	-1.70280580974425	0.0886044152659625	0.188107779106781	LOC105373709	Intergenic
chr2	157444292	157445241	5.38354554811861	7.0941997080687	4.25108651654268	1.66879683122475	0.0951576509375935	0.200196231769384	LOC105373712	Intron
chr2	158330437	158331015	17.0922493326645	-7.36434920587913	3.83176258287026	-1.92192210415154	NA	NA	CCDC148	Intron
chr2	158459674	158460169	42.0603126829388	0.264458356158917	3.8290801032556	0.0690657675022432	NA	NA	PKP4	Promoter
chr2	158968968	158969350	31.0002838899862	-5.36350809120346	4.12511804302451	-1.30020717837955	NA	NA	TANC1	Promoter
chr2	159045170	159045747	29.9458223811091	3.95503415976831	3.61233577966588	1.09486891612665	NA	NA	NA	NA
chr2	159462646	159463166	113.371140344967	1.67071788552655	2.91247562417189	0.573641843269189	NA	NA	BAZ2B-AS1	Exon
chr2	160161676	160162362	3.06839747573565	-5.71525537832828	4.25389193768498	-1.34353562856103	0.179098597371129	NA	PLA2R1	Intron
chr2	160192999	160195184	102.621577767242	7.39658655296701	3.81330085900264	1.93968082416177	NA	NA	LINC02478	Intron
chr2	161826855	161827278	20.2813320505884	-6.90461592817093	3.3114902930594	-2.08504791411964	0.0370649514877318	0.0972249842195009	DPP4-DT	Intron
chr2	162467529	162468080	14.4271748064411	-21.5541544883385	4.2491279469399	-5.07260660481198	NA	NA	NA	NA
chr2	162560085	162560294	49.2876817921026	8.45719474525585	3.06424758603517	2.75995803465693	NA	NA	LOC124906084	Intron
chr2	162787235	162788063	46.9927492134646	-1.59335469673941	2.89485041947928	-0.55041002672118	NA	NA	KCNH7-AS1	Intron
chr2	164126150	164126821	14.5333456461999	5.14242202546963	4.1755990731173	1.23154113587599	NA	NA	FIGN	Intron
chr2	164943118	164943573	27.3737853319638	-17.7244407041183	4.28020771832037	-4.14102349011082	NA	NA	NA	NA
chr2	165048785	165049205	43.1626283793764	8.33230085873199	3.68934253009519	2.25847852043085	NA	NA	SLC38A11	Intron
chr2	166438992	166439441	63.4562193298714	-8.63533708823404	3.7030677489558	-2.3319414263131	NA	NA	SCN7A	Intron
chr2	169187108	169187519	44.4708391167598	-4.32913815807557	4.05899743681562	-1.06655355798201	NA	NA	DHRS9	Intron
chr2	169520155	169520377	56.106128759659	7.96310255275051	2.57675560808286	3.09036003560895	NA	NA	KLHL41	Intron
chr2	169539672	169540216	4.261166017479	-4.75528138973939	4.26034546818741	-1.11617272008755	0.264348209200144	NA	NA	NA
chr2	169584835	169585321	51.6591702785157	8.27678477496468	3.60204892613749	2.29779909842589	NA	NA	NA	NA
chr2	169634195	169635319	51.1468311807666	13.7245088061614	3.68492463298667	3.72450190250907	NA	NA	PPIG	Intron
chr2	170295649	170296724	40.2321997109284	-23.4742110879169	4.24754981501688	-5.52652990788375	NA	NA	LOC124906090	Intron
chr2	170616900	170617734	60.4129837234152	-1.16175038455188	3.23280150454663	-0.359363351853798	NA	NA	LOC100130256	Intron
chr2	171219368	171219957	25.9523506687839	-6.88367758202999	3.8265425197513	-1.79892881014619	NA	NA	TLK1	Intron
chr2	171316979	171317987	71.4454893533663	2.18095520569393	3.77676392509994	0.577466648418121	NA	NA	LOC107983995	UTR
chr2	172065499	172065850	25.9050170715192	-7.17962882168267	4.18751745714603	-1.71453107841511	NA	NA	DLX2	Exon
chr2	172102722	172103241	55.752833312243	0.399957851007812	3.17246315379788	0.126071708832617	0.89967516183928	1	DLX2-DT	Promoter
chr2	172659061	172659599	29.2664360582029	-6.56052980431513	3.82816299297605	-1.71375404243561	NA	NA	LOC124906146	Intergenic
chr2	173995087	173995698	37.5847139252911	-0.653103159206895	3.89013114595458	-0.167887182900265	0.866672033570981	1	LINC01960	Intergenic
chr2	174295183	174295625	9.15699954037781	-5.0532589186576	4.12822141860722	-1.22407652261115	NA	NA	LINC01305	Intergenic
chr2	174431298	174431690	12.203257072542	-19.1976390078697	4.25894766676379	-4.50760152741142	NA	NA	SCRN3	UTR
chr2	174884565	174885165	22.8190331490761	2.95287898352889	4.18551748797147	0.705499138879483	0.480499667648157	0.907803129758494	CHRNA1	Intron
chr2	176590353	176590938	22.2903694787959	21.1976153523482	4.2485204312509	4.98941118334388	NA	NA	MIR1246	Intron
chr2	176991165	176991832	17.3476541235853	7.80262619081799	3.55454057382335	2.19511524169361	0.0281553321501327	0.0822594657176289	LOC105373756	Intron
chr2	177351634	177352133	93.7511487322086	2.04821055403387	2.97956729389276	0.68741879340403	NA	NA	LOC124906145	Intron
chr2	177873904	177874417	61.1125760206849	-0.308309878217732	3.00531239165502	-0.102588296336124	0.918289731997945	1	PDE11A-AS1	Intron
chr2	179050869	179051646	31.4516267690782	-5.43817967343702	4.03840637695725	-1.34661526498837	NA	NA	CCDC141	Promoter
chr2	179397124	179397515	13.8314972463506	-5.94778718172586	4.25287471213459	-1.39853336491555	NA	NA	SESTD1	Intergenic
chr2	180042735	180043334	42.5170861982873	8.25912797342384	3.50539574437435	2.35611855998814	NA	NA	CWC22	Intergenic
chr2	180062185	180062872	26.3894616027041	-7.69578403889332	3.87144158367584	-1.98783421435133	NA	NA	NA	NA
chr2	180602705	180603213	17.350491913169	-7.14477271040014	4.24959371824288	-1.68128371418865	NA	NA	SCHLAP1	Intron
chr2	181079844	181080237	13.945352062824	-7.32565964283275	4.16954472415473	-1.75694473317296	NA	NA	LOC107985831	Intron
chr2	181255400	181255654	82.1642959136909	-0.0683437464592646	3.53779706909001	-0.0193181647009629	NA	NA	MIR4437	Intron
chr2	182791463	182792118	29.3181641038658	-17.6391781447887	4.28467843706787	-4.11680325696966	NA	NA	FRZB	UTR
chr2	183691182	183691890	5.34047127785617	0	4.40735632388231	0	1	1	NA	NA
chr2	184103105	184103475	39.6367874298574	-0.653092759586053	3.58770572618384	-0.182036323330435	0.855554220214596	1	LOC105373777	Intron
chr2	185013062	185013622	39.4654813895045	3.15043089494097	3.62022700114471	0.870230207648528	NA	NA	LOC105373781	Intron
chr2	185901388	185901851	32.9593865567233	-5.69852633388374	3.86635988402561	-1.47387374812882	NA	NA	NA	NA
chr2	185905472	185905718	37.8960017414113	-8.52060392847724	3.81684605085564	-2.23236772323241	NA	NA	FSIP2-AS2	Intergenic
chr2	186176016	186176245	36.5073188896208	2.69647956688574	4.08490631012313	0.660108056873515	NA	NA	LINC01473	Intron
chr2	186351593	186352024	19.0652114997436	-7.61529733180164	3.28550397376485	-2.31784754868985	0.0204576078973963	0.0685323374716678	NA	NA
chr2	186486201	186486584	84.3380031737154	0.339835030676342	2.82342033019155	0.120362890017614	NA	NA	LOC105373785	Promoter
chr2	186799742	186800281	47.4834747969462	7.75157706402908	3.17800402857833	2.43913380672985	0.0147225157176995	0.0572445309794465	ZSWIM2	Intergenic
chr2	188354614	188355016	58.4202497766096	-7.66508744078694	3.24568087698432	-2.36162695326623	NA	NA	LINC01090	Intron
chr2	188802767	188802962	57.4572457824723	7.63944186816539	2.69113751518603	2.83874080200516	NA	NA	DIRC1	Intron
chr2	190596839	190597173	41.1622217310586	-22.0645082851847	4.0455410853508	-5.45403144342839	NA	NA	NAB1	Intron
chr2	190814991	190815415	11.1529388970733	-4.67961572416371	4.1819670116048	-1.11899871787079	NA	NA	LOC124907946	Exon
chr2	191219272	191219817	9.12577709942821	-15.0538461549744	4.40735632389513	-3.41561812766483	NA	NA	MYO1B	Intron
chr2	193867315	193868017	20.0032275562961	21.0787688916463	4.24862930962248	4.96131042637827	NA	NA	LINC01821	Exon
chr2	194770302	194770713	73.810181957508	7.65800124788959	2.56035062284404	2.99099708436927	NA	NA	LINC01790	Intergenic
chr2	195255471	195255862	121.627870940947	-0.634980644050419	3.21708881078087	-0.197377405908883	NA	NA	LOC105376755	Intergenic
chr2	197537534	197538027	53.9607890169213	21.9620368557368	4.1397114139359	5.30520962930023	NA	NA	NA	NA
chr2	197571684	197572131	41.2701675202675	0.772676323750924	3.88628405737744	0.198821370837299	NA	NA	HSPD1	UTR
chr2	199260689	199261458	37.3594439644417	8.98094022661397	3.96173713405993	2.26691976845279	NA	NA	SATB2-AS1	Intergenic
chr2	199457929	199458343	10.7462918044116	-0.14601470205613	3.76024014091813	-0.0388312173116895	NA	NA	NA	NA
chr2	203238839	203239253	69.9707642481237	0.0971982748274409	2.94268246264466	0.0330305005930156	0.973650264949846	1	CYP20A1	Promoter
chr2	203469254	203469528	77.3799461067143	-24.0810593171364	3.66258857706903	-6.57487424820374	NA	NA	RAPH1	Intron
chr2	203754777	203755404	5.14177442817691	6.55897730025182	4.25290431157585	1.54223486345534	NA	NA	CD28	Intergenic
chr2	204191672	204192165	42.0666477659447	3.06975878382277	3.59447901087017	0.85402050604258	0.393093627532235	0.761669980998011	LOC124907966	Exon
chr2	204952769	204953194	28.6993295060255	-15.8827998221432	4.38007110786231	-3.62615113568208	NA	NA	LOC124907968	Intron
chr2	206326674	206327527	17.6126149633011	-5.45070556564949	3.61974090035504	-1.50582754835156	NA	NA	ADAM23	Intergenic
chr2	206393421	206393852	17.1758711487439	3.8529336350957	3.36751106241736	1.14414876853586	NA	NA	NA	NA
chr2	206926986	206927539	27.6074994536539	-9.06912555153714	3.48709597074695	-2.60076740864533	NA	NA	CPO	Intron
chr2	207506875	207507862	51.0218588025869	2.58396884157092	3.3488913034911	0.771589343278242	NA	NA	CREB1	Intron
chr2	207529795	207530262	119.940404974821	-5.1256848465467	2.62227846652507	-1.95466839696054	NA	NA	MYOSLID-AS1	Promoter
chr2	209303155	209303966	1.20300423117443	4.70136251710395	4.26826115233695	1.10147021217993	0.270692061977886	NA	MAP2	Intron
chr2	211562573	211563004	7.01343155208824	7.24036950972004	4.25069630467829	1.70333728658792	NA	NA	NA	NA
chr2	212112782	212113296	68.8522711701892	8.5717993579428	3.23560497605859	2.6492107106302	NA	NA	MIR548F2	Intron
chr2	212871438	212871890	13.4079110887686	-7.13103984070095	3.7638090762151	-1.89463378622593	0.058140935466499	0.134459930160737	MIR4776-1	Intron
chr2	212881555	212882053	51.4524929281985	5.39708151496011	2.60542223628106	2.07148056073392	NA	NA	NA	NA
chr2	214252361	214252914	27.9473299167528	7.91539313434618	3.57555579023625	2.21375181893699	NA	NA	LOC101928084	Intron
chr2	215069331	215069609	48.5075096889926	-16.049944501263	3.36173957041127	-4.77429740320409	NA	NA	LOC124906117	Intron
chr2	215388259	215388877	2.48366445612419	-5.3936006189736	4.25559810557742	-1.26741306043555	0.20500763224817	NA	FN1-DT	Exon
chr2	215688388	215688733	35.3799886299161	-8.5253315223371	3.47471456765518	-2.45353434256046	0.0141460031098238	0.0572445309794465	LINC01614	Exon
chr2	215843728	215844099	34.6992596429915	22.0027843104495	4.24779355735887	5.17981488820989	NA	NA	LOC105373870	Exon
chr2	216707498	216707803	45.0948980282025	7.00739350627838	3.01600207514149	2.32340473636765	NA	NA	IGFBP5	Intron
chr2	216827243	216827874	56.4886506370064	21.7887469579111	3.85638173028538	5.65004931612376	NA	NA	LOC105373874	Intron
chr2	216973425	216974052	155.431326329509	4.26881600538515	2.77360075838028	1.53908813028954	NA	NA	LOC105373876	Intron
chr2	217434302	217434703	117.859177780494	-6.73569057617545	3.00266319277768	-2.24323879960191	0.0248814195309118	0.0765329472039927	LOC124907981	Intron
chr2	217701991	217702394	36.1449315814307	-15.1827133016764	4.00867106333799	-3.78746798172904	NA	NA	DIRC3	Intron
chr2	217971958	217972490	38.9296359639619	-16.0594196432245	4.02581357497936	-3.98911160294024	NA	NA	TNS1-AS1	Intron
chr2	218001379	218001645	87.4467394143133	7.87587720065755	3.33686216892955	2.3602644646195	NA	NA	LOC124907982	Intron
chr2	218162293	218163075	25.2577149359914	3.33702958353033	3.98437895725161	0.837528161686756	NA	NA	CXCR1	UTR
chr2	218246702	218248087	79.452632051486	0.823151848430064	3.60545022503129	0.228307644553024	NA	NA	GPBAR1	Intron
chr2	218350339	218351099	1.38008064999482	0	4.40735632392705	0	1	NA	CATIP	Intron
chr2	218644856	218645626	18.0890327185154	-0.0929562132117647	3.59227972041088	-0.0258766634133749	NA	NA	BCS1L	UTR
chr2	219004306	219004760	39.2921298685715	-8.05303224498134	3.90718482313502	-2.06108300720717	NA	NA	CFAP65-AS1	Promoter
chr2	219037250	219037855	97.2122875618448	1.56706663989608	2.81238771536056	0.557201495134244	0.57738976831187	1	CFAP65	Intron
chr2	219245074	219245775	54.7320873245188	2.22821233761768	2.622090457157	0.849784694321192	0.395444800647796	0.764636004572086	GLB1L	Promoter
chr2	219263877	219264366	18.8774653754899	-22.1329768712332	4.24839963250664	-5.20972102103641	NA	NA	TUBA4B	Intron
chr2	219855423	219855825	51.1341660901325	9.27839173395209	3.34487095790544	2.7739161990758	NA	NA	LINC01803	Intergenic
chr2	220220086	220220462	38.0544500137251	-15.0696543942921	4.00970422811226	-3.758295758734	NA	NA	LOC105373895	Intron
chr2	220747094	220747451	50.7761890965322	2.7581581508333	3.09294062913495	0.8917591643538	0.372522033878129	0.726340032582461	LOC107985990	Intron
chr2	221517706	221518852	21.9725580138875	-0.653099923337371	4.20773657543207	-0.155214070945092	0.8766525557122	1	EPHA4	Intron
chr2	222193520	222193964	17.0770654209604	0	4.40735632387964	0	NA	NA	CCDC140	Intergenic
chr2	222756663	222757327	6.4743840562563	7.36100038381875	4.25040292002066	1.73183590410835	0.0833027835012144	0.179958340067808	LOC105373903	Promoter
chr2	222982085	222982657	40.140774185827	-1.97596854531518	3.46242125171885	-0.570689815496671	NA	NA	ACSL3-AS1	Intergenic
chr2	223309891	223310773	72.2873632866106	-4.36380324672517	2.97672065659572	-1.46597674089976	0.14265462347043	0.289030671900959	NA	NA
chr2	223358611	223358966	49.2955852098601	-22.6224737713056	4.24799580031214	-5.32544635982063	NA	NA	LOC105373907	Intergenic
chr2	224071818	224072373	30.5830749654705	-0.653101560360939	3.90865273834306	-0.167091221472337	0.867298273162898	1	SERPINE2	Intergenic
chr2	224983254	224983863	12.7249175807104	-0.65283620691894	3.49550262738203	-0.186764616282919	0.851845190832786	1	MIR4439	Exon
chr2	225134434	225134768	83.5376088291491	-8.89152723137651	3.45110870349026	-2.5764263010273	NA	NA	DOCK10	Intergenic
chr2	225226577	225227272	26.7519350983111	-1.952586423815	4.06744464001807	-0.480052366196759	NA	NA	NYAP2	Intergenic
chr2	225801834	225802027	42.949980997045	7.62053608078898	2.73746405005638	2.78379403032966	NA	NA	NA	NA
chr2	225829310	225830061	7.52271053255482	-6.99257847755399	4.24987622773236	-1.64536050060099	NA	NA	LOC105373914	Intron
chr2	226219259	226220673	17.6101791702853	-8.45916657225907	4.24807517107287	-1.99129399353888	NA	NA	LOC646736	Intergenic
chr2	226551695	226552167	39.1369304873212	-0.856892012708023	4.08279329911895	-0.209878862320298	NA	NA	NA	NA
chr2	226624510	226625164	24.4533825634755	-7.98718856608929	3.50644110507346	-2.27786189094482	0.0227348074468162	0.0728905401991312	MIR5702	Intron
chr2	227217159	227217594	52.4745593845967	-0.653096533312338	3.62517993673836	-0.180155618399439	0.857030399667485	1	COL4A3	Intron
chr2	227426981	227427438	41.1718378749952	6.02789499178114	3.18437034969891	1.89296291882353	NA	NA	SCYGR1	Intergenic
chr2	227750895	227751620	33.1808743364001	0.13004923134871	4.25583976389982	0.0305578307839155	NA	NA	SCYGR8	Intergenic
chr2	227794750	227795509	59.7778809992196	-4.1979270173524	3.60565838702922	-1.16426088296489	NA	NA	CCL20	Intergenic
chr2	229120514	229121153	30.3218528207449	-7.38539296434769	2.66512057889198	-2.77112901488988	0.0055862288223606	0.0405907211660211	PID1	Intron
chr2	229238311	229238797	19.1216946377177	-1.35995754861679	3.47574677484195	-0.391270606495384	NA	NA	NA	NA
chr2	230398245	230398697	44.7641064646283	2.952234516963	4.10973507436139	0.718351539343871	0.472540559043036	0.895137806967703	LOC105373925	Promoter
chr2	230989147	230989704	72.9076638715058	0.788344133248443	3.37787573087611	0.233384587254775	NA	NA	SPATA3	Promoter
chr2	231532319	231532917	25.4635854791276	-9.01795677997359	3.71423696710312	-2.42794330567634	0.0151847167607727	0.0584799835580172	LOC105376787	Promoter
chr2	231925129	231925656	22.5530966559245	2.00512507964923	3.73158595802321	0.537338574591336	NA	NA	NPPC	Promoter
chr2	232502723	232503262	38.1811849661837	8.973212827135	3.78262161213674	2.3722205780097	NA	NA	LOC124906124	Exon
chr2	232697185	232697761	91.8853571055266	1.09767273505543	2.50809142453821	0.437652600824763	NA	NA	GIGYF2	Promoter
chr2	232981128	232981572	113.165049677924	8.29310491934507	2.86489348783346	2.89473411649123	NA	NA	NGEF	Intron
chr2	233294444	233294781	49.5265887027354	2.49121248441393	3.47282305170382	0.717345066916583	NA	NA	DGKD	UTR
chr2	235138585	235139403	6.80680932282297	0	4.4073563238816	0	NA	NA	LOC124907998	Intergenic
chr2	235691187	235691779	28.7758444286051	1.27039487823974	3.97885758545918	0.319286340602494	NA	NA	LOC105373942	Intron
chr2	236332499	236333494	81.8624003163801	6.26163031859701	2.61049567226978	2.3986365444355	NA	NA	IQCA1-AS1	Exon
chr2	236706613	236707074	57.3666525499686	-23.1198888309908	4.24770532870494	-5.44291259441946	NA	NA	LOC105373949	Intergenic
chr2	236847122	236847514	111.926930160777	1.09969115292863	2.7749586528398	0.396291004841905	NA	NA	LOC105373948	Intron
chr2	237074517	237074762	38.0985180314852	5.99061845122978	2.82670788719611	2.119291660226	NA	NA	LOC105373950	Intron
chr2	237085938	237086411	36.14587653782	-8.65047826634347	3.84800204034447	-2.24804409551953	NA	NA	COPS8	Promoter
chr2	237475983	237476543	19.133420445867	-6.20105422654558	3.84894117175501	-1.61110652250319	NA	NA	MLPH	Intron
chr2	238137419	238138052	6.35412362839882	4.35054346201862	4.26094642427341	1.02102749690416	NA	NA	KLHL30	Promoter
chr2	238502383	238502858	27.2737029521531	-9.11404214674852	3.74104512334658	-2.43622887354951	0.0148412907114548	0.0573945350335097	LINC01937	Intron
chr2	238746425	238746673	42.7866079212135	8.21258771641521	2.59814006870128	3.16094879385021	NA	NA	LOC105373963	Intergenic
chr2	238990866	238991480	37.8963559752069	-18.0493953149116	4.02387768429065	-4.4855725573809	NA	NA	LINC01940	Intron
chr2	239026879	239027131	43.3842736655764	7.18108275869845	3.01390831700356	2.38264804479452	NA	NA	MIR4440	Intergenic
chr2	239422533	239422743	69.8541158754186	9.0313114527494	2.63441918011199	3.42819833720065	NA	NA	HDAC4	Intergenic
chr2	239473764	239474110	70.2187097914128	-16.0542537831333	3.80006408348527	-4.22473238093633	NA	NA	LOC124908011	Intron
chr2	240225059	240225667	54.4606182503931	-21.9296094869935	4.03498542798244	-5.43486708400795	5.48372938285597e-08	1.02216715696435e-05	LOC105373968	Intergenic
chr2	240964972	240965681	2.66411847821689	3.56651212147076	4.2934913892624	0.830678764231425	0.406155125961513	NA	UICLM	Promoter
chr2	241031935	241033360	13.961766855951	19.1544729600213	4.25329519338258	4.50344311625077	NA	NA	LOC107985787	Intron
chr2	241200440	241201157	18.6305834417118	6.94526729307844	4.20478748075418	1.65175227639156	NA	NA	ANO7	Intron
chr20	316567	317087	27.6484917132668	8.06826858127903	3.51647105843493	2.29442200638215	NA	NA	SOX12	Exon
chr20	388910	389420	15.4175912505741	-4.49440040654563	4.0492821900265	-1.10992521529259	NA	NA	RBCK1	Intron
chr20	452240	452731	54.9191432912134	-8.40472092788468	3.86481585792217	-2.17467564739379	NA	NA	TBC1D20	Intron
chr20	993986	994502	47.0029482751261	3.92618762377865	2.94259798662411	1.33425892412948	NA	NA	NA	NA
chr20	1036586	1038242	51.9718608345158	-22.4084681889978	3.9631899137326	-5.65414947977931	NA	NA	RSPO4	Exon
chr20	2202527	2203077	27.5134378726636	-9.1330391093259	4.0159974668797	-2.27416455927747	0.0229560942463046	0.0732708213614927	LINC03086	Intergenic
chr20	2335423	2335886	88.9803614080797	-7.6790954623994	3.10798755055948	-2.47076133268843	NA	NA	LOC105372503	Intron
chr20	2557995	2558935	31.52460793618	4.966617568928	3.59941198612844	1.37984137077627	NA	NA	TMC2	Exon
chr20	2943069	2943437	30.6697355922346	-21.514149613243	4.07772048121352	-5.27602362946673	NA	NA	PTPRA	Intron
chr20	3213585	3213995	53.8105649816528	8.66187035797346	3.70270448630788	2.33933612309703	NA	NA	DDRGK1	Exon
chr20	3235119	3235686	37.0975727419382	-8.51212201559632	3.85127523807413	-2.21020869436818	NA	NA	SLC4A11	Intron
chr20	3258810	3259554	118.689220751296	3.79388182374742	3.15265429369689	1.20339290969281	NA	NA	NA	NA
chr20	3655052	3655568	54.0133374524311	-2.62196768854389	3.35952063773813	-0.780458872343522	NA	NA	GFRA4	Intergenic
chr20	4412124	4412547	38.6852755502669	-8.66281268524196	3.39351265448791	-2.55275685322269	0.0106874075679845	0.051563705295896	LOC105372510	Intergenic
chr20	4570951	4571425	33.4756973614562	-3.31532149236625	3.9239273755286	-0.844898790187123	NA	NA	NA	NA
chr20	4789760	4790159	49.7807581559321	-7.16440878412363	3.3593131181683	-2.13270050516461	NA	NA	LOC107985392	Intron
chr20	4896241	4897501	159.145990465106	6.48069704914581	3.04395805148049	2.12903625462046	NA	NA	RASSF2	Intron
chr20	4987721	4988299	6.01942345786253	4.84299313325014	4.26628082712316	1.13517917115547	NA	NA	SLC23A2	Intron
chr20	4999879	5000924	17.8599071853551	5.78296486858382	2.97738707197626	1.94229528401403	NA	NA	NA	NA
chr20	5370735	5371526	24.8853035265301	1.27044192105755	3.92085896856111	0.324021325746327	0.745921888877662	1	LOC124904863	Intron
chr20	6206997	6207306	15.0286232047516	17.7110063436571	4.26356038395082	4.15404139937271	NA	NA	FERMT1	Intron
chr20	6278924	6279471	29.9791446050958	-0.122253517894965	3.71151061008362	-0.0329390188358402	NA	NA	NA	NA
chr20	6909262	6909653	59.9713612693185	8.03028832022399	4.14158914331977	1.93893890541425	NA	NA	LOC105372517	Intergenic
chr20	7021119	7021453	80.8156531764947	1.26233725794171	2.61438528934698	0.482842855292006	NA	NA	LINC01428	Intergenic
chr20	7720197	7721227	208.177489058098	9.49472685438774	3.00737468927899	3.15714795640049	NA	NA	HAO1	Intron
chr20	8329949	8330470	11.7806291313069	-6.45023258227958	4.25116364496915	-1.51728635285843	NA	NA	PLCB1-IT1	Intron
chr20	8451198	8451984	5.46690861979504	-2.08281429505286	4.10623408601432	-0.50723223552862	NA	NA	LOC124904868	Intron
chr20	9064167	9064743	39.2557021645535	8.98035311313951	4.00704362321801	2.24114183861255	NA	NA	PLCB4	Intergenic
chr20	9178072	9178450	36.0201166666399	-7.63029086781838	3.58396997937837	-2.12900524047967	NA	NA	NA	NA
chr20	9209165	9209881	3.32986646900338	-2.98608808553954	4.29218345765587	-0.695703740298735	0.486614382676884	NA	NA	NA
chr20	10705980	10706857	23.881933621546	-21.722391763897	4.24888927657857	-5.11248713484693	NA	NA	JAG1	Intron
chr20	10990136	10990387	65.3188990581776	-0.653096641393025	3.57242442520574	-0.182816083325657	0.854942328618087	1	NA	NA
chr20	11014643	11015131	115.419185351954	-1.53626191931655	3.21257510146258	-0.47820264765706	0.632505978247438	1	LINC02871	Intron
chr20	11837052	11837399	66.1742961411893	-6.29022736761413	3.65491623666485	-1.72103188152789	NA	NA	LINC00687	Intron
chr20	11887690	11888324	41.4407443458493	-4.12750779966668	3.76034939499834	-1.09763943881297	NA	NA	BTBD3	Promoter
chr20	12058886	12059339	58.7597320314043	-0.252257587175316	2.97076090084045	-0.0849134600849062	0.932330190836838	1	BTBD3-AS1	Intergenic
chr20	12503441	12504141	25.5074021392408	-20.2028322828906	4.25157872308416	-4.75184245635587	NA	NA	LOC124904871	Promoter
chr20	13460646	13461131	60.8590375612903	0.308643801287801	3.54396104704074	0.0870900659434512	0.930599921612037	1	TASP1	Intron
chr20	13846120	13846467	92.4882976166059	1.34405382611129	2.91059021212536	0.461780507785683	NA	NA	NDUFAF5	Intergenic
chr20	14050534	14050982	16.4010933261947	-0.0100018305494219	3.72457034568979	-0.00268536492027768	NA	NA	MACROD2	Intron
chr20	15898610	15899032	14.9519986215658	0.603026898287328	4.22148223719355	0.142847195464743	NA	NA	LOC613266	Intron
chr20	15938769	15938992	89.7490049918732	1.12145640842417	4.11790327711922	0.272336753185887	NA	NA	NA	NA
chr20	16529272	16530046	50.6004519725694	0.140713947340136	3.82216663447965	0.0368152309401582	NA	NA	KIF16B	Intron
chr20	16646097	16646694	94.7961793827556	-5.09023120587669	3.61603521604198	-1.4076829736875	NA	NA	LOC105372541	Intergenic
chr20	17191574	17192143	44.7085314285452	1.61248058101444	2.82165188164592	0.571466874245965	NA	NA	PCSK2	Intergenic
chr20	17562861	17563486	15.1380898729105	0.308704689781725	3.33869410770646	0.0924627054240053	0.92633042100835	1	BFSP1	Exon
chr20	17860489	17860897	53.5562788713439	22.1081038338426	4.13360195382635	5.34838721308854	NA	NA	LOC105372548	Intergenic
chr20	17887360	17888009	52.0457777016434	-8.12640065276977	3.80490566132595	-2.135769287362	NA	NA	NA	NA
chr20	18441684	18441917	45.6804020212697	-16.1937021031306	4.35951840956974	-3.71456215612789	NA	NA	POLR3F	UTR
chr20	18519404	18520428	88.0382122767782	4.75317879237685	2.6920827072184	1.7656139536991	0.0774606374139529	0.170415381251939	SEC23B	Intron
chr20	18553612	18553974	55.1452924497528	-16.0632616551101	3.76657245328614	-4.26468941042027	NA	NA	SMIM26	Intron
chr20	19006297	19006930	23.437578451337	1.27042817742641	4.28145662520678	0.296728027080049	NA	NA	LOC102724734	Intron
chr20	19033583	19034188	191.565823974237	8.31122962030427	2.85178464289292	2.91439595237919	NA	NA	LOC107985442	Intron
chr20	19521251	19521841	1.3291371134146	-4.76679253966087	4.26024000686382	-1.11890234634221	0.263181801886735	NA	RIN2	Intron
chr20	20687621	20687885	52.7362083364435	-7.89182026521088	3.63695455315885	-2.16989795991717	NA	NA	RALGAPA2	Intron
chr20	20698577	20698832	70.7846331537456	-8.65118233536696	3.9931508516292	-2.16650526283957	NA	NA	NA	NA
chr20	20921643	20922256	34.2378841334173	20.8233255563248	3.90898015875168	5.3270481585086	NA	NA	LINC03083	Intergenic
chr20	21312824	21313268	57.0386945604609	-9.22675146836287	3.96751456816579	-2.32557469162072	0.0200412510193151	0.0683272920429638	NA	NA
chr20	21327277	21327628	49.0747518405269	7.49376685437161	4.12265821022592	1.81770267440166	NA	NA	XRN2	Intron
chr20	22346186	22346624	18.7360088161453	-7.46188589734453	4.09136219407198	-1.82381454962754	NA	NA	LINC01427	Intergenic
chr20	23064634	23065075	21.0732288233201	-8.58488763791041	4.08269727333563	-2.10274900712793	NA	NA	LOC124904964	Intergenic
chr20	23634527	23635156	69.5344712726952	7.02578561155757	2.72674240471993	2.5766224192634	0.00997708691644881	0.050823944937943	LOC107985383	Promoter
chr20	23765050	23765331	44.6543365204644	-22.2489722364988	4.1374876362041	-5.377411171411	NA	NA	CST1	Intergenic
chr20	24016817	24017391	27.6405919814687	-8.67883622369132	3.60571501095649	-2.40696677283685	NA	NA	LOC107985438	Intron
chr20	24757675	24758295	36.1995750939185	-7.58210291635388	2.96301985766175	-2.55891059816833	0.0105000740645002	0.0515056264637591	NA	NA
chr20	24759755	24760127	41.5933636391747	-9.71766233546021	2.94915381396603	-3.29506799185623	0.000983978689565261	0.0229267034668706	NA	NA
chr20	24855585	24856024	50.1128476473132	9.03539189387412	3.40983098526957	2.64980637835333	NA	NA	LINC02967	Intron
chr20	24868295	24869511	74.0221575434086	4.33902849584955	3.90078778699916	1.11234671886304	NA	NA	NA	NA
chr20	24980973	24981317	24.0675965916861	-6.21883778642411	4.1818958468419	-1.48708576544786	NA	NA	NA	NA
chr20	25016108	25016619	46.0763825594747	-6.94404101296069	3.61363721955432	-1.92162095724072	NA	NA	APMAP	Intron
chr20	25147298	25147997	21.7453543738164	0	4.40735632387925	0	NA	NA	ENTPD6	Exon
chr20	25193158	25193862	24.0326526296639	-4.88623636270172	3.90123149713764	-1.25248562313894	NA	NA	NA	NA
chr20	25239544	25239991	70.0667569463545	-0.89644691120493	2.94051838524319	-0.304860161971336	NA	NA	PYGB	Exon
chr20	25513384	25514155	5.16200009288873	-0.556973185098191	4.09719973683816	-0.135939964090697	NA	NA	NINL	Intron
chr20	25524992	25525266	74.8917363308595	9.39221236063606	3.9217779602396	2.39488631326345	NA	NA	NA	NA
chr20	25963912	25964563	14.8230959015896	2.31341966290142	4.0896267144746	0.56567990782959	NA	NA	LINC01733	Intron
chr20	26247161	26247664	13.1573893617646	19.2232166123566	4.25363354781454	4.51924605076365	NA	NA	MIR663AHG	Intron
chr20	29808920	29809635	41.5271161324222	7.65649950301009	3.27988655933744	2.33437936480241	0.0195758663173695	0.0680772664469717	NA	NA
chr20	29884101	29884593	29.1986516943334	6.96194259649912	3.58414202331611	1.94242933209935	NA	NA	LOC124904968	Intergenic
chr20	30417568	30418063	41.0256936825291	-1.65332341491441	3.85819458416388	-0.428522558634172	0.668270713297255	1	MLLT10P1	Exon
chr20	30723898	30724800	30.6766530346322	17.8043481604301	4.26246570596541	4.17700678166455	NA	NA	LOC124904986	Exon
chr20	31563763	31564304	99.8980341394434	6.53050971371376	2.99816048982465	2.17817216118931	0.0293932218296194	0.0843449638863	LOC107985416	UTR
chr20	31786963	31787498	22.4742704096403	3.73757047849788	3.41699687096642	1.09381735472318	NA	NA	MYLK2	Intron
chr20	31820446	31820940	19.2174694429291	-0.0750944441545539	4.02624222095193	-0.0186512484926451	NA	NA	NA	NA
chr20	31977780	31978256	57.2359617146002	7.07194939679971	2.7519927848915	2.56975579137593	0.0101770228581451	0.0508803061896664	XKR7	Intron
chr20	32233112	32233733	26.9486471203117	-19.398431577907	4.25732681713625	-4.55648166352323	NA	NA	NA	NA
chr20	32241587	32242394	26.971831995208	16.6243372121128	4.2826869197436	3.88175403050663	NA	NA	MIR1825	Intergenic
chr20	32284840	32285481	4.1148430644626	-6.39748778183454	4.25131660782306	-1.50482506291397	0.132369058367724	NA	KIF3B	Intron
chr20	32535940	32536404	47.9017047789077	21.89584388559	4.12586572582465	5.30696957696402	NA	NA	LOC105372592	Promoter
chr20	32585077	32585821	85.3935458254555	3.31271380484879	2.525692077098	1.31160636519677	NA	NA	NOL4L	Promoter
chr20	32686611	32687352	20.642897447298	-1.64922984418414	3.961445265182	-0.416320240160727	NA	NA	COMMD7	Intron
chr20	32744538	32744762	55.9456214725579	6.23629794558276	2.39124827982151	2.60796756163197	NA	NA	C20orf203	Promoter
chr20	32781985	32782965	22.0688551092246	-4.01807739094675	3.61471880633227	-1.11158781809193	NA	NA	DNMT3B	Intron
chr20	33020281	33020799	60.9886292355264	-4.50604981921269	3.02197035489604	-1.49109663233864	NA	NA	BPIFB6	Exon
chr20	33787264	33787673	36.2230328765107	-7.32028399770773	3.46588739045006	-2.11209516439516	NA	NA	CHMP4B	Exon
chr20	34040882	34041383	63.1342407111142	9.67421496363982	3.27807552549593	2.95118733183435	0.00316554861720853	0.0309086259980258	MIR4755	Intron
chr20	34844944	34845254	93.6027677280476	1.11946244355485	3.77742409131923	0.296356039589903	NA	NA	NCOA6	UTR
chr20	34912835	34913200	61.6397547326387	-10.2869812802712	3.07569232082068	-3.34460674451544	0.000823993144004068	0.0229267034668706	GGT7	UTR
chr20	34980898	34981549	31.7452312770969	1.18509561162901	3.69989308043931	0.320305367172474	0.748736854906647	1	MIR499A	Exon
chr20	35235631	35236118	117.283324214065	9.47628586808976	3.58417892462355	2.64392098368389	NA	NA	MMP24	Exon
chr20	35362113	35362714	58.146426931427	-6.93422730394623	3.16241654739257	-2.1926989060513	NA	NA	UQCC1	Intron
chr20	35585482	35586314	14.3596754894948	0	4.40735632388251	0	NA	NA	FER1L4	Intron
chr20	36097788	36098366	44.0268173976414	7.09063187884674	3.33333957213176	2.1271855823294	NA	NA	EPB41L1	Intron
chr20	36362210	36363472	51.4007531226278	2.19250835643447	4.08346189671673	0.536923916982631	NA	NA	DLGAP4	Intron
chr20	36434729	36435152	61.2457192802811	-7.30703988974789	2.79074238462421	-2.61831401207311	0.00883654476909183	0.0476049695074774	MYL9	Intron
chr20	36532851	36533418	4.40634405794712	-6.49616571617874	4.25103491227442	-1.52813746540207	0.126478411126412	NA	NA	NA
chr20	36885938	36886664	17.2333689256903	4.67786934805802	4.06881017975166	1.14968974746901	NA	NA	TLDC2	Intron
chr20	37184901	37185719	8.75115735124465	-21.4622375767346	4.2492802493802	-5.05079362084088	NA	NA	RBL1	Intron
chr20	37200043	37200440	19.860020765089	-1.50089192554002	3.63933527905935	-0.412408258776297	0.680040210812169	1	NA	NA
chr20	37299099	37299537	21.6392605308873	-6.17737791503781	4.2022584586723	-1.47001379753057	NA	NA	NA	NA
chr20	37363277	37363990	85.6752273649005	8.88696783277576	3.94522475593944	2.25258847912192	NA	NA	NA	NA
chr20	37425828	37426748	72.6450041666254	-16.0618402144447	3.62401660577535	-4.43205480594322	NA	NA	NNAT	Intergenic
chr20	37451369	37452336	22.7652179697739	8.26041302209244	4.24801226064249	1.94453605951765	NA	NA	NA	NA
chr20	37542697	37543328	3.65427043721985	-0.6531209128353	4.40735632388515	-0.148188815434728	0.882193758353482	NA	BLCAP	Intergenic
chr20	37799103	37799736	48.2162980784662	22.7169572308528	4.03515240912747	5.62976436267123	NA	NA	LOC124904895	Intron
chr20	38112024	38112463	23.9760224221865	21.05277388639	4.1160977389991	5.11474100503486	NA	NA	TGM2	Intron
chr20	38142858	38143580	78.4317864893572	-7.51071958589753	2.43199876776366	-3.08829086817507	0.00201311328217417	0.0275914938086224	NA	NA
chr20	38281798	38282637	78.5679784622799	1.98434622524579	3.55885585539027	0.557579825055371	NA	NA	KIAA1755	Intron
chr20	38851603	38852275	2.7670140848405	-5.16932740597397	4.25703342824804	-1.21430275169377	0.224632135265664	NA	PPP1R16B	Intron
chr20	38876769	38877039	61.8790647178536	-9.33502105342147	3.26435897439076	-2.85967968800481	0.0042406909763112	0.0336117708346267	NA	NA
chr20	38919763	38920047	63.1465677836435	-23.119088979893	3.92944388672836	-5.8835523922297	NA	NA	FAM83D	UTR
chr20	38967683	38968600	43.3320619805228	-9.01883592177405	3.79507212722776	-2.37645968756915	NA	NA	DHX35	Intron
chr20	39294139	39294622	72.2669991686805	-0.648612088161514	3.0670248652432	-0.211479240195232	0.832513329815925	1	NA	NA
chr20	39316547	39316909	60.8145422403176	2.65929858220155	3.3716652372249	0.788719637062879	0.430275888049338	0.825138122761283	NA	NA
chr20	39330552	39331453	15.7200388234018	5.14241464086191	4.26268111577732	1.20638032758971	NA	NA	LINC01734	Intron
chr20	39549252	39550208	61.9907359453675	-5.75206938366142	3.42833365740739	-1.67780325909448	NA	NA	LOC102724950	Intron
chr20	39744779	39745290	46.9078157247249	-7.58707071663217	4.12661716386106	-1.83856907858478	NA	NA	LOC105372614	Intron
chr20	39783273	39783831	24.4069742192148	-8.96607686335439	4.24777254274726	-2.11077141563601	0.0347919641698927	0.0934470046292219	LOC105372613	Intron
chr20	39803384	39803777	3.10516805246075	-2.0192417235776	4.12452344430864	-0.489569704437956	0.62443841871312	NA	NA	NA
chr20	39819440	39819908	86.5565112269106	8.21164637162344	2.6749642309857	3.06981539285762	NA	NA	NA	NA
chr20	39940094	39940552	9.39823431570728	-0.653145767559463	4.40735632388114	-0.148194454807389	NA	NA	LINC01370	Intergenic
chr20	41116144	41116548	63.3537623900654	-22.308027899927	4.24821140021299	-5.25115767515914	NA	NA	PLCG1	UTR
chr20	41381539	41382001	84.6735099703278	4.3327772680601	3.18381355208185	1.36087657056016	NA	NA	EMILIN3	Intergenic
chr20	41548832	41549293	24.7421299343561	0.308689284874501	3.75988878874087	0.0821006423910418	0.934566682296255	1	CHD6	Intron
chr20	41849969	41850317	43.762729806357	21.7580765857826	4.24797015426537	5.1219937512827	NA	NA	LOC124900463	Intergenic
chr20	42306362	42307597	129.45837706599	1.07898362361583	3.12503320694701	0.345271090629447	NA	NA	LOC105372622	Intron
chr20	42344867	42345236	75.4668051342554	9.40197630858511	3.88170956350804	2.42212256088737	NA	NA	LOC105372624	Intron
chr20	42551791	42552494	64.5090761758656	6.94633283225954	3.40841982032059	2.0379921483986	NA	NA	NA	NA
chr20	42562202	42562738	69.767092754344	9.3796369667711	3.70731104797177	2.5300377673739	NA	NA	NA	NA
chr20	42672882	42673281	32.426144358755	13.7761893564062	4.21036173094359	3.27197286996973	NA	NA	NA	NA
chr20	42757644	42758162	53.2921976014345	-2.60238436189126	3.7998108864145	-0.684872073817038	0.493424649609022	0.927160833539533	NA	NA
chr20	42799856	42800516	85.4706395319774	-5.79718859400692	3.23536091312629	-1.79182129897377	NA	NA	LOC101927159	Intron
chr20	43007600	43008575	6.39484294695142	-5.91551897058634	4.2501109226316	-1.3918504900864	NA	NA	PTPRT-AS1	Intron
chr20	43636317	43636877	36.5431404767034	-2.74839589605475	3.41748659331415	-0.804215560474066	NA	NA	MYBL2	Intron
chr20	44431770	44432270	93.5560927233994	-8.36828955628089	3.05380997697402	-2.74027841266434	NA	NA	LINC01430	UTR
chr20	44462669	44463146	137.744314232573	-0.0137831078579608	2.65878588370026	-0.00518398564640291	0.995863796415174	1	LINC01620	Promoter
chr20	44601927	44602422	33.3357570956213	1.11910086167061	3.52233903350622	0.317715259952314	NA	NA	ADA	Intron
chr20	44781916	44782598	40.5310830103391	9.00982350363375	3.03465915543661	2.96897379314991	NA	NA	RIMS4	Intron
chr20	45300639	45301181	42.4624975565279	-1.50371012386011	3.18198365742594	-0.472570033586073	0.636519965935614	1	RBPJL	UTR
chr20	46085675	46086164	52.9631643113201	-0.900878718899917	3.8095549174253	-0.236478732667484	NA	NA	NCOA5	Intron
chr20	46429275	46429829	20.5027751981088	-6.67338203182304	4.24921346047704	-1.57049818605108	NA	NA	ELMO2	Intron
chr20	47024501	47024952	19.6739271912824	-2.70337765205578	3.80525218268245	-0.71043324391449	NA	NA	EYA2-AS1	Intron
chr20	47202265	47202738	73.5555256109703	9.52116703420318	3.47071195879744	2.74328931563141	NA	NA	MIR3616	Intron
chr20	47370121	47370750	51.126106463684	-21.9895839666754	4.24849738789477	-5.17584970849465	NA	NA	ZMYND8	Intergenic
chr20	47637781	47638363	27.1456949965633	-22.7932988561873	3.81496462206344	-5.97470779266593	NA	NA	NCOA3	Exon
chr20	47708906	47709277	44.8488542226405	-5.89103151559089	3.65934040972145	-1.60986157503705	NA	NA	NA	NA
chr20	47767463	47768050	51.6364780819335	8.43710278778899	2.92195589011059	2.8874846524359	NA	NA	SULF2	Intron
chr20	48250086	48250395	47.4672385872036	8.24272237225479	3.44866269959177	2.39012135725263	NA	NA	LOC124904924	Intergenic
chr20	49278134	49278931	142.455526567508	6.24356165452148	2.42186765839065	2.57799456253954	0.00993755616870933	0.050823944937943	SNORD12C	Promoter
chr20	49290888	49291950	61.9784080884762	-0.377534123022877	4.33523802400437	-0.0870849814779388	NA	NA	SNORD12	Exon
chr20	49346668	49347203	96.4526961438129	8.77897025426738	3.00491206736571	2.92153981795666	0.0034830575030806	0.0315426873288724	LOC124904925	Intron
chr20	49482714	49483241	12.0483733756958	-6.87396711760027	4.15355213363341	-1.6549610782391	NA	NA	KCNB1	Promoter
chr20	49601130	49601706	29.5764794533228	-2.72738739156101	4.27728221620737	-0.637644946883902	NA	NA	LOC105372651	Exon
chr20	49735833	49736329	35.3544062714465	-9.49606087294801	3.66982141060745	-2.58760844478701	0.00966447690863767	0.050823944937943	B4GALT5	Intergenic
chr20	49823791	49824475	55.9446578332992	8.6269364512052	2.88706942422127	2.98812920078365	NA	NA	SLC9A8	Intron
chr20	50087680	50088170	22.8463953693094	1.27043125874978	4.23739928854603	0.299813912317358	0.764319102732964	1	UBE2V1	Intron
chr20	50443659	50444093	30.6830421187649	21.7623755278767	4.24799736937514	5.12297292949543	NA	NA	LOC124904928	Intergenic
chr20	50456414	50456859	53.7085422544504	-6.07558878158972	3.17650221990974	-1.912666310607	NA	NA	PTPN1	Intergenic
chr20	50879098	50879799	43.2936425356938	-21.204062662182	4.24974501614896	-4.98949056510612	NA	NA	ADNP-AS1	Intergenic
chr20	50980875	50981332	139.894326584437	0.762686785451513	3.17408786366883	0.240285341241294	NA	NA	DPM1	Intergenic
chr20	51151652	51152117	15.0919798801523	-3.54094829324826	3.6541645335689	-0.969017202350747	NA	NA	LOC105372662	Intergenic
chr20	51183383	51184129	2.94231025842097	4.67744794540232	4.26861442373781	1.09577663407381	0.273176536322023	NA	NA	NA
chr20	51265012	51265591	38.1369128431823	14.4818615143191	3.9828805257585	3.63602709663534	NA	NA	LOC105372663	Intron
chr20	51910462	51911029	28.9247255897326	-6.79109519085409	3.48218361007315	-1.95024040984198	0.0511474714513239	0.122543556279264	LINC01429	Intron
chr20	51971705	51971968	92.5806588134886	0.261247048324427	2.94016003979225	0.0888547034136573	NA	NA	LOC105372664	Intron
chr20	52530744	52531337	19.3910668768606	1.27043284829524	4.24624192084523	0.299189935942783	0.764795127763355	1	LOC124904931	Exon
chr20	52918327	52918611	90.1073109909946	8.78359690050385	2.75769477023403	3.18512294954182	0.0014469252008362	0.0259333516765258	LOC105372668	Intergenic
chr20	53044008	53044742	61.5756866400654	-9.47540375801628	3.89504561643718	-2.43268107516633	NA	NA	TSHZ2	Intron
chr20	53197423	53197865	56.8725001419902	9.51440729175622	2.67963690095093	3.55063303105723	0.000384305858752166	0.0198985033531677	LOC105372670	Intron
chr20	55444257	55444676	16.7885843044083	-1.5770369424756	4.08727569147806	-0.3858406091284	NA	NA	LINC01441	Intron
chr20	56581157	56581405	62.0658308648938	7.87035032886406	3.88182018679026	2.02748966983238	NA	NA	LINC01716	Intron
chr20	56946086	56946578	72.3721867451263	-8.10938398132949	2.66474620540897	-3.04321063104203	0.002340684355461	0.0290644638773276	NA	NA
chr20	57032112	57032940	73.8646423618366	-8.22641599287371	3.10290234561369	-2.65120041708779	NA	NA	LOC105372683	Intergenic
chr20	57595902	57596664	59.1587752140618	-8.98458544590645	3.62104093258251	-2.48121620638479	NA	NA	ZBP1	Intron
chr20	57660011	57660531	116.124041148783	-7.993854005024	3.34087117449106	-2.39274536116819	0.0167228425946974	0.0618479734057855	NA	NA
chr20	57667806	57668415	28.4263454524009	20.9331240720825	4.12182198954365	5.07860944145239	NA	NA	NKILA	Intron
chr20	57796267	57796639	28.3661462525489	-5.38049505774339	4.25126446151354	-1.26562228872203	NA	NA	PMEPA1	Intergenic
chr20	57882851	57883384	77.4899692124962	8.5330741652244	2.64789974485584	3.22258204140919	0.00127040778526181	0.0241571499357196	LOC105372693	Intergenic
chr20	57946603	57947296	54.0993647507503	-2.27355865893486	3.75157286268492	-0.606028122643932	NA	NA	NA	NA
chr20	58457024	58457816	46.1916861078438	-0.597694500968144	4.08233834438231	-0.146409839299731	NA	NA	APCDD1L-DT	Intergenic
chr20	59260755	59261028	30.3987624850227	6.94532908735874	3.43995147719658	2.01901949297811	NA	NA	NA	NA
chr20	59319832	59320414	30.8610670600052	13.4156189850287	4.40735632388281	3.04391521791225	NA	NA	EDN3	Intron
chr20	59340518	59341441	80.0116550428625	1.15337677506368	2.97784740979376	0.387318964454111	NA	NA	NA	NA
chr20	59380383	59380891	53.3876021154208	-8.54655408017719	3.79710678438577	-2.25080688152406	0.0243977715050055	0.0760492409453682	NA	NA
chr20	59440728	59441324	43.6290009390627	22.3006589646567	3.8480273830963	5.79534830303429	NA	NA	PHACTR3	Intron
chr20	59646897	59647533	77.4786648921194	-7.96091070369166	3.31392854696614	-2.40225780093532	NA	NA	PHACTR3-AS1	Intron
chr20	60059324	60059677	43.6358186637208	-6.25841433915284	3.72915524027543	-1.67823915495956	0.0933004207930836	0.196733013979986	MIR646HG	Intron
chr20	60077579	60078029	23.7346703525516	-6.57373041592654	4.1302186061287	-1.59161803352781	NA	NA	NA	NA
chr20	60113650	60114595	38.9323400813196	-7.78803972815827	3.18767998660688	-2.44316862447922	0.0145589329977481	0.0572445309794465	LOC105372698	Intron
chr20	60275426	60275880	36.137321279965	8.70531673805623	3.86676771732208	2.25131618303803	NA	NA	MIR646	Intron
chr20	60642556	60643119	97.122768187862	8.67289305815165	3.17053434609992	2.73546730973603	NA	NA	MIR548AG2	Intron
chr20	61170618	61171322	12.8546323299546	-7.55033639317003	4.24897139126066	-1.77697981414976	NA	NA	LINC01718	Intergenic
chr20	61206143	61206560	41.2139064511374	0	4.23764870830147	0	NA	NA	NA	NA
chr20	61277352	61278776	81.3835443944293	-1.63684613315962	2.75767454214421	-0.593560301676102	NA	NA	LOC105372703	Intron
chr20	61789602	61790503	7.56533535087876	16.0023727080177	4.30265840717666	3.71918269907887	NA	NA	CDH4-AS2	Intron
chr20	61804457	61805054	23.6845706039001	0	3.93307245638499	0	NA	NA	NA	NA
chr20	61839041	61839911	70.2902599655727	-7.16751550106856	3.31078916681053	-2.16489638570777	NA	NA	MIR1257	Intron
chr20	62039980	62040370	39.4854794785	-1.74371902239549	3.97976731482628	-0.438145972981741	NA	NA	LOC105372705	Intron
chr20	62470521	62471271	29.8055214012202	0	4.40735632387876	0	NA	NA	GATA5	Intron
chr20	62545718	62546255	7.83986512681468	7.04890085607694	4.25121545961797	1.65809070912401	NA	NA	MIR1-1HG	Exon
chr20	62561095	62561473	44.6874508445055	-15.3113115735145	3.95599619291338	-3.870406043601	NA	NA	MIR133A2	Intron
chr20	62563744	62564145	48.4387159147458	-6.75643212877827	4.09645248658148	-1.64933735980338	NA	NA	NA	NA
chr20	62657563	62658850	11.5182918186433	3.36156042643439	3.42870675073805	0.980416428354741	NA	NA	SLCO4A1-AS2	Exon
chr20	62717498	62718153	31.7721273836209	19.1861692755393	4.25290463912502	4.5113095410215	NA	NA	NTSR1	Intron
chr20	62764512	62764857	44.4450227399383	4.28013053602388	3.15750017279858	1.35554403857096	NA	NA	LINC00659	Intergenic
chr20	62965925	62967432	44.9466134133783	-0.435965488383964	2.8864348016464	-0.151039437348556	NA	NA	SLC17A9	Exon
chr20	63296826	63297312	61.8908840750611	-3.79640761697831	2.9856434979417	-1.27155422929615	NA	NA	COL20A1	Intron
chr20	63372788	63373128	56.282042476901	5.54649160526731	3.61231685991114	1.53543883894054	NA	NA	CHRNA4	Exon
chr20	63539237	63540143	69.7341324586512	-0.184195425936204	2.64913024971875	-0.0695305283519976	0.944567333336959	1	PTK6	Promoter
chr20	63894831	63895369	25.8312149784002	2.57793481952376	3.92645641218416	0.656555058531704	NA	NA	DNAJC5	Promoter
chr20	64017660	64018436	15.831593324482	-1.48133312224826	3.26776393553762	-0.453317054557844	NA	NA	C20orf204	Intron
chr20	64077403	64078194	10.4438545306571	0.308706101447844	3.53032326540938	0.0874441455468373	0.930318480671045	1	MIR6813	Promoter
chr20	64109298	64110358	59.5130353670209	0.0057586171783962	3.44917861624029	0.00166956189258568	NA	NA	NPBWR2	Promoter
chr21	9779271	9779756	5.05196710307769	5.38114362260566	4.26029941221331	1.26309047837792	0.206556665483788	NA	NA	NA
chr21	9790566	9790927	34.9295122637664	-6.01098101296336	3.87127285969747	-1.55271437349242	NA	NA	LOC124904997	Intron
chr21	13035581	13036046	17.5594093860834	-1.07610050035526	3.67641718150995	-0.292703588093147	NA	NA	ANKRD30BP2	Promoter
chr21	14057346	14057662	76.252586000128	-0.282563453416323	2.92108767250759	-0.0967322741031451	NA	NA	LOC105377134	Intron
chr21	16038574	16039338	38.8571058025885	7.08894812350561	3.62573412238777	1.95517594071048	0.0505623072979798	0.122083083942272	MIR99AHG	Intron
chr21	17172000	17172368	35.0338727949219	7.43625602909947	3.88493805042788	1.91412473830321	NA	NA	LOC107985511	Intergenic
chr21	18850895	18851313	70.7439561556434	7.00433163356986	2.96709353423687	2.36067099090335	NA	NA	NA	NA
chr21	18917564	18918251	6.80460102969638	3.95044496807094	4.28268662077303	0.922422142425605	NA	NA	MIR548XHG	Exon
chr21	19035353	19035707	21.2996313881523	-0.742672989795664	4.08465602819225	-0.181820203383037	NA	NA	LOC107985490	Intergenic
chr21	23287968	23288450	144.796454808122	6.44323749628593	2.57113823761531	2.50598641567477	NA	NA	LOC105372747	Intergenic
chr21	23885607	23886166	59.5904988851565	13.6026408086194	4.40735632388271	3.08634923273823	NA	NA	LOC105372750	Intron
chr21	24137791	24138484	17.4792137745576	20.2627532042866	4.24946676461924	4.76830490192155	NA	NA	LINC01684	Intron
chr21	25413426	25414247	17.7776161313927	-3.56841547529285	3.75121521926239	-0.951269193238802	NA	NA	LINC00158	Intron
chr21	26117663	26118130	70.7468683001129	0	4.40735632387864	0	NA	NA	APP-DT	Intron
chr21	26220726	26221122	62.0692602039863	1.2294504099454	4.01428175249281	0.306269087659812	NA	NA	APP	Intergenic
chr21	26358557	26359525	12.2974570623527	-5.88764927183027	4.1500072157871	-1.4187082011407	NA	NA	CYYR1-AS1	Intron
chr21	28067100	28067528	20.5832204548192	-7.71526891392823	4.24810298383701	-1.81616805037047	NA	NA	LINC01697	Intron
chr21	28504182	28504684	63.5649511029111	7.64958801014674	2.8428960546432	2.69077302269035	NA	NA	LINC00161	Intron
chr21	28851917	28852370	57.7664528925019	22.3177917196191	4.2477106410958	5.25407533735906	NA	NA	HEMK2	Intergenic
chr21	31042561	31042799	48.7470086106478	7.47422092934963	3.14365294576468	2.37755918299422	NA	NA	KRTAP19-8	Intron
chr21	31199371	31199583	40.9549921391028	8.0698203984858	2.66774090047394	3.02496407992701	NA	NA	NA	NA
chr21	31279095	31279502	25.4318157701954	-7.19042321435284	3.52099444856903	-2.04215693020337	NA	NA	LOC105372775	Intron
chr21	32025255	32025812	92.872536117182	0.0637814877633397	3.15134757490125	0.0202394328925582	NA	NA	HUNK	Intron
chr21	32315976	32317380	90.6059127096145	-8.39553176661513	3.52083523522634	-2.3845284444489	NA	NA	MRAP-AS1	Exon
chr21	32977065	32977588	20.8702118652626	6.46721101216303	2.87221935358474	2.25164244649054	0.0243448764093735	0.0760492409453682	LINC01690	Intron
chr21	33040059	33040525	66.7834248988365	9.93340325127095	3.33661739120847	2.97708789669565	NA	NA	OLIG2	Intron
chr21	34153098	34153793	27.6988579877754	-2.87648751464486	3.35013287198117	-0.858618933804792	NA	NA	KCNE2	Intron
chr21	34803144	34803540	66.7639715902222	0	3.80446778356193	0	1	1	RUNX1-AS1	Intron
chr21	35412160	35412801	20.4318481984211	7.04130464726101	3.68111885986808	1.91281643307583	NA	NA	NA	NA
chr21	35470089	35470449	19.703711404947	0.308694304184335	3.69198808162236	0.0836119449358259	0.933364969509335	1	NA	NA
chr21	35636314	35637069	67.8704138134113	9.00331494921442	2.91716811908985	3.08632021935829	NA	NA	LOC100506403	Intron
chr21	36547487	36547750	46.7333932194142	6.33655903268233	3.39441921254878	1.8667579447043	NA	NA	CLDN14	Intron
chr21	36646629	36647291	124.638387880182	7.51356658045308	2.75888731355796	2.72340466518124	0.00646128608797251	0.0418353412493955	LOC105369308	Intron
chr21	37779583	37779987	40.9510210299096	4.53864701975141	3.3641374196713	1.34912652295722	NA	NA	LOC101928368	Intron
chr21	38250389	38251371	29.4364264559371	-23.011267390993	4.24775887345012	-5.41727251394163	NA	NA	DSCR10	Intron
chr21	41056376	41056904	86.4156809167137	9.17110393781032	3.31386630108471	2.76749364776979	NA	NA	MIR3197	Intergenic
chr21	41143409	41143977	41.7099754452302	-6.1374680475914	3.59996965955697	-1.70486660388874	NA	NA	NA	NA
chr21	42007312	42008134	84.4600586981289	-0.633914254522927	3.1270001717727	-0.202722807707286	NA	NA	ZNF295-AS1	Promoter
chr21	42102905	42103434	26.970442912998	7.44797390358125	3.94576159136192	1.8875884239652	NA	NA	UMODL1-AS1	Exon
chr21	42347345	42347816	12.1734587514563	-21.5856062445054	4.24909767644227	-5.0800447267145	NA	NA	TFF2	Exon
chr21	42364948	42365528	32.9378442535185	0.308685168493684	3.95247792307293	0.0780991505839181	0.937749182868104	1	TFF1	Promoter
chr21	42704999	42705466	27.5750977402187	-0.995253539661055	3.44659472533757	-0.288764307664162	NA	NA	PDE9A-AS1	Intron
chr21	43024726	43025472	36.1123297259534	7.69489903262865	3.77531121226757	2.03821581850648	NA	NA	PKNOX1	UTR
chr21	43971689	43972288	51.8434336073119	8.45288594270406	4.13115656143878	2.04613062153232	NA	NA	TRAPPC10	Intron
chr21	44012005	44012709	47.95890141002	6.07568593005493	3.65049968185858	1.66434364047434	NA	NA	NA	NA
chr21	44658614	44659259	57.5696564444031	0.202787673203707	3.23036604075707	0.0627754473162372	0.949945317500848	1	KRTAP12-3	Promoter
chr21	45169286	45169550	46.1532805264787	7.36172832503512	3.40687506117351	2.16084481903464	NA	NA	LINC00334	Intron
chr21	45325927	45326692	50.5583989335794	-4.54683209011887	2.55435290479366	-1.7800328535599	NA	NA	LOC124905040	Exon
chr21	45908808	45909340	28.7855688036846	-6.74060605988172	3.38267735397192	-1.99268371012889	0.0462960922566722	0.115111104511362	LOC124905044	Intron
chr21	46346278	46346979	74.8742768284477	-7.51088765062043	2.62408131642638	-2.86229226343075	NA	NA	NA	NA
chr21	46381525	46382034	88.0422605474357	8.22867557906725	2.47964489691004	3.31848951005898	0.000905057218896665	0.0229267034668706	LOC128092249	UTR
chr21	46635389	46636108	3.39418716274096	-2.37933280156835	3.55106651264449	-0.67003329650293	0.50283656476325	NA	PRMT2	Promoter
chr22	16473716	16474098	6.72601524179588	0	4.40735632392328	0	NA	NA	CCT8L2	Exon
chr22	17219235	17219552	99.7481290292629	7.97416941763628	3.01873111134832	2.6415633335672	NA	NA	ADA2	UTR
chr22	19472796	19473432	27.8516951717797	-1.49987555924731	3.86171508344219	-0.388396224692573	0.697722837637429	1	UFD1	Intron
chr22	19669270	19669570	38.4873277825476	8.16026933944859	3.2646926863406	2.49955206307503	NA	NA	SEPTIN5	Intergenic
chr22	20026167	20026650	27.7438281522826	5.8488749865252	3.34233267631054	1.74993800826001	NA	NA	MIR185	Intron
chr22	20227166	20227647	41.2465360723892	0.870252128017589	3.08911226303528	0.281715928045458	NA	NA	LOC105372863	Intron
chr22	20390689	20391129	37.1025680850865	0.681751391079263	3.47007095687648	0.196466124050941	NA	NA	ZNF74	Promoter
chr22	20445857	20446396	37.8155985928629	-9.58832646628708	3.71562689151051	-2.58054071257653	0.00986457239715056	0.050823944937943	SCARF2	Promoter
chr22	20636726	20636984	25.228233164989	6.33548959925828	2.57088034522997	2.4643269030444	NA	NA	LOC124905084	Exon
chr22	21759131	21759489	69.9965811806429	8.11640021394185	3.67009838531482	2.21149390610836	NA	NA	YPEL1	Intergenic
chr22	21920612	21921157	29.1253611659664	7.66349671628467	3.01614839054025	2.540822175832	0.0110592150870689	0.051563705295896	PPM1F-AS1	UTR
chr22	22294336	22294621	4.45261504345529	0	4.40735632392372	0	NA	NA	BMS1P20	Exon
chr22	22318258	22319206	55.6177218256921	9.12320004561088	3.18046763324867	2.86850900485098	0.00412411458766299	0.0334232590930601	NA	NA
chr22	22789933	22790199	53.8793416640472	10.394292897274	3.00039886199326	3.46430370606416	NA	NA	MIR650	Intergenic
chr22	23036915	23037375	48.2082812949295	7.31107539407416	3.12332311792067	2.34080020479644	NA	NA	GNAZ	Intergenic
chr22	23201291	23201525	30.9261874090556	-8.56209094117484	3.64748927299408	-2.34739304226838	NA	NA	BCR	Intron
chr22	23450750	23452036	74.5392446349398	7.19391438884245	3.257675782921	2.20829661028821	NA	NA	LOC124900476	Intron
chr22	23732202	23732582	30.9588143551233	0.413245168035573	4.32775782377324	0.0954871286386532	NA	NA	GUSBP11	Intergenic
chr22	24304118	24304727	116.20175897059	9.66976564747196	2.89866520938071	3.33593738807038	0.000850123078077811	0.0229267034668706	SPECC1L-ADORA2A	UTR
chr22	24588979	24589552	22.6208138101035	0.23653828978501	2.96888790250912	0.0796723546163878	NA	NA	LRRC75B	UTR
chr22	25154747	25155754	36.179298689878	7.68156974573674	2.94940033394472	2.60445137180239	0.00920214782981942	0.0490921190670908	KIAA1671-AS1	Intron
chr22	25980320	25980907	35.2514195596972	-8.51588608053756	3.39631129840395	-2.50739267762042	NA	NA	MYO18B-AS1	Intron
chr22	26684230	26685006	41.7429017850944	8.90283480324444	3.79668413115156	2.3448974146143	NA	NA	LINC01422	Intron
chr22	27122023	27122795	21.0922421176441	1.270441268701	3.96587087462087	0.320343578715848	0.748707891232887	1	LOC107985534	Intron
chr22	27536495	27536861	41.7018028044584	-7.02540926000527	4.22288792176087	-1.66365041890001	NA	NA	LOC105372981	Intron
chr22	27631539	27631916	117.728947970251	-7.53821326110508	3.02897043621966	-2.48870479915058	NA	NA	LOC124905098	Intergenic
chr22	27758234	27758796	82.8088079750625	-3.36947855132561	3.03602466051936	-1.10983240523126	NA	NA	MN1	Intron
chr22	27903954	27904385	25.3148281625186	-8.04320724395479	3.54798833406157	-2.26697680111797	0.0233916429343555	0.073901732931591	TTC28-AS1	Intron
chr22	28386878	28387430	10.3182822116655	-6.80668214075402	4.1400444940765	-1.64410845112725	NA	NA	MIR5739	Intron
chr22	29267718	29268407	22.5526394294636	-1.38555051754662	2.15094422488144	-0.644159202976541	0.519472202977381	0.961692193208205	EWSR1	Promoter
chr22	29483340	29484619	49.8440584708233	0.308692950332357	3.30848732171026	0.0933033499347927	0.925662570831567	1	NEFH	Exon
chr22	29568088	29569443	53.18851135801	6.10526469271952	3.20767505714367	1.903330164046	NA	NA	NIPSNAP1	UTR
chr22	30034933	30035660	1.38061080502663	0	4.40735632389567	0	1	NA	MIR6818	Intron
chr22	31012461	31012867	26.6629164646819	22.1821667120928	4.24788437939229	5.22193278604872	NA	NA	TUG1	Intergenic
chr22	31554930	31555928	33.2014115392172	1.14185118424554	3.91139045271931	0.29192973650884	NA	NA	EIF4ENIF1	Intron
chr22	32281255	32282242	21.8629933799297	-7.72671343900319	3.75199671804646	-2.05936039385083	NA	NA	LOC107985561	Intron
chr22	32562428	32563027	45.9681901270488	7.17886168099198	3.04807922322638	2.35520836410321	NA	NA	SYN3-AS1	Intron
chr22	33036715	33036996	59.7245594104379	7.11666779698833	3.12755971257358	2.27546983943345	NA	NA	SYN3	Intron
chr22	33579074	33580160	2.66237339930535	5.67542342202524	4.25785565891803	1.33292997148415	0.182554785847961	NA	NA	NA
chr22	33655200	33655662	57.7603179608845	19.6219213478781	3.81355948938034	5.14530359432425	NA	NA	SNORA50B	Intron
chr22	34511753	34512707	47.0985581512683	-8.94159226428294	3.32219569746907	-2.69147066534788	0.00711377541726342	0.0439075409860232	LOC105373013	Intergenic
chr22	35225533	35225789	56.9057553063266	-5.66172340922945	3.61411521904289	-1.56655863637043	NA	NA	LINC01399	Intron
chr22	35567870	35568300	121.129418214077	8.49204070092178	3.29312731144714	2.57871618610153	NA	NA	LOC107985590	Intron
chr22	35691377	35691836	39.436534304617	-19.6629443719765	4.25534114762729	-4.620768039465	NA	NA	APOL6	Intergenic
chr22	36066046	36066618	25.0702294046806	8.85649896250134	4.06516982278553	2.17862951576097	NA	NA	APOL3	Exon
chr22	37125107	37125678	16.7923225627323	2.07515363672708	3.96890170823484	0.522853370851051	0.601076295716447	1	TMPRSS6	Intron
chr22	37634504	37634710	42.4039736360488	-0.325027482828356	3.53826511973233	-0.0918606921272605	0.926808722503048	1	SH3BP1	Promoter
chr22	37751412	37752541	94.5519679247035	7.1062450164376	2.93885863868872	2.41802886429689	NA	NA	LOC102724378	Promoter
chr22	38019412	38020103	13.6017170442361	-2.63702307667433	4.09402467167924	-0.644115091664239	NA	NA	MIR4534	Intron
chr22	38201467	38202070	68.7623648814322	-0.659874314498466	3.2424122282695	-0.203513393129116	NA	NA	MAFF	Promoter
chr22	38448917	38449483	27.7291002702423	8.45963844413166	4.07526686717543	2.07584894924809	NA	NA	KCNJ4	Intron
chr22	39036708	39037588	7.35631507178098	-4.04349511624644	4.26880075307354	-0.947220390489091	NA	NA	APOBEC3F	Intron
chr22	39302406	39303010	17.3335784202599	16.2957229452168	4.29121417638007	3.79746204114271	NA	NA	LOC124905119	Intergenic
chr22	39409468	39409736	37.0895221263641	-23.2731168860093	4.14373448601894	-5.61645949192288	NA	NA	TAB1	Intron
chr22	39649067	39650079	30.6000749993168	-22.0107354451639	4.24852408578801	-5.18079573063817	NA	NA	CACNA1I	Exon
chr22	39886011	39886727	20.888055477212	-6.9357907563676	4.24998950684708	-1.63195479546326	NA	NA	ENTHD1	Intron
chr22	40286660	40287088	35.1209170232622	-4.38877666000641	4.25756531326123	-1.03081839903583	NA	NA	LOC124905121	Intron
chr22	40370578	40371100	16.8290496268332	-7.18982907227264	4.10333744920181	-1.75219054276689	NA	NA	SGSM3	UTR
chr22	41284453	41285358	11.0476502066705	-0.354596392367238	3.50284123843181	-0.101231077354219	NA	NA	RANGAP1	Promoter
chr22	42463007	42463414	55.484030298207	8.27533539016335	4.12563701112645	2.00583215824503	NA	NA	NFAM1	Intergenic
chr22	42554204	42554454	74.9972911009045	-17.2762820191732	3.5113885043308	-4.92007136147576	NA	NA	SERHL2	Promoter
chr22	42614689	42615005	93.7574793276717	-0.687088923930134	2.5000260626367	-0.274832704426082	NA	NA	RNU12	Promoter
chr22	43420281	43421110	20.1858111901781	4.96766439843312	3.60019352405294	1.37983260212099	NA	NA	MPPED1	Intron
chr22	43484885	43485392	33.9895972774723	-9.43367069380897	3.46620736499341	-2.72161175037689	0.0064964416201035	0.0418353412493955	EFCAB6-AS1	Intron
chr22	44032731	44033941	34.7346817380279	-7.57177625564547	3.39196060381106	-2.23227128497252	NA	NA	NA	NA
chr22	44063277	44063670	107.614041226075	-4.93290589086146	2.9729656308063	-1.65925426104694	NA	NA	PARVB	Intron
chr22	44197540	44198072	12.3572339468434	-6.89473727904541	4.08925873337876	-1.68606041548969	NA	NA	PARVG	Intron
chr22	44880276	44880976	3.42217729598189	-5.48099611101892	4.25509636040889	-1.28810152503626	0.197710624552363	NA	LOC101927551	Intergenic
chr22	45012869	45013561	4.80730962132192	-3.66609262045325	4.27528063029224	-0.857509234476299	0.391163513511617	NA	PHF21B	Promoter
chr22	45824641	45825115	33.5026203841083	13.7427323828415	4.40735632387861	3.11813508437808	NA	NA	LOC105373071	Intron
chr22	46942166	46942730	1.03617530702793	-2.98410610576131	4.29224515727974	-0.695231981495792	0.486909932879864	NA	TBC1D22A-AS1	Intron
chr22	47286443	47286915	16.015784891046	-1.16742036630869	4.08668486964963	-0.285664396337165	NA	NA	LOC339685	Intergenic
chr22	47642975	47643425	12.0249986655811	-6.94209688348171	4.2499767064533	-1.63344351345282	NA	NA	LINC00898	Exon
chr22	48211642	48212186	12.5499395743484	18.022855901699	4.13705011497417	4.35645094954611	NA	NA	LOC107985581	Promoter
chr22	48349704	48350031	94.1396573563718	1.12695766598068	3.86074213740586	0.291901822466162	NA	NA	LOC105373080	Intron
chr22	48732166	48732549	33.9060279392391	-9.02313584943836	3.62178141407454	-2.49135296083129	NA	NA	MIR4535	Intron
chr22	49637466	49637933	19.9583321460115	-5.31218741595751	4.25609359581387	-1.24813688805678	NA	NA	MIR3667HG	Intron
chr22	49829026	49829876	24.1612618571352	0	4.2433735057311	0	NA	NA	BRD1	Promoter
chr22	50268779	50269263	62.1412277250291	-23.6279409660024	3.68251836888755	-6.41624524282824	NA	NA	MAPK11	Promoter
chr22	50561041	50561636	80.3533340076161	1.68625303986865	3.14665377029726	0.535887696252438	NA	NA	SYCE3	Promoter
chr22	50619014	50619568	42.5675123407296	-1.53825626020737	3.63060127699894	-0.423691874388061	0.671790541896731	1	ARSA	Intergenic
chr22	50713943	50714309	94.0059759372729	8.28540305612823	2.47806470567763	3.34349746281649	NA	NA	LOC105373100	Intron
chr22_KI270733v1_random	88582	88996	26.9826305843645	20.4246957571778	4.24966044065761	4.80619476364969	NA	NA	LOC107987392	Intergenic
chr22_KI270733v1_random	139040	139447	2.92141074237837	-0.653115063966356	4.40735632388671	-0.148187488364997	0.882194805639513	NA	NA	NA
chr22_KI270733v1_random	143880	144978	78.795457449036	4.91697826507389	3.82460975903831	1.28561567711689	NA	NA	NA	NA
chr22_KI270733v1_random	148054	149150	111.809419993609	-6.28182420404541	2.85031934141373	-2.20390189715714	0.0275312441123487	0.0806890550714118	RNA5-8SN4	Intergenic
chr3	1544780	1545239	54.2807764508222	-4.74336006238616	3.88756063312598	-1.22013789880675	NA	NA	LOC105376923	Intergenic
chr3	1875924	1876613	17.8286850486008	-0.653098500175204	4.24731442583703	-0.153767400925703	0.877793138381759	1	CNTN4	Intergenic
chr3	1958558	1959523	43.2281880609587	-4.89657149274304	3.5733990614635	-1.3702839813076	NA	NA	NA	NA
chr3	2567555	2568047	57.6382040129714	8.05031232420428	2.70631654072551	2.97463811164017	0.00293334375463114	0.0304905204251169	LOC105376926	Intron
chr3	2569230	2569489	100.686414238532	-5.51465015271518	3.02713877983042	-1.82173681281441	0.0684949293888041	0.153824757085218	NA	NA
chr3	2660423	2660861	59.3937947315763	0.792993222452613	3.67537730820253	0.215758317025806	NA	NA	NA	NA
chr3	3207783	3208033	46.3994499886182	8.37537977065673	3.4102616656439	2.45593464426295	NA	NA	CRBN	Intergenic
chr3	3539499	3540440	25.3879326126513	0.28088804570701	4.30484183473911	0.06524933005443	NA	NA	NA	NA
chr3	3712803	3713893	31.9914699708028	-7.01156893052873	3.17961504446726	-2.20516283652932	0.0274426699954597	0.0806831811853893	LRRN1	Intron
chr3	3869376	3869703	51.1929807754481	-5.84968892220415	3.86035254276473	-1.51532505319182	NA	NA	LOC102723512	Intron
chr3	4841761	4842303	13.1634302384408	-8.06604029100679	4.14757233254273	-1.9447618134876	0.0518036520523514	0.123797445417414	LOC124906209	Intron
chr3	4966298	4966595	48.2677847471295	9.27149447117238	2.87976914671692	3.21952698248134	NA	NA	BHLHE40	Intron
chr3	5004382	5004960	33.6404306952966	-8.37434155624437	3.1524167259833	-2.65648303640194	NA	NA	BHLHE40-AS1	Intron
chr3	5440682	5441088	41.3996013941265	-2.02755925212249	3.553694251011	-0.570549717817076	NA	NA	LOC105376936	Promoter
chr3	5974543	5975167	48.3346984324318	-7.10613826942403	3.77113548582841	-1.88434976577433	NA	NA	LOC124909341	Intron
chr3	6592376	6592859	49.3242310586073	-22.118472680613	3.85575392500459	-5.73648451400762	NA	NA	LOC105376944	Intron
chr3	7958952	7959399	60.389174263351	1.1850101209761	3.25800483945586	0.36372263988841	NA	NA	LOC124909342	Intron
chr3	8212619	8213156	16.2886266122467	-7.2567769702877	4.24849518460747	-1.70808172187164	NA	NA	LOC107986010	Intron
chr3	8580811	8581464	65.7230741674431	0.769938735665928	3.35301052692431	0.229626101523811	NA	NA	LOC107986009	Intron
chr3	10280652	10280929	77.0644494505989	10.1739129676298	3.53145449552055	2.88094126103985	NA	NA	LINC00852	UTR
chr3	10878539	10878868	22.5102804162516	-0.65239315324336	3.44092124845218	-0.189598397096947	0.849623843359728	1	SLC6A11	Intron
chr3	11117893	11118423	59.5801060807658	0.941868669545753	2.71560902844015	0.346835151776898	0.728715167133911	1	HRH1	Intergenic
chr3	11738414	11738726	58.1798129162404	-8.11687560513799	4.15787567385967	-1.95216890590749	NA	NA	VGLL4	Intron
chr3	12288434	12288907	20.8157292761739	0.0606575118621203	4.33421334385737	0.013995045248081	NA	NA	PPARG	Promoter
chr3	13017177	13017376	103.114397550493	1.42994598306575	3.28050638134763	0.435891846208915	NA	NA	LOC124906214	Intron
chr3	13314284	13314856	19.3225942062704	-20.4550006935319	4.25173851120834	-4.8109733558658	NA	NA	IQSEC1	Intergenic
chr3	13480027	13480496	12.7395093525629	-3.26205594386389	3.64167286845542	-0.895757543770661	NA	NA	HDAC11-AS1	Promoter
chr3	13867008	13867582	34.5416592431704	-2.34126333852812	3.11284584791846	-0.752129547338075	NA	NA	WNT7A	Intron
chr3	14062386	14062924	17.3453113824288	5.3766439400133	4.25390435710244	1.2639315529124	NA	NA	LOC112268445	Intron
chr3	14235267	14235907	25.6011834983586	18.9879421303077	4.2541091713553	4.46343555500679	NA	NA	LOC105376958	Intergenic
chr3	14304054	14304322	39.2467761151784	7.98665613502865	2.89566007193727	2.75814699813344	NA	NA	LINC01267	Intergenic
chr3	14437020	14437956	104.577226691795	1.31168317240746	3.32624450933347	0.394343581395435	NA	NA	LOC105376959	Intron
chr3	14915072	14915685	95.0080915204571	0.859985864184122	2.60250541568551	0.33044536968143	NA	NA	NR2C2	Intron
chr3	15087253	15087819	31.3053691201225	0	4.40735632392262	0	1	1	RBSN	Intron
chr3	15410524	15410975	21.2585481876904	5.63387491678609	4.2537397548719	1.32445218594614	NA	NA	EAF1	UTR
chr3	15606090	15606691	43.9704401209629	-22.5018259946656	3.85988619887271	-5.82966047062148	NA	NA	HACL1	Exon
chr3	16686881	16687386	106.012356673693	0.420861525128085	2.78213169728908	0.151273042012416	NA	NA	NA	NA
chr3	17171383	17171941	21.1721604748512	5.55650333634129	4.2541016506224	1.30615198993384	NA	NA	DAZL	Intron
chr3	17454646	17455023	24.3784008910231	-7.99148112518845	3.74510055551784	-2.1338495473544	0.0328550985469091	0.0904391231548103	LOC105376975	Intron
chr3	18552612	18553204	54.689734745703	8.47123377595257	3.65646481831868	2.31678251996633	0.0205155817109392	0.0685323374716678	SATB1	Intron
chr3	18732418	18732785	57.5657272905762	-15.0328568411797	3.997485150614	-3.76057853244827	NA	NA	LOC107986066	Intron
chr3	18784945	18785449	44.2346137435874	1.27039268561364	3.96457831651481	0.320435764964384	NA	NA	NA	NA
chr3	18942503	18943068	41.5118158323674	-4.20460890908917	2.72696620955195	-1.54186322307969	0.123106834572819	0.250909283204708	NA	NA
chr3	19849805	19850368	15.0441707343395	0	4.40735632392282	0	1	1	EFHB	Intergenic
chr3	21272061	21272512	102.060253427116	0	4.40735632392248	0	1	1	LOC105376988	Intergenic
chr3	22063384	22063835	35.8249237755707	-4.32823703915447	4.07184106604728	-1.06296806995861	NA	NA	ZNF385D-AS2	Intron
chr3	22645907	22646305	28.4639203380466	-22.774605863739	3.83382696462897	-5.94043655956785	NA	NA	ZNF385D	Intergenic
chr3	24556920	24557259	35.874519694393	7.8878622888542	3.22139309944871	2.44858731776761	NA	NA	LOC107986011	Intron
chr3	25205508	25205831	16.1874899708539	3.11401568171813	4.09294893228698	0.760824465009422	NA	NA	NA	NA
chr3	25449876	25450145	36.6677818766951	6.31908450866219	3.00056510481935	2.10596480593366	NA	NA	RARB-AS1	Intron
chr3	25723062	25723575	5.99488125313202	-2.70431672347192	4.2752804069456	-0.632547217038326	NA	NA	MIR4442	Intron
chr3	25867626	25867845	41.6433934047945	8.08316209452121	3.30897987429926	2.44279578649083	NA	NA	LOC124909357	Intron
chr3	26324086	26324650	79.9444832852754	5.65217273071377	3.3972542005809	1.66374736684329	NA	NA	LOC105377002	Intergenic
chr3	26381469	26381793	90.1594824473003	8.05350516973796	2.83134095247653	2.84441376185855	NA	NA	LRRC3B	Intergenic
chr3	26435059	26436256	136.143096681696	0.00861991240193978	2.91006522443109	0.00296210281803046	NA	NA	NA	NA
chr3	28839074	28839575	51.0112396340892	5.15070818843869	3.81729224534965	1.34930936836535	NA	NA	RBMS3	Exon
chr3	28883773	28884068	43.5129749361202	-7.94048299472959	4.0915942379611	-1.9406819281001	NA	NA	NA	NA
chr3	29684990	29685595	26.5429565418822	8.30046643839767	4.10780758587716	2.02065609570786	NA	NA	RBMS3-AS2	Intron
chr3	29741151	29741364	40.5701133106719	9.02287227828252	3.02648939799548	2.98129981365822	NA	NA	NA	NA
chr3	29908308	29908656	78.3533496572323	1.58838921721972	3.07357267822413	0.516789216820299	NA	NA	RBMS3-AS1	Intron
chr3	31637675	31638422	9.96849249318418	-6.84555368216414	4.24897024556929	-1.61110887733387	NA	NA	OSBPL10-AS1	UTR
chr3	32542190	32542904	32.6272849124641	-5.6706311090942	3.35151587924826	-1.6919600901208	NA	NA	DYNC1LI1	Intron
chr3	33479696	33479973	39.3515831268104	-22.973458852174	4.24778066666174	-5.40834394592894	NA	NA	LOC124909363	Intergenic
chr3	34429621	34430227	39.7117518374715	-19.0784868778612	4.26117783616304	-4.47728013507184	NA	NA	NA	NA
chr3	34436971	34437474	40.1675754116323	-1.8640290884665	3.5260975934576	-0.528637974151669	NA	NA	LOC124909365	Intron
chr3	36559793	36560461	1.91041352782351	4.67745862333294	4.26861442495117	1.09577913526037	0.27317544148085	NA	LOC124906227	Intergenic
chr3	37402027	37402316	109.586999599983	9.04049078163637	2.75596098376388	3.28034062706126	0.00103681824527319	0.023007490585586	APRG1	Intron
chr3	37690571	37691175	12.1243135110739	7.08216594161651	4.25112023060953	1.66595286828692	NA	NA	CTDSPL	Intron
chr3	38291244	38291939	11.6765421790396	-2.14681627873666	4.29217786617925	-0.500169458412423	NA	NA	SLC22A14	Intron
chr3	38526866	38528142	69.210885344872	-24.0125939657106	4.1502300066214	-5.78584655004667	NA	NA	EXOG	Exon
chr3	38532862	38533412	49.2449065909684	7.68362453492107	3.63025663911387	2.11655133472784	NA	NA	NA	NA
chr3	39291319	39291674	39.7425649968057	-15.229600492831	4.12455955624022	-3.69241861710773	NA	NA	CX3CR1	Intergenic
chr3	39350746	39351425	30.0981071029426	13.7421351000247	4.01222093753652	3.42506938525231	NA	NA	CCR8	Intron
chr3	39583591	39584179	67.1653145164178	8.39155422224972	2.89583638618866	2.89779984196352	NA	NA	MOBP	Intron
chr3	39657137	39657567	57.9241854661658	-21.7290758695426	4.24897027096861	-5.11396279188115	NA	NA	LOC105377039	Intergenic
chr3	39967199	39967670	50.3272541122188	-7.33658593420716	3.00621870229835	-2.44046979303206	0.0146681726147135	0.0572445309794465	MYRIP	Intron
chr3	41084925	41085213	50.5128247291847	7.45124353644693	2.71244665963483	2.74705624531989	NA	NA	CTNNB1	Intron
chr3	41905931	41906863	5.70670061200083	-3.24998139370636	4.28467414252428	-0.758513083048986	NA	NA	ULK4	Intron
chr3	42189070	42189729	21.6797720666559	6.8932404950694	3.12307983420343	2.20719317501135	NA	NA	CCK	Exon
chr3	42413250	42414132	58.4876129256401	1.04185242042471	3.13258505634312	0.332585516972663	NA	NA	NA	NA
chr3	42427797	42428626	12.2093723542192	7.16839419212778	4.25088338853221	1.68633047226519	NA	NA	LYZL4	Intergenic
chr3	42536806	42537195	80.0617086188581	0.390720123222296	2.95926433189203	0.132032856616254	0.894958303418282	1	VIPR1-AS1	UTR
chr3	42732315	42732565	16.6970328649322	-4.40739162367807	2.49688880183779	-1.76515334620993	NA	NA	CCDC13-AS1	Promoter
chr3	44103124	44103377	53.0264166946778	6.85347506605548	3.00929859360979	2.27743271492193	NA	NA	MIR138-1	Intron
chr3	45293326	45293579	58.1995637700939	6.9047208739892	2.5932637979593	2.66256016045213	NA	NA	LOC124906378	Intergenic
chr3	46153253	46153655	26.0218881756108	-22.2489911130771	4.24829607399273	-5.23715643297114	NA	NA	CCR3	Intron
chr3	46503102	46503746	34.2931225224361	-7.59314284252586	3.51601906771757	-2.15958522871577	NA	NA	RTP3	Intergenic
chr3	47479402	47479797	113.569911191372	-5.55610344383294	3.23109928565418	-1.71957063297361	NA	NA	SCAP	Promoter
chr3	47852066	47852797	99.9253220728282	0.234245244576991	3.32147300711759	0.070524506468975	NA	NA	MIR1226	Promoter
chr3	48331290	48331917	9.54203828007298	4.84312546525785	3.92144679398157	1.23503536314475	NA	NA	SPINK8	Promoter
chr3	48596960	48597637	76.9754263300183	-8.01468042394481	2.97289065132904	-2.69592170178268	NA	NA	COL7A1	Promoter
chr3	49120377	49120962	26.7047005932254	-3.02816959455423	2.40517608098666	-1.25902199780401	NA	NA	USP19	Promoter
chr3	49173701	49174249	40.0993706634185	7.70378598365407	3.81792284048804	2.01779509579332	NA	NA	KLHDC8B	Promoter
chr3	49480326	49480517	67.0115853177594	6.48923557762504	2.52812754125405	2.56681495364989	NA	NA	DAG1	Intron
chr3	49648638	49648851	71.521811298596	-7.51053729253635	3.30568176411838	-2.27200856841687	NA	NA	APEH	Intron
chr3	49827141	49827560	71.6396720219696	9.64680195676014	3.50379704465638	2.75324222088503	NA	NA	UBA7	Intergenic
chr3	50705701	50706077	92.3520023615107	6.9881285195653	2.86512074185797	2.439034564049	NA	NA	MIR4787	Intron
chr3	51806334	51806607	57.5555261520296	0.312764790677057	3.51364762426406	0.0890142735194075	NA	NA	IQCF3	Intron
chr3	52406264	52407442	88.6176305332569	7.12956583685395	3.05896341434077	2.33071301324813	0.0197684975389971	0.0682379248383159	BAP1	Promoter
chr3	52482828	52483688	17.3049983343272	20.9449551096706	3.86768515281389	5.41537231758184	NA	NA	STAB1	Intron
chr3	52738181	52738398	78.5063286934055	0.839928437506998	2.86505786678835	0.293162817841628	NA	NA	GLT8D1	Intron
chr3	52931698	52932092	20.2944603112062	-8.68102534202257	3.81171282357015	-2.27746048661969	0.0227587416286987	0.0728905401991312	STIMATE-MUSTN1	Exon
chr3	53176929	53177431	101.347352627939	1.62797567681784	2.58865633484225	0.62888829811279	0.529422187544165	0.97130212360465	NA	NA
chr3	53190024	53190612	48.4826632649739	-8.99446750564191	3.50375746624793	-2.56709192696315	0.010255542034228	0.0508803061896664	PRKCD	Intron
chr3	53624202	53624550	48.4772120379842	-1.25486694231383	3.56133613666954	-0.352358467203647	0.72456944551294	1	CHDH	Intron
chr3	53836698	53837069	74.763000460432	0.913257894331141	3.13667853122663	0.291154444180163	NA	NA	NA	NA
chr3	53916491	53916687	34.2130681607416	7.36259793072547	3.23886958490404	2.27319987351192	NA	NA	SELENOK	Intergenic
chr3	54393747	54394003	76.4654207671279	7.1487585987267	3.25626318380415	2.19538722615631	NA	NA	LOC107986088	Intron
chr3	54439613	54440332	124.968814379581	2.19992332693184	3.3697547074387	0.652843758056198	NA	NA	NA	NA
chr3	54972926	54973517	55.1034644193945	-23.2011899662837	4.24766508653717	-5.46210435465335	NA	NA	LRTM1	Intron
chr3	55049841	55050213	18.4986710032298	0	4.40735632391237	0	NA	NA	NA	NA
chr3	56659493	56660017	27.055845456107	0.308689567877705	3.73064749036571	0.0827442337221318	0.93405491201922	1	TASOR	Intron
chr3	56964706	56965125	7.44098595322686	-7.12843490182907	4.24962263800591	-1.67742774101326	NA	NA	ARHGEF3-AS1	Intron
chr3	57325350	57325758	42.0528327208186	-1.95681706945595	4.08362020692376	-0.479186841650498	NA	NA	LOC124909384	Intron
chr3	58075985	58076598	238.375229031498	9.22340952620375	2.74780117343737	3.3566509889308	NA	NA	FLNB	Intron
chr3	58906552	58907353	56.6802787979157	0.308674272089553	3.71211657748687	0.0831531730338405	0.933729746234324	1	CFAP20DC-AS1	Intron
chr3	59154459	59154661	65.9504793370703	2.42996364379858	3.64696813495445	0.66629692223207	NA	NA	CFAP20DC-DT	Intron
chr3	59416786	59417338	82.0942263788525	-6.47591223044752	3.64649627594866	-1.77592728481884	NA	NA	LOC339902	Intron
chr3	59420316	59420891	13.5187962717761	0	4.40735632392285	0	1	1	NA	NA
chr3	59477950	59478310	41.7795638257332	-16.1812027469087	4.35952191087645	-3.71169203360091	NA	NA	NA	NA
chr3	59720726	59721367	90.1069626812388	8.68401612043848	2.88259882878618	3.0125649236093	0.0025905001755513	0.0290644638773276	NA	NA
chr3	60793953	60794389	82.3938933932834	3.39778037806252	3.4049584373236	0.997891880505091	NA	NA	LOC124906379	Intron
chr3	61420633	61421169	12.9491918735488	0	4.30116218244634	0	1	1	LOC105377114	Intron
chr3	62053512	62054070	44.2142431656344	1.27046766001213	3.25276020744097	0.390581407478431	0.696106670810019	1	CEP15	Intron
chr3	62330348	62330920	40.4260433786801	1.30533425856902	3.70104940441632	0.352693011071781	NA	NA	NA	NA
chr3	62686268	62686960	17.9045117939235	1.27043475422553	4.23688462434196	0.299851156419641	0.764290692412457	1	CADPS	Intron
chr3	63644937	63645465	54.6499599547115	-7.21474394370996	3.65615332780767	-1.97331547581351	NA	NA	SYNPR-AS1	Promoter
chr3	65327854	65328204	52.0760459068724	-0.412928006600288	3.52960614045255	-0.116989825541086	0.906868116156132	1	LOC105377127	Intergenic
chr3	65506166	65506559	50.7873525481512	8.47659067720301	3.22084500965188	2.63179092809535	0.00849361126289006	0.0468405070829203	NA	NA
chr3	65682846	65683631	5.41585839453617	-5.87809366732501	4.25316260365811	-1.38205241959696	0.166955606391296	0.335350485251482	MAGI1-AS1	Intron
chr3	66311809	66312726	32.451089763377	-6.82711665716776	4.06458190668506	-1.67966024892723	NA	NA	LOC107986095	Intron
chr3	66472468	66472708	44.4924287114984	8.37700726029819	3.07750602886675	2.72201164895294	NA	NA	LRIG1	Intron
chr3	66714724	66715431	35.4875535910707	-9.50158592698218	4.0752775374491	-2.33151873453253	0.0197260233726585	0.0682379248383159	LOC105377142	Intron
chr3	67787769	67788212	24.1905145186448	-19.7739854182103	4.25478292096013	-4.64747221786537	NA	NA	SUCLG2	Intron
chr3	68038605	68039027	58.4795961372164	-4.7777386688796	4.09476801258745	-1.16679104999176	NA	NA	TAFA1	Intron
chr3	69128079	69128476	6.91490626373771	5.94953892242097	4.25598534951038	1.39792279198175	NA	NA	LMOD3	Intergenic
chr3	69338690	69338971	20.4003274161091	0	4.16307589871529	0	1	1	NA	NA
chr3	69376781	69378740	109.370040254464	-0.370322699089326	2.85409161283167	-0.129751510927119	0.896763027173226	1	NA	NA
chr3	69450360	69450713	117.777868985695	-5.86111890466604	3.07103594891794	-1.90851523790569	NA	NA	FRMD4B	Intron
chr3	70436938	70437370	54.4458386350652	-0.457695434449604	3.62493106179874	-0.12626321070572	0.899523576748638	1	MDFIC2	Intron
chr3	71223819	71224206	30.7449896012979	-9.29572528097845	4.01915569053206	-2.31285523546063	0.0207305997077063	0.0688631755886708	FOXP1-AS1	Intron
chr3	71316561	71317055	100.155245033987	18.8334739889332	3.19672995452657	5.89148106247291	NA	NA	NA	NA
chr3	71370526	71370828	73.5966533816501	1.13222319874402	3.64001135062488	0.311049359378962	NA	NA	NA	NA
chr3	71643344	71643833	31.8491454856991	-5.25746412787481	3.79073939844244	-1.3869231237671	NA	NA	LOC105377155	Intron
chr3	71935593	71936142	114.675658083242	6.51142123768903	3.02949940617945	2.14933900445971	NA	NA	PROK2	Intergenic
chr3	72090529	72091043	43.3527635481531	1.22325872411611	3.40683491648803	0.359060169953031	0.719550077214019	1	LINC00870	Intron
chr3	72152341	72152719	66.2508449047555	7.4014035549666	3.21989360847094	2.29864848189235	NA	NA	LOC124909393	Promoter
chr3	74215290	74215596	55.0794393151293	-8.33566462675245	2.72406771004961	-3.060006399988	0.0022133226176586	0.0290537560515185	LINC02047	Intergenic
chr3	75434757	75435255	105.056274770157	-5.89977868430332	2.48655065161089	-2.37267585137717	NA	NA	MIR1324	Exon
chr3	75946952	75947383	82.9833897262854	-7.93533512729607	3.50295047869497	-2.26532894928403	NA	NA	ROBO2	Intron
chr3	76551805	76552280	27.4366231836552	8.71316252494295	3.83740018603992	2.27059000951753	NA	NA	NA	NA
chr3	77355035	77355656	3.56345325840762	0	4.40735632392411	0	1	NA	LOC105377171	Intron
chr3	79039827	79040034	41.1282485621021	8.18108633728007	3.45919987895644	2.36502272882482	NA	NA	NA	NA
chr3	79276006	79276330	26.4445326757445	-7.95402893495863	3.84687657367625	-2.0676589910337	NA	NA	LOC101927374	Intron
chr3	80224037	80224501	55.1650665426946	7.87321277237151	3.52295285436964	2.23483341896162	NA	NA	NA	NA
chr3	80258706	80258995	65.9655780604558	-9.09374018904298	2.9653450572603	-3.06667184204349	0.00216456348884029	0.0290537560515185	ROBO1	Intergenic
chr3	80910616	80911378	14.8443183441771	20.695098811474	3.87363316199268	5.34255515326804	NA	NA	LINC02027	Intergenic
chr3	81561513	81561904	46.2066827879838	6.3934967752475	4.11990087930014	1.55185694087222	NA	NA	LOC124906198	Intron
chr3	81563129	81563605	46.2191929754134	-15.2846616126063	4.4073563238785	-3.46798862842015	NA	NA	NA	NA
chr3	84094373	84094793	38.6465787776378	-23.1927681893897	4.24760810014421	-5.46019492443342	NA	NA	LOC105377188	Intergenic
chr3	84231352	84231958	28.4956694203685	7.59770644960315	3.71495371621956	2.04516853505642	0.0408382454028399	0.105141559987422	NA	NA
chr3	87880818	87881492	159.745284215716	0.411405555362602	2.72788933787671	0.15081460587504	NA	NA	LOC105377198	Intron
chr3	88010767	88011376	99.4641689805355	2.78904704997346	3.10493549747297	0.898262476706327	NA	NA	LOC128031834	Intergenic
chr3	88928724	88929349	8.26774033885892	2.14673313786866	3.75918377612222	0.5710636312873	0.567956510408293	1	EPHA3	Intergenic
chr3	89406150	89406512	36.4205576147555	1.87468451546358	3.54259836885618	0.529183475029055	NA	NA	NA	NA
chr3	89978839	89979323	44.3107058067342	8.09159025111188	4.24813331405075	1.90474018890811	NA	NA	LOC124906381	Intergenic
chr3	90217033	90217510	38.9712653935273	8.8772908172144	4.15625027563351	2.13588937828372	NA	NA	NA	NA
chr3	94604668	94604865	57.1396587783821	8.08236769735614	2.79487529716511	2.89185270826009	NA	NA	NA	NA
chr3	94696882	94697226	28.812328630172	0	4.1839417910233	0	1	1	LOC105373992	Intergenic
chr3	95935539	95935778	71.0682266754061	7.95876462605187	3.61118601364698	2.2039198745163	NA	NA	MTHFD2P1	Intergenic
chr3	97097887	97098220	30.1807226406139	-5.5884452907947	4.2506994863986	-1.31471192180878	NA	NA	NA	NA
chr3	97107223	97107747	18.3603679737446	-21.4278987361212	4.24933603584291	-5.04264632294978	NA	NA	LOC107986103	Intron
chr3	98329148	98329469	74.7016215813017	-15.2636752463622	4.40735632387823	-3.46322696072166	NA	NA	LOC105373999	Intron
chr3	100509232	100509741	25.0297631120813	-5.28373748702507	3.92625273486843	-1.34574563682593	NA	NA	TMEM45A	Intron
chr3	100551953	100552531	16.7263664444196	-6.88796062709221	4.25008843595755	-1.62066289463936	NA	NA	ADGRG7	Intron
chr3	100614548	100614946	71.9322742746112	-4.28428608192576	3.0089468914473	-1.42384901976951	NA	NA	NA	NA
chr3	100914315	100915123	34.1072970034998	-21.5101442172084	4.16631128704886	-5.16287495945718	NA	NA	ABI3BP	Exon
chr3	101985995	101986571	19.9958153071615	-8.67234095338382	4.15271717089556	-2.08835338321718	NA	NA	RDUR	Intron
chr3	104358510	104358798	5.64637618264376	0	4.40735632388246	0	NA	NA	NA	NA
chr3	104441990	104442679	21.8064951329789	-7.98251919352508	4.02772528093547	-1.98189266564652	NA	NA	LOC105374020	Intron
chr3	105600476	105600799	88.455019447032	-8.4081257593721	2.8914888840247	-2.90788797626942	0.0036387866118757	0.0319938596440392	ALCAM	Intergenic
chr3	107390239	107390750	17.1787366354514	7.54816936131672	3.33832489075643	2.26106493775277	NA	NA	LINC01990	Intron
chr3	107431244	107431674	33.7373380064789	-8.04604934930022	3.69033797287223	-2.18030148144884	NA	NA	CCDC54-AS1	Intron
chr3	107729120	107729614	63.0270091435124	0.979377622034263	3.72815060873381	0.262697976776987	NA	NA	LINC00636	Intron
chr3	108538987	108539376	35.2493638390115	7.78428182282926	4.03434350292075	1.92950397436253	NA	NA	MYH15	Intergenic
chr3	110969535	110970072	39.6481379592044	-8.19454884375349	3.69420597512791	-2.21821655287365	NA	NA	LOC105374037	Exon
chr3	111203675	111204176	39.9679931182976	-18.5624696848264	3.74074928489074	-4.96223303705545	NA	NA	LOC105374038	Intron
chr3	111824640	111825020	35.0732285505632	-15.0054224759849	4.40735632387869	-3.40463111518503	NA	NA	LOC105374040	Intron
chr3	111935843	111936610	24.6930433257551	8.9964185192827	3.71178774528061	2.42374271824171	NA	NA	ABHD10	Intron
chr3	112335534	112336043	38.620709807772	-23.573801199853	3.55514470776381	-6.63089779394127	NA	NA	CD200	UTR
chr3	112781770	112782113	71.6829875316316	15.2674197057145	3.98152694735722	3.83456395186486	NA	NA	CD200R1L-AS1	Intergenic
chr3	112801975	112802337	26.6251765455945	1.27042981186041	4.23324544614477	0.300107760823884	0.76409495962046	1	NA	NA
chr3	112900310	112900980	3.53917143609291	-4.51398504247483	4.25512550545812	-1.06083475955872	0.288765002438888	NA	CD200R1L	Intergenic
chr3	113887570	113888584	41.9282638138791	-7.30268680886463	3.98269085445396	-1.83360624154341	NA	NA	ZDHHC23	Intron
chr3	113965219	113965732	5.19917061302543	7.04471827415328	4.25122777558492	1.65710205287319	0.0974988441791965	NA	NA	NA
chr3	114481999	114482347	34.2637576757648	2.88209459404508	3.58993697857117	0.802825958017843	NA	NA	ZBTB20-AS5	Intron
chr3	115908355	115908712	84.0040576510162	0.315907249847593	2.75031959996544	0.114862014527898	0.908554493778345	1	LOC124909412	Intron
chr3	115938445	115939946	27.7450012949795	3.88507909749409	3.07031960997987	1.26536634325166	NA	NA	NA	NA
chr3	116048956	116049540	69.6610978443622	1.80937630736554	3.07637908356728	0.588151283770738	NA	NA	LOC105374052	Intron
chr3	116706509	116707654	39.6060763934959	-22.9399988456472	4.24779512943869	-5.40044850248663	NA	NA	TUSC7	Promoter
chr3	117750792	117751537	62.0524379006261	9.13466893271389	4.18107433795127	2.18476597026732	NA	NA	LOC101926953	Intron
chr3	119209480	119210113	44.105245760467	0	4.12994706036253	0	1	1	B4GALT4-AS1	Intergenic
chr3	119651535	119652233	71.0910875943717	9.84659410969884	3.13885400457239	3.13700289830468	0.00170684439925975	0.0269623555950862	LOC105374063	Intron
chr3	121109141	121109487	21.0049766197107	1.27043347189122	4.22368757109025	0.300787747793402	0.763576351859189	1	MIR5682	Intron
chr3	121314890	121315328	27.3676195550632	-17.3090385858412	4.29477601481078	-4.03025408686042	NA	NA	POLQ	Intron
chr3	121662414	121662967	47.7426921743403	0.308682629610347	3.91928442779584	0.0787599459281772	0.937223563556337	1	HCLS1	Promoter
chr3	121940893	121941173	64.1229238271519	-2.05674055793269	3.29644164335724	-0.623927489229876	0.532675206284308	0.973437827954853	SLC15A2	UTR
chr3	122055411	122055763	64.0413727226182	0	4.40735632387829	0	NA	NA	CD86	Promoter
chr3	122911885	122912740	46.0164209582872	-15.6561945369301	4.15062490872293	-3.77200900616847	NA	NA	LINC02035	Exon
chr3	123374243	123375281	14.5531655584033	-0.272378380814614	4.00740212256081	-0.0679688168255396	NA	NA	LOC124909420	Intron
chr3	123642228	123642843	53.7374938897861	7.95974683137059	3.19612618380407	2.49043572550593	0.012758657061044	0.0551771040548725	MYLK-AS2	Intron
chr3	123970234	123970882	71.7597198184599	0.181417691790686	2.75914225404834	0.0657514818326247	NA	NA	CCDC14	Intron
chr3	124033271	124033692	48.6744542475295	-16.1740253410419	4.0367811352104	-4.00666392338333	NA	NA	KALRN	Promoter
chr3	124604720	124605297	85.8950549820693	3.55620131643452	3.93729310277745	0.903209698542865	NA	NA	LOC105374076	Intron
chr3	125475962	125476389	43.1478323673171	22.0853841017016	3.84132913963111	5.74941206517454	NA	NA	SNX4	Intron
chr3	125647036	125647530	44.4012868776045	-4.85259822357516	3.86470289572643	-1.25561999318011	NA	NA	OSBPL11	Exon
chr3	125738753	125739335	29.7688013498658	-3.87358787310478	3.66340381576985	-1.05737398002103	NA	NA	LOC112267908	Intergenic
chr3	126125770	126126004	131.710981925463	-2.52933807511933	3.60916422725604	-0.700809914943195	NA	NA	SLC41A3	Intron
chr3	126192850	126193166	36.4437262340808	6.3678181069978	3.138237311419	2.02910662104087	NA	NA	ALDH1L1	Intron
chr3	127014312	127015127	39.6241018732601	13.4622217241876	3.67888460195454	3.65932155551585	NA	NA	PLXNA1	Exon
chr3	128216401	128217000	32.755328127549	-18.0173118149425	3.97918023546609	-4.52789538266091	NA	NA	RUVBL1	Intron
chr3	128463622	128464157	71.2990679570018	-5.47566696459196	3.96560886344065	-1.38078846228953	NA	NA	DNAJB8-AS1	Promoter
chr3	128603432	128603732	40.7867614355781	6.71999458853089	3.02929693215639	2.21833472882676	NA	NA	LOC124909430	Intron
chr3	129856966	129857533	41.3395002065382	2.51124465069285	3.99140214820692	0.629163526361529	NA	NA	TMCC1	UTR
chr3	129968066	129968642	40.7374643238433	-0.653108442378507	4.22458289076051	-0.154597142313601	0.877138923014944	1	TRH	Intron
chr3	130111533	130112251	43.7094765071463	-2.37730103130707	2.46569016933832	-0.96415237440194	0.334969537700504	0.654489746618175	LINC02021	Promoter
chr3	130773671	130774250	48.3625101957066	-9.94431483020957	3.20682376205186	-3.1009857628867	0.00192877564032401	0.0275914938086224	PIK3R4	Intron
chr3	132199234	132199716	39.380869354858	1.36918557604955	4.03916369910594	0.338977490898083	NA	NA	CPNE4	Intron
chr3	133302716	133303206	10.1399863117338	-6.71342654671157	3.89885341167661	-1.72189765498894	0.085088059862151	0.182309568318357	TMEM108-AS1	UTR
chr3	133358738	133358936	64.1387011609257	7.46045286507506	2.50270304062405	2.98095808570832	NA	NA	LOC101927432	Intron
chr3	133398037	133398514	57.841612676141	-8.14030902358803	3.68579335752549	-2.20856359376944	NA	NA	BFSP2	Promoter
chr3	134220945	134221363	28.33767485571	-21.4849888193969	4.24924863485471	-5.0561853790256	NA	NA	RYK	Intron
chr3	134320169	134320560	12.2287865044354	-18.1911882457993	4.27215230126397	-4.25808514373825	NA	NA	LINC02004	Intron
chr3	134996237	134996766	6.88191856117926	-3.73827153552125	4.27390770030842	-0.874672968546205	NA	NA	KY	Intron
chr3	135059579	135060202	21.1234935472378	5.92554343730423	4.25173209218091	1.39367751985162	NA	NA	LOC102724019	Intron
chr3	135197747	135197975	42.4648233707127	7.61808268557726	3.15101233116772	2.41766197174929	NA	NA	NA	NA
chr3	135540599	135541064	48.3937654488853	3.79891621421027	3.26807124132134	1.16243372120441	0.245059332428514	0.485947442177393	LOC105374122	Intergenic
chr3	136639877	136640190	12.1682877227769	0	4.40735632392292	0	1	1	STAG1	Intron
chr3	137024427	137025449	11.6789208135795	7.03055690882411	4.13826856199511	1.69891267410509	NA	NA	IL20RB-AS1	Intergenic
chr3	137119480	137119751	41.0200444101409	-7.55256219880782	3.6459711282041	-2.07148162539838	NA	NA	NA	NA
chr3	137202994	137203512	27.003824335298	-4.8331433968825	3.57903994991395	-1.35040219291173	NA	NA	NA	NA
chr3	137985613	137985893	60.8221754719116	-6.0476269059078	3.58949683562057	-1.68481187833733	NA	NA	CLDN18	Intergenic
chr3	138251383	138251673	122.266510397438	-0.272596742656798	3.18251174154885	-0.0856545913398994	0.931741000264327	1	ARMC8	Intron
chr3	138540444	138541169	16.9928896151526	8.65347005728078	4.24841083144616	2.03687223307806	NA	NA	CEP70	Intron
chr3	139147565	139148367	3.44206649595432	-4.75529188444493	4.26034537164858	-1.11617520872605	0.264347144149592	NA	BPESC1	Intron
chr3	139237812	139238349	2.25668086324895	3.56651498929686	4.29349138926381	0.830679432178481	0.406154748524509	NA	LOC124906290	Intron
chr3	140353347	140354704	62.0254488005307	-1.2409856133193	3.32525030045424	-0.37320066196213	NA	NA	LOC124900599	Intron
chr3	141247456	141248683	78.9146305906699	-0.387341197605182	4.01263989669757	-0.0965302662528892	NA	NA	NA	NA
chr3	141328693	141329482	28.141342034535	9.48038318184184	4.24781110080473	2.23182786542599	0.0256263418849079	0.0772936913810167	ZBTB38	Intron
chr3	141603871	141604420	35.3203408567553	6.18097908756231	3.85964317420761	1.60143795904948	NA	NA	NA	NA
chr3	141619238	141619686	58.2641815086551	-21.3112785178038	4.24949816016885	-5.01501064703533	NA	NA	LRRC78P	Intergenic
chr3	142205716	142206047	83.7589040621345	-9.77168310846723	3.0361290662666	-3.21846762610888	0.00128877518185246	0.0241571499357196	GK5	Intron
chr3	143150046	143150764	23.8847789205662	7.67384789097565	4.24866615168405	1.80617813144343	NA	NA	LOC105374137	Intron
chr3	143395043	143395524	43.9622755228613	4.50612375806024	2.87787587361011	1.5657811371856	NA	NA	NA	NA
chr3	143435809	143436713	28.2318768244441	8.5155208023135	3.71322969921158	2.29329222593517	0.0218311865050426	0.0713899885227846	SLC9A9-AS1	Intron
chr3	143438205	143439007	15.651748068473	0	4.40735632389464	0	NA	NA	NA	NA
chr3	143600148	143600368	108.918610215416	-1.75766199963814	3.40260002277483	-0.51656438837168	NA	NA	LOC102724120	Intron
chr3	144134738	144135021	45.5279499601891	0.120321119646731	3.46434687961409	0.034731256374689	NA	NA	DIPK2A	Intergenic
chr3	144906866	144907374	35.1844319021363	-0.430869313450809	3.27579669729878	-0.131531152041915	NA	NA	NA	NA
chr3	144913968	144914733	5.79990009036102	-4.28459408893158	4.26546145267249	-1.00448547864548	NA	NA	NA	NA
chr3	144916694	144917495	45.0707599704847	8.05396561478689	3.9284112464485	2.0501839317531	NA	NA	LOC105374141	Intergenic
chr3	145636167	145637044	82.1535734069151	9.17801319529459	3.38989493466855	2.70746243531939	NA	NA	LOC105374142	Intergenic
chr3	146622126	146622522	57.846299605325	0.413492999157545	4.34355298992352	0.0951969505418249	NA	NA	PLSCR5	Intergenic
chr3	147903554	147904007	33.2306294160583	-8.33572014632526	3.33783104503361	-2.49734634074066	NA	NA	LOC124906206	Intergenic
chr3	148357673	148359108	20.1845831633138	-21.4203813467996	4.09162634407707	-5.23517534239342	NA	NA	LOC105374148	Intron
chr3	149850816	149851655	37.3726445689906	-8.07765437738551	3.65354118905086	-2.21091099276315	NA	NA	RNF13	Exon
chr3	152077647	152078124	13.7453926763977	-3.16470003801807	4.26758810087409	-0.741566421878876	NA	NA	LOC107986047	Intron
chr3	152344419	152344919	1.70540568588284	-1.09540434498173	4.13745461991068	-0.264753198672031	0.791199592663368	NA	TMEM14EP	Intron
chr3	153161188	153161634	72.7742357603129	0.0765960576131052	3.47592565202808	0.022036161092345	NA	NA	LOC124909451	Promoter
chr3	153848809	153849309	26.7642764491023	-7.12326667131908	3.40929455159889	-2.08936674831408	NA	NA	LINC02006	Intron
chr3	154486824	154487573	70.1214030844114	-8.06091678397409	2.890856424141	-2.7884182405805	NA	NA	GPR149	Intergenic
chr3	154665476	154665672	71.946674243155	8.36937327331176	2.65984092478268	3.14656910318634	NA	NA	NA	NA
chr3	154849020	154849954	33.0534583208213	-3.55802241722367	3.69892450436361	-0.961907282245496	NA	NA	LOC105374170	Intron
chr3	157274352	157274885	41.546809630659	0	4.40735632387951	0	NA	NA	CCNL1	Intron
chr3	158038897	158040010	14.1240494372314	-2.54390198147285	4.09299974525934	-0.621525076911938	NA	NA	RSRC1	Intron
chr3	158950574	158951175	6.82919519770385	-0.918272661248298	4.09411996451403	-0.224290609265842	NA	NA	IQCJ-SCHIP1	Intergenic
chr3	159753043	159753515	46.9393833027101	-6.43583257847321	3.26456926661641	-1.97141860161652	NA	NA	IQCJ-SCHIP1-AS1	Intron
chr3	160203676	160204425	48.2669010713289	-15.3427938239688	4.40735632388245	-3.48117844269357	NA	NA	IL12A-AS1	Intron
chr3	160501758	160502055	69.7054181774518	0.900584337158413	3.18403942284396	0.282843337521876	NA	NA	SCARNA7	UTR
chr3	160755138	160755658	109.914089240407	-0.274172024870175	2.69937555723097	-0.101568684704036	NA	NA	PPM1L-DT	Promoter
chr3	161017080	161017521	3.87857882177809	2.35703627475772	4.11690771196525	0.572525895566545	0.566965747410448	NA	NMD3	Intron
chr3	163009633	163010024	21.789702421046	-6.55603247562779	3.63728827381411	-1.80245061212953	NA	NA	NA	NA
chr3	163618122	163618705	4.20225110478848	-3.66609096793753	4.27528066251267	-0.857508841485716	0.391163730606264	NA	LINC01192	Intergenic
chr3	163773805	163774212	46.8235554111732	1.27045890728905	3.53785238251697	0.359104555511499	0.719516873799006	1	LOC102724419	Intergenic
chr3	164804824	164805319	42.4481761074729	-0.653108683528628	4.21683514000497	-0.154881246680148	0.87691493821472	1	LINC01324	Intron
chr3	166512247	166512698	43.0794229695794	-4.86376731918353	4.03906994813522	-1.20418001709256	NA	NA	LOC124909498	Intergenic
chr3	166646291	166646871	16.3385877188991	0	4.40735632387937	0	NA	NA	NA	NA
chr3	166845539	166846104	24.7113719762795	0.91697899353926	3.47072369634292	0.264203974089172	NA	NA	NA	NA
chr3	167060625	167061282	19.7862113310579	8.96576927663787	4.05248384022314	2.21241333220077	0.026938118525404	0.0802119056411392	LOC105374193	Intergenic
chr3	167893835	167894514	78.7027788344099	10.208057319855	3.35800312591825	3.03991894500206	NA	NA	LRRC77P	Intron
chr3	168110803	168111204	59.6840691899572	-4.53609868414353	2.91934309854023	-1.55380800783975	NA	NA	GOLIM4	Intergenic
chr3	171206814	171207809	22.8757520234172	13.584278236129	4.40735632387926	3.0821828864911	NA	NA	MIR569	Intron
chr3	171715260	171718176	85.5328632262223	-5.48379873344502	3.78516644507019	-1.44876026273221	NA	NA	PLD1	Intron
chr3	172100861	172101978	37.5425330373576	-7.20395647254326	3.09836024434991	-2.32508678927191	0.0200673199040078	0.0683272920429638	FNDC3B	Intron
chr3	172883622	172883911	76.013824554436	0.790360185343892	3.1326018347946	0.252301513893391	0.800808018062657	1	LOC107986052	Intergenic
chr3	173673707	173674217	46.1402820214068	21.4505049142728	3.43344943396333	6.24750861395732	NA	NA	NLGN1-AS1	Intron
chr3	174441165	174441611	78.5378261028514	0.457675303086339	3.57759274316039	0.127928284727578	NA	NA	NAALADL2	Promoter
chr3	175037530	175037737	55.3278315929302	7.56896628967836	2.83891199085929	2.66615038227633	NA	NA	NAALADL2-AS3	Intron
chr3	176680257	176680913	50.6479385715969	-10.0135545025494	3.44856393843382	-2.90368822539423	0.00368795212187297	0.0321230969867814	LINC01208	Intron
chr3	176777016	176777351	58.5715100268754	-7.72461026334368	3.11126174173029	-2.48279023257225	0.013035782655177	0.0551771040548725	LINC01209	Intron
chr3	177785523	177786280	10.5656034282345	-21.6883437297464	4.20176557861517	-5.16172150110632	NA	NA	LINC02015	Intron
chr3	178037280	178038188	15.5723218270144	0	4.40735632392281	0	1	1	LOC105374234	Intron
chr3	178735684	178736127	84.3908447166328	7.82714610596082	2.91744076438914	2.68288090078829	NA	NA	LOC124909461	Intron
chr3	180367853	180368321	21.4022287836192	-7.80907631483498	3.69568859899629	-2.11302335292964	0.0345987691312134	0.0931966844806094	LINC02053	Intergenic
chr3	181808462	181808993	15.9961198203749	7.32685163617107	4.24910924967644	1.72432648954107	NA	NA	SOX2	Intron
chr3	182806612	182807303	21.1138630153602	0	4.40735632388705	0	NA	NA	ATP11B	Intron
chr3	182925011	182925697	5.48619231143082	-3.66609448417293	4.27528059395384	-0.857509677694036	0.391163268670728	0.761094293112981	DCUN1D1	Intergenic
chr3	183500953	183501356	99.4535953820222	2.31517242208662	2.68567056799649	0.862046317100517	NA	NA	SNORA63E	Intron
chr3	186199262	186199768	36.2072021282394	-7.1315883350064	2.76799122964573	-2.57644903590217	0.00998209195732819	0.050823944937943	ETV5	Intron
chr3	186769129	186769492	60.989598282206	-0.541910004186892	3.18344193548402	-0.170227701704413	0.864831066837648	1	EIF4A2	Intron
chr3	186920366	186920626	94.1904932447512	-8.41763784807605	3.32414862763581	-2.53226879751849	NA	NA	ST6GAL1	Intergenic
chr3	187201208	187201445	54.8712618166769	7.19267313027972	2.76261997650869	2.60356950700458	NA	NA	NA	NA
chr3	187276764	187277271	17.3706728404947	-5.32071942586966	4.25256603701432	-1.25117855420895	NA	NA	RPL39L	Exon
chr3	189104014	189104501	75.3836118786188	15.0465546166098	3.74695074852573	4.01567984914933	NA	NA	LOC107986167	Intron
chr3	189214322	189214977	30.29587550494	-17.7884237010411	4.28103317987421	-4.15517071548689	NA	NA	TPRG1-AS2	Intron
chr3	189779780	189780115	26.9051280468684	-1.41292003056514	4.16633376963502	-0.3391279020569	0.734513379791204	1	MIR944	Intron
chr3	190797005	190797627	122.218707962788	8.70715897283404	3.04438034031272	2.8600759430537	NA	NA	GMNC	Intron
chr3	193073167	193073503	64.4582524977819	8.55236288482532	2.96133978403291	2.88800458864544	NA	NA	MB21D2	Intergenic
chr3	194485813	194486692	44.1634404020396	-0.653095490641566	3.40907083962787	-0.191575805069764	0.848074496205719	1	ATP13A3-DT	Promoter
chr3	194521988	194522189	54.1812017398868	-2.96678697727786	3.31190071080269	-0.895795869604682	NA	NA	ATP13A3	Intron
chr3	194548839	194549228	71.2103481976538	0.280189559060047	4.36546850187585	0.0641831590216831	NA	NA	TMEM44-AS1	Intergenic
chr3	195020261	195020925	106.403687372828	-1.59340641122339	3.72469803636492	-0.427794789179329	NA	NA	LOC105374295	Intron
chr3	195064978	195065370	39.8869503328619	2.1673500268301	3.22669955174531	0.671692542820663	NA	NA	XXYLT1-AS1	Exon
chr3	195141183	195142033	46.070293601308	-15.9689096526019	4.24554069345097	-3.76133708416339	NA	NA	XXYLT1-AS2	Intron
chr3	195294654	195295065	30.322212806054	0	3.68036702435545	0	NA	NA	XXYLT1	Exon
chr3	195387202	195387581	45.9581317256022	4.76951743203266	3.01963614408589	1.57950070950568	NA	NA	ACAP2	Intron
chr3	195793626	195793912	37.5116379925567	-22.6041535764413	4.1872497588127	-5.39832942347599	NA	NA	LOC107984010	Intron
chr3	196406650	196406995	61.5659104050665	-2.48505673798499	3.1008006304125	-0.801424223670388	NA	NA	UBXN7-AS1	Intron
chr3	196789087	196789623	98.7678169272106	-6.64123778534085	3.62462712014799	-1.83225406785283	NA	NA	PAK2	Intron
chr3	196948599	196949121	4.85410789095108	0	4.40735632392361	0	1	NA	NCBP2AS2	Exon
chr3	197906138	197907167	21.1555330966295	-1.55832824142047	3.75704163445765	-0.414775345348394	NA	NA	RPL35A	Exon
chr4	1548152	1548485	27.1223998516102	-9.10844170261507	3.7349909441926	-2.43867839004468	0.0147410809389133	0.0572445309794465	LOC105374348	Intergenic
chr4	1754065	1755136	237.653001880397	7.61916347724108	2.88422340852205	2.64166896875209	0.00824986448428674	0.0463110945959546	NA	NA
chr4	1768412	1768965	77.1689889419291	6.82695739070848	3.51986487357633	1.93955098730026	0.0524342823180608	0.124984018210825	LOC124900648	Intergenic
chr4	1786523	1787036	77.0863823100383	9.09497102710981	3.64491877806321	2.49524655579365	NA	NA	FGFR3	Intergenic
chr4	2697941	2698416	53.0314836524691	-6.08466879739307	3.19140280310917	-1.90658126622725	NA	NA	TNIP2	Intron
chr4	3073631	3074243	21.134946866305	-4.96524497579726	2.92615355746366	-1.69685044830697	NA	NA	HTT-AS	Promoter
chr4	3173367	3173970	5.1528783137521	1.27041013873126	4.40735632389089	0.288247658090354	NA	NA	MSANTD1	Intron
chr4	3497709	3498816	61.102955894134	-1.1219468398881	3.13045808614977	-0.358397016989934	0.720046223694486	1	LRPAP1	Intron
chr4	3941138	3941719	42.6096433301037	3.05420648578365	3.38034486440113	0.903519199460361	NA	NA	LOC105374359	Promoter
chr4	5651254	5651762	12.7382031312247	-19.9293936304642	4.25394012556413	-4.68492574935368	NA	NA	EVC2	Intron
chr4	6126464	6126972	15.2946643257383	-7.12819071850863	4.14526094821906	-1.7195999980583	NA	NA	LOC128125818	Intron
chr4	6600650	6601175	65.9017416458444	-0.564575310833089	3.51040765595518	-0.160828988016626	NA	NA	MAN2B2	Exon
chr4	6663267	6663467	51.6931954635212	6.85986928986314	2.47861006781968	2.76762746142537	NA	NA	MRFAP1L2	Promoter
chr4	7499501	7500897	29.5353179841882	-3.96618371844215	4.26113773136905	-0.93078045547424	NA	NA	MIR4274	Intron
chr4	8121696	8122292	69.8422868904953	7.78855211341335	2.94062351655822	2.64860566800107	NA	NA	NA	NA
chr4	8132543	8133238	8.48350031920642	1.16799508108394	4.09150026253427	0.285468656028019	NA	NA	NA	NA
chr4	8161237	8161726	50.9435889631981	-0.430246306512795	3.12782182188822	-0.137554608610366	0.890592431484728	1	ABLIM2	Promoter
chr4	8248443	8248863	49.3336501199124	-6.18490659277889	3.02130559289972	-2.04709732352592	NA	NA	HTRA3	Intergenic
chr4	8455183	8455674	34.7866405965317	1.33323539230471	3.8068747350183	0.350217825672243	NA	NA	NA	NA
chr4	8489962	8490554	26.143138310053	19.3053786815941	4.25173291953147	4.54059063609326	NA	NA	ACOX3	Intron
chr4	9520388	9520790	24.0505401295141	-16.8449003303718	4.31451857521787	-3.90423636767427	NA	NA	LOC124900660	Intergenic
chr4	10108853	10109285	53.070161723822	1.48423726009496	2.73314958518203	0.543050138251436	NA	NA	WDR1	Intron
chr4	10523059	10523420	71.4316107036308	2.02640392107822	2.68726610437985	0.754076389299697	NA	NA	ZNF518B	Intron
chr4	10769708	10769944	47.174587270567	7.82126027138247	2.54343836856697	3.07507363576856	NA	NA	NA	NA
chr4	10963914	10964358	106.420602503445	8.22182352367257	2.38342353813885	3.44958560327585	0.00056144768976607	0.0229267034668706	LINC02498	Intergenic
chr4	11413370	11413746	77.3432956183211	-4.64251152783221	2.89256005692217	-1.60498362574088	0.108497408223092	0.225713358178397	NA	NA
chr4	11466364	11466899	19.9662495193948	13.8060361216796	4.40735632388371	3.13249828403115	NA	NA	HS3ST1	Exon
chr4	11480890	11481250	44.7235523929282	-15.2602267582348	4.28230397662752	-3.56355523604208	NA	NA	NA	NA
chr4	11651036	11652183	77.2943576347296	-8.74596729898861	3.3813801402152	-2.58650815238774	NA	NA	LOC105374489	Exon
chr4	11904542	11904861	28.5069941955445	0	4.40735632387876	0	NA	NA	LOC107986179	Intron
chr4	14071951	14072767	52.6393288857664	14.4172104707029	4.26872093302495	3.37740758810543	NA	NA	LINC01085	Intron
chr4	14089443	14089642	54.2312753239081	7.56430238865275	2.58704093563755	2.92392064016127	NA	NA	NA	NA
chr4	14956384	14956782	92.8382015205922	-1.52044182564654	3.56236231975809	-0.426807182754444	NA	NA	CPEB2-DT	Intron
chr4	15252380	15252862	38.2896780252017	-6.9725164369016	3.64373948391328	-1.9135606339818	NA	NA	C1QTNF7	Intron
chr4	15708217	15708605	47.1540615318402	0	4.08555761023578	0	1	1	BST1	Intron
chr4	16754965	16755295	91.8913515000996	-8.4316959036873	3.36782026271586	-2.50360626338409	NA	NA	LDB2	Intron
chr4	16969484	16970238	54.1720476010959	-4.14008104168033	3.37303899557661	-1.22740384772	NA	NA	NA	NA
chr4	17511511	17512394	11.7405678135582	-5.95169151641388	4.08956291932629	-1.4553368254313	NA	NA	QDPR	Promoter
chr4	19924204	19924537	66.9952888194737	9.16019836825464	4.19574045127908	2.18321377945629	NA	NA	LOC105374513	Intron
chr4	20561371	20561828	39.0667713772513	7.46036813361437	3.43994360048192	2.16874722381181	NA	NA	MIR218-1	Intron
chr4	20913617	20914419	105.044135267205	-6.08123727711507	3.07704180593067	-1.97632585471999	NA	NA	PACRGL	Intron
chr4	20931251	20931716	29.3255561872064	15.7875069340593	4.30266849214654	3.66923618746727	NA	NA	NA	NA
chr4	21605020	21605787	41.3649391833372	-23.1828540531367	4.09041857753016	-5.66759944336423	NA	NA	LOC124900677	Intron
chr4	22459721	22460226	8.94127880370747	-7.03651486541806	4.24979159106703	-1.65573174934241	NA	NA	ADGRA3	Intron
chr4	24215860	24216226	16.7023846380728	-6.16380366019499	3.9042650333227	-1.57873597401489	NA	NA	LOC124900679	Intergenic
chr4	24696114	24696710	4.81248200810939	-6.62421760223116	4.25069691701907	-1.55838389128825	0.119142272918047	NA	LINC02473	Intergenic
chr4	25145788	25146522	7.00503898865863	7.16437488389452	4.25089415435031	1.68538068080632	NA	NA	SEPSECS	Intron
chr4	25164953	25165457	22.868731929165	-8.07461197961911	3.56328512352492	-2.26605834214901	NA	NA	PI4K2B	Intron
chr4	25246701	25247531	21.9861173562049	-7.00910808742219	3.07059552326913	-2.28265430412661	0.0224507394798476	0.0726530874833957	PI4K2B-DT	Intron
chr4	27198556	27199248	80.4234065934813	-16.0924680140823	3.73485257994047	-4.30872910500226	NA	NA	LINC02261	Intron
chr4	27325642	27325842	98.8687948343957	-1.29634175674401	3.63748772834141	-0.356383815852789	NA	NA	LOC124900842	Intergenic
chr4	27643724	27643953	57.1004083483621	8.00003123695037	3.4820729110402	2.2974910179467	NA	NA	LOC105374548	Intergenic
chr4	27942183	27942682	76.3982409372721	-5.08038779000041	3.50113767316997	-1.45106769977445	0.146761009663469	0.296705555328315	LOC105374552	Exon
chr4	28285315	28285711	11.0102656867812	-18.5452072171797	4.26546428840539	-4.34775817197444	NA	NA	LOC107986269	Intron
chr4	28640955	28641349	1.64793089858153	-3.98078176751645	4.26976424385068	-0.932318868248893	0.351171759471255	NA	LOC105374558	Intron
chr4	30082567	30083018	2.93970480226139	-5.57535303999016	4.25458764306362	-1.31043323295498	0.190049317274043	NA	LOC105374562	Intergenic
chr4	32482831	32484066	12.4777489942131	-17.1794223155732	4.30118231248158	-3.99411628419477	NA	NA	LINC02353	Intergenic
chr4	33038410	33038896	21.6577741621322	-0.653100033685301	4.21696114377619	-0.154874567589794	0.876920203824034	1	LOC105374391	Intron
chr4	33332179	33333313	43.1689681369074	-0.653103764048614	3.87230884813422	-0.16866003969784	0.866064052106734	1	NA	NA
chr4	33901767	33902361	46.8704042584552	-1.12193153499182	3.13293099807023	-0.358109238819139	0.720261565365787	1	LOC105374392	Intron
chr4	34741570	34742358	39.5917664735933	-3.78920822294641	3.13769664377033	-1.20764007905914	NA	NA	NA	NA
chr4	35276020	35276490	11.5599332041692	7.29018219565886	4.25057208045259	1.7151061216406	NA	NA	LOC124900893	Intergenic
chr4	37081262	37081571	9.18287945393132	-7.53817721982408	3.86063012651417	-1.95257690397563	0.0508697501036955	0.122334801779788	LOC105374402	Intron
chr4	37535301	37535859	36.7422049720356	21.478481795193	3.72116848738418	5.77197239738301	7.83489528857203e-09	2.43404080298304e-06	PGCKA1-AS1	Intron
chr4	37973613	37974624	9.42503309746662	0	4.40735632392304	0	1	1	PTTG2	Intron
chr4	38527633	38528270	37.7069036356942	-2.04289748835539	3.04567734682055	-0.670753088960005	NA	NA	LINC01258	Intron
chr4	38691831	38692083	35.5753113588456	22.2475328212725	3.45838831975137	6.4329192572776	NA	NA	KLF3-AS1	Intron
chr4	38844003	38844510	22.7786068178915	-5.42259733973825	4.2521918559763	-1.27524757193563	NA	NA	TLR6	Intron
chr4	39939041	39939583	15.9066116937757	0	4.40735632388407	0	NA	NA	PDS5A	Intron
chr4	41566656	41567041	16.36195004273	-3.63570655187621	3.66922711420801	-0.990864407874344	NA	NA	LIMCH1-AS1	Intron
chr4	41759771	41760320	69.9128420375324	7.77761702352439	3.87210598539434	2.00862710185664	NA	NA	PHOX2B	Intron
chr4	41794914	41795624	108.367129938	7.88125051004006	3.32656307046547	2.36918715896683	NA	NA	NA	NA
chr4	42836455	42836687	38.7532862423585	5.96471618575173	3.0845767697523	1.93372272145806	NA	NA	NA	NA
chr4	42918275	42918783	28.0320231403588	5.63271976118862	4.25374108587089	1.32418020925112	NA	NA	GRXCR1	Intron
chr4	46674715	46675211	41.5320458109788	6.95876755275188	3.80010146252283	1.83120572473664	NA	NA	GABRA2	Intergenic
chr4	47368483	47369067	1.61507808767426	1.90761618870918	4.15523280766043	0.45908767980277	0.646171203559914	NA	LOC107986277	Intron
chr4	47843577	47843808	71.5389068088137	23.2907290756032	3.65318112789433	6.37546517958388	NA	NA	CORIN	Exon
chr4	52275250	52275771	8.47321020382263	-21.4385416074764	4.24931706854138	-5.04517343885459	NA	NA	NA	NA
chr4	52298491	52298902	34.4203271829137	-1.03317564801119	3.70936042162873	-0.278532019155351	NA	NA	SPATA18	Intron
chr4	53054112	53054515	20.5563260513078	-15.2673684146108	4.40735632387941	-3.46406491617005	NA	NA	LOC124900701	Intron
chr4	53687415	53687989	41.8352909615439	-2.21490448924063	3.30978805300336	-0.669198285138164	0.503369000023357	0.939302336090016	LNX1	Intron
chr4	54327531	54327993	10.9936962763587	-0.653124199914767	4.26263229552608	-0.153220863221129	NA	NA	LINC02283	Intergenic
chr4	54868960	54869755	110.510866969097	-10.2874120701839	2.9881169611728	-3.44277423001081	NA	NA	LINC02358	Intergenic
chr4	55916650	55916884	79.5172511093946	-0.894904235961463	3.62493969367405	-0.246874241114459	NA	NA	EXOC1-AS1	Intron
chr4	57224101	57224683	92.6763142373386	-0.428960657543326	3.18463881619543	-0.134696799951647	NA	NA	IGFBP7	Intergenic
chr4	57935829	57936307	50.5800235704044	-1.53826133778966	3.60439489593892	-0.426773808697492	0.669544085003803	1	LOC105377670	Intergenic
chr4	58283735	58284610	95.6487547979107	3.20051503740887	2.57986690073651	1.24057370420744	NA	NA	NA	NA
chr4	58412422	58412837	23.8726696330897	2.38521390452214	3.69891009306497	0.644842357480962	NA	NA	LINC02494	Intergenic
chr4	58840894	58841349	11.9411579073793	-0.476585532634306	3.69532122118621	-0.128969987751517	NA	NA	NA	NA
chr4	58961205	58961647	15.8996153153539	-8.23005870115948	4.07920108255828	-2.01756631619591	NA	NA	LOC105377246	Intron
chr4	60049214	60049612	19.4026616849369	0	4.40735632388607	0	NA	NA	LINC02496	Intergenic
chr4	62341510	62342051	35.2472939100034	15.0055757554636	3.97748573174718	3.77262843099429	NA	NA	ADGRL3-AS1	Intergenic
chr4	62735202	62735650	36.3996547082558	6.23529540171147	2.84957141278226	2.18815200550579	NA	NA	NA	NA
chr4	63020266	63021022	9.75700507131778	-4.14406452322207	4.12562877087119	-1.0044685921528	NA	NA	NA	NA
chr4	63222792	63223391	127.467152234474	7.47319432948181	2.87399890341336	2.60027737679584	NA	NA	LOC105377253	Intergenic
chr4	63397825	63398058	27.7200358982876	-7.08641960782185	3.94155283556194	-1.79787507702191	NA	NA	NA	NA
chr4	64350086	64350784	80.6149480514465	8.70936990797773	3.186694503428	2.73304199652928	NA	NA	TECRL	Intron
chr4	66307872	66308663	27.0551819375256	-19.4526492320533	4.25688055547106	-4.5696958086015	NA	NA	MIR1269A	Intron
chr4	66807723	66808201	59.4128691583386	-19.5886609261845	3.64918950851416	-5.36794838428669	NA	NA	LOC105377262	Intergenic
chr4	67282466	67283289	101.103430607051	1.98027466500423	2.97259346070053	0.666177427618224	0.505297698937699	0.939994920977915	LOC101927237	Intergenic
chr4	67596323	67596791	49.011644804705	-8.17969114652435	2.9573841178988	-2.76585347740894	0.00567740378537677	0.0407026179074704	STAP1	Intron
chr4	68268276	68268821	51.0308479357184	-8.69691837585198	3.44744051761505	-2.52271745702767	NA	NA	TMPRSS11B	Intergenic
chr4	69197630	69198127	19.9077600378776	-20.7626906455857	4.10008891596854	-5.063961067947	NA	NA	LOC105377267	Intron
chr4	70064065	70064499	18.9228557438476	-15.2934319498749	4.40735632388044	-3.46997855993859	NA	NA	CSN2	Intergenic
chr4	70203474	70203900	17.7513282150528	-21.4929133302968	4.2492098850149	-5.05809642543027	NA	NA	ODAM	Intron
chr4	70618733	70619205	51.3075168445626	-1.57938587318721	3.54551459310421	-0.44546026584096	NA	NA	ENAM	Intergenic
chr4	72546268	72547194	15.2187706633647	-17.4111803680325	4.29219069250233	-4.05647875767651	NA	NA	ADAMTS3	Intron
chr4	73110371	73110583	46.3181092678769	8.21849302770951	3.42369999572853	2.40047113881562	NA	NA	NA	NA
chr4	73119020	73119876	35.5864636893956	-23.2470847790813	4.15783187098182	-5.59115555906108	NA	NA	LOC124900713	Intron
chr4	74522707	74523241	5.09391621288171	-6.06103439637255	4.25243553791963	-1.42530894174065	0.154067916529548	NA	LOC124900716	Intergenic
chr4	75317329	75318181	21.086793575084	0.280931058381731	4.20884931370885	0.0667477111776601	NA	NA	NA	NA
chr4	75375038	75375619	34.2095034598775	8.98675276310123	3.42025010082408	2.62751333913738	NA	NA	LINC02483	Intron
chr4	75477647	75477880	41.804346714403	8.13042911924505	3.24399544619403	2.50630102726684	NA	NA	THAP6	Intergenic
chr4	75932322	75932717	31.8808295280952	-17.5693283730212	3.72724133974052	-4.71376194122281	NA	NA	NAAA	Intron
chr4	77490434	77491050	14.926363559941	-15.2634135495092	4.40735632387947	-3.4631675834356	NA	NA	LOC105377295	Intron
chr4	77509725	77510871	62.396413210074	-7.46827685377959	3.45792144686973	-2.15975896749772	NA	NA	CXCL13	Promoter
chr4	78085381	78085903	93.0682562861755	9.94437261658571	3.70809269303633	2.68180259766993	NA	NA	LOC107986293	Intron
chr4	78202444	78202831	52.2459077704681	-15.2456328927221	4.40735632387841	-3.4591332700112	NA	NA	NA	NA
chr4	78338012	78338457	65.8195274040515	4.7334948359241	3.24519846633734	1.45861489983585	NA	NA	ANXA3	UTR
chr4	80530410	80530624	51.8101793946997	6.65270295915666	2.68064614426315	2.48175350312241	NA	NA	CFAP299	Intron
chr4	81603694	81604298	0.825786301585839	3.56653213825818	4.29349156297136	0.830683392746655	0.406152510529598	NA	PRKG2	Intron
chr4	82268374	82268735	63.0744626743016	0.070343654046542	3.69702324842449	0.0190271062202596	NA	NA	VAMP9P	Exon
chr4	82482715	82482943	66.6638288091331	6.759457006109	3.12041466698054	2.16620472837662	NA	NA	ENOPH1	Intergenic
chr4	82720306	82720511	94.1825247971249	-1.92287897149081	3.07513316138341	-0.625299416505841	NA	NA	MIR575	Intron
chr4	83088562	83089433	4.86963186675816	-1.28718844546977	4.10207199832717	-0.313789822800449	NA	NA	PLAC8	UTR
chr4	84975772	84976340	30.7040118589775	-22.8918995421363	4.24783063441946	-5.3890801004746	NA	NA	WDFY3	Intron
chr4	85362692	85363134	67.9863140983876	-6.65352800143539	3.60969547262079	-1.84323803819513	NA	NA	ARHGAP24	Intergenic
chr4	87577952	87578370	46.2498691412109	9.22783894706177	3.45132380928779	2.67370998983895	0.00750172938912182	0.0458471854572664	DSPP	Intron
chr4	88605893	88606304	45.389429720034	-9.85571420544107	3.33582359485048	-2.95450701309726	0.00313169035569306	0.0309086259980258	PIGY-DT	Exon
chr4	91046636	91046902	59.4338922917625	2.9531995994576	3.52717188877585	0.837271245230565	NA	NA	NA	NA
chr4	91414992	91415378	15.6937437687104	6.34681011259139	3.30274870170149	1.92167515176728	NA	NA	NA	NA
chr4	91686639	91687001	30.2838222502169	17.2766224946241	3.52657540060551	4.89898003929186	NA	NA	LOC124900733	Intergenic
chr4	92354574	92355730	89.0594980894564	0.297713592135674	3.59704167850884	0.0827662336843125	0.934037418592974	1	GRID2	Intron
chr4	92576496	92576907	53.6130778194393	2.72970868317745	4.10900870355229	0.664322925579978	0.506483651006708	0.940324228562254	NA	NA
chr4	93603752	93603949	52.8577623195856	22.8193100639751	3.44118923415396	6.63122790153253	NA	NA	NA	NA
chr4	93671908	93672289	39.7427927686872	20.6057992836706	4.24929217543224	4.84923098552869	NA	NA	ATOH1	Intron
chr4	93836851	93837144	46.4767682519017	6.38569260012439	2.71315202888347	2.35360662880077	NA	NA	NA	NA
chr4	93994377	93994881	46.66890211019	3.06605549963106	3.9522860148531	0.775767616035001	NA	NA	LOC124900734	Intergenic
chr4	94132858	94133576	79.1869060454454	-1.32772358682924	4.29545906146485	-0.309099346037407	NA	NA	NA	NA
chr4	94631866	94632090	74.6915476770761	1.28950732012436	3.58404894449062	0.359790655790733	0.719003691502246	1	BMPR1B	Intron
chr4	95665521	95665737	0.245767079919432	1.27048941953258	4.40735632395768	0.288265646375448	0.773143401730078	NA	UNC5C	Intron
chr4	96245278	96245690	98.6596725425861	6.88111595842073	3.40815509489722	2.01901491182819	NA	NA	LINC02267	Intron
chr4	97982090	97982843	78.2423349894714	-2.11383753211237	3.09584118015503	-0.682799087260191	NA	NA	STPG2	Intron
chr4	98250108	98250623	24.6706988235323	6.32186112684118	2.94857280879378	2.14404104520904	NA	NA	RAP1GDS1	Intergenic
chr4	99355198	99355570	63.894056935283	13.4923565672194	4.31240834227727	3.12872889029205	NA	NA	ADH1C	Promoter
chr4	101316877	101317579	15.0355676971051	-6.14796226897163	4.25212102863683	-1.44585777958032	NA	NA	MIR1255A	Intron
chr4	101487854	101488319	44.2702565854129	0.22102778606479	3.06310101926156	0.0721581771789148	NA	NA	BANK1	Intron
chr4	101816838	101817328	29.3663826354129	-7.91060579739797	3.58797105334332	-2.20475741854906	NA	NA	LOC124900741	Intron
chr4	102928410	102929224	13.468075238103	-22.1232534293129	4.24841582605962	-5.20741244150578	NA	NA	CISD2	Intron
chr4	102932630	102933255	36.119335783296	8.96520281858634	4.06210809619366	2.20703206470233	NA	NA	NA	NA
chr4	103102574	103103113	76.4032822542477	-6.27023807412181	3.70579511495355	-1.69200883470872	NA	NA	BDH2	Promoter
chr4	103111394	103111844	6.82123918796764	-1.45219704644487	4.09649264380205	-0.354497657561287	NA	NA	NA	NA
chr4	103563167	103564033	10.2868782093276	-0.65313859409688	4.2549581412803	-0.153500592111666	0.878003523404078	1	TACR3-AS1	Intron
chr4	103714776	103715243	53.893819759221	-0.697586597160913	3.83479273860246	-0.181909856597658	NA	NA	TACR3	Intron
chr4	105401849	105402224	66.2968117378478	5.09202401524419	3.57960886938446	1.42250849214143	NA	NA	TET2-AS1	Intron
chr4	106161489	106162048	63.2047023645498	3.05433996944299	2.84941386354237	1.07191868774228	NA	NA	LOC101929577	Intron
chr4	107517290	107517781	23.1591494378555	0	4.40735632387902	0	NA	NA	PAPSS1	Intergenic
chr4	107763541	107764196	44.8887395456386	0.945090429417913	2.72246964096668	0.347144524661196	NA	NA	NA	NA
chr4	109012056	109012542	33.6478956658033	-8.16225878727916	3.89358668713478	-2.09633416259845	NA	NA	LOC124900754	Intron
chr4	109613347	109613975	36.0615510822633	0.376471765615414	3.59335852687131	0.104768773502599	NA	NA	LOC124900755	Exon
chr4	110238718	110239173	58.4203820674199	8.71483458640356	3.19996610170101	2.72341465797747	0.00646109062943146	0.0418353412493955	LOC124900759	Intergenic
chr4	110494428	110494639	88.0252199830814	7.92862385404786	2.79714650651974	2.83454006987742	NA	NA	LOC124900892	Intron
chr4	110920071	110920656	2.44515949026603	-4.83781673170036	4.25960753626213	-1.13574236370744	0.256064405079465	NA	MIR297	Intron
chr4	112183395	112183878	2.42234721828139	-4.39495184072978	4.26410871113849	-1.03068475464744	0.302688676250182	NA	FAM241A	Intron
chr4	112455991	112456391	48.6747377465873	19.8938552724915	4.25067088895013	4.68016832924111	NA	NA	LOC124900760	Exon
chr4	112967602	112967904	46.4630881198332	21.7358569023876	3.81036063499954	5.70440936816737	NA	NA	LOC124900761	Intron
chr4	113065277	113066127	58.2307240486983	-0.653095998525634	3.4512650972897	-0.189233796916532	NA	NA	ANK2-AS1	Intron
chr4	113385100	113386741	27.4937433308027	6.18120105599838	3.22261440496794	1.91807032404172	NA	NA	MIR8082	Intergenic
chr4	113773640	113774273	121.57031709834	2.80994611228453	3.18275164149374	0.882866911653137	NA	NA	CAMK2D	Exon
chr4	114620493	114620885	42.8830665688494	7.56659287129444	3.90397896782893	1.93817459920957	NA	NA	UGT8	Intron
chr4	115893603	115894691	34.5078962810905	-7.62359572352743	3.11133740714483	-2.45026325528717	NA	NA	LOC124900835	Intergenic
chr4	117645816	117646263	38.6829132603191	21.1816878116884	4.24848855567139	4.98569962802714	NA	NA	NA	NA
chr4	117744436	117744806	97.7607556987614	3.57896540673085	2.99018423818848	1.19690464588197	NA	NA	LINC02264	Intron
chr4	117924025	117924483	1.7441432036376	4.14870502093553	4.27812812756727	0.96974772546017	0.332172255095279	NA	LOC102723914	Intron
chr4	118754338	118754618	22.1124726818647	-22.8334576812636	4.24785945271	-5.37528558453048	NA	NA	METTL14-DT	Intron
chr4	120636470	120636817	55.0544417631413	-8.35474967130834	2.98195360709073	-2.80177050757656	0.00508230130190264	0.0382851988187797	PRDM5	Intergenic
chr4	121533253	121533602	46.6811527114536	-8.90304580567609	3.55828916440247	-2.50205798189286	NA	NA	LOC107986310	Intergenic
chr4	122223724	122224015	34.6829024947944	8.86327119204448	3.1301078003735	2.83161851198444	NA	NA	BLTP1	Intron
chr4	122465658	122466485	39.0460849635215	-7.90541008993183	3.44111394973699	-2.29734039773256	NA	NA	IL2	Intergenic
chr4	122851843	122852184	31.7793025025695	3.5722060888859	3.76531512921175	0.948713710884996	NA	NA	FGF2	Intron
chr4	124411057	124412130	87.2336097843246	-1.08321112958269	3.97472506351931	-0.272524794110813	NA	NA	LOC105377407	Intergenic
chr4	124606431	124606793	9.60511880735286	18.5816354272699	4.25598610902345	4.3660000176865	NA	NA	LINC02516	Intron
chr4	125686776	125687354	46.2756255062694	-15.0571915716063	4.01529377835519	-3.74996012814142	NA	NA	MIR2054	Intron
chr4	127415979	127416447	31.5490507646762	0	3.66713941284224	0	1	1	LOC102724210	Intron
chr4	128047336	128047876	77.9888779516659	-8.2642188233588	3.82819320319659	-2.15877788416166	NA	NA	LARP1B	Intergenic
chr4	128536995	128537328	59.2923461837187	7.3661082480353	2.54963754142729	2.8890805568825	NA	NA	LOC101927259	Intron
chr4	128845833	128846385	31.1315735011368	-21.8627723780493	4.24868022167587	-5.14577968624469	NA	NA	JADE1	Exon
chr4	129130594	129130992	69.4414795576986	7.80059821149968	3.6206132304983	2.15449641121322	NA	NA	SCLT1	Intergenic
chr4	129871806	129872314	20.8796854993975	5.45907536038072	4.12068911847936	1.32479670351722	NA	NA	LINC02466	Intron
chr4	130206666	130207155	73.265290070699	0	4.40735632387834	0	NA	NA	LINC02479	Intergenic
chr4	132177679	132178105	26.5880796419979	7.42609128675802	3.8819164595236	1.91299616160966	NA	NA	LOC105377428	Intron
chr4	135538571	135539194	39.4406316250182	0	4.12621341817807	0	1	1	LOC124900883	Exon
chr4	135885751	135885961	55.2177036874124	6.52614533742362	2.929159116517	2.2279927712441	NA	NA	NA	NA
chr4	135972171	135972499	32.4268288531524	7.80675918795431	3.46319309885349	2.25420846170512	NA	NA	NA	NA
chr4	136172435	136172909	20.7786800543479	8.92809092705048	3.75866454293389	2.37533592718054	NA	NA	LINC00613	Intron
chr4	137483144	137484083	18.4921832920479	-3.27430846144089	4.15783424534074	-0.787503365510559	NA	NA	PCDH18	Intergenic
chr4	138662851	138663084	78.6411322628987	-7.13989028956507	3.51684009595287	-2.03020043412879	NA	NA	SLC7A11	Exon
chr4	138960627	138961221	43.7808804016772	0.308697820323267	3.23215497745177	0.0955083597404243	0.923911050503377	1	LOC105377448	Intron
chr4	139132469	139132836	71.7996814638504	0.363184594081643	3.55170095582794	0.102256524014416	NA	NA	ELF2	Intron
chr4	139177895	139179032	2.49940686724975	-1.29413511220373	2.68287515474416	-0.482368741577593	0.629544022416331	NA	LOC105379412	Promoter
chr4	139359172	139359700	38.2237048798	13.4880329300797	4.4073563238785	3.06034546310749	NA	NA	NDUFC1	Intron
chr4	140066231	140066714	42.3136046616753	22.3775312507437	3.32486227060464	6.73036337432234	NA	NA	NA	NA
chr4	140074626	140075050	34.3811024780616	-19.3813703424189	4.25732935595127	-4.55247144910833	NA	NA	MAML3-AS1	Intron
chr4	140565550	140566277	53.7982499614262	8.01318742682454	2.90758183525617	2.75596281750692	0.00585196489667876	0.0413028293940273	UCP1	Promoter
chr4	141208407	141208889	24.7869381942648	-21.5360576448526	4.24915700103767	-5.06831299469362	NA	NA	RNF150	Intron
chr4	141707323	141707593	42.0508030063909	6.80882864532384	3.88769470560449	1.75137945773063	NA	NA	IL15	Intron
chr4	142746595	142747335	33.5989687354759	-3.83362818436423	3.81112200485761	-1.00590539465227	NA	NA	LOC124900788	Intron
chr4	143365302	143365838	58.2841949759957	1.61740123249354	3.81881395145626	0.423534964796272	0.671904993753867	1	MIR3139	Intron
chr4	143494405	143494775	50.9027777345448	7.07836866077896	3.78280029621663	1.87119808250475	NA	NA	SMARCA5	Intergenic
chr4	143960627	143961359	0.541281250288326	3.7877792214927	4.28692152971867	0.883566259665423	0.376930399471072	NA	LOC105377460	Intron
chr4	145288569	145289113	41.1129559698848	0	4.40735632387887	0	NA	NA	LINC02266	Intergenic
chr4	146900977	146901330	29.4267463365828	-3.14884750281451	4.26964776098867	-0.73749584956052	NA	NA	TTC29-AS1	Intron
chr4	147711782	147712360	13.6451266213273	3.3390165638247	3.90808621032026	0.854386618956155	NA	NA	ARHGAP10	Intergenic
chr4	148212221	148212632	48.9037065472778	1.27042747018329	4.14942349833828	0.306169633129049	0.759475492134062	1	LOC107986195	Intron
chr4	148971073	148971487	25.2651913839826	7.23656284669865	3.79575937606579	1.90648619412729	NA	NA	LOC105377480	Intron
chr4	150194548	150195030	13.8840112844445	-8.15245684185668	4.15246955918618	-1.96327913441813	NA	NA	DCLK2	Intron
chr4	151085911	151086466	51.0978919022833	5.81157844445242	3.03766940234487	1.91317015603024	NA	NA	LRBA	Intron
chr4	151346691	151347121	42.7082875290344	7.28566723432497	2.80745367213962	2.59511574727871	NA	NA	FHIP1A-DT	Intron
chr4	152002307	152002950	12.9574897791708	-5.35089104178352	4.17342832587487	-1.2821332065555	NA	NA	LOC102724700	Exon
chr4	152690879	152691487	4.27008957703258	3.46546636044185	4.29683982777777	0.806515136551906	NA	NA	TMEM154	Intron
chr4	153094766	153095241	16.0133500997777	-6.80215151947821	4.25027434461951	-1.60040293118706	NA	NA	TRIM2	Intergenic
chr4	153182579	153183157	27.5589022678735	20.1838005680611	4.25000330289332	4.74912585463648	NA	NA	NA	NA
chr4	153496473	153497080	64.5961917035296	-6.94029459623169	4.13641233451517	-1.67785366519684	NA	NA	TMEM131L	Intron
chr4	154306689	154307407	44.7331354579072	-6.7364222481423	4.16693721598814	-1.61663636838474	NA	NA	NA	NA
chr4	154350762	154351001	48.4246317104116	9.33968357082272	3.55548721038802	2.62683649755091	NA	NA	PLRG1	Intron
chr4	154833535	154833865	63.4716463562018	-7.02010767712204	3.36604167558597	-2.08556766484478	NA	NA	NA	NA
chr4	154889355	154890053	53.8753891344958	3.41789954700692	3.59616542365803	0.95042889977242	NA	NA	LOC105377500	Intergenic
chr4	155579782	155580217	21.4156146506146	7.09291588868472	4.08756387272235	1.73524282666702	NA	NA	LOC105377504	Intron
chr4	157555410	157555842	47.0052411941843	-4.16622283725825	3.54623251123212	-1.17483070387021	NA	NA	LINC02433	Intergenic
chr4	158671719	158672633	101.36080343755	-24.2394131374166	3.21030810376846	-7.55049433073508	NA	NA	C4orf46	Promoter
chr4	159023943	159025150	64.0653465357939	-6.55687669508792	3.40585885509654	-1.92517569695415	NA	NA	SPMIP2	Intron
chr4	159926655	159927146	19.8816925234988	-22.6601370870841	4.24797298348968	-5.33434114933306	NA	NA	NA	NA
chr4	160089595	160090305	64.5564364094407	-0.778260905430391	4.07536399101845	-0.190967213516528	NA	NA	LINC02233	Intergenic
chr4	160449685	160450083	97.4271705436797	2.13484493180356	3.05507530851633	0.698786352615423	NA	NA	LINC02477	Intergenic
chr4	161489329	161489641	35.2431776798224	20.7600988347344	3.8391804719464	5.40742978519304	NA	NA	LOC105377515	Intron
chr4	162407854	162408155	73.107336097184	6.25158129314467	2.80394447918113	2.22956671915644	NA	NA	LOC124900803	Intergenic
chr4	163070597	163071006	23.7777141042169	-20.4476371368602	4.2517532355017	-4.80922480780977	NA	NA	MIR4454	Intergenic
chr4	163762929	163763336	49.3590453609266	-1.50266763184292	3.79522334322363	-0.39593654864237	NA	NA	NA	NA
chr4	163905862	163906174	48.020906282545	22.548445096825	4.06325903891765	5.54934964294851	NA	NA	TMA16	Intron
chr4	164452075	164452270	49.1753511035809	9.29933087428299	3.09275474971989	3.00681160545472	NA	NA	MARCHF1	Intergenic
chr4	165218167	165218615	25.3926348557149	1.2704417962985	3.92314948554623	0.323832115237794	0.746065140772486	1	TMEM192	Intron
chr4	166031654	166032230	14.3036645649542	8.50438213708977	4.24856052966883	2.00170906774222	0.0453160305942159	0.114147406794079	TLL1	Intron
chr4	167298197	167298490	10.0562950912875	0	4.40735632392302	0	1	1	NA	NA
chr4	167332589	167333070	43.743597196982	9.14316605204129	3.01680302163167	3.03074678276347	0.00243949740101097	0.0290644638773276	SPOCK3	Intergenic
chr4	167393865	167394770	135.254822921622	5.48893840734314	3.23685366141314	1.69576353505793	0.0899306707895045	0.190489511763223	NA	NA
chr4	167663034	167663988	82.3780891752475	2.55776754971049	3.00806570064615	0.850303086518711	NA	NA	NA	NA
chr4	167955699	167956272	45.9864902008405	21.7493693544279	4.1376863095901	5.25640846770294	NA	NA	ANXA10	Intron
chr4	168241290	168241934	38.1488737098477	19.7006478453849	4.2510047981183	4.63435088431455	NA	NA	LOC105377524	Intron
chr4	170073568	170074074	90.8095928871907	6.09711527915141	3.39874474211678	1.79393150759361	NA	NA	AADAT	Intron
chr4	170208881	170209325	45.8599763254701	9.22127652721467	4.02473357278058	2.29115203788357	0.0219546218241576	0.0713899885227846	LINC01612	Intron
chr4	171694988	171695444	53.6289443513398	2.51102833752887	4.083221625485	0.614962538858176	NA	NA	LINC02174	Intergenic
chr4	171890976	171891573	31.9994493240508	4.65452176796996	3.81939453918092	1.21865434958917	NA	NA	GALNTL6	Intron
chr4	172308090	172309249	41.0765699662092	-6.83592665380459	4.12651733481058	-1.65658498417974	NA	NA	LOC124900811	Intron
chr4	172958023	172958354	105.118591749226	3.64667959791466	3.0892180189599	1.18045394515161	NA	NA	GALNT7	Intron
chr4	174061260	174061654	24.2438464506438	21.5548286590637	4.24818251663123	5.07389420644678	NA	NA	LOC105377543	Intergenic
chr4	174285586	174285815	47.5673593831927	1.51128032520359	3.82917136548005	0.394675552739105	NA	NA	CEP44	Promoter
chr4	174721876	174722099	29.8977840445467	-0.65310072179285	3.89879720672556	-0.167513386094109	0.866966115764987	1	GLRA3	Intron
chr4	175912470	175912947	66.2788021681601	0.497960653132548	3.990030517283	0.124801214170069	NA	NA	GPM6A	Intron
chr4	175985990	175986504	12.844268197533	1.21173038122996	3.63125902472749	0.333694284262988	NA	NA	NA	NA
chr4	176296728	176297355	52.9931952746222	7.88078156382171	2.68530164041239	2.93478447457077	0.00333779438501088	0.0314224683518196	ASB5	Intergenic
chr4	177342616	177343045	51.5043990498075	-5.98038685153698	3.78165839969959	-1.58141910755664	NA	NA	LOC105377558	Exon
chr4	177463005	177463230	102.27089558196	-0.695482488645206	3.4904446805061	-0.199253262064123	NA	NA	AGA-DT	Intron
chr4	177855334	177855808	20.2008376182248	3.75058282883448	3.54500834015313	1.05798984627282	NA	NA	LOC105377560	Intron
chr4	178603669	178604009	21.1392696742353	-22.3425198124224	4.24823115215164	-5.25925238345525	NA	NA	LOC124900186	Intergenic
chr4	179028289	179028703	53.6522728617573	22.7628082714994	4.24746025659389	5.3591574485392	NA	NA	LOC105377563	Intergenic
chr4	179283254	179284113	17.2690521884735	3.8706738208657	3.90761367810013	0.990546696711229	NA	NA	NA	NA
chr4	182137274	182137608	25.242795081477	7.47823444511691	3.72387232987824	2.00818765592896	NA	NA	TENM3-AS1	Intron
chr4	183036236	183036711	55.6705543411222	15.4350437583179	3.72810286950626	4.14018719401969	NA	NA	LOC107986328	Promoter
chr4	183207571	183208017	22.7030018666011	-3.92483366816003	3.63814751095476	-1.07880003665108	NA	NA	WWC2-AS1	UTR
chr4	183658799	183659419	53.32890411213	-6.87831460814239	2.38768311387688	-2.88074852486353	NA	NA	RWDD4	Promoter
chr4	184001209	184001778	43.0479396300117	2.00293803202676	3.86812835665138	0.517805472660348	0.604593999618821	1	LOC105377584	UTR
chr4	184100464	184101199	41.8311398218697	-1.19988421375627	3.55295533321007	-0.337714409900049	NA	NA	NA	NA
chr4	184697166	184697372	56.1150661007511	7.03783620729573	2.94131718431065	2.39274983495028	NA	NA	CENPU	Intron
chr4	185541190	185541476	81.9417788478479	0.0510252099507559	3.21672994374466	0.0158624475299771	NA	NA	PDLIM3	Intergenic
chr4	185729169	185729788	49.7440320826462	-8.56667275605709	3.72567474025002	-2.29936141861976	0.0214844248597817	0.0705052252440724	SORBS2-AS1	Intron
chr4	185758703	185758958	73.7706254350341	0.4306198815604	2.94155181196317	0.146392077749264	NA	NA	LOC101928929	Intron
chr4	187848611	187849145	35.4076365408921	1.27042986540264	4.17071058975915	0.304607533431372	0.760665081691705	1	LOC124900880	Intron
chr4	188254534	188255201	20.2768214383925	7.95634037935622	4.24824139814177	1.87285505546752	NA	NA	LOC107986337	Intergenic
chr4	188575512	188575812	44.8697463624551	7.32032314347015	2.89899540660868	2.52512409187762	NA	NA	LOC105377609	Intron
chr4_GL000008v2_random	2308	2676	61.1784613971796	-5.89489671338083	4.1043776825982	-1.43624616671465	NA	NA	LOC124900509	Intergenic
chr5	185867	186412	47.2110670371363	-22.3566571866605	4.14848089094609	-5.38911899906617	NA	NA	LRRC14B	UTR
chr5	197372	197872	36.0431403325817	4.56065811697132	4.0125005934533	1.13661244671524	NA	NA	LOC124900929	Promoter
chr5	375997	376423	76.9669484331522	3.0621650128848	2.97992776180494	1.02759706196034	0.304139406826174	0.59801250456117	AHRR	Intron
chr5	460005	460678	69.0895904412837	7.05742157686046	2.78620338840468	2.53298865625937	NA	NA	SLC9A3-OT1	Intron
chr5	546603	547457	21.6399430651081	-2.87123640311081	3.95597587265235	-0.725797248400744	NA	NA	MIR4456	Intergenic
chr5	995054	995342	104.106146525003	1.25990698492106	4.08100607140293	0.30872460439343	NA	NA	LOC124900932	Intron
chr5	1366669	1367327	44.7828724325758	10.1353995860937	3.55740291772943	2.84910082453152	0.00438429840483656	0.0338643816563722	MIR4457	Intron
chr5	1637169	1637804	36.9735324829799	-8.53910280177741	2.98394262215094	-2.86168465116869	NA	NA	PDCD6P1	Intergenic
chr5	1703166	1704231	7.25757374967762	4.44519170983623	3.69156779058896	1.20414738723436	NA	NA	MIR4277	Exon
chr5	2382443	2382876	35.3348178736313	4.04658137354176	4.09016691490554	0.98934382330341	NA	NA	LOC100506858	Intergenic
chr5	2888688	2889411	43.2085999865553	-8.81396285583422	3.47215127681574	-2.53847316926738	0.0111337339680508	0.051563705295896	LOC105374620	Intergenic
chr5	3727170	3727785	14.7751573872045	3.25457262707806	3.3911527469065	0.959724574496672	NA	NA	LOC105374625	Intergenic
chr5	4875619	4876529	60.885687748568	-20.4119758800105	3.70859142737619	-5.50396997882614	NA	NA	LOC107986400	Intergenic
chr5	5274446	5274672	50.2450211305875	6.18847436205217	3.06046974120943	2.02206683461821	NA	NA	ADAMTS16-DT	Intron
chr5	6116824	6117539	16.0073176722323	21.1903233469579	4.24851993570218	4.98769540161182	NA	NA	LOC124900933	Intergenic
chr5	6310265	6310935	55.154192692882	7.57674358733319	2.73600971387511	2.76926779496041	0.00561824359486773	0.0405907211660211	NA	NA
chr5	6316979	6317425	28.2761799317564	15.1020969132194	3.70640463455977	4.07459476291454	NA	NA	NA	NA
chr5	9186209	9186632	78.7240691606794	9.62777949699732	2.99095488350387	3.21896513722015	0.00128654125923462	0.0241571499357196	LOC124901170	Promoter
chr5	9948597	9949399	246.550765475961	9.24439917760227	2.75105099101301	3.36031546045544	NA	NA	LOC107986405	Intron
chr5	10421427	10421703	70.6064026069269	7.29637213887371	3.38367656591409	2.15634443681015	NA	NA	ROPN1L	Intron
chr5	10637410	10638015	43.9206070130761	-15.9983750163766	4.38007318105687	-3.65253600911671	NA	NA	ANKRD33B	Intron
chr5	11260971	11261544	38.5443791383461	7.52746380606327	3.54653574300335	2.12248355903745	NA	NA	CTD-2154B17.1	Intron
chr5	12415306	12415738	16.8128340774582	-0.762799638511435	4.03523185090205	-0.189034897298631	NA	NA	LOC105374656	Intron
chr5	13538284	13538933	16.6674514698598	0	4.40735632388176	0	NA	NA	LOC105374659	Intergenic
chr5	15595127	15595367	85.7427347788979	-8.94464657243938	3.34594217632699	-2.67328187430256	NA	NA	NA	NA
chr5	15667553	15667978	37.8785294408855	-7.10985246968016	3.82457849076749	-1.85898981726831	NA	NA	CTD-2350J17.1	Intron
chr5	15901212	15901752	13.938313586637	-22.1174221854367	4.24842377601273	-5.20603013058988	NA	NA	LOC107986343	Promoter
chr5	16389832	16390719	4.87545541611187	6.95082772175136	4.25150948858026	1.63490819917528	0.102068293415171	NA	LINC02150	Intron
chr5	18119379	18120287	56.1115315502945	2.16891923362302	2.85174528135949	0.760558542097087	NA	NA	LOC124900199	Intergenic
chr5	19037986	19038179	47.3875586616255	5.97721258742947	2.7791503639096	2.15073378722156	NA	NA	LOC105374669	Intron
chr5	20671597	20672168	123.308567105559	-8.64043691313393	3.32383551360453	-2.59953805709351	NA	NA	LINC02146	Exon
chr5	22434555	22434986	32.6797441935896	1.39562118293299	3.75186373605492	0.371980775719877	NA	NA	LOC105374682	Intron
chr5	22626125	22626473	40.7528486825859	-7.01776138231583	3.65189126354435	-1.92167862509267	NA	NA	LOC101929617	Intron
chr5	22651303	22651567	29.4528896236375	-7.21827617202129	4.0466413577412	-1.78376968302683	NA	NA	NA	NA
chr5	23409045	23409251	43.9868046302791	6.86101781384465	3.29572720683331	2.08179178167996	NA	NA	NA	NA
chr5	23541943	23542286	38.8609942517223	-0.653096862691976	3.46003845493854	-0.188754220855496	0.850285453235345	1	LOC124901158	Intergenic
chr5	25746357	25747173	51.2672578567901	9.37886677864649	3.72293789590099	2.51921118237636	0.0117618089231002	0.053213620953055	LOC124901176	Intron
chr5	29348052	29348783	23.709480705935	9.23333569161886	4.247955863152	2.17359501583138	0.029735563067222	0.0844925145690575	LINC02064	Intron
chr5	29942240	29942937	6.57416782717275	0	4.4073563239233	0	1	1	LOC105374705	Intron
chr5	30137628	30138158	27.3120295328299	-19.3316041003988	3.8012109638003	-5.08564357108764	NA	NA	LOC124901160	Intergenic
chr5	32235580	32236160	52.1553944008114	-16.0965299015726	3.78601396496273	-4.25157700170582	NA	NA	GOLPH3	Intron
chr5	33085711	33086420	9.94972056440935	-0.653150288879559	4.40735632388035	-0.148195480665042	NA	NA	LOC124900955	Intron
chr5	33445719	33446436	14.4086754398415	0	4.40735632388053	0	NA	NA	TARS1-DT	Exon
chr5	34469311	34469940	75.0020728614208	4.4777710692629	3.97454390580535	1.12661255615331	NA	NA	LOC105374721	Intron
chr5	34694904	34695337	27.3540232518745	0	4.40735632388099	0	NA	NA	RAI14-DT	Intron
chr5	35503922	35504690	92.2397238805927	7.70579130111002	2.44202160494484	3.15549677591164	NA	NA	LOC124901220	Intergenic
chr5	36241710	36242149	47.1747683857775	6.27476042652436	2.31734597299115	2.70773570267763	0.00677439474148893	0.0426603776964032	NADK2	Promoter
chr5	36866827	36867213	25.6014096779216	-15.2672600604796	4.40735632388058	-3.4640403313334	NA	NA	NIPBL-DT	Exon
chr5	37036395	37036690	22.8304213400254	1.28731418168461	3.3807937511483	0.380772764161484	0.703371870590943	1	NIPBL	Exon
chr5	37998817	37999404	42.515710206523	7.5054455433807	3.02331885144885	2.48251868630525	0.0130457225318963	0.0551771040548725	LINC02119	Exon
chr5	38344256	38344784	14.349389942709	-19.1831726311454	4.2590281556894	-4.50411970287627	NA	NA	EGFLAM-AS4	Intron
chr5	39240625	39241137	59.0166270543905	-0.942562864280456	3.98196983569395	-0.236707685686472	NA	NA	FYB1	Intron
chr5	39837092	39837571	69.5551644123958	1.27045257365336	3.58270817013214	0.354606770443853	0.72288420330272	1	LINC00603	Intergenic
chr5	40591419	40592048	16.2235188999689	19.962162769366	4.14038608956834	4.8213288175372	NA	NA	LOC124900196	Intron
chr5	40924337	40924721	67.2150155052073	-7.91549097794393	3.11835808734936	-2.53835215719956	NA	NA	C7	Intron
chr5	41449951	41450381	9.13531552521047	-3.98080258307085	4.26976391708728	-0.932323814705531	NA	NA	PLCXD3	Intron
chr5	41661201	41661514	73.886709625571	0.638514187600542	2.64883818485726	0.241054433317508	NA	NA	NA	NA
chr5	42552780	42553075	35.1455083634303	-0.811528401270756	3.39397944695842	-0.239108225006496	NA	NA	GHR	Intron
chr5	43266476	43267042	7.34180790489599	-2.66291221541117	4.30343679994266	-0.618787341188942	NA	NA	HMGCS1	Intron
chr5	43344017	43344513	54.0325380162643	-23.3836372541099	4.24758650213239	-5.50515857472726	NA	NA	NA	NA
chr5	43759790	43760115	43.2223995807234	-15.1934657300353	4.40735632387843	-3.44729688582683	NA	NA	NNT-AS1	Intergenic
chr5	44190118	44190485	13.8698394960239	-5.13323185752307	4.2019749944511	-1.22162360897	NA	NA	FGF10-AS1	Intergenic
chr5	50365275	50366070	1.34958845652509	-2.06143392132392	4.18270729939551	-0.492846803222841	0.622120837531402	NA	NA	NA
chr5	50471044	50471502	41.7240379923521	-9.73431747507126	3.40531153999005	-2.85856884480522	0.00425556755202355	0.0336117708346267	EMB	Intron
chr5	50781442	50781749	86.901581381383	-0.482932075496475	2.74355503309144	-0.176024198411033	NA	NA	PARP8	Intron
chr5	51011262	51011477	45.8340890217756	7.29032745816235	2.86198886152749	2.54729414085539	NA	NA	LOC124901181	Intergenic
chr5	51378074	51378633	71.8652355363528	0.752012463887596	3.54038454781295	0.212409825467165	NA	NA	ISL1-DT	Exon
chr5	53118832	53119365	41.2803464101689	-17.999871397303	4.05091583309032	-4.44340789563416	NA	NA	MOCS2	Intron
chr5	53153628	53154081	94.9959873232571	1.62212764763438	3.13627792241643	0.517214254527726	NA	NA	NA	NA
chr5	53536443	53536932	38.0751131399532	-16.0114459027761	3.66594124248995	-4.36762207675236	NA	NA	NDUFS4	Intergenic
chr5	53656564	53656816	47.4163803932323	9.33047089978919	3.70624974469051	2.51749653761348	NA	NA	NA	NA
chr5	53953543	53954130	23.4846264203542	-6.06555623382763	4.25241870686435	-1.42637793969735	NA	NA	MIR581	Promoter
chr5	54183465	54183900	44.2840314945084	7.92934101262066	4.1001166541957	1.93393058817155	NA	NA	ARL15	Intron
chr5	54720517	54720915	48.2693011178123	-21.418143267302	3.83211521336342	-5.58911777824744	NA	NA	LINC02998	Intron
chr5	57105677	57106616	1.58080106422071	-4.56906317184144	4.26217337862407	-1.07200312280972	0.283718629511	NA	GPBP1	Intron
chr5	60730986	60731384	63.4170936577869	-22.9805599653451	3.89593270640052	-5.89860290132604	NA	NA	DEPDC1B	Intergenic
chr5	61234039	61234251	65.7305393132948	6.98325588746197	2.63622305716891	2.64896244969552	NA	NA	LINC02057	Intron
chr5	61989050	61989624	59.0305704811015	-5.66170779963827	3.21187857861502	-1.76274029701323	NA	NA	LOC105378995	Intron
chr5	62950615	62951199	21.7992314287043	13.601439415737	4.40735632388002	3.08607664464102	NA	NA	IPO11-LRRC70	Intergenic
chr5	63846234	63847254	18.2361216716596	0	4.23920210042151	0	1	1	HTR1A	Intron
chr5	64066848	64067531	18.6864152208171	7.06609133925773	4.24951945885881	1.66279773693642	NA	NA	RNF180	Intron
chr5	64977284	64977582	28.467929243142	7.97611721046887	4.11198589487414	1.93972387415327	NA	NA	LOC107986419	Exon
chr5	65938935	65939589	19.2642371899668	-7.64972101226057	3.28947259181946	-2.32551596000056	0.020044387515689	0.0683272920429638	LOC124900212	Intron
chr5	66325689	66326423	12.8186867344462	4.42590548668028	4.25516663475904	1.04012506831731	NA	NA	LOC124900988	Intron
chr5	67061047	67061476	33.0673910079493	-5.6494915182332	3.86057057905327	-1.46338252404613	NA	NA	MAST4-AS1	Intron
chr5	67142525	67143137	35.3387352385263	5.79807760743142	3.63645687994334	1.59443045768269	NA	NA	CD180	Exon
chr5	68768129	68768606	16.2652537415901	20.926038261181	4.24860406676375	4.92539147737547	NA	NA	LOC105379011	Intergenic
chr5	71957922	71958277	20.2814986211979	8.98719467303093	3.78703280345527	2.37314941260373	0.0176371277359283	0.0629952654864274	LOC124901000	Intron
chr5	72063438	72064061	11.1330204208512	-6.85042817209363	3.89979667699042	-1.75661162350143	0.0789840303945087	0.172800742553244	MAP1B	Intergenic
chr5	72370428	72370679	58.9353177704246	8.6036383982182	2.91903590859609	2.94742465239358	NA	NA	MRPS27	Intergenic
chr5	72435278	72435748	35.9945138712061	-5.76340457225087	3.35792526001477	-1.71635880073922	NA	NA	ZNF366	Intergenic
chr5	73398870	73399164	26.3184948231038	8.4092574359604	3.19482018362044	2.63215359633507	0.0084845495500128	0.0468405070829203	LOC107986383	Intron
chr5	74349283	74349905	17.0648288173586	-3.36094400940131	3.81438337196442	-0.88112380997257	NA	NA	LINC01333	Intron
chr5	76611864	76612376	31.2023397027987	8.0399041978332	3.91120045178294	2.05561036744311	NA	NA	LOC101929109	Promoter
chr5	78051154	78051764	63.7203717372921	-6.75587432951386	2.78536467547423	-2.42549005844759	0.0152877344559495	0.0586344383248762	LOC101929154	Intron
chr5	79552527	79553325	47.0697356610113	-15.1926042625955	4.30674319391742	-3.52763180401668	NA	NA	LOC124901013	Intron
chr5	81117749	81118620	91.1146025576226	0.810642972970496	2.90631602408727	0.278924578831745	0.780302705618202	1	CKMT2	Intron
chr5	81296502	81296944	22.0024954445264	8.67610286950243	4.24838941276507	2.04220988863061	NA	NA	LOC124901017	Intron
chr5	81907644	81908596	35.8169947917933	-2.26597467060032	4.085054198171	-0.554698802188441	NA	NA	ATG10	Intergenic
chr5	82860311	82861026	4.88338684806571	-4.91772540926757	4.25893208822829	-1.15468509649642	NA	NA	LOC124901020	Promoter
chr5	83139606	83140094	14.4284390326523	-21.8839209849194	4.24868406546805	-5.15075271488998	NA	NA	TMEM167A	Intron
chr5	84105138	84105376	51.5734947989343	7.45825311392843	2.84675079367881	2.6199178131396	NA	NA	LOC107986386	Intron
chr5	84158253	84158606	35.9309459274085	-5.7747949688903	4.25107908587005	-1.35843037785038	NA	NA	EDIL3-DT	Intron
chr5	85330452	85330864	29.1385930836519	-7.51499153172467	3.74171551064841	-2.00843477018444	0.0445971111654674	0.113012524809403	LOC101929321	Intron
chr5	85631232	85631848	2.46022836817004	-2.66289705086707	4.30343738853626	-0.618783732734359	0.536058840085626	NA	LOC105379061	Intron
chr5	88276900	88277316	39.0991090410504	13.5158549860462	4.40735632387892	3.06665810359323	NA	NA	TMEM161B	Exon
chr5	88550455	88551119	3.77267564599047	-6.27303856419412	4.25170044812946	-1.47541875085625	0.140099997264182	NA	LINC02060	Intron
chr5	88864790	88865424	82.867585333848	-8.21440656302692	3.28564570499422	-2.5000889628912	0.012416212261766	0.0551771040548725	MEF2C-AS1	Intron
chr5	89132080	89132516	1.65362545956445	-4.64244873661964	4.26142484031173	-1.08941232348006	0.275972099387641	NA	MEF2C	Intron
chr5	89627027	89627529	24.7123004200844	-22.6416485626021	4.24796915102828	-5.32999364110763	NA	NA	LINC02161	Intron
chr5	89747212	89747493	165.160201167277	8.89737184539778	3.17199312731366	2.80497828598163	NA	NA	LOC102724637	Intergenic
chr5	90726101	90726626	15.5257357041604	19.625342765319	4.25083612931075	4.61681941347883	NA	NA	LYSMD3	Intron
chr5	92825468	92825992	22.7361531308897	-0.653098269912687	3.91492076613524	-0.166822857709434	0.867509432859333	1	LOC105379082	Intron
chr5	93690149	93690784	28.6614339024477	-4.90986026815784	4.10562598979785	-1.19588590883788	NA	NA	NA	NA
chr5	93914720	93915074	34.1818842313449	-8.16797002833319	4.17663087611048	-1.95563607860402	NA	NA	POU5F2	Intron
chr5	94799847	94800269	91.0493972882981	0.27800987332158	3.58718408378717	0.0775008660910623	NA	NA	MCTP1-AS1	Intron
chr5	96538700	96539316	71.4027682190591	9.00259132736832	3.01302286199417	2.98789346769508	0.00280907451241395	0.0298373941159164	PCSK1	Intron
chr5	96548008	96548582	31.9494719123959	0	4.16602942073971	0	1	1	NA	NA
chr5	96662988	96663370	60.0318817212466	2.63516605095356	3.36555811042712	0.78298040458411	NA	NA	NA	NA
chr5	96725008	96725275	46.9484300792253	9.24225518439513	3.51560793121075	2.62892090507151	NA	NA	LOC107986363	Intron
chr5	97200368	97200736	5.53642409350161	-6.48033507232981	4.25107881774696	-1.52439777057917	NA	NA	RIOK2	Intron
chr5	98506457	98507209	97.3517793163709	8.03873181993789	2.44702362091198	3.28510593491612	NA	NA	RGMB	Intergenic
chr5	99150042	99150335	99.078440572289	3.46277306986537	3.71846897775657	0.931236240124432	NA	NA	LOC100289230	Intergenic
chr5	101564848	101565331	16.8486151099512	-6.31244198515019	4.25157531907201	-1.48473013210736	NA	NA	ST8SIA4	Intergenic
chr5	102537730	102538126	73.981598068596	8.45575246801335	3.65493937438623	2.31351374177946	NA	NA	LOC124901036	Intron
chr5	102607746	102608643	57.5454664629658	-7.7430690462049	3.0479166510959	-2.54044645329157	NA	NA	LINC00492	Exon
chr5	105023981	105024280	42.0881077693009	7.63906733963874	2.79103539315879	2.7370012427514	NA	NA	RAB9BP1	Intron
chr5	105590983	105591712	94.9143892472478	8.68920858614566	3.63958202214291	2.38741936114676	NA	NA	NA	NA
chr5	106033973	106034589	94.0307485403821	-8.26447196334437	2.63006357589774	-3.14230881682143	0.00167621140220237	0.0269349832215968	LOC105379110	Intergenic
chr5	106416941	106417496	115.333245220909	6.73133694844892	3.09442548611318	2.17531072525645	NA	NA	NA	NA
chr5	106893343	106893939	15.8796959091411	-6.59261253999631	4.15147707472363	-1.5880161256666	NA	NA	NA	NA
chr5	107170966	107171357	4.91979633573996	-3.61272754568524	4.26211645677667	-0.847636985596928	0.396640169873196	NA	LINC01950	Intergenic
chr5	107765223	107765623	107.076581685897	5.83252426486271	3.6324318800317	1.60568028733736	NA	NA	LOC124901039	Intergenic
chr5	108515242	108515692	50.7065715930608	4.51620723893914	3.64069468654721	1.2404795314551	NA	NA	LOC105379114	Intron
chr5	109245098	109245414	105.131331667767	7.42406110120612	2.80814420412908	2.64376063390542	0.00819906151875767	0.0463110945959546	LOC124901040	Intron
chr5	109903343	109903812	41.3523236150232	0	4.40735632387863	0	NA	NA	LOC105379119	Intergenic
chr5	110368037	110368586	30.5485944154379	-22.107861929402	4.2480058620284	-5.20429176593595	NA	NA	MIR548F3	Intron
chr5	112026851	112027442	25.8234835456833	21.7245779838133	4.24793137401585	5.11415464870743	NA	NA	NREP	Intergenic
chr5	113422476	113422843	39.0844571582499	8.33044736228275	4.12800324755609	2.0180331416199	NA	NA	TSSK1B	Intron
chr5	113511923	113512278	28.0493797125961	6.1608903989236	4.12820969008929	1.49238795057194	NA	NA	LOC124901046	Promoter
chr5	113781843	113782328	27.4911542762205	-3.06987062327168	3.73284586496141	-0.822394155646022	NA	NA	LOC105379127	Intergenic
chr5	114026657	114027264	7.04004141338272	-7.07912941352266	4.24971192515564	-1.66579042019734	NA	NA	KCNN2	Intergenic
chr5	114152825	114153240	65.7352897360412	0.439684208244183	3.43659408859062	0.127941850829553	NA	NA	NA	NA
chr5	115139020	115139601	35.4533267028815	13.7435280143326	4.40735632387875	3.11831560790106	NA	NA	TRIM36	Intron
chr5	115434235	115434832	24.5038189547258	0	4.40735632392266	0	1	1	LOC105379130	Intron
chr5	115554312	115554709	52.3895733096943	-0.217654435042608	3.47522264063274	-0.0626303571166248	NA	NA	FEM1C	Intergenic
chr5	115578273	115578718	32.4166157542439	5.36463770688204	3.61593970798046	1.48360817384266	NA	NA	TICAM2-AS1	UTR
chr5	116025437	116025847	47.3996565793081	5.88868110902517	3.63549180291344	1.61977565299585	NA	NA	ARL14EPL	Intron
chr5	116358743	116359374	38.4480823923297	0.308639883378868	3.72969250094194	0.0827520990808011	0.93404865781973	1	SEMA6A-AS1	Intron
chr5	116555127	116555661	105.389604928775	8.21213237096354	3.14081536797002	2.61464983096769	NA	NA	SEMA6A-AS2	Intron
chr5	116738702	116738953	99.9629152949556	-1.37935768469605	2.99982929964149	-0.459812058259748	NA	NA	LINC02214	Intron
chr5	116751398	116751768	27.8881702171739	7.25775381996034	3.83698250553543	1.8915264298156	NA	NA	NA	NA
chr5	116784380	116784906	11.3375529980642	-7.84938545332909	4.1858436048878	-1.87522186547137	0.0607622072795397	0.139828091813657	LOC105379133	Intron
chr5	117655301	117656288	55.2351085664133	-23.5485599795088	3.66681403770311	-6.42207642312278	NA	NA	LINC02147	Intergenic
chr5	117857980	117858587	39.4883813856548	-2.50090138474522	3.10400274962512	-0.805702051986669	NA	NA	LOC124901051	Intron
chr5	118221321	118221922	89.0321887173911	7.90876226387336	3.23110025045522	2.44769943698253	NA	NA	LINC02148	Intron
chr5	118783175	118783736	13.6144857870732	-21.242983502469	4.24956636605811	-4.99885910057548	NA	NA	LOC124901052	Promoter
chr5	118829821	118830377	17.7648902909247	1.27043100902061	4.29962256776931	0.295475007165506	0.76763104189482	1	NA	NA
chr5	119518203	119518813	36.8512986033628	17.8230081854299	4.26263751265267	4.18121600359551	NA	NA	LOC107986444	Exon
chr5	120692378	120692926	31.4700174587807	5.3385777405423	3.54813877088633	1.50461356933024	NA	NA	PRR16	Intergenic
chr5	121667129	121667748	20.2911464173863	21.4820572206123	4.24825697778818	5.05667555727685	NA	NA	LOC105379150	Intergenic
chr5	122475487	122476216	12.3620899165258	8.29398384467866	4.24879984611476	1.95207685583564	0.0509290805692681	0.122334801779788	LOC105379151	Promoter
chr5	124767879	124768470	17.8660186660814	4.84442947946423	3.88411049622036	1.24724296185146	NA	NA	ZNF608	Intergenic
chr5	124882721	124883159	38.7299210484788	-6.73940193646223	3.6942674963319	-1.82428639592393	NA	NA	LOC105379157	Intron
chr5	125376890	125377153	38.6941382598052	-7.92600897582421	3.90002818689586	-2.0322953055713	NA	NA	LINC02240	Exon
chr5	126501487	126502226	49.2561814097753	9.2852361392613	4.03349947306225	2.3020298381772	NA	NA	LOC101927514	Intron
chr5	126934791	126935461	65.0064255585201	-5.81131853511037	3.82208526421051	-1.52045758621001	NA	NA	MARCHF3	Intron
chr5	127891330	127891982	117.162682092354	8.60104165176601	3.15052371064533	2.73003552479351	NA	NA	LOC105379164	Intron
chr5	129216168	129216695	50.2416951825987	21.4026810572348	4.14402672387453	5.16470633114643	NA	NA	LOC102723654	Intron
chr5	129282107	129282635	42.1597669021615	-23.7163810266396	4.24612085644604	-5.5854229845191	NA	NA	NA	NA
chr5	129293897	129294252	28.3392637086383	-15.2480630026489	3.96093223798732	-3.84961470848007	NA	NA	MIR4460	Intron
chr5	129516294	129516699	43.003357874679	-6.31488371644691	3.54305824585437	-1.78232568539785	NA	NA	LOC105379169	Intron
chr5	129887799	129888196	94.6874775618046	6.74413085952747	2.77139093105909	2.43348232973765	NA	NA	CHSY3	Intron
chr5	130116966	130118172	82.8862282381361	9.37757376251282	4.20975419229279	2.22758226114039	NA	NA	CHSY3-AS1	Intron
chr5	130882266	130882772	38.3860109157328	-19.884935400432	4.25390352210872	-4.67451490074574	NA	NA	LOC107986449	Intron
chr5	132232650	132233454	79.1917074661827	-15.967877126942	4.29983329319977	-3.71360376975436	NA	NA	MIR6830	Intron
chr5	132574097	132574601	84.2936698129193	7.86307687318666	2.27150927385641	3.46160896796045	0.000536956698625885	0.0229267034668706	NA	NA
chr5	132585328	132585663	10.8484123179655	6.45722279537716	4.1478299630611	1.5567713365501	0.119524784825895	0.245368060479591	IL5	Intron
chr5	133244242	133244649	76.9795669076843	9.10826986753748	3.0244681472268	3.01152778741911	0.00259936610621498	0.0290644638773276	FSTL4-AS1	Exon
chr5	134153284	134154900	65.1809954373376	6.71896765474375	3.00936894625749	2.23268325510556	0.0255698394656309	0.0772936913810167	TCF7	UTR
chr5	134260578	134261102	32.1093609583302	-6.07828760636257	4.25002762083228	-1.43017602440246	NA	NA	PPP2CA-DT	Intron
chr5	134886303	134886908	15.3601965872492	-0.653097007093253	4.26138129347777	-0.153259462628432	0.878193667083266	1	LOC124901071	Intron
chr5	134956551	134957057	101.261577087972	2.48078931007896	3.82200846927066	0.649080013826437	NA	NA	CATSPER3	Intron
chr5	135018253	135018873	28.2687787977568	-7.70047599708347	3.62468625801886	-2.12445311095485	NA	NA	PITX1-AS1	Intergenic
chr5	135236281	135236627	51.1293594593221	0.587637392441443	3.57713921749697	0.16427579602357	NA	NA	LINC02900	Exon
chr5	135647137	135647584	28.2938903374899	-22.8480537887432	4.24784064882082	-5.37874550333842	NA	NA	SLC25A48-AS1	Intron
chr5	135862120	135862707	55.641432308348	-7.41096155408015	4.1554619989798	-1.78342662161261	NA	NA	IL9	Intron
chr5	135932121	135932575	51.1032774616523	21.1154351937193	4.24834790890515	4.97026977227038	NA	NA	FBXL21P	Promoter
chr5	136344366	136344842	104.028758807285	6.62559210566896	2.684203890571	2.46836394543021	NA	NA	TRPC7	Intron
chr5	136993194	136994093	15.1838054907432	0	4.40735632392282	0	1	1	LOC105379192	Intron
chr5	137579911	137580292	133.692522380367	8.54686554609739	2.20788775271835	3.87105981070572	0.000108363197334102	0.0105923874774995	SPOCK1	Intron
chr5	138177727	138178400	10.9922353866728	1.27043155015667	4.39984655261407	0.288744513010771	0.772776896356311	1	KIF20A	Promoter
chr5	138291462	138291936	14.805878359343	-7.81828309882798	4.24864639410888	-1.84018211298279	NA	NA	GFRA3	Intron
chr5	140772257	140772565	74.7330728270308	13.6865229147746	4.32243104741992	3.16639473588459	NA	NA	VTRNA1-3	Intergenic
chr5	143055159	143055583	5.59693486539302	-0.360526271241674	4.09547969300583	-0.0880302915083116	0.929852600450807	1	ARHGAP26-IT1	Intron
chr5	145776974	145777346	89.7920779529296	-5.92356476088394	3.08196180010078	-1.92201109069238	NA	NA	PRELID2	Intron
chr5	146369543	146369946	23.6745445009924	-8.59960184271664	3.8195473712734	-2.25147144590842	NA	NA	LOC105378213	Intron
chr5	146451821	146452066	81.6349274443762	2.18496855562145	3.3967220801396	0.643257971677108	0.520056722507442	0.961692193208205	TCERG1	Intron
chr5	148999864	149000273	15.7449186684165	-6.21926588898569	4.17832930751206	-1.48845757030311	NA	NA	MIR584	UTR
chr5	149801585	149802104	12.9070234123509	0.54382349353541	4.08687467822616	0.133065859942504	NA	NA	MIR378A	Intron
chr5	150103903	150104566	73.0041969076813	-6.30573027383108	3.45341857711222	-1.82593859766168	NA	NA	CSF1R	Intron
chr5	150333217	150333613	19.2212633097698	-7.14476551822731	4.09980389727667	-1.74270908981117	NA	NA	ARSI	Intron
chr5	150748033	150748597	33.5861409755818	4.27244715767905	4.03989901455438	1.05756286042965	NA	NA	DCTN4	Intron
chr5	150750341	150750719	20.5521494154747	9.02138029362329	3.74433243437821	2.40934277383984	0.0159812803286434	0.0603608491465837	NA	NA
chr5	150774956	150775345	69.3473931043955	2.25135219478581	3.59273825582247	0.626639636532725	0.530895480359708	0.972091527888502	SMIM3	Intergenic
chr5	151602898	151603573	19.8045585712777	7.51513498065682	3.8340569574057	1.96009998394544	NA	NA	LOC105378231	Intron
chr5	151716475	151716968	37.8254457317656	-6.95426701774442	4.13306765418768	-1.68259210823667	NA	NA	SPARC	Exon
chr5	151791061	151791582	66.5470974489804	7.46648589263111	3.66687710149512	2.03619747429952	NA	NA	ATOX1	UTR
chr5	152176469	152176982	1.10591227632466	-3.83635103672049	4.27214817622898	-0.897991099200786	0.369190294750553	NA	LOC105378236	Exon
chr5	152751759	152752190	75.8946190543773	-7.71998841094248	3.66535458992246	-2.1062050673536	NA	NA	NMUR2	Intron
chr5	153212394	153212844	54.9741816548501	10.4369704341896	3.5179978405135	2.96673588425687	0.00300979386170682	0.0304905204251169	LINC01470	Intron
chr5	153716608	153717378	5.0299574696835	-0.653115409583678	4.40735632389263	-0.148187566783082	0.882194743754164	NA	LINC01861	Intron
chr5	154173902	154174225	63.7791710831894	1.59728779022757	2.77005549815324	0.576626638452715	NA	NA	LOC124901118	Intron
chr5	155021611	155022344	19.5852268231397	19.9018732116053	4.25089475630029	4.68180803161701	NA	NA	KIF4B	Intergenic
chr5	155385568	155386001	63.3572930489403	0.773733972580503	3.04106527434977	0.254428597474265	NA	NA	LOC105378239	Intergenic
chr5	156780938	156781367	8.46896450939582	7.74795990680926	4.24961106880379	1.823216238231	0.0682706466292224	0.153754287646923	LOC105377673	Intergenic
chr5	156859938	156860506	52.8125637729162	0.434889735904376	2.9571634415012	0.147063138209096	NA	NA	PPP1R2B	Intergenic
chr5	156908570	156909112	58.4120363263761	7.98379983749967	3.29348671393387	2.42411782131148	NA	NA	TIMD4	Intergenic
chr5	157164784	157165284	51.8515508361002	6.49249463108671	3.11265850992151	2.08583582503255	NA	NA	GARIN3	Promoter
chr5	157270305	157270824	31.3722359401159	0.308687234654003	3.92085244024768	0.0787296230496507	0.937247682818261	1	CYFIP2	Intron
chr5	158115418	158115833	37.7291025796709	-6.15050078754913	3.83106162234913	-1.60542987658281	NA	NA	LOC105377678	Intergenic
chr5	158340230	158340724	124.468065461474	-9.29766424309055	3.46764862268431	-2.68125904749058	NA	NA	NA	NA
chr5	158456107	158456394	54.198989147556	7.09759268308476	3.83227495443491	1.8520572681955	NA	NA	LOC124901122	Intron
chr5	158883232	158883969	100.805066232769	-8.51478270553219	3.43071791088598	-2.48192446208242	NA	NA	EBF1	Intron
chr5	159224165	159224760	11.982286160432	-6.12820188845214	4.25219086968862	-1.44118692604711	NA	NA	LINC01932	Promoter
chr5	159471450	159471750	70.4912950532885	9.46620358773121	3.11689819171232	3.03705896230469	NA	NA	LINC01845	Intron
chr5	159756327	159756599	34.2213119898613	-16.0762232575873	3.75495831101671	-4.2813320218286	NA	NA	LOC105377688	Intron
chr5	159972328	159973005	13.4214564624964	0.308685142038124	3.50430629617249	0.0880873747752242	NA	NA	LOC105377687	UTR
chr5	160783502	160783933	53.8483881188137	-7.40390678208555	3.81327723653742	-1.9416125088268	NA	NA	ATP10B	Intron
chr5	161889482	161889743	22.7060543085357	-7.29415080849996	4.13694135366062	-1.76317481562692	NA	NA	LOC105377696	Intron
chr5	162329471	162329838	47.5129378668152	-23.6197682948668	4.09362494885851	-5.76989064458703	NA	NA	LINC01202	Intergenic
chr5	163660259	163660658	75.7470083131688	0.646882014083102	2.95406386163746	0.218980375639046	NA	NA	LOC102724458	Intergenic
chr5	164170021	164170932	116.308808840287	-9.04710487609061	3.61260065684518	-2.5043191139735	NA	NA	LINC03000	Intron
chr5	165016313	165016681	23.0044117652809	3.35542074067159	4.09042562799832	0.820310903027856	NA	NA	LOC105377702	Intron
chr5	165246645	165247091	46.6470826487014	-23.2685250311626	4.06872478119901	-5.7188741638862	NA	NA	LINC01938	Intergenic
chr5	165751597	165752373	4.17153947241339	5.56010214939204	4.25875451554887	1.30557000388069	0.19169882660227	NA	LOC105377705	Intron
chr5	166538201	166538689	106.059965116362	0.163216403156199	3.12284129637811	0.0522653531402633	NA	NA	NA	NA
chr5	168433090	168433809	35.1063530989736	20.0587617745099	4.25023990003176	4.71944225415607	NA	NA	RARS1	Intron
chr5	168684126	168684748	52.0805262786545	-18.0075310332917	4.27528892418053	-4.21200329443075	NA	NA	SLIT3-AS2	Intron
chr5	169845796	169846631	52.2508041518388	-8.26628286367096	3.99138097515082	-2.07103328776041	NA	NA	INSYN2B	Intron
chr5	171604827	171605427	21.2764054047796	-6.30867693827359	3.50904172097293	-1.7978346910405	NA	NA	LOC105377722	Intergenic
chr5	172219538	172219941	16.0487520855978	0	4.4073563239228	0	1	1	EFCAB9	Intron
chr5	172426859	172427483	14.1057142004508	-5.52896086224194	3.82406309870113	-1.44583410878338	NA	NA	SH3PXD2B	Intron
chr5	173018412	173018751	56.356106490697	21.9372064589665	4.14691514437038	5.29000611183163	NA	NA	SNORA74B	Promoter
chr5	173494003	173494679	31.9699810192774	16.793757130495	4.27813080817738	3.92548939793864	NA	NA	LOC105377733	Intron
chr5	174904489	174904954	40.6181506177077	-7.88943656721774	4.18962704139098	-1.88308803845184	NA	NA	MIR4634	Intron
chr5	175558262	175558714	35.7806016797068	21.8953299896732	4.24780749193688	5.1545014766405	NA	NA	SFXN1	Intergenic
chr5	175810972	175811686	25.3344451667203	-5.36536283399247	4.11883441343532	-1.30264106187204	NA	NA	CPLX2	Intron
chr5	176157461	176157846	34.1688445794893	1.08877226386818	4.08308669122151	0.266654211924769	NA	NA	CEP192P1	Intron
chr5	176529852	176530347	3.79802367417931	0	4.40735632392398	0	1	NA	LOC124901143	UTR
chr5	176791359	176791706	133.366343041051	0.968998879681572	3.31908493952026	0.291947599214388	NA	NA	UNC5A	Intron
chr5	176814328	176814663	52.909458953589	-6.15226811713619	3.41085579316308	-1.8037315237625	NA	NA	NA	NA
chr5	176895491	176896160	40.8472855917582	9.04206410988465	3.24625173032164	2.78538599623288	0.00534640366439964	0.0395464144065116	HK3	UTR
chr5	178895257	178895620	31.4594061218683	-7.73426649118385	4.07699865443279	-1.89704906641915	NA	NA	ZFP2	Promoter
chr5	179386291	179387016	9.68313198066242	0	4.40735632388031	0	NA	NA	ADAMTS2	Intergenic
chr5	180333590	180334145	35.3077729682731	0	4.40735632388358	0	NA	NA	GFPT2	Intron
chr5	180629199	180629421	108.569328324084	1.61771659141982	2.78635225572551	0.580585813619103	NA	NA	FLT4	Exon
chr6	1526493	1527038	31.0490826054436	-4.26294468956898	3.35010185291015	-1.27248211449627	NA	NA	LOC102723944	Intron
chr6	2261547	2262433	22.3460182009337	0.606130964041193	4.30596404103201	0.140765449563745	NA	NA	GMDS	Intron
chr6	2513867	2514351	18.6090453190094	0	4.40735632388108	0	NA	NA	LINC02521	Intron
chr6	2837697	2838818	220.571463712676	1.32157002096569	2.54661726279365	0.518951175064258	NA	NA	SERPINB1	Exon
chr6	2852479	2853143	39.5881251781948	-21.6238781197677	4.24901877888139	-5.08914628178238	3.59679085553316e-07	5.58701512892818e-05	MIR4645	Promoter
chr6	2982385	2982894	54.2272668288298	1.27045475257586	3.58484808180025	0.354395702017547	0.723042355122867	1	LINC01011	Intergenic
chr6	3170678	3171387	6.66455230473013	-0.653123791709917	4.40735632388899	-0.148189468632209	NA	NA	LOC105374889	Intron
chr6	3597363	3597936	55.2533988426494	4.08583858535652	3.57954009347199	1.14144233020545	NA	NA	LOC100507336	Exon
chr6	3620532	3621100	58.6933825305617	-2.12639564917518	3.33991160630485	-0.636662253324645	NA	NA	NA	NA
chr6	3750976	3751520	55.2344853592052	-10.1422253905105	3.9956140735616	-2.53833959030732	0.0111379849412341	0.051563705295896	PXDC1	Promoter
chr6	4575644	4575849	84.6534109288261	8.16419370849096	3.02658267471809	2.69749568603852	NA	NA	KU-MEL-3	Intron
chr6	4977936	4978320	41.4117160899935	7.59242583526857	3.41846516264082	2.22100430282089	NA	NA	LYRM4-AS1	Intergenic
chr6	5048332	5049157	36.0352197886535	8.66216098598377	3.51402823200793	2.46502316261533	NA	NA	PPP1R3G	Intron
chr6	5110834	5111405	48.7338592895154	1.98763121712867	3.51104453774371	0.566108232396839	NA	NA	NA	NA
chr6	5269298	5269529	22.6371065727505	2.69469555601945	3.91125875678778	0.68895865080339	NA	NA	LOC124901250	Intron
chr6	7048379	7048573	51.7186347541942	8.53615370599992	3.11457733572954	2.74071014647015	NA	NA	LOC105374904	Intron
chr6	7778947	7779386	43.3920863615637	8.13158526661912	3.44762209988369	2.3586068980395	0.0183436757161655	0.0648162860726383	NA	NA
chr6	7813277	7813941	6.35016097361269	-3.26953709682622	4.26615221666437	-0.766390163964337	NA	NA	BMP6	Intron
chr6	9868968	9869418	88.0523660058131	23.8068395674017	3.95297790547291	6.0225076225296	NA	NA	OFCC1	Intron
chr6	10507205	10507697	19.1051858589758	0.308692542562361	3.92666772482898	0.0786143784487915	0.937339350587641	1	LINC02522	Intron
chr6	11530883	11531294	135.837878632865	0.568064085165718	3.06417412971004	0.185388969790524	NA	NA	TMEM170B	Intergenic
chr6	11701124	11701519	65.4176085042927	22.4116817705264	3.68620914367061	6.07987254575836	NA	NA	LOC124900221	Intron
chr6	11724634	11725001	109.707073766878	2.0605871140357	3.64307613952014	0.565617361570468	NA	NA	LOC124901258	Promoter
chr6	11798618	11799306	5.68641767478235	-6.36586698461267	4.25141102445408	-1.49735392508423	NA	NA	ADTRP	Intron
chr6	11935392	11935745	66.7179006312863	2.22841248701393	2.61058202685838	0.853607534292128	NA	NA	LOC107986570	Intron
chr6	12662977	12664036	50.6991822705243	7.69792528552584	3.14120375148296	2.4506290882569	NA	NA	PHACTR1	Intergenic
chr6	13259940	13260483	14.0437460508054	-15.0584647507701	4.40735632388001	-3.41666605651557	NA	NA	LOC105374933	Intron
chr6	14408576	14408756	55.3133872206487	8.54132257100077	3.01342081943861	2.83442741083603	NA	NA	LOC105374943	Intron
chr6	15127221	15127842	27.4381949805783	-21.6095524175085	4.24903826211586	-5.08575142995953	NA	NA	LOC105374945	Intergenic
chr6	15648139	15649009	63.98852723642	-8.47088996796347	2.79775103277299	-3.02774974210895	0.00246382033819067	0.0290644638773276	DTNBP1	Intron
chr6	15816858	15817106	59.2780073331444	6.87728959025084	2.85774356119697	2.40654538903773	NA	NA	NA	NA
chr6	15842103	15842363	39.1597464222575	7.42695693846062	3.22811691877036	2.30070878017939	NA	NA	LOC102724520	Intron
chr6	16423371	16423942	117.491163822844	1.75444584701396	3.23913416331677	0.541640376271868	NA	NA	LOC127903862	Intron
chr6	16547754	16548209	43.2774622472467	3.52962023402629	3.66596209709472	0.96280870902171	NA	NA	ATXN1-AS1	Intron
chr6	17825969	17826464	53.0312192031007	-13.194315066883	3.7165754495402	-3.55012705810004	NA	NA	LOC105374953	Exon
chr6	18575897	18576236	42.8544219329997	8.11507085515276	2.87508683385763	2.82254809127431	NA	NA	MIR548A1	Intron
chr6	18983246	18983719	16.5139346216804	-8.08551360188479	4.24837712106881	-1.90320053316044	NA	NA	LOC105374958	Intron
chr6	20162150	20162504	46.8723452171825	-3.06591741803495	3.47822043877735	-0.88146150366268	NA	NA	LOC101928573	Intron
chr6	20239116	20240746	52.5793136421977	0.824225533920175	3.35019398549566	0.246023226561978	0.80566425278396	1	MBOAT1	Intron
chr6	20306759	20307745	70.0521129149349	-6.76534572065811	2.55647669317661	-2.64635532908053	0.00813642999102846	0.0463110945959546	NA	NA
chr6	20355740	20356405	76.6313980190212	1.78508763368748	3.69857621707651	0.482641840783392	NA	NA	LOC124901272	Intergenic
chr6	21714650	21714936	71.6501894075254	0.206190200925131	3.58601845298697	0.0574983658417554	NA	NA	LOC124901274	Intron
chr6	22451530	22451709	71.6868456983346	7.3070099768254	2.60262757259263	2.80755112785748	NA	NA	LOC105374973	Intron
chr6	23118130	23118810	22.7509467929661	-7.88570283426081	3.21385299945261	-2.45366008825043	0.0141410579932602	0.0572445309794465	LOC105374974	Intron
chr6	24121288	24121804	32.0984468545649	1.27044089034763	3.89218057394996	0.326408517336164	0.744115294216716	1	NRSN1	Intron
chr6	24281752	24282749	67.7803015299183	2.43110778118261	3.52942383186516	0.688811516268894	NA	NA	KAAG1	Intron
chr6	24402388	24402703	29.8602494842312	7.06361962718557	3.59889066870951	1.96272137094913	NA	NA	MRS2	Promoter
chr6	25050085	25051030	46.8567268299283	20.8131204847794	3.83608537937699	5.42561450708888	NA	NA	LOC102724765	Intron
chr6	27194244	27194945	13.2021022832725	5.40500889150372	3.89505535097894	1.38765907142893	NA	NA	MIR3143	Intron
chr6	28353412	28353884	79.2557082379559	0.308678965766983	3.87597045432223	0.0796391431267915	0.936524262358079	1	ZSCAN31	Promoter
chr6	28482768	28483098	65.9971812088926	0.588568748397677	3.85617464188177	0.152630210780719	NA	NA	LOC124901294	Intron
chr6	28547849	28548417	6.08645549312969	0	4.40735632388176	0	1	1	LOC124901295	Intergenic
chr6	29561429	29562079	93.0486592347537	-9.41678435566445	3.6702196824215	-2.565727714002	NA	NA	OR2I1	Intron
chr6	31795288	31795935	34.2346634523164	7.85418034725163	2.78174862135553	2.82346876599667	NA	NA	EHMT2-AS1	UTR
chr6	32247344	32248071	77.3312224735446	-3.81526879724152	3.4593845424209	-1.10287502024033	NA	NA	TSBP1-AS1	Intergenic
chr6	34275201	34275476	75.869618372673	0.308688555662278	3.51976694590944	0.0877014189877048	NA	NA	SMIM29	Intron
chr6	34733472	34734012	16.3177681336762	-2.62195875513108	4.07065992538836	-0.644111471650615	NA	NA	SNRPC	Intron
chr6	35361199	35361423	58.1879552994626	7.67497975939559	2.61503279404457	2.93494589317368	NA	NA	PPARD	Intron
chr6	35797314	35797771	31.9955747803739	-6.58777637646527	3.4461399233497	-1.91163926102625	0.055922479895927	0.13095414890202	CLPS	Promoter
chr6	36322599	36324479	34.1593883037194	-4.13173067274185	3.34925332043556	-1.23362740212333	NA	NA	BNIP5	Exon
chr6	36424739	36425016	38.7188032466788	6.99376287001475	3.16446975153124	2.21008997372485	NA	NA	KCTD20	Intron
chr6	37056151	37056560	45.5196958334975	-7.54223495372656	3.06252021035562	-2.46275434468097	NA	NA	FGD2	Intron
chr6	37645574	37645773	63.5620474683047	7.67438872365173	3.14861456378442	2.43738589407642	NA	NA	MDGA1	Intron
chr6	38663295	38663835	10.6322597349098	0	4.40735632388104	0	NA	NA	LOC105375044	Intron
chr6	39167721	39168440	34.5896664203844	-5.3775114509401	3.46660580842374	-1.55123245852555	NA	NA	SAYSD1	Intergenic
chr6	39796221	39796731	39.9283194423339	0	4.18187302354357	0	NA	NA	DAAM2	Intron
chr6	39869677	39869914	54.9281998675506	6.96413173870995	2.74560325603004	2.53646688516083	NA	NA	DAAM2-AS1	Intron
chr6	40268117	40269110	1.50188496754293	0.673299366180776	4.13624820673574	0.162780213499841	0.870691487803751	NA	LOC105375050	Intergenic
chr6	40489876	40490454	23.5161733256752	7.92501709627957	3.84890071913646	2.05903390983222	NA	NA	LOC105375051	Intron
chr6	40750147	40750922	18.7599308944017	-21.6521905414098	4.24898717822458	-5.09584746510274	NA	NA	LOC105375052	Intergenic
chr6	41072732	41073735	61.9255948205069	0.633451972311748	2.7850028480906	0.227451103953464	NA	NA	NFYA	Promoter
chr6	43132115	43132652	21.8225851928558	-4.68692627042715	4.13667619961557	-1.13301743821833	NA	NA	NA	NA
chr6	43138038	43139036	50.9711081588239	-9.0474260251081	3.13577519781388	-2.88522787966929	0.00391130432945918	0.0334232590930601	SRF	UTR
chr6	44222409	44223249	145.81734825801	1.96913113261713	3.75040332179333	0.525045165455845	NA	NA	SLC29A1	Promoter
chr6	45089333	45089790	29.8772451146546	-8.13233450030382	3.34490788462348	-2.43125813350141	NA	NA	MIR586	Intron
chr6	45729822	45730487	2.29866593805716	-3.83636746772718	4.27214789129836	-0.897995005168526	0.369188212355998	NA	RUNX2-AS1	Intergenic
chr6	46098920	46099424	64.1015750861386	-5.94810507736678	3.80066706749293	-1.56501608052988	NA	NA	CLIC5	Intron
chr6	47605436	47605865	92.5374598970317	-0.54047563883524	3.39485533730694	-0.159204320990003	0.873507899626298	1	ADGRF2P	Intron
chr6	48940825	48941303	107.902180896287	8.46670362224488	3.41175947623251	2.4816238311132	0.0130785259218232	0.0551771040548725	LOC107986602	Intergenic
chr6	49132330	49132705	16.0033951454157	-15.2017049584942	4.40735632389482	-3.44916631225776	NA	NA	MMUT	Intergenic
chr6	51384129	51385178	71.3294536396938	7.19858015349133	2.98392430569279	2.41245400888948	NA	NA	LOC124900230	Intergenic
chr6	52012302	52012537	94.7362222461404	3.09297356777443	3.55387841584184	0.87030933697313	NA	NA	PKHD1	Intron
chr6	52363027	52363480	50.3908095136753	-8.05522600354663	3.66359623055601	-2.19872100979974	NA	NA	EFHC1	Promoter
chr6	54006036	54006424	26.6864805643219	-8.11547345694805	3.56193697948074	-2.27838771536355	0.0227034876702073	0.0728905401991312	MLIP	Intron
chr6	54339379	54340037	111.305994944456	0.0571394836956548	3.16827929066045	0.0180348632344669	NA	NA	TINAG-AS1	Intron
chr6	60483408	60483895	44.3517325011491	8.88126547647819	4.127804836419	2.15157107189761	NA	NA	KHDRBS2	Intron
chr6	61855540	61856240	10.6261297989702	1.03534997944798	4.08890903246014	0.253209345384984	NA	NA	NA	NA
chr6	62196058	62196615	2.47168013579683	-5.44237647578858	4.25531434339318	-1.27895991614308	0.20091117158891	NA	NA	NA
chr6	62291848	62292242	6.82569489832934	1.27043750977512	4.40735632392328	0.288253868397057	0.7731524167616	1	NA	NA
chr6	63056098	63056535	19.1830356389356	0	4.40735632392273	0	1	1	FKBP1C	Intergenic
chr6	63742653	63743071	24.1444001157047	0	4.25346995139471	0	NA	NA	NA	NA
chr6	63833861	63834145	43.1083817606578	-22.1156623815407	4.15120107147167	-5.32753340557901	NA	NA	SCAT8	Intron
chr6	63897827	63898281	58.4800416761102	1.68762889772794	3.56670428016717	0.473161990780139	NA	NA	NA	NA
chr6	65673274	65673796	36.7624491608221	-5.91230016295814	4.24996657676197	-1.39114039044107	NA	NA	EYS	Intron
chr6	67036311	67036865	9.78167672401987	-6.50223525553514	4.24805256423967	-1.53063907689639	NA	NA	LOC124900229	Intergenic
chr6	68255934	68257168	26.1994698102218	-6.27360862221069	4.17698649063637	-1.50194611265187	NA	NA	LINC02549	Intron
chr6	70021973	70022420	5.15216869251784	3.56761749441564	3.74497432325703	0.952641376540297	0.340771805414024	NA	NA	NA
chr6	70078170	70078695	28.2672545177683	8.41167216329474	4.10068495674402	2.05128466390983	NA	NA	LMBRD1	Intron
chr6	71448927	71449478	38.211931423489	-6.14309834806747	4.24953691358211	-1.44559241936063	NA	NA	LOC105377853	Intron
chr6	71754696	71755202	74.211899685488	-6.01601352936683	3.26417457129251	-1.84304282689901	NA	NA	RIMS1	Intergenic
chr6	71838495	71838864	61.9645504970924	6.11410327440874	3.01285574794066	2.02933820465445	NA	NA	NA	NA
chr6	72353581	72353950	90.6661669149414	-2.13699324834298	2.95790843139906	-0.722467682115569	0.470006987945412	0.892151757159112	NA	NA
chr6	72427858	72428371	14.2345200640938	0	4.40735632392285	0	1	1	NA	NA
chr6	72494545	72494965	50.111237645648	-0.407892047986817	4.04510820022831	-0.10083588072225	NA	NA	KCNQ5	Intron
chr6	73363220	73363685	84.3291122827169	-1.59766574695055	2.9434039751061	-0.542795267133851	0.587270772244574	1	KHDC3L	Promoter
chr6	74168220	74168727	102.646634597868	8.9053458551314	3.82571921869856	2.32775730419673	NA	NA	NA	NA
chr6	74216379	74216760	27.9668412077542	-4.22123206494307	4.25781372789573	-0.991408345857644	NA	NA	LOC101928516	Intron
chr6	75433753	75434261	21.6430553201197	8.03748848757392	3.57436696678947	2.24864670087114	NA	NA	MIR4463	Intron
chr6	75464880	75465433	84.1356708374904	-2.62748935961378	2.90774627166621	-0.903617136480125	NA	NA	FILIP1	Exon
chr6	76305503	76305832	68.5553086849	0.366075013243679	2.82834781977778	0.129430691191454	NA	NA	IMPG1	Intergenic
chr6	77097810	77098043	24.9151075715628	-5.95751445365489	3.37653278807953	-1.76438815422946	NA	NA	NA	NA
chr6	77264950	77265930	74.2616352070118	-15.2002209136192	4.03616568489353	-3.76600518916016	NA	NA	LOC101928570	Intron
chr6	77339949	77340485	67.3862490770433	-6.09624840669769	3.40488813050946	-1.79044014752565	NA	NA	NA	NA
chr6	77556823	77557186	80.3431833535484	9.61466295616766	3.49817840265924	2.74847702131452	NA	NA	LOC105377864	Intergenic
chr6	77815394	77816036	35.2901555267373	0	4.40735632388173	0	NA	NA	MEI4	Intron
chr6	78418630	78419070	14.2774048537964	0	4.40735632387999	0	NA	NA	LOC105377865	Intron
chr6	79199079	79199540	22.8227254833806	-15.1539773858155	4.40735632387937	-3.43833724169524	NA	NA	HMGN3-AS1	Intron
chr6	79673190	79673983	105.624614389894	-8.53255646534711	2.83385766050259	-3.01093332395313	NA	NA	LOC124901349	UTR
chr6	81361649	81362470	1.65110566059197	-3.7184249625715	4.27427843082053	-0.869953846656097	0.384325627002146	NA	LOC105377871	Intergenic
chr6	82061057	82061532	32.4818434034977	-5.66245786179068	3.61465902541079	-1.56652614312554	NA	NA	LINC02542	Intron
chr6	82625021	82625648	29.6313582266007	-22.5863446677976	4.07026286083084	-5.54911204510933	NA	NA	LOC105377877	Intergenic
chr6	84668610	84669022	71.3343574388264	-8.87703335272398	3.68986295555021	-2.40578944520727	NA	NA	TBX18-AS1	Intergenic
chr6	86201847	86202323	17.4678724230282	19.6410064276151	4.2507703664291	4.62057573910177	NA	NA	LOC101928842	Intergenic
chr6	86210289	86210753	67.1638447234237	-15.9772945067399	4.33021167109366	-3.68972598115617	NA	NA	NA	NA
chr6	87092993	87093421	61.7704051459163	-8.76752732217716	3.54811680609172	-2.47103683484273	0.0134721941194662	0.056053950532779	CGA	Promoter
chr6	87329111	87329366	105.692354390232	9.25221309241613	3.12923873882701	2.9566977353362	NA	NA	GJB7	Promoter
chr6	87913049	87914082	59.9853344106875	0.135269790637879	3.28365554128756	0.0411948783716936	NA	NA	LOC107986541	Intron
chr6	89545636	89546441	8.15086375123178	-6.3412563955213	4.25148595329835	-1.49153883258198	NA	NA	MDN1-AS1	Intron
chr6	89856685	89857704	151.877286488271	9.12596059926579	2.93624374149512	3.10803918295247	NA	NA	MDN1	Exon
chr6	90753586	90753988	71.8249175214402	0	4.26954913357584	0	NA	NA	NA	NA
chr6	90878711	90879099	54.4707168742648	-15.0972627904366	4.40735632387879	-3.42546907510985	NA	NA	NA	NA
chr6	90970423	90970822	64.5415158245065	-7.27071060969778	3.40347652171273	-2.13625995752101	NA	NA	LOC107986623	Intron
chr6	92960123	92960798	24.6245305716854	-8.97354690338744	4.13591165300463	-2.16966600262566	NA	NA	LOC124901507	Intergenic
chr6	93061324	93061706	60.9961201762987	8.12978872845527	2.70406954119072	3.006501350877	0.00264272879467618	0.0290644638773276	NA	NA
chr6	95851991	95852487	28.0388288386031	-22.7594765403048	4.24790114479431	-5.35781689934002	NA	NA	LOC107986626	Intergenic
chr6	95904092	95904399	47.3651318934342	-0.751715189882561	3.45857121195045	-0.217348478263263	NA	NA	NA	NA
chr6	96001377	96002153	22.7646095814246	20.5702069403757	4.16672546904689	4.93677999503072	NA	NA	NA	NA
chr6	99486827	99487590	25.5920783416826	6.78207043696166	3.2715279872957	2.07305896917233	NA	NA	USP45	Intron
chr6	100618102	100618591	39.548046415311	-16.0416152359582	4.2824537989754	-3.74589335670036	NA	NA	SIM1	Intron
chr6	101087938	101088159	39.4438018051863	9.93663835013987	3.04938548287472	3.258570753335	NA	NA	GRIK2	Intron
chr6	101402700	101403299	27.4156146903517	-7.91455719212405	3.37325296015477	-2.34626850865074	NA	NA	NA	NA
chr6	101711241	101711476	16.2577529274874	2.40353026581843	3.20920247674523	0.748949398872486	NA	NA	NA	NA
chr6	101879556	101880096	30.499894590141	13.5578417920194	4.27988306020178	3.16780659688871	NA	NA	LOC101927388	Exon
chr6	104924468	104924678	40.7592390794308	-8.72332920604244	3.23474522534162	-2.69675928036069	NA	NA	LIN28B	Intron
chr6	105036631	105037130	16.5246606970228	8.68729364631817	3.87875563270896	2.23971151290366	0.0251096576598593	0.076580501272326	LIN28B-AS1	Intron
chr6	105354289	105354686	62.6420192237824	0.187247542941138	3.7943113475558	0.0493495461466963	NA	NA	LOC105377921	Intron
chr6	106903343	106903570	101.741119119369	-2.40013974217148	3.36360428989035	-0.713561862608315	NA	NA	CD24	Intergenic
chr6	107050461	107051013	55.9893097908198	-19.0461392664548	4.04746470739813	-4.70569619338285	NA	NA	MTRES1	Intron
chr6	107645682	107646254	22.6104497224816	-0.366072091961914	3.35035727142883	-0.109263598567145	NA	NA	SOBP	Intron
chr6	108086473	108086818	60.4891442580543	-8.61988004671223	3.69183705971395	-2.33484845275921	NA	NA	NA	NA
chr6	108118362	108118724	28.5238009132909	2.87618685846926	3.17430957101616	0.906082659590299	NA	NA	OSTM1-AS1	Intron
chr6	108509619	108510095	46.2442963334286	7.31361213022221	3.7391810384009	1.95593956406827	NA	NA	LOC124901370	Intron
chr6	109031091	109031546	54.8583585917783	-0.740743552379721	4.06243660801911	-0.182339719693723	NA	NA	SESN1	Intron
chr6	109435572	109435823	54.4542582107988	8.00569455378649	2.52267478915584	3.17349449409824	NA	NA	SMPD2	Intron
chr6	110138712	110139130	74.6060903200086	7.4298398974263	3.49116641631091	2.12818267920822	NA	NA	WASF1	Intron
chr6	112169549	112169960	24.4928551254452	-19.8132301936691	4.25458864569995	-4.65690853890046	NA	NA	LOC107986633	Intron
chr6	112234970	112235546	20.0357167849356	8.14038932678295	3.84833812022515	2.11529992232249	NA	NA	LAMA4-AS1	Promoter
chr6	112315609	112315915	41.9394946326984	-6.95818198257607	3.8628269244452	-1.80131859870358	NA	NA	LOC107986632	Intron
chr6	112724033	112724491	28.9605798553187	0	4.18358012785718	0	1	1	LOC105377949	Intron
chr6	112876139	112876638	52.5124101090368	7.14088002680513	2.48115756994371	2.87804374591459	NA	NA	LOC105377950	Intergenic
chr6	114205537	114206257	73.4744945437014	9.25768821313726	3.42487002439285	2.70307724007086	NA	NA	LOC107986638	Intron
chr6	114239366	114240037	28.025073166272	0	4.40735632392263	0	1	1	NA	NA
chr6	114739866	114740216	85.9149920414663	22.932004730792	4.24749337233039	5.39895009140658	NA	NA	NA	NA
chr6	114792968	114793680	19.7426907257796	-21.5522041823673	4.24913845176709	-5.07213507561855	NA	NA	LOC107986639	Intron
chr6	114913585	114913817	66.5403828898424	-7.72382782075255	3.67428810041265	-2.10212906818197	NA	NA	NA	NA
chr6	115656413	115656806	104.097646848616	8.75706790041496	3.57522812477974	2.44937318536967	NA	NA	LINC02534	Intergenic
chr6	115728091	115728640	85.9388125950359	-2.1162390307825	3.24362915206556	-0.652429402860333	NA	NA	NA	NA
chr6	115761044	115761568	5.20245712745305	-5.09437983985759	4.25756489154009	-1.19654778485709	0.231482862812199	NA	NA	NA
chr6	116805814	116806211	64.5349466937921	-23.5440277752549	3.88091629613227	-6.06661571101621	NA	NA	GPRC6A	Intron
chr6	119391644	119392022	42.3623044428599	0.276145520261584	4.08237022981434	0.0676434288700323	NA	NA	LOC105377975	Exon
chr6	120295258	120295549	88.9567963112998	7.57748160101207	3.02653777215116	2.50367983863828	NA	NA	NA	NA
chr6	120443131	120443449	12.2078905166361	-4.95482167417914	4.25300178844856	-1.16501753835062	NA	NA	MIR3144	Intergenic
chr6	120670424	120670697	42.3355655440899	7.49451199032893	3.16863570759862	2.36521729915387	NA	NA	NA	NA
chr6	123136516	123136751	91.4956701139908	2.36905077502979	3.44953460460218	0.686774027971522	NA	NA	CLVS2	Intergenic
chr6	123255745	123256094	3.39322799408512	0	4.40735632392413	0	1	NA	TRDN-AS1	Exon
chr6	123587168	123587716	41.4006526647055	6.98509673845511	3.09477972939039	2.25705780353907	NA	NA	LOC105377981	Promoter
chr6	124074383	124074957	45.1513170560134	9.18206081188908	3.09237890824571	2.96925476609786	0.00298522983718408	0.0304905204251169	NKAIN2	Intron
chr6	124171595	124172053	133.065231782076	1.0482743178198	3.77286001066276	0.277846067666756	NA	NA	NA	NA
chr6	125924718	125925561	10.1957344869691	1.6351180205037	4.09072885352951	0.399713126694504	NA	NA	HINT3	Intron
chr6	126188484	126188871	60.4967969432455	-22.0510829518493	4.24846346571324	-5.19036661838102	NA	NA	CENPW	Intron
chr6	127373349	127373689	85.9906807743309	-22.8175926007647	4.24800518454946	-5.37136646719622	NA	NA	ECHDC1	Intron
chr6	127930298	127930663	32.0437206374628	0	4.16673205277755	0	1	1	LOC105377995	Intergenic
chr6	128400157	128400481	51.0196057641177	-8.33483348609799	3.658368901519	-2.27829224183413	NA	NA	LOC105377998	Intron
chr6	129951955	129952644	23.9229125004397	9.23644765711852	3.77300686171559	2.44803362295469	0.0143638250833737	0.0572445309794465	L3MBTL3	Intergenic
chr6	131752791	131753181	28.3140329790631	-7.26543936328508	3.99398792859334	-1.81909397153434	NA	NA	MIR548H5	Intergenic
chr6	132558567	132559196	28.438951814823	21.2413818315387	4.18231515580198	5.07885729320788	NA	NA	TAAR8	Exon
chr6	132668642	132669102	38.2911581865957	-7.26473430128207	3.89774841949908	-1.86382842590331	NA	NA	TAAR1	Intergenic
chr6	132674133	132674493	61.3339995837646	-8.556568879717	3.95109280703467	-2.16562082887108	NA	NA	NA	NA
chr6	132781628	132782054	28.36353483052	21.9955051383392	4.24789073426009	5.17798279530617	NA	NA	VNN2	Intron
chr6	133636153	133637186	13.6429630842548	-1.06547792913298	4.08755759042631	-0.260663710678596	NA	NA	LINC01312	Intron
chr6	134186662	134188049	90.1864074228562	-6.04902660208786	2.84738758375953	-2.12441279037295	NA	NA	HMGA1P7	Intron
chr6	135258759	135259274	42.7046806550928	-0.653103719685025	3.8742903567462	-0.168573766947485	0.866131916168345	1	MIR548A2	Intron
chr6	135364018	135364624	67.8229290887256	7.09643224218755	2.87114414886325	2.47163913556802	NA	NA	LOC124901407	Intron
chr6	136248660	136249314	13.4867618626019	8.31077321685769	4.04320491557671	2.05549147035311	NA	NA	MTFR2	Promoter
chr6	137411268	137411530	107.294317358881	3.02367650295711	3.57641258325789	0.845449576235056	NA	NA	LOC102723633	Intergenic
chr6	137618034	137618380	106.548353139644	-6.83551759576199	2.95218612670703	-2.31540875215296	NA	NA	LINC03004	Intergenic
chr6	138241836	138242363	25.1929074283627	-2.94407392134337	4.03688403257926	-0.72929365757934	NA	NA	PBOV1	Intron
chr6	138255947	138256541	58.0132635543438	-7.700324785732	3.96126781466796	-1.94390410999703	NA	NA	NA	NA
chr6	138481802	138483089	44.6853073075269	0	3.89233189643742	0	1	1	MIR3145	Intron
chr6	139163429	139164460	4.40000359289616	0	4.40735632392379	0	1	NA	HECA	Intron
chr6	139697684	139698521	46.5506088378943	7.11023745707765	3.85006010716357	1.8467860914296	NA	NA	FILNC1	Intron
chr6	139855980	139856557	62.4116170860288	-23.9895455362118	3.83617545409398	-6.25350582195348	NA	NA	LINC02941	Exon
chr6	140416664	140417319	20.7035035107617	0	4.40735632387917	0	NA	NA	MIR3668	Intron
chr6	140595081	140596199	61.0288523499134	7.31077485270883	3.38525272933599	2.15959499547994	NA	NA	LOC105378026	Intron
chr6	140962561	140962948	23.2792713810329	-6.34099315688411	3.88514304121837	-1.63211317823078	NA	NA	LOC102723724	Intron
chr6	142701388	142701827	69.3764719103663	9.00867873104619	3.67390485788448	2.45207186345963	NA	NA	LOC153910	Intergenic
chr6	143109829	143110091	47.3483199314981	7.7196708915509	2.83422615834889	2.7237314385836	NA	NA	LINC01277	Intron
chr6	144403129	144403480	34.4052228652265	20.1180974712598	4.06415714887811	4.95012784552716	NA	NA	UTRN	Exon
chr6	144895656	144896030	64.7341372615996	-0.815171086039902	4.06996027818486	-0.200289690886972	NA	NA	NA	NA
chr6	146329193	146329655	28.2375737879784	0.455176258423707	4.33214821960343	0.105069410221004	NA	NA	NA	NA
chr6	146361639	146362232	2.98850870212522	6.01894210738112	4.25556572906837	1.41436943771487	0.157253458732494	NA	RAB32	Intron
chr6	146367305	146367790	41.0386206658564	-7.81638991148512	3.64934450518074	-2.14186133986218	NA	NA	NA	NA
chr6	147094826	147095346	61.5992438960659	8.73981365840178	3.56332906017392	2.45271023551645	NA	NA	NA	NA
chr6	147102194	147102918	27.2517158468322	-15.2332638013877	4.40735632388078	-3.45632680499372	NA	NA	LUADT1	Intron
chr6	147542974	147543503	35.8663674178434	-2.5731200020161	3.1596599347487	-0.814366120137783	NA	NA	SAMD5	Intron
chr6	147773143	147773417	42.0405748928154	7.13680776989486	2.63596256056954	2.70747691057981	NA	NA	LOC105378044	Intron
chr6	148585608	148585999	4.45052847945897	-5.48771586974051	4.24425349660159	-1.29297551951941	0.196019526098253	NA	UST	Intergenic
chr6	149475272	149475882	10.398996362405	1.63670981034176	4.08364829158043	0.400795977879948	NA	NA	ZC3H12D	Intron
chr6	149581350	149581836	34.3391930431717	5.34240787950538	3.82036187333213	1.39840362160397	NA	NA	RPS18P9	Intron
chr6	149682705	149683051	8.16397445956931	-6.03698760133801	4.25252593463827	-1.41962393507461	NA	NA	KATNA1	UTR
chr6	149780371	149780717	37.9801839874331	-1.30255513689118	3.70081534886421	-0.351964368417067	NA	NA	NUP43	Intron
chr6	149837951	149838338	47.3070888425242	-23.5646213773357	3.893121755657	-6.0528857961081	NA	NA	LRP11-AS1	Intron
chr6	150169438	150170047	46.1557178668047	15.1116408304009	3.74791460233139	4.03201311497351	NA	NA	LOC124901527	Intron
chr6	150204802	150205580	10.0239628971456	-17.4350460556233	4.29223971847099	-4.0619926190502	NA	NA	NA	NA
chr6	151187368	151187861	50.8418208079414	0.134270226937101	4.07015964622142	0.032988933753926	NA	NA	LOC102723831	Intron
chr6	151363741	151363955	85.7066989265814	7.35230469870135	3.08405556712673	2.38397283663444	NA	NA	ZBTB2	Intergenic
chr6	152378263	152378872	28.411172557521	-3.06547804387159	3.60971728030983	-0.849229401037324	NA	NA	SYNE1-AS1	Promoter
chr6	152529357	152529836	67.0093997421964	14.3633015670169	3.55178811425142	4.04396352062351	NA	NA	SYNE1	Intron
chr6	153289375	153290058	35.5520544084619	-8.54050126800402	3.79325180778329	-2.25149863514992	NA	NA	LOC105378066	Intron
chr6	153916902	153917576	12.4353661533036	6.73035079504273	4.24985506321557	1.58366595917517	NA	NA	NA	NA
chr6	154047668	154047983	66.4222758690283	2.68273223787185	3.51708296022825	0.762771952839503	NA	NA	NA	NA
chr6	154156755	154157082	48.2097095701333	-22.9265337662535	4.14809527220774	-5.52700269925366	NA	NA	OPRM1	UTR
chr6	155605144	155605437	37.9562460902333	7.84500363587774	3.85109484821853	2.03708398392388	NA	NA	LOC105378068	Intergenic
chr6	155768436	155769083	10.7158378140308	0	4.40735632388069	0	NA	NA	LOC105378069	Intergenic
chr6	156566873	156567212	39.3843283246153	-16.0939599000944	4.35953095713892	-3.69167235152669	NA	NA	LOC105378073	Intergenic
chr6	156621909	156622331	95.8353931792803	3.23143106023322	2.95060357294081	1.09517628524137	NA	NA	NA	NA
chr6	156670389	156670677	29.3870063646016	-23.1812957868465	4.24767690159788	-5.45740561814535	NA	NA	ARID1B	Intron
chr6	156863028	156863438	64.7754477259342	-1.42296119055751	3.8297394237743	-0.371555615957587	NA	NA	LOC124901444	Intron
chr6	157252754	157253271	26.0728308086746	8.66523118606363	3.53737066472884	2.4496248788584	NA	NA	LOC105378075	Exon
chr6	157490762	157491473	13.8419108128028	4.85090435505612	3.74878657102983	1.29399320637332	NA	NA	MIR3692	Intron
chr6	157518077	157518583	29.3207861275017	-0.65311092087713	3.60922691129305	-0.180955904665785	NA	NA	NA	NA
chr6	157657184	157658812	52.620598979303	0.40426511771901	3.70571100777396	0.109092456716384	NA	NA	SNX9	Intron
chr6	159440121	159440716	60.5091149067514	-9.29540119184055	2.94914651942275	-3.15189534688157	0.00162214401065817	0.0267907132094897	LOC105378084	Intron
chr6	159597008	159597736	50.2806290528135	-14.6960060317418	4.40735632387861	-3.33442657044096	NA	NA	LOC105378085	Intron
chr6	160093858	160095148	48.7375754287774	8.53374601527416	3.59851170271393	2.37146540577822	NA	NA	CHP1P2	Promoter
chr6	160193227	160193783	48.282237132	-13.0541603192067	3.98135044765311	-3.27882724488667	NA	NA	SLC22A1	Intron
chr6	160247303	160247989	7.79560327446241	-3.98867895126233	4.26964061153798	-0.934195477830992	NA	NA	LOC105378088	Intron
chr6	160493510	160493701	34.3806527699465	15.171663470216	3.81483712015545	3.97701474331827	NA	NA	NA	NA
chr6	160546985	160547252	47.4919135825136	9.32781699081847	3.72797715566281	2.50211216467609	NA	NA	LPAL2	Intron
chr6	160902672	160903109	98.4753775946684	8.71979833393997	3.3518587339	2.60148145437925	NA	NA	LOC102724087	Intron
chr6	161088858	161089492	17.0120686506451	-22.009436983952	4.24853153541327	-5.18048102044065	NA	NA	MAP3K4-AS1	UTR
chr6	162480504	162481116	8.17040086078983	0	4.40735632392316	0	1	1	NA	NA
chr6	162493941	162494298	68.3096484927161	-6.84220856978633	3.85410190775372	-1.77530556626464	NA	NA	LOC105369171	Intron
chr6	162874557	162876953	63.3468665838368	-8.07636550956822	3.87715888145574	-2.08306281906503	NA	NA	PRKN	Intron
chr6	163925858	163926193	37.6443950306027	-7.63026839201282	3.20915199230384	-2.37765877412839	0.0174229403791238	0.0629386838501683	LOC105378102	Intron
chr6	164561462	164562215	26.8221327028	0.308692264283697	3.6668893261994	0.0841836872681526	0.932910387819087	1	LOC107986667	Intron
chr6	165987655	165988591	5.20792889172371	-6.46714769927339	4.25111576152956	-1.5212824260863	NA	NA	PDE10A	Promoter
chr6	166572640	166573153	33.0391860831663	-0.0954742033051301	3.77836480574189	-0.0252686567374437	NA	NA	RAMACL	Intron
chr6	166665038	166665296	75.8348102616913	6.86190280562238	3.08669953534128	2.22305499030818	NA	NA	LOC107986671	Intron
chr6	166697419	166698113	31.3840230725032	-19.4115853331074	4.25712438986424	-4.55978814697648	NA	NA	NA	NA
chr6	167033245	167033709	3.96643321235362	-2.39469442953472	4.12233087590643	-0.580907865385302	NA	NA	CCR6	Intron
chr6	167720545	167721057	131.389254525023	9.81690846960133	3.03287567209712	3.23683181606099	NA	NA	LINC02487	Intergenic
chr6	168147779	168148244	19.1930599752357	0.308696257568153	3.49817862666007	0.0882448526829186	0.929682069054275	1	FRMD1	Intergenic
chr6	168939228	168940656	39.4474320951608	7.52698433303803	3.02783772589816	2.48592725715024	NA	NA	LOC105378145	Exon
chr6	169728231	169728436	57.1781062501621	6.97133348498558	2.49313626043286	2.79621037791782	NA	NA	PHF10	Promoter
chr6	169929852	169930651	13.5961376992686	-3.5017271744214	3.90867083809723	-0.895886944556852	NA	NA	LOC107986674	Intergenic
chr7	173869	174147	38.7245454510617	-21.7409030751677	4.248857757337	-5.11688183432951	NA	NA	LOC124901806	Intergenic
chr7	222267	222679	109.586948669094	-0.807054812867207	3.21407523746875	-0.251100162018237	NA	NA	LOC124901808	Intron
chr7	251327	252016	38.7599367522732	5.56816295426321	3.56201666888099	1.56320519297639	NA	NA	FOXL3	Intron
chr7	763038	763962	19.2208917325686	0	4.40735632392273	0	1	1	PRKAR1B	Exon
chr7	1263525	1264190	48.524053728258	2.55349254848132	3.07169913327237	0.831296438125113	NA	NA	NA	NA
chr7	1274513	1274750	37.4517221510478	8.05641685200077	3.14059874779344	2.56524869904541	NA	NA	NA	NA
chr7	1283743	1284318	29.751462291466	-18.3772796094952	4.02764210518961	-4.562788631546	NA	NA	UNCX	Intergenic
chr7	1296010	1296709	2.70375952138492	-2.98608511592363	4.29218355003864	-0.695703033458751	0.486614825429575	NA	NA	NA
chr7	1544006	1544651	66.2586635540662	-5.00399936580832	4.05166577697745	-1.23504742030852	NA	NA	LOC100128653	UTR
chr7	2045602	2046246	28.8182042346954	0	4.23958650068075	0	NA	NA	LOC124901573	Intron
chr7	2161928	2162265	71.2880031509073	-8.72373864757843	2.61875173530929	-3.3312583739627	0.000864543179456548	0.0229267034668706	MRM2	Intron
chr7	2398183	2398811	15.8441517859958	-8.34265072015026	4.24816108525382	-1.96382635985937	0.0495502320757679	0.120262542433895	CHST12	Intergenic
chr7	2826060	2826592	19.9585106669915	4.68744706286604	2.99642485974576	1.56434660713093	NA	NA	GNA12	Intron
chr7	2913762	2914127	46.5474347582213	-6.97597229890764	3.08095868653246	-2.26422130533627	NA	NA	CARD11-AS1	Intron
chr7	2935040	2935532	56.9025531792041	0.238608399340219	2.97844880819088	0.0801116335066877	0.936148470287743	1	NA	NA
chr7	3183894	3184228	42.119381477112	7.56611994482196	2.90975975229281	2.60025589358711	NA	NA	LOC100129603	Intron
chr7	3350786	3351538	5.68785684755836	2.99953597162428	4.28242080933137	0.700429991627239	NA	NA	SDK1-AS1	Intron
chr7	3742420	3742671	92.489365610157	6.39826779491017	2.65631481183924	2.40870086873476	NA	NA	NA	NA
chr7	3942114	3942409	135.016235020863	9.29059809752228	2.45164669762188	3.78953382905223	0.000150930257286201	0.0117222499825616	LOC105375131	Intron
chr7	3984255	3984728	101.103538552432	6.08708874686897	3.18787273588813	1.90945161591375	NA	NA	NA	NA
chr7	4650693	4651115	40.1810302692129	0.577427384867895	2.54659969714193	0.226744464595651	0.820622449711148	1	FOXK1	Intron
chr7	4841200	4841641	48.8155752958372	-7.79757283192966	3.88458820827593	-2.00731001945517	NA	NA	PAPOLB	Intron
chr7	5470186	5470773	17.5701700199712	7.38713240500526	4.16739460779631	1.77260209320843	NA	NA	MIR589	Intron
chr7	5674789	5675377	1.81208398693392	5.14246431884414	4.2626811158049	1.2063919817453	0.227666386249609	NA	RNF216-IT1	Intron
chr7	6272731	6273236	58.4025901398202	5.95179301030515	2.66778916546073	2.23098327535087	NA	NA	CYTH3	Promoter
chr7	6491685	6492077	23.9519320961406	-8.04466528550789	3.62435937998869	-2.21961026545138	NA	NA	DAGLB	Intergenic
chr7	6508740	6509452	88.5948891677009	7.45846801524677	3.70183542582614	2.01480270117148	NA	NA	NA	NA
chr7	6640773	6641059	70.7456274916001	-6.83098455920041	2.91390846943648	-2.34426874792037	NA	NA	NA	NA
chr7	6647481	6648278	27.9528183765036	0.913430992593687	3.21822709445459	0.283830496041638	0.776540282729946	1	ZNF316	Intron
chr7	6686898	6687402	12.644062935666	-6.69130793342086	4.25053144055927	-1.57422854694622	NA	NA	ZNF12	Intron
chr7	6847288	6847677	83.6588466455136	7.93411571807697	2.91754943959437	2.71944516531657	0.00653915361776398	0.0418353412493955	CCZ1B	Intron
chr7	7078674	7079517	48.9843785966372	-0.980358888615938	3.3388433167131	-0.293622310369762	NA	NA	LOC100131257	Promoter
chr7	7359522	7360088	20.5353229199882	-19.6715623749422	4.25542503765987	-4.62270212748477	NA	NA	LOC107986764	Intron
chr7	7528530	7528825	20.0846245958222	-6.81336279384263	4.25024942290988	-1.60305010739298	NA	NA	COL28A1	Intron
chr7	8236680	8237496	94.7990010761306	-9.03972195289125	3.12203647814058	-2.89545686483303	NA	NA	ICA1-AS1	UTR
chr7	8449080	8449362	31.6931577756202	-7.29569962918381	4.13664827597704	-1.76367414932338	NA	NA	NXPH1	Intron
chr7	8662699	8663160	30.852649331719	22.1038144383562	4.24783120851037	5.20355290814569	NA	NA	NA	NA
chr7	8867920	8868474	108.294713187459	8.20809120030017	2.63127562456907	3.11943421041056	NA	NA	NA	NA
chr7	9471023	9471625	27.1599254155376	0	4.40735632387889	0	NA	NA	LOC105375148	Intergenic
chr7	9572648	9573002	101.965294943867	7.11090400859312	2.89281584773921	2.45812536395997	NA	NA	NA	NA
chr7	10380667	10380915	41.2750790250545	8.15153785989183	3.2581112484907	2.50192127836887	NA	NA	LOC105375150	Intergenic
chr7	10917995	10918193	59.369874231822	8.61015473228779	2.87221093800378	2.99774456616754	NA	NA	COXFA4	Intergenic
chr7	11252198	11252530	51.3813347110983	-0.653108751152771	4.15416167846116	-0.157217942320123	0.875073088218689	1	NA	NA
chr7	11328323	11329549	121.590121633216	9.69647576600329	3.51188795418435	2.76104360176131	0.00576169837131327	0.0409916250539234	PHF14	Intron
chr7	11819956	11820150	50.9942676881508	-23.9252985536668	3.9754012783578	-6.01833547821118	NA	NA	THSD7A	Intron
chr7	12032409	12032871	25.7861399856457	-1.28473341635035	2.87631755476212	-0.446659102095076	NA	NA	LOC124901589	Intron
chr7	12398442	12398947	13.4546133577722	0	4.40735632388473	0	NA	NA	VWDE	Intron
chr7	13944613	13945243	7.44664784351031	-7.25384344293214	4.24940881456551	-1.70702414370405	0.087817564933981	0.187290550385516	ETV1	Intron
chr7	15442142	15442972	17.960978221578	3.04059642960625	3.93506349578237	0.77269310466405	NA	NA	AGMO	Intron
chr7	16139458	16139889	39.4427491791643	22.3525468166034	3.73614797171388	5.98277878334395	NA	NA	CRPPA-AS1	Intron
chr7	16574297	16574618	44.2659984483994	6.20237447716642	2.74530570722732	2.25926550213988	NA	NA	LOC105375169	Intron
chr7	17046971	17047285	55.4971392891202	-3.85248644196221	3.68617055712928	-1.04511887940488	NA	NA	LOC105375170	Intron
chr7	17528453	17528894	41.7694758224392	-23.1308001482192	4.24769678435267	-5.44549230383549	NA	NA	NA	NA
chr7	17533146	17533797	48.9393822987716	-5.47390313243328	3.90901893448899	-1.4003265842837	NA	NA	LOC105375172	Intron
chr7	18063217	18063713	67.1762221871671	-8.07793097606168	3.27901184978259	-2.46352600909242	NA	NA	HDAC9	Intergenic
chr7	18803362	18804249	44.7478427346628	-1.33656331301189	3.71499420801788	-0.359775342348382	NA	NA	NA	NA
chr7	18814508	18814768	20.4009762669932	-6.92439686807422	4.25001277680329	-1.62926495324151	NA	NA	NA	NA
chr7	18827851	18828299	3.0719564150629	-5.52277430721878	4.25486701547638	-1.2979898753899	0.194290814101226	NA	NA	NA
chr7	18864972	18865682	76.47770426868	-3.3372732988414	3.52967552211125	-0.94549011033321	NA	NA	HDAC9-AS1	Intron
chr7	19759763	19760223	47.8981216119033	10.2092448406657	3.46483449124871	2.94653175106967	NA	NA	TMEM196	Intron
chr7	19873690	19874366	62.6390703497734	1.21454801063181	3.51686292317794	0.345349829425341	NA	NA	LOC105379720	Intergenic
chr7	20880079	20880774	24.3253870811471	0	4.21837477353729	0	1	1	LINC01162	Intron
chr7	21370301	21370843	68.6182746448424	-8.48531254443767	2.98941844599102	-2.83844924949097	NA	NA	SP4	Intergenic
chr7	21454310	21454706	46.8348282005072	-8.52757813110494	3.62589484187099	-2.35185478426745	NA	NA	MIR1183	Intron
chr7	21684213	21684558	72.7255119623704	-0.653157712263696	3.76757487785332	-0.173362901452366	NA	NA	DNAH11	Intron
chr7	21823810	21824408	48.6834152619188	-8.9736525539931	3.11538987880685	-2.88042681753523	NA	NA	NA	NA
chr7	21841387	21841592	111.93863328568	0.236274494562544	3.13608987315347	0.0753404730474003	NA	NA	CDCA7L	Intron
chr7	21896226	21896788	11.9001457152715	0	4.40735632388669	0	NA	NA	NA	NA
chr7	21903370	21903752	85.156253478477	7.89665997068887	2.78120213903654	2.83929738865526	NA	NA	NA	NA
chr7	23129849	23130092	40.2630588022428	0.308661242913154	3.3834830785216	0.0912258863868835	NA	NA	KLHL7	Intron
chr7	23469888	23470379	48.1051222192809	4.91928612853052	2.70583559496092	1.81802846325612	NA	NA	IGF2BP3	Promoter
chr7	24414705	24415195	35.1247919018205	2.97675141390294	3.41607485278501	0.871395253964091	NA	NA	LOC107986777	Intron
chr7	24702223	24702737	68.5622300111421	22.3365287190007	3.87576249800445	5.76313144329697	NA	NA	GSDME	UTR
chr7	24716953	24717507	31.0649195070018	-0.299243699128177	3.54383709932206	-0.0844405910151521	NA	NA	NA	NA
chr7	24951560	24951980	51.4757582949838	-3.55548193875706	4.07587499727118	-0.872323597052773	NA	NA	NA	NA
chr7	24990348	24991110	20.4490557492718	-20.3990612869269	4.2519390642123	-4.79759022386319	NA	NA	OSBPL3	Intergenic
chr7	25332396	25333614	61.2139534375404	7.24251158345707	3.1380184582121	2.30798884069775	NA	NA	LOC105375194	Promoter
chr7	25384417	25385093	14.7669921175299	-8.10807987652334	4.24835658360394	-1.9085214993053	NA	NA	LOC124901604	Exon
chr7	25613737	25614602	26.958816278999	19.1616599863707	4.25157891340412	4.50695150593558	NA	NA	LOC105375196	Intron
chr7	25898395	25898932	24.8668950505906	7.26748553983005	3.72547461096464	1.95075427931806	NA	NA	LOC100506236	Intergenic
chr7	25920688	25921207	31.7612898367716	-6.46105068730332	3.84567499168804	-1.6800823525826	NA	NA	MIR148A	Intergenic
chr7	27404178	27404542	30.9990367858858	-7.34909227988135	3.80308181110736	-1.93240446692928	NA	NA	LOC105375206	Exon
chr7	27778266	27778804	29.2949504724751	-4.31222161316596	3.63609229712754	-1.18594943713958	NA	NA	TAX1BP1-AS1	Intron
chr7	28380360	28380677	119.670382574471	7.75341108919083	3.23861252182144	2.39405332899479	NA	NA	CREB5	Intron
chr7	29223863	29224291	15.1624393889682	-6.92746681315493	4.1311499172924	-1.67688584337197	NA	NA	CHN2-AS1	Intron
chr7	29335396	29335933	29.4332276703848	13.7413199616906	4.28009060483841	3.21052081144189	NA	NA	NA	NA
chr7	29571099	29571584	57.6155748947144	0.335462985353943	3.12627869445993	0.107304248321948	NA	NA	PRR15	Intron
chr7	30073726	30073965	102.821797093093	8.93959041103367	2.70784052469105	3.30137256220199	NA	NA	PLEKHA8	Intron
chr7	30204320	30205343	92.5377543284902	8.7372364484474	3.84863353585523	2.27021782329968	NA	NA	LOC105375217	Intergenic
chr7	30251590	30251976	118.510880683005	-24.7135163614488	3.89661252718371	-6.34230788641195	NA	NA	ZNRF2	Intron
chr7	30372699	30373163	26.2464937693652	-21.3291087294794	4.24948962615748	-5.01921656619404	NA	NA	DKFZP586I1420	Promoter
chr7	30556740	30557396	42.9903370798595	22.3854620895779	4.05400649046813	5.521812099268	NA	NA	GGCT	Exon
chr7	30656686	30657359	63.0177556125463	0.685836431996249	3.52204209707469	0.194726926337958	NA	NA	LOC124901609	Intron
chr7	30742542	30743045	2.86421821966465	-3.66608493439288	4.27528078015419	-0.85750740662714	0.391164523247041	NA	INMT-MINDY4	Exon
chr7	31247104	31248363	46.9132883944515	-17.1113893242597	4.30344189457918	-3.97621014607262	NA	NA	NEUROD6	Intergenic
chr7	31513155	31514161	18.2072218853828	0	4.40735632392275	0	1	1	ITPRID1	Promoter
chr7	31775699	31776907	29.7553107870485	-15.9385051073677	4.25461146842867	-3.74617170701469	NA	NA	PPP1R17	Exon
chr7	31968429	31968917	6.46172920783754	6.87489888070739	4.25175092097664	1.61695710978483	NA	NA	NA	NA
chr7	32190309	32190744	50.5002283448949	22.274470575011	3.64470736076937	6.11145652316762	NA	NA	PDE1C	Intron
chr7	32907693	32908374	104.8643661361	-24.9283552646312	3.83999503095285	-6.49176758399229	NA	NA	KBTBD2	Intergenic
chr7	33383430	33383708	37.0623850972525	13.4131196575936	4.40735632387864	3.04334813705045	NA	NA	LOC124901611	UTR
chr7	33609911	33610460	45.1233530464558	-5.64690925210572	3.60914858116747	-1.56460980342324	NA	NA	NA	NA
chr7	33697691	33698095	43.7453077231079	9.0506938818371	3.65576125113996	2.47573439841425	NA	NA	NA	NA
chr7	33711871	33712248	48.2645610686212	0	4.23888868958969	0	NA	NA	FLJ20712	Intron
chr7	33813994	33814426	30.2078823658222	20.9795451062642	4.24882104780108	4.93773328418288	NA	NA	LOC124901612	Intron
chr7	34703656	34704147	24.3464924092735	1.27044315797884	3.90879280038959	0.32502187321165	0.745164517238121	1	NPSR1	Exon
chr7	35092894	35093244	54.3287646599206	-7.08579685406766	3.85680943152784	-1.8372172594643	NA	NA	DPY19L1	Exon
chr7	35233076	35233466	53.3478425528879	3.40847837978811	2.98807843923265	1.14069240453521	NA	NA	TBX20	Intron
chr7	35462007	35462589	80.2562146361822	8.24020095721957	3.00073285294357	2.74606283232989	NA	NA	NA	NA
chr7	35485559	35486257	132.869430729395	-24.4585217059638	3.71509294877317	-6.58355579341309	NA	NA	LOC105375230	Intergenic
chr7	36052672	36053297	27.4918455583041	-8.15727726510295	3.51083561233929	-2.32345748016032	0.0201545893141545	0.0683272920429638	LOC124901617	Intron
chr7	36317851	36318134	54.9435013101721	7.92065228638783	2.84867264769231	2.78047121097059	NA	NA	ANLN	Intergenic
chr7	36658988	36659650	23.5988293564986	-22.0925196491481	4.24844081206119	-5.20014768392867	NA	NA	AOAH-IT1	Exon
chr7	36709372	36709778	5.08226302048952	-2.90523344071185	4.29476978047649	-0.676458480712677	NA	NA	AOAH	Intron
chr7	36953497	36953879	88.6858487259664	6.98327825505091	2.75187038795534	2.53764795232218	NA	NA	MIR1200	Intron
chr7	37772371	37772784	36.8437388260865	-23.2225385797433	3.90811310357625	-5.94213574793747	NA	NA	NME8	Intron
chr7	37960281	37961004	39.7226329750918	7.0821359534739	3.58603727084698	1.97491978431144	NA	NA	SFRP4	Intron
chr7	38084728	38085027	28.2576216207058	-7.02748822640495	3.37173070962057	-2.08423769026197	NA	NA	NA	NA
chr7	38184843	38185400	5.96051508755278	-5.43798024449482	4.25533952848084	-1.27791923725442	0.201277904330079	0.399980824809454	STARD3NL	Intron
chr7	38198946	38199570	59.3824831399184	1.23461738424452	3.07696373798935	0.401245347483778	NA	NA	NA	NA
chr7	38475590	38476496	118.248939701879	0.785625029191625	4.00248718336097	0.196284208593497	NA	NA	TRG-AS1	Intron
chr7	38538486	38539129	115.939494976724	-6.4714300413986	2.96250022656669	-2.18444879205916	0.0289292862301298	0.0837332135605	NA	NA
chr7	38547183	38547692	19.2811275715175	0	3.91223779146071	0	NA	NA	AMPH	Intron
chr7	38816769	38817331	21.4124892136388	-7.80392753452935	3.75388048707386	-2.07889610801448	0.0376269005287549	0.097956065063686	NA	NA
chr7	38890443	38890966	14.1003042285046	-21.7890848132432	4.24880377224134	-5.12828692056752	NA	NA	VPS41	Intron
chr7	39540170	39540820	20.3473679158684	-22.0798436774841	4.24847550599877	-5.19712156662026	NA	NA	LOC105375238	Intron
chr7	39783286	39783613	28.7975879063984	-16.4805542136593	4.3365650524935	-3.80037057306059	NA	NA	LOC101928688	Intron
chr7	40330201	40330857	18.1443448778677	-7.73685266200629	4.2480872481191	-1.82125559342781	NA	NA	LOC105375245	Intron
chr7	40558413	40558653	78.2367915165838	1.17370001766013	2.7764319011998	0.422736828932462	NA	NA	SUGCT-AS1	Intron
chr7	40843438	40844802	44.5864508685134	-7.8225387730052	2.90151061073902	-2.69602280413953	NA	NA	LOC105375242	Intron
chr7	40971067	40971597	32.3166555784316	0	4.40735632387947	0	NA	NA	NA	NA
chr7	41031116	41031502	56.6888738131171	0.308686399699633	3.6342844512564	0.084937325033245	0.932311217905975	1	LINC01450	Intergenic
chr7	41167688	41168027	45.7542470293802	-0.825996828788891	4.08243889133331	-0.202329257283536	NA	NA	LOC105375241	Intron
chr7	41519071	41519898	80.9596623827702	3.15666390199074	2.73566428766096	1.15389301100602	NA	NA	LOC105379725	Intergenic
chr7	41827024	41827411	33.4243573064506	-7.62490879898526	3.5940134827824	-2.12155820658809	NA	NA	INHBA	Intron
chr7	41985322	41985686	21.901982288349	-8.77126771090331	3.66030889851672	-2.39631898675484	NA	NA	GLI3	Intron
chr7	42402156	42402681	18.0282099679012	-6.52688370189633	4.25095107833871	-1.53539374639124	NA	NA	LOC105375249	Intergenic
chr7	42692617	42693383	29.6546012624349	-5.53681063850631	3.9042350795686	-1.41815503566401	NA	NA	NA	NA
chr7	42749328	42749783	42.959337903458	-5.32218173399995	3.66382027124967	-1.45263177229614	NA	NA	LINC01448	Intergenic
chr7	42965762	42966369	28.918492452342	-5.56250993355292	3.36406056544933	-1.65351063850717	NA	NA	NA	NA
chr7	43020826	43021530	40.6426255803095	-4.99048992857058	3.69549521324987	-1.35042521789167	0.176879626299382	0.354520025184998	LOC105375253	Intron
chr7	43385891	43386460	26.9470343424927	4.88751829852962	4.10205479576226	1.19148049986529	NA	NA	LUARIS	Intron
chr7	43967072	43967381	49.3380520066594	22.4288580497664	3.87445373132933	5.78890847718834	NA	NA	SPDYE1	Intron
chr7	44209802	44211111	35.1220729273545	-1.10306998270858	4.08324276076511	-0.270145579711232	NA	NA	YKT6	UTR
chr7	44293787	44294406	31.6137654460452	0	4.40735632388753	0	NA	NA	LOC124901621	Intron
chr7	44355754	44356115	53.892300309996	0.670401434535463	3.67759291181492	0.182293541077285	NA	NA	CAMK2B	Intergenic
chr7	44590441	44591033	43.8314834548538	14.9574152043167	4.33890779129474	3.44727657829608	NA	NA	TMED4	Intergenic
chr7	44682726	44683031	42.1716700273796	8.31509594117342	3.70014740328306	2.24723370041843	NA	NA	LOC124901622	Intron
chr7	44708914	44709809	43.6723737840476	2.36691642793411	3.70283618142428	0.639217160026693	NA	NA	NA	NA
chr7	45254535	45255052	57.4679783748973	7.58981870684846	3.05721999713633	2.48258833644872	NA	NA	LOC124901624	Intergenic
chr7	45360475	45360673	65.4473306797827	7.5058791588089	2.51032534864314	2.99000253607203	NA	NA	LOC107986736	Intron
chr7	45363943	45364507	63.0967502519496	7.49938480623971	2.89726339908103	2.58843735389002	NA	NA	NA	NA
chr7	45778740	45779038	47.5512680455172	6.97757519933793	3.31519758263896	2.10472378354706	NA	NA	SEPTIN7P2	Exon
chr7	45980332	45980602	91.8463221890056	-1.21413360154638	3.41455101517746	-0.355576354299478	NA	NA	LOC102723446	Intron
chr7	46515233	46515920	33.4914563872008	1.04082421837156	3.89195689822665	0.267429533673872	0.789138462646197	1	LOC105375266	Intergenic
chr7	46873231	46873570	116.208021522455	-1.15582632977626	2.82561333547051	-0.40905325412608	0.68250058029959	1	LOC105375267	Intergenic
chr7	47088058	47088548	10.3209923043929	-20.6650462596011	4.24890653875939	-4.86361516100446	NA	NA	LOC105375268	Intron
chr7	47409925	47410559	180.293318032909	2.23576757626191	2.74172117159982	0.815461323865156	NA	NA	LOC124901628	Intron
chr7	47998496	47998827	46.8543072578552	-21.6517869049251	4.24892535805436	-5.09582661034077	NA	NA	HUS1	Intron
chr7	48117993	48118270	91.4478455420323	1.46120135903396	2.99088826304677	0.488550968983861	0.625159632778762	1	LOC105375271	Intergenic
chr7	49006282	49006820	33.5284055465881	-8.34120850033229	3.73908439351202	-2.23081578870105	NA	NA	NA	NA
chr7	49018718	49019102	26.6306606796087	-8.32615254858122	3.84814886136308	-2.16367735463122	NA	NA	CDC14C	Intergenic
chr7	49044209	49044650	9.34697328468667	-6.42985381892646	4.24938423039363	-1.5131260131614	NA	NA	NA	NA
chr7	49387741	49388473	40.6325952061802	-18.4299235316612	4.02816163634792	-4.57526911665104	NA	NA	LOC124901804	Intergenic
chr7	49672523	49672973	81.6152018144901	-6.6890249019028	3.88434787972046	-1.72204578709983	NA	NA	VWC2	Intergenic
chr7	49747635	49748406	16.1888853868148	21.1634202544871	4.24855928604441	4.98131691936235	NA	NA	NA	NA
chr7	49788305	49789458	99.1662980722483	-7.25719380642808	3.444710207526	-2.1067646824318	NA	NA	NA	NA
chr7	49854462	49855098	10.5914802106087	4.01999733140381	4.11227703204074	0.977559950383224	NA	NA	NA	NA
chr7	50262492	50263211	38.1256269285709	-5.7833988819551	3.80655772749608	-1.5193251478047	NA	NA	IKZF1	Exon
chr7	50358891	50359436	54.9083351073787	1.74974066194197	3.5437150043712	0.493758854700123	0.621476494518222	1	LOC124901631	Intron
chr7	50712800	50713619	64.3132151822672	-1.74080651264965	3.75574054987095	-0.463505529611056	NA	NA	GRB10	Intron
chr7	50874303	50874921	129.327460313798	10.7112175717206	2.77533731218839	3.85942909522399	0.000113652226153428	0.0105923874774995	NA	NA
chr7	50897697	50898092	122.788759214434	8.15177707810532	3.05727245066922	2.66635610978045	NA	NA	LOC124900241	Intron
chr7	51277781	51278541	8.43246625151726	6.33371336391713	4.25055915156885	1.4900894536615	NA	NA	NA	NA
chr7	51302526	51303104	32.6711868827206	-9.2389420102741	3.7368444146109	-2.47239140440266	NA	NA	COBL	Intron
chr7	51536385	51537216	28.344959185869	5.41293613770112	3.65578863156278	1.48064800327014	NA	NA	LOC105375277	Intron
chr7	52220807	52221557	27.445281553171	5.13077302040585	3.27750286714873	1.56545187857284	NA	NA	LOC124900240	Intergenic
chr7	52644231	52644587	20.4908375198536	7.39906845789489	4.13124265754687	1.79100311243602	NA	NA	LOC101928257	Intergenic
chr7	53805976	53806476	34.2463697298467	-0.653106085532054	4.21364334065939	-0.154997951352439	0.876822932372043	1	LINC01446	Intron
chr7	54324128	54324614	21.3142967656911	-5.71648613319301	4.12476485106097	-1.38589382415888	NA	NA	VSTM2A	Intergenic
chr7	54419813	54420293	70.4053315262657	2.17011160098107	2.93256732791516	0.740004016386511	0.459297557275949	0.875389209368476	NA	NA
chr7	54691517	54692338	74.7475445782964	0.388435667739788	2.78010907112356	0.139719578549774	0.888881556698649	1	SEC61G-DT	Intergenic
chr7	55365649	55367142	155.890433589274	-5.72056408802714	2.49735712181686	-2.29064719581049	0.0219838269378103	0.0713899885227846	NA	NA
chr7	55456373	55456798	125.440000783948	-7.50588716480434	3.64774089366375	-2.05768100959208	NA	NA	LANCL2	Intron
chr7	55607216	55607636	24.3561370902515	-8.0999892004396	3.7223900858488	-2.17601836820727	NA	NA	VOPP1-DT	Intergenic
chr7	56041349	56041872	42.1545051148861	7.86109631853316	4.131040828758	1.90293358124388	NA	NA	PSPH	Intron
chr7	56051727	56052211	11.307266855927	1.27029150973526	3.47481301775529	0.365571184188743	NA	NA	CCT6A	Promoter
chr7	56083764	56084343	5.73960797654931	-5.88989952426702	4.25016567845085	-1.38580468853954	0.165806550350436	0.333761781698935	NA	NA
chr7	56090653	56091210	20.9958530241865	-7.04089136074359	3.59007794343474	-1.9612084951023	NA	NA	PHKG1	Promoter
chr7	56166554	56167084	74.6993570865036	-8.5144141266053	3.65300648715721	-2.33079633352397	NA	NA	NUPR2	Intergenic
chr7	56493872	56494414	11.74760126632	-15.2414307273672	4.40735632388008	-3.45817982648364	NA	NA	DKFZp434L192	Promoter
chr7	56704787	56705434	3.99804011027096	0	4.40735632388612	0	1	NA	LOC105375289	Intergenic
chr7	56777977	56778455	101.640288038386	9.24151425738614	3.45183147132466	2.67727852131774	NA	NA	LOC401357	Intergenic
chr7	56826114	56826853	7.14836225648844	3.1846489327766	4.09801573055078	0.77711974335164	NA	NA	NA	NA
chr7	57388291	57388647	50.155270539272	-0.700724231470587	3.93210633438686	-0.178205819446603	NA	NA	MIR3147HG	Intergenic
chr7	57417197	57417762	85.9181242702985	2.57904305282662	3.82821205117467	0.673693885905628	0.500505949785036	0.936689849798502	MIR3147	Intron
chr7	57436244	57436667	22.5251417917866	0.308700932933936	3.6519446763584	0.0845305611917873	0.932634605470749	1	ZNF716	Intergenic
chr7	57746534	57746995	93.6632870418528	1.11907291475276	2.84888622613061	0.392810672637038	0.694459321390168	1	LOC102723842	Intron
chr7	64590061	64591226	58.5883901038299	8.05341698928899	2.82745882070779	2.84828798577269	NA	NA	LOC641746	Exon
chr7	64634062	64635053	101.064393776936	19.4621538705599	4.25236043925018	4.5767883857916	NA	NA	LOC124901656	Intergenic
chr7	64890799	64891455	26.9437210207081	19.0283770220254	3.85317062804887	4.93836864724072	NA	NA	LOC441239	Promoter
chr7	65400126	65400664	32.2226100444127	-8.17796109548706	3.58000998342935	-2.28434030445168	NA	NA	NA	NA
chr7	65402645	65403227	32.9474506156975	-7.06829419616471	4.13405036350066	-1.70977457327814	NA	NA	ZNF92	Intergenic
chr7	65761328	65761793	54.8342279080519	10.4427413163518	4.24743379086956	2.45860014081912	0.0139479870995355	0.0572445309794465	SNORA15B-2	Promoter
chr7	65812386	65813044	63.3631394237493	-8.26962830299655	3.38878116234674	-2.4402957602815	NA	NA	LINC03129	Intergenic
chr7	66493624	66494202	18.6740378921019	-4.27103648835923	2.41824864765958	-1.76616928639361	NA	NA	LINC00174	Promoter
chr7	67305065	67305548	29.7829781963494	-8.37981806471968	3.55830475468327	-2.35500291358984	NA	NA	STAG3L4	Promoter
chr7	68992895	68993368	48.5113120025184	-0.543044824653178	3.04270198150795	-0.178474536104271	0.858350317378126	1	LOC105375342	Intergenic
chr7	69120682	69121247	46.7804561924619	-0.653129823748165	3.88893742417654	-0.167945572918665	NA	NA	NA	NA
chr7	69148614	69149102	12.6920677545228	0	3.99423242389	0	1	1	NA	NA
chr7	69156088	69157103	132.680583296278	-1.98872139009965	3.1421283126137	-0.632921762652456	NA	NA	NA	NA
chr7	69510308	69510500	34.4551522953635	-6.36671760984701	4.13620369711343	-1.53926597335867	NA	NA	LOC124901667	Intergenic
chr7	69589985	69590730	27.9720008071528	-18.9753356609146	4.26113847525317	-4.45311406121041	NA	NA	CT66	Exon
chr7	69637454	69638157	31.7096936303244	21.6613771671595	4.24794294060793	5.09926274199425	NA	NA	AUTS2	Intron
chr7	69691066	69691581	37.1126241402029	-7.47469823533128	3.76087123449843	-1.98749113417284	0.0468679974221648	0.115558131210205	NA	NA
chr7	70749424	70749936	47.5542409609075	-20.0612508229904	4.02460700798293	-4.98464838509657	NA	NA	LOC107986709	Intron
chr7	71036109	71036443	82.0979583122628	2.28442050770477	3.02484893610467	0.75521804756524	NA	NA	GALNT17	Intergenic
chr7	71233340	71233774	50.609677542539	7.41521826841577	3.46417510417059	2.1405437212133	NA	NA	MIR3914-2	Intron
chr7	71347481	71347722	84.4987262283732	2.71948549031255	3.14517290848326	0.864653731112037	NA	NA	NA	NA
chr7	71552181	71552872	45.5665257938762	5.48428197972691	2.66373720180065	2.05886750991037	NA	NA	NA	NA
chr7	71661017	71661328	135.836099955611	7.29290497486159	2.89151641657255	2.52217311755961	0.0116632293314641	0.0530250231069489	MIR3914-1	Intron
chr7	72109844	72110339	62.7609459400399	-7.27830391272173	2.74319647992623	-2.65322005404347	NA	NA	NA	NA
chr7	72227795	72228395	69.21485686314	7.57326517993823	3.89790911041544	1.94290450736833	NA	NA	CALN1	Intron
chr7	72260961	72261673	26.0641877876238	-2.94394446663195	3.76309145067515	-0.782320734220733	NA	NA	NA	NA
chr7	73710702	73711405	15.8086433307274	20.2946594597949	4.24956204845114	4.77570611474936	NA	NA	MIR4284	Promoter
chr7	73754066	73754708	24.4431877713632	-21.8485634429391	3.89365293426719	-5.6113279256748	NA	NA	ABHD11	Intergenic
chr7	73807311	73807814	13.4224167130174	-7.04274155123969	3.88521710609076	-1.81270218855954	NA	NA	CLDN4	Intron
chr7	73991464	73992012	29.6589300002889	1.36540481421255	3.71773261956548	0.367268158830675	NA	NA	ELN	Intron
chr7	74023609	74024300	47.6283973567125	2.09884539462935	3.20571999739401	0.654718876363356	NA	NA	NA	NA
chr7	74061609	74061849	57.2997857499983	0.308686096916382	3.63422854807481	0.0849385482594112	0.932310245426989	1	ELN-AS1	Promoter
chr7	74504425	74505337	31.831147298336	-6.33128201319467	3.49613632902927	-1.81093682206398	NA	NA	GTF2IRD1	Intron
chr7	74639507	74640201	18.8331903867638	-8.57706135539012	3.78614986538692	-2.26537819693875	0.0234894811250439	0.0739601230018274	GTF2I	Intron
chr7	75025454	75026099	60.1704300629413	1.32019631823584	3.22614071589607	0.409218454647957	NA	NA	RCC1L	UTR
chr7	75688947	75689527	38.5142780021024	8.96593992074836	3.38821034554134	2.64621703093108	0.00813975743767418	0.0463110945959546	HIP1	Intron
chr7	76153587	76154019	44.3405838249359	-7.31561861686949	3.41964446059358	-2.13929216945543	NA	NA	NA	NA
chr7	76164694	76165365	85.3683947018932	5.60693322378093	3.41774937355478	1.64053375802369	NA	NA	LOC124901674	Intron
chr7	76383093	76383624	28.8384683048133	0	4.40735632388204	0	NA	NA	ZP3	Intergenic
chr7	78308311	78308914	26.1520994069872	-9.06142543212757	3.67256853274444	-2.46732643688916	0.0136126196070427	0.0563864954389501	RPL13AP17	Intron
chr7	78716229	78716784	20.3140860429527	-7.72801443053595	3.85215916620298	-2.006151380851	NA	NA	MAGI2-AS2	Intron
chr7	79077501	79078213	8.88129591203582	6.30952938892782	4.22444496197201	1.49357594801815	NA	NA	LOC105375366	Intron
chr7	79264297	79264627	40.0974453677478	7.82660848953367	3.37763295563126	2.31718738902195	NA	NA	NA	NA
chr7	79922060	79923214	116.146661536678	-7.23919543473587	3.86671483984096	-1.8721823911467	NA	NA	GNAI1	Intron
chr7	80383767	80384365	24.7597467871597	1.98164301654835	3.16504927904041	0.62610178921105	NA	NA	LOC105375373	Exon
chr7	82625253	82625598	67.602572525491	7.68227524642201	3.90161834812427	1.96899710862681	NA	NA	LOC105375376	Intron
chr7	84743015	84743534	28.6290408798755	-1.52870637056181	3.83514257733234	-0.398604834041176	NA	NA	LINC03017	Intergenic
chr7	84889021	84889338	38.3516630446571	-20.632383175053	4.25118594651908	-4.85332409229172	NA	NA	NA	NA
chr7	85191533	85191998	43.2038398309434	-23.0516255625634	3.90053904079062	-5.90985638689851	NA	NA	SEMA3D	Intergenic
chr7	85344200	85344504	37.2191115448478	-21.9437597870782	4.24863696453795	-5.1648940519597	NA	NA	LINC00972	Intergenic
chr7	85619193	85619606	68.2646167235338	-8.58192917319295	3.46126609269821	-2.47941907479958	NA	NA	NA	NA
chr7	86224908	86225434	20.7483857314149	-8.65974514190719	4.24794259052342	-2.03857395842069	NA	NA	NA	NA
chr7	86421842	86422547	3.92072978015004	-5.30212474911442	4.2561567984557	-1.24575409229243	0.212854688201068	NA	GRM3	Intergenic
chr7	87365672	87366377	21.1588363547441	7.08857362976817	3.26630655149905	2.17021076191239	NA	NA	CROT	Intron
chr7	87615061	87615607	76.8311745787502	1.85165860231878	3.46675977275386	0.534117944044301	NA	NA	NA	NA
chr7	87668968	87669235	7.05017705390209	-6.48034477363905	4.25107879069116	-1.52440006236286	NA	NA	RUNDC3B	Intron
chr7	87909531	87909909	37.9304962302959	-6.94658113034727	3.96564352148129	-1.75169076411399	0.0798269958710767	0.174235972252561	ADAM22	UTR
chr7	88645607	88646128	88.4009296796777	1.65884256775787	3.31958809967726	0.499713373451105	NA	NA	ZNF804B	Intron
chr7	88817462	88817832	55.1948253760053	1.27041776424778	3.94043405226782	0.322405538932095	0.747145488614259	1	TEX47	Intron
chr7	89932766	89933153	73.9642601108396	13.7226852967365	4.28135248640075	3.20522202746097	NA	NA	DPY19L2P4	Intron
chr7	90107950	90108389	5.35497240373478	-6.77742462280178	4.25032999932598	-1.59456433356387	NA	NA	NA	NA
chr7	90247949	90249258	43.4191069626938	3.75299859503032	4.09393921467941	0.91672064440366	NA	NA	CFAP69	Promoter
chr7	90520553	90521103	11.6564711866386	8.17691869764109	4.22862739703982	1.93370517898201	0.0531493867239137	0.126043838235846	NA	NA
chr7	90606880	90607275	49.2085721741322	16.1337923622722	3.4761907652436	4.64122755390313	NA	NA	NA	NA
chr7	90709812	90710505	15.2000754470637	-21.5678548521592	4.24911291627784	-5.07584883647958	NA	NA	CDK14	UTR
chr7	90834926	90835310	33.8120061743371	21.5998888050752	4.24810301589661	5.08459628315213	NA	NA	NA	NA
chr7	90931059	90931907	31.5966418986993	-6.563205112436	4.0557067966481	-1.61826419943874	NA	NA	FZD1	Intron
chr7	91038613	91039378	46.6806635734266	-4.2941163480333	2.98337285919107	-1.43934953849437	0.150051513793015	0.302701322197164	NA	NA
chr7	91646454	91646765	16.2733791356725	-21.6554481528219	4.24892643814505	-5.09668700272344	NA	NA	NA	NA
chr7	91714428	91715068	69.3208347887348	9.99666211566969	4.03595639504924	2.47690042636046	NA	NA	LOC101927473	Intron
chr7	91772656	91773074	60.6991753522841	0	4.13488892923107	0	1	1	MTERF1	Intron
chr7	92277456	92277967	95.035621817545	-2.18858230277721	2.62495514966068	-0.833759884644168	0.404416304913474	0.780364381323722	NA	NA
chr7	92304281	92304595	39.2487535883676	-16.1167033459488	3.99330552809162	-4.03593044222963	NA	NA	KRIT1	Intron
chr7	92468897	92469969	65.7265292038024	-7.72199360393714	4.19239971327738	-1.84190299877216	NA	NA	ERVW-1	Exon
chr7	92589761	92590513	5.53191204892829	1.74188415725418	3.20731174078307	0.543097864515313	0.587062422880461	1	FAM133B	Promoter
chr7	92943345	92943696	118.430441043133	6.70023396999018	2.80776397388232	2.38632379085828	NA	NA	CDK6	Intergenic
chr7	93054624	93055163	25.1904354599941	0.308690166272829	3.90849115298202	0.0789793693244798	0.937049032689428	1	SAMD9	Intergenic
chr7	93140580	93141274	9.52322843129341	-6.95228018829634	4.15834824954147	-1.67188503008687	NA	NA	SAMD9L	Intron
chr7	93870223	93870810	18.6456887418327	7.91285648528763	3.77114955386978	2.09826111965457	0.0358820850959075	0.0952962175989264	TFPI2	Intron
chr7	93976464	93976968	23.0664930446758	8.01938205336204	4.1592059280082	1.92810411221991	NA	NA	LOC130890646	Intron
chr7	94074699	94075097	40.5072347027554	-9.6940941221439	3.65606935327911	-2.65150717489791	0.00801334104246925	0.0463110945959546	LOC124901812	Intron
chr7	94491594	94492083	3.15557563579235	-6.0155160015423	4.25260793221626	-1.41454751941059	0.157201205347956	NA	CASD1	Intron
chr7	94794460	94795089	16.6817619771338	21.1198358465397	4.2484298143313	4.97120978091618	NA	NA	PPP1R9A	Intergenic
chr7	95552816	95553061	58.1214551755031	8.76883804819238	2.987322267866	2.93535054537534	NA	NA	LOC124901699	Intron
chr7	97031517	97031939	25.513069068133	9.33454829780263	3.66069469703799	2.54993903352705	0.010774175838979	0.051563705295896	DLX5	Intron
chr7	97299312	97299836	53.5555017892641	8.51175407008925	2.97203810093102	2.86394513832877	NA	NA	SDHAF3	Intron
chr7	97863852	97864398	31.7029686318648	17.5062186084308	4.26628167444936	4.10339024572031	NA	NA	MIR5692A1	Exon
chr7	97881136	97881606	0.832596100004977	-4.09595154550644	4.26802623058248	-0.959682842658501	0.337214860934011	NA	NA	NA
chr7	97914800	97916137	40.4695659368642	-3.88700196158109	4.04895420220607	-0.9600014639492	NA	NA	NA	NA
chr7	99225288	99225568	73.8652214125813	7.7938841457562	3.38054603653531	2.30551042983106	NA	NA	MYH16	Intron
chr7	99400919	99401538	19.9372152376864	0.066046737563411	3.98419881581814	0.0165771691164585	NA	NA	PDAP1	Intron
chr7	99633328	99633724	21.1390671993023	-6.43974576798694	3.85177390391109	-1.67189090757586	NA	NA	ZSCAN25	Intergenic
chr7	99695646	99695974	75.676675656991	0.883261286020313	3.45946902894671	0.255317009237466	NA	NA	CYP3A5	Exon
chr7	99960115	99960361	54.3875049321488	-7.36382444255821	3.42152888643156	-2.15220291483151	NA	NA	LOC124900245	Intergenic
chr7	100171789	100172496	37.3781808285799	-1.07395706296693	3.21171401738133	-0.33438751307085	NA	NA	GAL3ST4	UTR
chr7	100683277	100683995	27.9887313663497	-3.73270993816804	3.56177320832344	-1.04799203089212	NA	NA	GNB2	Exon
chr7	101030893	101031320	24.1818761389555	-2.5858224431013	3.20555247413663	-0.806669821805913	NA	NA	MUC17	Exon
chr7	101548292	101548998	92.406016400533	9.01861508711006	3.676739597074	2.45288382519317	NA	NA	LINC01007	Intron
chr7	101553267	101554385	125.63091207622	4.76581644820321	2.82784070424571	1.68531998321116	0.0919268522997423	0.1942762502117	NA	NA
chr7	101595485	101596091	81.9426759645797	1.30150976504606	3.78245692591417	0.344091100186556	NA	NA	LOC107986832	Intron
chr7	102106515	102106760	50.3947965250582	9.26122360409095	4.24752373488415	2.18038183707608	NA	NA	LOC124900244	Intron
chr7	102722923	102723268	40.0641074129513	9.02229265138142	3.94483844221503	2.2871133466027	NA	NA	RASA4DP	Intron
chr7	103381385	103381852	107.143211453351	2.71082180742819	3.19939204583034	0.847292788316178	NA	NA	DNAJC2	Intron
chr7	103488431	103488917	5.98155973070563	0	4.40735632388239	0	1	1	SLC26A5	Intron
chr7	103832714	103833246	51.8869628625883	0.308685762438656	3.66810869283301	0.0841539300734971	0.932934046672421	1	RELN	Intron
chr7	104082391	104082929	1.9138979735834	4.31278385565731	4.27479771342985	1.00888606778003	0.31302927763508	NA	NA	NA
chr7	104407535	104408121	13.2552973692168	-16.5433020805821	4.27200649321007	-3.87248991940345	NA	NA	LHFPL3	Intron
chr7	104707104	104707321	79.9084538938051	8.3831699989747	3.9224931262985	2.13720450974647	NA	NA	LHFPL3-AS1	Intron
chr7	105828206	105828621	137.816173689734	1.75686351937642	3.29490291935607	0.533206459302835	NA	NA	ATXN7L1	Intron
chr7	105921175	105921987	19.6979396176583	4.6020842854276	4.26976767646127	1.07783013834648	NA	NA	CDHR3	Intron
chr7	106674276	106674583	58.9375457467275	1.22250183141497	3.25864615651468	0.375156360248243	0.707544183354625	1	CCDC71L	Intron
chr7	106959387	106959633	31.6301383299896	-6.6184984673235	3.87359707316	-1.70861820223451	NA	NA	NA	NA
chr7	106984048	106984243	31.5997766915014	21.9911760097106	3.27936472034055	6.7059256548405	NA	NA	PRKAR2B	Intergenic
chr7	107821831	107822177	51.5907349324222	-23.2186413915114	3.66612902206628	-6.33328539496547	NA	NA	SLC26A3	Intergenic
chr7	108180587	108181006	63.2282795005501	7.57236960666015	3.18224731679041	2.37956665615091	NA	NA	LAMB4	Intron
chr7	108649852	108650479	18.2397761796549	-4.62342618433755	3.89837679209498	-1.18598750990741	NA	NA	LOC105375448	Intergenic
chr7	108823768	108824509	82.8236345052144	-9.04128161722296	3.68913877471444	-2.45078381957122	NA	NA	NA	NA
chr7	109246757	109247293	22.3655610604912	-5.41511472157341	4.25116432486624	-1.27379567284635	NA	NA	LINC02903	Intergenic
chr7	109700702	109701049	56.1669952165289	2.36267043710551	3.7621106745311	0.628017259859053	NA	NA	NA	NA
chr7	109920293	109921160	4.65037394198087	6.01892037719615	4.25556572905653	1.41436433142123	0.157254957234027	NA	EIF3IP1	Intergenic
chr7	109938755	109939034	42.0758698245448	0.270193149072699	3.69542082784096	0.073115664402032	NA	NA	NA	NA
chr7	110177919	110178470	82.1768001696881	1.11290163372597	3.96275178610336	0.280840611220897	NA	NA	NA	NA
chr7	110477604	110478247	36.1581384421768	1.48707932609205	3.70099971328353	0.401804766629585	NA	NA	LOC105375451	Intron
chr7	111333408	111333879	112.646936149697	10.4395851400796	3.4153288287153	3.05668521645879	NA	NA	IMMP2L	Intron
chr7	111901142	111901541	39.2340037550652	13.407886189934	4.23602276944335	3.16520635503948	NA	NA	DOCK4-AS1	Intron
chr7	112286522	112286874	52.212471347302	-0.653108794085841	4.14996961948243	-0.157376765126125	0.874947924006745	1	ZNF277	Exon
chr7	112590101	112590547	61.5299598395997	8.48423171165065	2.893939376421	2.93172406470494	NA	NA	LOC101928012	Intron
chr7	112885268	112885810	32.8957817066422	19.8795069801482	3.64001552929764	5.46137971669149	NA	NA	SAMTOR	Intron
chr7	112999200	112999805	66.88552631305	10.6451475292739	3.72424818907294	2.8583346191876	NA	NA	HRAT17	Intron
chr7	113373309	113373928	9.56479694826901	6.14116846297955	4.25106192411286	1.44461985560493	NA	NA	LOC124901813	Intergenic
chr7	113627784	113628446	22.9034446498748	0	3.84705850318186	0	1	1	NA	NA
chr7	113666170	113666473	13.8615023430835	-7.17997625842612	4.12959866527274	-1.73866199609301	0.0820942345592589	0.17834924617536	NA	NA
chr7	113793705	113794280	21.7073787699139	-4.27490331333832	3.81558133366628	-1.12038060245742	NA	NA	LOC124901814	Intergenic
chr7	113942175	113942763	73.8348225776513	4.45817740989573	3.20136039326349	1.39258841937225	NA	NA	PPP1R3A	Intron
chr7	114456486	114456729	40.70402749357	-1.41468145714029	4.00302889546889	-0.353402759281002	NA	NA	NA	NA
chr7	114465620	114466000	28.0253272136213	-3.00504981283115	3.2684387462866	-0.919414450169917	NA	NA	NA	NA
chr7	114510324	114510555	37.9779842771614	-21.8005113640125	4.24884699546252	-5.13092408064917	NA	NA	MIR3666	Intron
chr7	115075637	115076103	68.2525611457815	-7.71502908505624	3.45263814467863	-2.23453161373051	NA	NA	LINC01393	Intron
chr7	115164084	115164566	4.43620709387529	0	4.40735632389568	0	NA	NA	LINC01392	Intron
chr7	115752586	115752975	37.3305495333113	-22.3242883798467	4.14257330854479	-5.3889905421345	NA	NA	LOC102724407	Intron
chr7	115856142	115857028	68.5237828694871	-6.58347700777897	3.61905493616183	-1.81911496893745	NA	NA	NA	NA
chr7	116207140	116207611	28.0644514051872	-4.13493104950373	4.25703276307961	-0.971317647673552	NA	NA	TES	Promoter
chr7	116308357	116309132	51.2979218866768	23.0695319742686	4.08793505972151	5.64332153941805	NA	NA	CAV2	Intron
chr7	116746065	116746498	42.1873981241288	1.27042968258305	4.14362510301147	0.306598606534105	0.759148914417364	1	COMETT	Intron
chr7	116768438	116768964	7.03393188663029	-5.47286173155864	4.25514179087168	-1.28617611363722	0.198381605348203	0.395067641419925	NA	NA
chr7	116861598	116862224	117.866695154037	7.21921313842635	3.62895065460577	1.98933901988001	NA	NA	CAPZA2	Intron
chr7	117414537	117414876	42.1222561529575	-6.82995096482866	3.67761166915906	-1.85717024505484	NA	NA	NA	NA
chr7	117424585	117425063	22.2578502089144	-21.4741679854714	4.24927022404451	-5.05361317431867	NA	NA	ASZ1	Intron
chr7	118139674	118139988	26.9984499581732	-8.11080179243699	4.10972416340241	-1.97356354586146	NA	NA	LOC105375470	Intergenic
chr7	118425343	118425993	59.7075696822153	-17.8689968443372	4.09454527355795	-4.36409800124397	NA	NA	NA	NA
chr7	118608762	118609786	5.78210686392853	5.77975629799579	4.25710164835868	1.35767401753824	NA	NA	LOC105375473	Intergenic
chr7	118640454	118640867	33.9526047942768	-8.46543205067545	3.28893164700784	-2.57391547141973	0.0100554836543977	0.050823944937943	NA	NA
chr7	118884548	118884923	83.2571043379752	7.03834276137166	2.78280819941249	2.52922309301001	NA	NA	NA	NA
chr7	119782420	119782704	49.4403221926573	7.43326553199948	2.66829484570722	2.78577367263524	NA	NA	LINC02476	Intron
chr7	120130123	120130480	150.234162078875	10.7961097036965	3.5527767334804	3.03878079417626	NA	NA	LOC105375477	Intergenic
chr7	120278247	120278554	34.5772608355289	6.75876837001596	4.15138071386902	1.62807721957086	NA	NA	KCND2	Intron
chr7	121419298	121419909	65.7826685062395	9.1228352357284	4.19510897435761	2.17463605629586	NA	NA	FAM3C	Exon
chr7	121541583	121542085	57.5319737888289	2.51894480073898	3.31445320413319	0.75998804194846	NA	NA	NA	NA
chr7	121605182	121605792	39.7091115712123	-7.88237505477424	3.23055431593192	-2.43994506326708	0.0146894956073007	0.0572445309794465	LOC124901737	Intergenic
chr7	121717154	121717931	98.4366095436031	-6.24280217721866	3.08008897252411	-2.02682527449937	NA	NA	PTPRZ1	Intron
chr7	122134773	122135765	11.7127936775899	-7.09233209905504	4.24968771669928	-1.66890665193715	NA	NA	AASS	Intron
chr7	122161427	122161973	11.4485122676785	-7.85027038101763	3.9431866058937	-1.99084424999927	0.046498012864434	0.115111104511362	LOC102724527	Exon
chr7	122314715	122315166	108.436523401808	0.604456059371855	2.87129638921664	0.210516776199745	0.833264359508916	1	FEZF1	Intron
chr7	122560047	122560327	27.7963483301306	0	3.81840239332767	0	1	1	RNF133	Intron
chr7	122689504	122689994	79.9861339392378	10.9857459531822	4.01119121840108	2.73877393398394	0.00616687616362922	0.0418353412493955	NA	NA
chr7	122720404	122720826	16.9124949077825	0.702419716554855	4.09631987463923	0.171475797313489	NA	NA	RNF148	Intron
chr7	122909816	122910646	72.0745625491382	8.73285958848965	3.24060721412809	2.69482199213066	NA	NA	CADPS2	Intergenic
chr7	123046815	123047256	29.5158842488768	-22.0040828746782	3.8895328814352	-5.65725590846756	NA	NA	TAS2R16	Intergenic
chr7	123172493	123173087	123.886590229668	7.46714323087205	3.27541040232777	2.27975804972876	NA	NA	SLC13A1	Intron
chr7	124307617	124308047	24.9275897352187	-3.06614569127531	4.27097816380568	-0.717902450838851	NA	NA	LOC105375484	Exon
chr7	125817690	125818111	10.5447091455316	0	4.40735632392299	0	1	1	LOC105375487	Intron
chr7	126555408	126555967	28.5546221943827	-7.33884958684907	3.84143596885101	-1.91044433549263	NA	NA	LOC101928357	Intron
chr7	127053752	127054171	33.1965890257046	-8.44466171007894	4.00833556800023	-2.1067751356686	0.0351370757468468	0.09410274309213	NA	NA
chr7	127075687	127076618	74.885504409341	-6.15332198207694	3.19335273239014	-1.92691584605229	NA	NA	MIR592	UTR
chr7	127080041	127081227	28.0490059468436	-7.07646173212345	3.3106823004058	-2.13746324473843	NA	NA	NA	NA
chr7	127188203	127188704	30.2803919267532	7.11441693235504	3.61274873122175	1.96925318134403	NA	NA	GRM8-AS1	Intron
chr7	127409742	127410105	16.3619952486754	-22.0440919294608	4.24841582616925	-5.18877926065391	NA	NA	ZNF800	Intron
chr7	127508202	127508563	34.3358351393937	-0.653104378239672	4.17257226283533	-0.156523203697826	0.875620630744399	1	LINC03012	Intron
chr7	128081950	128082678	46.4192662595357	4.39197335720418	3.79488268085077	1.15734101066322	NA	NA	NA	NA
chr7	128102186	128102988	10.0604890031611	6.96802548818009	4.19252495521931	1.66201169047438	NA	NA	MIR593	Intergenic
chr7	128150716	128151089	39.0415966773003	-8.6762313432759	3.44738135388979	-2.51675995563596	0.0118439491778589	0.0533263798732583	NA	NA
chr7	128169598	128170172	25.8243385571277	-21.9439231622592	4.24860094682453	-5.16497629146847	NA	NA	LOC124901744	Promoter
chr7	128386922	128387281	39.6363923938885	-7.596210038484	3.90152187576909	-1.94698640180932	NA	NA	LOC107986845	Promoter
chr7	128501084	128501784	119.514000247565	6.19796205281226	2.91654726941227	2.1251025545906	NA	NA	LINC01000	Exon
chr7	128826226	128826931	11.009393187151	-5.90333555557119	4.25305672642686	-1.38802182413654	NA	NA	FLNC	Intron
chr7	128848480	128849244	110.740556456696	2.31918929880088	3.11142150931123	0.745379336056038	0.456042432234259	0.870966284512971	FLNC-AS1	Exon
chr7	128945192	128945859	60.8378161458266	6.28068043952421	3.85510366531593	1.6291858753452	NA	NA	IRF5	Exon
chr7	129038737	129039440	50.6623868918599	-6.61521467362776	3.8429614699092	-1.72138459503838	NA	NA	TNPO3	Intron
chr7	129348668	129348888	52.4966641928186	7.43582264779468	2.97586087700595	2.49871313045923	NA	NA	LOC107986847	Intron
chr7	129445295	129446247	59.6822845553203	1.3680885366819	3.83294116643485	0.35692917717138	NA	NA	STRIP2	Intron
chr7	129528338	129528944	36.2430460180878	2.93238228507428	3.17324162897534	0.924096752764828	NA	NA	SMKR1	Intron
chr7	130018349	130018946	40.3932853663636	-6.78508291641821	3.63393354116988	-1.86714557092144	0.0618812620385277	0.14124984729574	NA	NA
chr7	130059343	130060059	41.0560527102123	-9.71337417111247	3.67546674840806	-2.64275936527506	0.00822334558172045	0.0463110945959546	ZC3HC1	Intergenic
chr7	130739813	130740373	15.5635584630847	0	4.24838260467562	0	1	1	KLF14	Intergenic
chr7	131231175	131231536	58.7260021498578	7.77890601105032	2.83262278963989	2.74618492779946	NA	NA	NA	NA
chr7	131327826	131328300	51.8917537137163	2.80912151569995	3.08073797834869	0.911833961681372	NA	NA	MKLN1-AS	Promoter
chr7	131544229	131545269	4.93248717466667	4.31827732903384	3.69112906017801	1.16990689261502	NA	NA	NA	NA
chr7	131647618	131648991	99.7523081441519	-7.13956565771365	2.91872694657921	-2.44612318602853	NA	NA	PODXL	Intergenic
chr7	131870603	131871316	63.8163734538779	-6.60595705426912	3.24208003924758	-2.0375675413005	NA	NA	NA	NA
chr7	131961720	131962084	100.376236677197	1.75145724679416	3.40779997724958	0.513955413606098	NA	NA	NA	NA
chr7	132025657	132026183	118.205750522956	8.29570314476172	2.46074071204153	3.37122196750232	0.000748355346994447	0.0229267034668706	LOC101928782	Intergenic
chr7	132153084	132153719	90.0036111014058	7.34327075090523	3.05588933205138	2.40298975289651	NA	NA	PLXNA4-AS2	Intron
chr7	132179105	132179686	56.2013508446225	14.5790150144134	3.69171763790858	3.9491143268131	NA	NA	NA	NA
chr7	132511014	132511690	112.650844702835	7.94808943138482	3.28295717480843	2.42101526403512	NA	NA	LOC102724906	Intron
chr7	132575546	132576002	156.765382546738	7.76414536156411	2.26417192099372	3.42913243008354	0.000605513997319099	0.0229267034668706	PLXNA4	Intron
chr7	133101573	133102119	77.4972764429581	6.48398939952259	3.66675750802517	1.76831693542089	NA	NA	LOC105375512	Intron
chr7	133355159	133355706	29.7763215500493	-23.036196827892	3.86647251532941	-5.95793626789285	NA	NA	MIR6133	Intron
chr7	133392873	133393457	6.02375276167717	-2.12833776373454	4.1043382430196	-0.518558081160655	NA	NA	NA	NA
chr7	133672078	133672579	25.5705233131139	8.3655175080023	3.82711855113438	2.18585272346024	0.0288263819986689	0.0836952897905277	LOC101928861	Intron
chr7	134551710	134552121	56.7749822902362	-8.01074329778607	4.15409557914559	-1.92839648129466	NA	NA	AKR1B15	Promoter
chr7	134729280	134729597	46.9818304429187	2.67470323934379	4.08386733574782	0.654943713751665	NA	NA	CALD1	Intron
chr7	134927069	134927620	75.5720700068673	7.93139476049731	3.64717200259551	2.17466978657791	NA	NA	AGBL3	Intron
chr7	135195727	135196376	51.4981868966773	-0.0791530260666734	3.10512877865012	-0.0254910606641839	NA	NA	MIR6509	UTR
chr7	135456882	135457515	21.6356693792191	0.308691804159553	3.73126494714268	0.0827311403860352	0.934065323293567	1	CNOT4	Intron
chr7	135794543	135795357	17.4110075867535	-7.48939175751755	4.08324906942234	-1.83417460708001	NA	NA	FAM180A	Intron
chr7	135907771	135908138	18.6044667733649	-0.957383897884941	4.01932135163678	-0.238195410151783	NA	NA	MTPN	Intron
chr7	135966844	135967304	43.6109462379268	-5.94241357559929	3.84668109396961	-1.54481575946474	NA	NA	NA	NA
chr7	136487332	136487693	31.7363726860679	-6.93095414864937	3.64143885971197	-1.90335590289098	0.0569941209148727	0.132465138884442	LOC105375524	Exon
chr7	136611811	136612293	110.632407677456	-4.83116706994259	3.03207627850066	-1.59335274781793	NA	NA	NA	NA
chr7	136984930	136985393	13.8704485979095	-0.65312227489362	3.95539695991213	-0.165121802315419	NA	NA	MIR490	Intron
chr7	137051012	137051364	10.5095692416005	-1.50349319511056	4.03243252149516	-0.372850180901003	NA	NA	LOC349160	Intron
chr7	137340175	137340883	113.991326334468	-7.73258316952057	3.11409800837012	-2.48308921194414	NA	NA	PTN	Promoter
chr7	137640435	137640961	25.0803806056591	-7.1285642153529	4.07387179254137	-1.74982536966534	NA	NA	DGKI	Intron
chr7	138154202	138154589	24.672861989417	-7.09422153381991	3.37304474054076	-2.10321003114906	0.0354474138091669	0.094661861519036	LOC107986749	Intergenic
chr7	138294977	138295410	45.7062603184569	-21.5328888329822	4.24916063148221	-5.06756291429515	NA	NA	LOC124901754	Intergenic
chr7	138513291	138513782	108.960917083861	8.59585677890116	2.49165401508144	3.44985970237935	0.000560877960940878	0.0229267034668706	TRIM24	Intron
chr7	138557844	138558126	52.5448985544916	-2.16318376255572	3.51227600696323	-0.615892304097719	0.537965601169842	0.979265508379478	LOC124900246	Intron
chr7	139548030	139548316	114.46216778279	22.6931617067906	4.19836469780942	5.40523831067636	NA	NA	CLEC2L	Intergenic
chr7	139745507	139746088	20.6285594319333	21.1707224665003	4.24855141685362	4.98304489914326	NA	NA	TBXAS1	Intron
chr7	141266038	141266247	86.7258495912773	-3.60226197122558	3.07612105424135	-1.171040380956	NA	NA	TMEM178B	Intron
chr7	141482997	141483585	26.8131316141211	7.62463709958725	3.67525062169688	2.07458970405314	NA	NA	NA	NA
chr7	141530464	141531056	66.837197252053	1.27043747162592	3.93760254052415	0.322642384179489	NA	NA	NA	NA
chr7	141576537	141577397	67.8237947538093	-8.1231673639571	3.24513513832742	-2.50318307796077	NA	NA	AGK-DT	Intron
chr7	141838897	141839609	15.3145395135291	2.76035648980084	3.46746877088604	0.796072487509525	NA	NA	PRSS37	Promoter
chr7	141965804	141966115	56.5255387828181	-6.61334986323465	3.07103964385507	-2.15345636337437	NA	NA	NA	NA
chr7	142052707	142053282	38.1446233915398	-5.65343462666036	3.8893095548527	-1.4535830966724	NA	NA	TAS2R38	Exon
chr7	142692706	142692927	47.1567828657987	-9.1900341242377	3.99970161581171	-2.29767992889956	NA	NA	NA	NA
chr7	142757470	142757956	33.0347166746415	5.31672685983057	3.80333010683071	1.39791359426883	NA	NA	LOC105375541	Intergenic
chr7	142872662	142873105	28.4099117821944	0	4.21086182871773	0	1	1	NA	NA
chr7	142882428	142883527	81.5016014575133	-16.6388058831083	4.05601965657033	-4.10224981433587	NA	NA	NA	NA
chr7	143284917	143285467	24.544934373815	-8.55652912490319	3.78550664235865	-2.26033921831183	NA	NA	TMEM139-AS1	Promoter
chr7	143451265	143451861	6.099602719595	-6.85876964793248	4.25015044329424	-1.61377102750658	NA	NA	NA	NA
chr7	143498837	143499424	15.6073279340582	4.87444057629029	3.89685967393623	1.25086376830362	NA	NA	LOC105375547	Intron
chr7	143989267	143989878	94.6708894600209	8.75005260281706	2.82831844930218	3.09372963464419	0.00197657521820798	0.0275914938086224	OR2A25	Intron
chr7	144093431	144093838	9.99254950715873	5.66581719472711	4.25792757532468	1.33065137781144	NA	NA	OR2A12	Intron
chr7	144452508	144452898	68.3153092376663	-8.56341059017098	3.32907378049776	-2.57231024447003	NA	NA	LOC124901817	UTR
chr7	144535527	144535781	48.3114059634253	-7.18811568066857	3.26834956860374	-2.19931054796546	NA	NA	NA	NA
chr7	145440507	145441019	28.2523410436645	8.55014773036964	4.0005413226565	2.13724769744212	NA	NA	LOC105375553	Intergenic
chr7	145805095	145805334	27.0952243813421	-6.24905805550104	3.33920231678469	-1.87142241249947	NA	NA	NA	NA
chr7	147442272	147442667	53.2126723261495	-1.20003624176509	3.12164391417695	-0.38442444902672	0.700663882400133	1	MIR548F4	Intron
chr7	147962995	147963246	79.6201327007803	-5.09574664843961	3.32414272299668	-1.53295062007622	NA	NA	LOC105375556	Intron
chr7	148031042	148032053	86.4905372959215	-1.14979349358654	3.42657168419866	-0.335552149365127	0.737208612976828	1	NA	NA
chr7	148881142	148881710	72.1262411408102	0.284074626557099	3.04481366497055	0.0932978690371997	NA	NA	EZH2	Promoter
chr7	148995089	148996028	4.31864750795342	-5.62723333332334	4.2543217654834	-1.32270985682813	0.185931884350851	NA	GHET1	Intergenic
chr7	149195170	149195890	37.0602636204944	1.58424821760109	3.30034338326245	0.480025268169227	NA	NA	NA	NA
chr7	149203994	149204605	52.9325939796852	-8.06867874166847	3.63479610823558	-2.21984356244544	NA	NA	ZNF282	Intron
chr7	149308723	149309196	11.1358778405653	-6.11462387862437	4.24971693673942	-1.43883086088924	NA	NA	LOC124901770	Intergenic
chr7	149382149	149382499	97.4998840580615	-7.27601435095782	3.09186829388935	-2.35327435044301	NA	NA	LOC101928733	Intron
chr7	149843593	149844001	31.8034688147907	21.3159955402959	4.2483428337759	5.01748478743897	NA	NA	ZNF862	Intron
chr7	150003269	150003979	147.581925892179	-6.10288799368583	3.03899738453949	-2.00819126226745	0.0446229711693781	0.113012524809403	LOC100134040	Intron
chr7	150409380	150409942	37.029176864716	-8.38298642691677	3.21344161863243	-2.60872529263015	NA	NA	LINC00996	Intron
chr7	151080977	151082126	106.252630378362	7.66101836518519	2.6004757008567	2.94600651821563	NA	NA	FASTK	Promoter
chr7	151341691	151342119	16.4164034698625	-8.21630735105074	3.81043721874088	-2.15626367248369	NA	NA	NUB1	Promoter
chr7	151398092	151398588	82.1372367634436	2.02085974500964	3.48070974421124	0.580588412570316	NA	NA	WDR86-AS1	Intron
chr7	151553350	151553873	36.3144445877155	-23.2502898298886	4.16417859619047	-5.5834036155795	NA	NA	RHEB	Intergenic
chr7	151580135	151580559	33.4170162062145	13.7457988718061	3.98683469416394	3.44779754523749	NA	NA	NA	NA
chr7	151649388	151650002	16.7103014166621	-8.12852976500039	4.24833824760153	-1.91334335715606	NA	NA	NA	NA
chr7	151877470	151877912	11.1593770612927	-5.53864754726111	4.18118610687426	-1.3246594161774	NA	NA	PRKAG2	Promoter
chr7	152281172	152281521	21.785503642138	8.78122655672465	4.24829431690599	2.06700051872112	NA	NA	LOC731075	Intron
chr7	153034836	153035250	77.6797720131773	-24.1703084266976	3.68079997255556	-6.56659112337374	NA	NA	ACTR3B	Intergenic
chr7	153144414	153144840	26.8656858903501	20.6303040249882	4.24889712125629	4.85544917568828	NA	NA	LOC105375577	Exon
chr7	153350341	153350811	65.2458597128704	0.308685744291309	3.43825681812434	0.0897797228712266	0.928462261912336	1	NA	NA
chr7	153433408	153433840	106.101256318701	-7.43959565593251	3.28484837501209	-2.26482163150228	NA	NA	LOC105375578	Promoter
chr7	154155838	154156196	32.3420323311313	0.349803641765108	3.54776292659986	0.0985983700157653	NA	NA	NA	NA
chr7	154301175	154301718	31.7231945148381	-15.1607834845107	4.40735632387874	-3.43988150047472	NA	NA	LOC101929998	Intron
chr7	154574346	154574789	29.9334568992153	-1.26092465656616	4.02699549658811	-0.313117970366364	NA	NA	NA	NA
chr7	154740794	154741193	69.1753092583728	-7.09755453988185	3.40111485896631	-2.08683176963891	NA	NA	LOC105375580	Intron
chr7	155113991	155114740	18.3731460636182	3.11478929030449	4.09140346420335	0.761300936843924	NA	NA	HTR5A-AS1	Intergenic
chr7	155252664	155253196	27.6048648696472	5.37487505619597	3.793762332088	1.41676641436781	NA	NA	LOC105375587	Promoter
chr7	155412149	155413146	10.6750296191327	1.27043362940067	4.36633954460539	0.290960795976182	0.771081303187127	1	LOC105375594	Promoter
chr7	155561504	155562311	37.4579221686557	-7.56260484909309	3.38974051822748	-2.23102765784787	NA	NA	CNPY1	Intron
chr7	155901424	155901908	44.8692521813395	1.12388697198457	3.04657505076839	0.368901784218677	0.712200933393368	1	LOC389602	Intergenic
chr7	155957305	155958478	45.8254208489614	-8.09070374431949	3.81621988357295	-2.12008322139566	NA	NA	LOC124901788	Intron
chr7	156235106	156236249	129.883653461574	7.75412344366608	3.4420997823202	2.25273058134279	NA	NA	LOC124901791	Exon
chr7	156382600	156383085	57.406930652774	-0.340802422601297	3.4789773559946	-0.0979605176256933	NA	NA	NA	NA
chr7	156470931	156471189	48.2479603697373	6.02336921643242	2.57327726733887	2.34073851771964	NA	NA	LOC105375599	Exon
chr7	156657365	156658183	53.6187370863236	-0.576709045796376	3.1258993695841	-0.184493797659618	NA	NA	RNF32-AS1	Promoter
chr7	157064670	157065471	33.3714078976359	8.89293643141735	4.24773659632343	2.09357059454075	NA	NA	MNX1	Intergenic
chr7	157513198	157513898	15.0532246801212	7.58400289731967	3.63714466782019	2.0851529400025	0.0370554200690006	0.0972249842195009	LOC105375610	Exon
chr7	157582259	157582796	14.0639500905757	-19.6866081031267	4.25476381301673	-4.62695674032453	NA	NA	MIR153-2	Intron
chr7	157840357	157841038	78.5769483319332	-7.55265422004902	3.96520709325773	-1.90473133998253	NA	NA	NA	NA
chr7	157868474	157869011	18.9963225430448	0	4.40735632392273	0	1	1	PTPRN2-AS1	Exon
chr7	157936154	157936779	13.4831677854579	-22.1797581654241	4.24836395340926	-5.22077637619186	NA	NA	LOC105375613	Intron
chr7	157955729	157956494	58.3989370080627	-7.136984082647	3.87225657303362	-1.84310722908935	NA	NA	NA	NA
chr7	158028752	158029134	39.7476029688975	-1.53826319776885	3.5931876691961	-0.428105442684268	0.6685743544059	1	NA	NA
chr7	158131148	158131587	26.6690190767129	14.6653426717798	4.36411503900677	3.36043906741685	NA	NA	NA	NA
chr7	158262864	158263353	136.350998100619	-8.18760814921068	2.83709074139672	-2.88591691120174	0.00390275175962549	0.0334232590930601	NA	NA
chr7	158332470	158333559	63.8544124625282	6.59213710578856	3.41553291271269	1.93004643031033	NA	NA	MIR595	Intron
chr7	158553425	158553784	115.052994577396	6.13309111782196	2.56281796765143	2.39310446361602	NA	NA	NA	NA
chr7	159055317	159055767	32.3014167650783	-3.83649314354958	4.05547617681285	-0.946003126706721	NA	NA	LINC00689	Intron
chr7	159205742	159206210	83.7059456686341	-9.77307646079237	2.89822367602502	-3.37209185807093	0.000745995631104885	0.0229267034668706	VIPR2	Intergenic
chr8	579386	580198	109.137891949273	1.07327942929999	2.95000603338775	0.363822791259669	NA	NA	TDRP	Intergenic
chr8	984000	984786	11.1310600425897	19.1246278169579	4.25245465364617	4.49731493328445	NA	NA	LOC124902044	Intron
chr8	1253006	1255165	57.6712937859933	1.27043622795495	3.86893158172285	0.328368750162601	0.742632867970808	1	LOC105379585	Intron
chr8	1493960	1494152	45.2008079190308	7.00398431434839	2.82771809680279	2.47690331022302	NA	NA	LOC105377775	Intron
chr8	1695451	1695735	79.1001676680886	-8.48002451270394	3.88384520653815	-2.1834094979966	NA	NA	NA	NA
chr8	1709680	1710416	13.1534023328724	14.6265776059049	4.34316510419779	3.36772313623719	NA	NA	LOC105377778	Intergenic
chr8	2353798	2354195	123.888921644708	3.30288115330378	3.01036300954107	1.09717038869917	NA	NA	LOC105377782	Intergenic
chr8	3602086	3602575	47.34102397777	-6.99261978125312	4.24987614694818	-1.64537025067765	NA	NA	LOC105377791	Intron
chr8	4904597	4905175	14.9075712815748	19.6039631482836	4.25165547833324	4.61090115325356	NA	NA	CSMD1	Intron
chr8	5387469	5388519	1.34649561801813	-3.9886483420465	4.26964108944192	-0.934188204228626	0.35020681929794	NA	LOC105377793	Intergenic
chr8	5837933	5838181	45.2802549925145	7.63836328191439	4.19632149124494	1.8202521655814	NA	NA	LOC107986908	Intergenic
chr8	6141661	6142152	37.5793442010954	-0.653157807332192	3.98523789475804	-0.163894308089191	NA	NA	LOC105377796	Intron
chr8	6212746	6213012	103.947253475357	-23.2311405675228	3.88201873760524	-5.98429377542205	NA	NA	LOC105377797	Intron
chr8	6405758	6406512	12.8483271304588	4.40700511595572	3.8965182482874	1.13101102962695	NA	NA	MCPH1	Promoter
chr8	6637968	6638657	41.3694251499515	19.4798224245648	3.72993754612225	5.22255994468771	NA	NA	ANGPT2	UTR
chr8	8351344	8352013	105.547800423459	7.64680770274064	2.56339210482539	2.98308155367496	NA	NA	LOC105379222	Intron
chr8	8884767	8885092	54.2502816857071	0	3.92271916720337	0	1	1	LOC105379227	Intron
chr8	9230870	9231378	7.60215437486475	13.8693601190641	4.40735632389288	3.14686608021149	NA	NA	LOC124901883	Intron
chr8	9804860	9805925	43.0413566369039	17.8346636175234	4.26021842287937	4.18632610988743	NA	NA	LOC124902057	Intron
chr8	11382272	11382798	5.37474270245462	6.49965220544836	4.25315044472889	1.52819710704183	0.126463606866015	0.256784491501364	LOC105379244	Intron
chr8	12013363	12014174	3.26888309151436	0	4.40735632392419	0	1	NA	LOC105379245	Intron
chr8	13093688	13094356	75.6843510038849	7.0355770659565	3.36068669632473	2.09349389029649	NA	NA	LOC101930149	Intron
chr8	14315106	14315388	48.8795611950372	7.89159564856268	2.9404153790826	2.68383702000118	NA	NA	LOC105379292	Intron
chr8	15792438	15792913	106.264480186206	8.59169807436679	3.46865567820376	2.47695328433868	NA	NA	LOC124902060	Intergenic
chr8	16727413	16727766	42.6476912733183	7.6641582442437	4.13132384587945	1.85513373682576	NA	NA	LOC101929028	Intron
chr8	17397465	17398167	14.6901148939965	-7.25562612460364	3.87395127582454	-1.87292653108017	0.0610785309505159	0.140209829669657	MTMR7	Intron
chr8	17729881	17730593	8.15252433629024	-3.249986185426	4.28467401814808	-0.758514223406594	NA	NA	MIR548V	Intron
chr8	17773339	17774082	35.1429011167504	5.31617309076582	3.94809666872654	1.34651543182213	NA	NA	NA	NA
chr8	17778228	17778746	30.1114291794812	17.1346166649702	4.2686151345037	4.01409265653143	NA	NA	MTUS1	Intron
chr8	17879763	17880144	38.7940938644649	1.12240059125824	4.06233692170015	0.276294313566807	NA	NA	LOC124901893	Intron
chr8	17935287	17936110	33.9432425958735	6.0547347697468	3.567325053535	1.69727588007348	NA	NA	PCM1	UTR
chr8	18731481	18732080	24.3242496101579	1.0490802968052	3.43679526306124	0.305249575987474	NA	NA	LOC124901895	Intron
chr8	18991199	18991663	88.7915233825749	-0.616248685293218	3.21505361280628	-0.191676021463083	0.847995989803148	1	LOC105379303	Promoter
chr8	19894961	19895397	11.1349110560679	20.0264062747291	4.25017107809145	4.71190592255454	NA	NA	LPL	Intergenic
chr8	20035465	20035834	39.11838032179	1.27043944227474	3.88089496839863	0.327357337062632	0.743397630420637	1	NA	NA
chr8	20063432	20064015	24.1353780635721	-21.9105781829789	4.24864618976624	-5.15707291319177	NA	NA	LOC105379311	Intergenic
chr8	20948195	20948592	51.9285218170838	-0.330002431643111	3.09176077401282	-0.106736082046477	NA	NA	LINC03023	Intron
chr8	22921306	22921531	55.824189898764	6.99317330290305	2.41412662949912	2.89677153528354	NA	NA	LOC124901907	Intron
chr8	23246409	23246986	25.4211056482373	1.81506657237388	3.07308489648557	0.590633397225575	NA	NA	CHMP7	Promoter
chr8	23356204	23356709	12.5654452341445	-5.26159009540978	4.17214350308151	-1.26112395020057	NA	NA	LOXL2-AS1	Intron
chr8	23529401	23530061	1.79462638588673	4.01451191019464	4.26458680530564	0.941360111418092	0.346520347610432	NA	SLC25A37	Promoter
chr8	23604768	23605166	58.2151368491054	-6.77270843917067	3.67993257968975	-1.84044362023113	NA	NA	LOC107986930	Intergenic
chr8	23700567	23701059	24.699640858746	1.9980206336031	4.23341332375518	0.471964460070908	0.636952156420036	1	NKX2-6	Intergenic
chr8	24068245	24069471	38.9282201578141	0	4.40735632387883	0	NA	NA	LOC107986931	Intergenic
chr8	24135442	24136151	40.43847471253	-4.02434815212355	4.06718551022965	-0.989467567191524	NA	NA	ADAM28	Intergenic
chr8	24220958	24221316	73.4336373044515	0.316418216104358	3.7079385299501	0.0853353456505701	NA	NA	NA	NA
chr8	25217449	25218128	29.9181787245502	-0.509920518262576	4.04832432778531	-0.125958415624653	NA	NA	DOCK5	Intron
chr8	25728921	25729310	41.681964691559	-5.4359625249716	3.80188171813226	-1.42980842855945	NA	NA	LOC105379333	Intergenic
chr8	26532509	26532780	57.1243600572511	6.77490489292423	2.45451501682344	2.7601806656258	NA	NA	PNMA2	Intron
chr8	26767056	26767296	58.6724635349421	7.35303490609896	2.66058235258785	2.76369378265887	NA	NA	LOC124901918	Intron
chr8	26892500	26893058	58.8480375997669	2.69006247371975	3.57358131696684	0.752763750176252	NA	NA	ADRA1A	Intergenic
chr8	27048398	27048867	84.388618899129	9.08176268820745	3.13507770033159	2.89682220228446	NA	NA	MIR548H4	Promoter
chr8	27288356	27288885	67.1138933645268	21.6585002962969	4.24791743378193	5.09861611811374	NA	NA	TRIM35	Intron
chr8	27616934	27617379	71.2261357725505	-7.38256286149179	3.63996161319614	-2.02819799932158	NA	NA	CLU	Promoter
chr8	28421179	28421840	35.4877719223932	4.76316394487662	2.90763912834496	1.63815512676356	NA	NA	ZNF395	Intron
chr8	28502572	28503075	26.7413505502716	-4.62399544429081	2.94239835698347	-1.57150558261979	NA	NA	MIR4288	Promoter
chr8	28701536	28702050	47.5387324216971	-7.70966122669801	2.89132696523629	-2.66647851294395	0.00766505060555932	0.0458471854572664	EXTL3-AS1	Promoter
chr8	29276551	29277090	35.7872634980069	-22.1708316440258	4.086007919521	-5.4260373647599	NA	NA	KIF13B	Intergenic
chr8	29422118	29422471	59.0166897079581	-22.8072289245428	3.82395864994291	-5.96429799911234	NA	NA	LOC105379349	Intergenic
chr8	30772745	30773260	13.4849128018799	19.2374951527649	4.25278475801514	4.52350547873564	NA	NA	LOC105379356	Intergenic
chr8	31165937	31166360	24.6372591227421	-22.9389628415416	4.24780022021268	-5.40019813841271	NA	NA	LOC101929492	Intron
chr8	31246932	31247391	20.9104221599918	-8.73735175948397	4.10239936178994	-2.12981501529674	0.0331868885396407	0.0904391231548103	NA	NA
chr8	32349154	32349573	70.3081661497134	0.962047470282682	2.92035106221113	0.329428705586605	NA	NA	NRG1-IT3	Intron
chr8	33472910	33473165	62.159647240099	-0.41033551869007	3.37780790255434	-0.121479826718319	NA	NA	POFUT3	Promoter
chr8	34555112	34555603	53.7288106532651	21.3471562104817	4.24816472688357	5.02503023844412	NA	NA	LINC01288	Intergenic
chr8	37371006	37371478	70.872814563381	-0.907591689808696	4.06847789297235	-0.223078928701178	NA	NA	LOC100507403	Intergenic
chr8	37482532	37483039	29.2217731940096	-4.78718943899621	4.12901940779669	-1.15940105051498	NA	NA	LOC105379379	Intron
chr8	37849426	37849879	48.3839113894761	-23.3123828491389	3.91256843529625	-5.95833229109353	NA	NA	BRF2	Promoter
chr8	38290850	38291194	34.5397213509194	6.77767691264989	3.07208214516648	2.20621604253443	NA	NA	NA	NA
chr8	38312549	38313002	6.88997803376316	-5.47578051865447	4.25512546004595	-1.28686699606628	NA	NA	PLPP5	Intron
chr8	38336243	38336904	142.49939115708	8.99792649131708	3.03904386464925	2.96077545835475	NA	NA	NSD3	Intron
chr8	38516132	38516495	50.8207096491391	-22.9207666747557	4.20168250567653	-5.45514008823594	NA	NA	LOC105379384	Exon
chr8	40349644	40350436	27.8622539591584	0	4.40735632387903	0	NA	NA	LOC105379388	Intron
chr8	42121135	42121668	25.7210464258506	-22.2703271260232	4.24828891659162	-5.24218751673098	NA	NA	AP3M2	Intergenic
chr8	42434606	42434965	88.9389150034113	0.371074366247645	3.10289147722184	0.11958986286555	NA	NA	VDAC3	Intron
chr8	42793734	42793974	34.0906408196629	6.85123087537928	3.22562673622169	2.12399990316437	NA	NA	CHRNA6	Promoter
chr8	43208455	43209241	44.5758745509715	-2.81992224143102	3.99563502989072	-0.705750705541327	NA	NA	HGSNAT	Intergenic
chr8	43484992	43485360	13.3225958872213	7.46851955968268	4.24891572070452	1.75774716436228	NA	NA	LOC105379397	Intergenic
chr8	43893870	43894567	16.7240737073044	0	4.40735632388839	0	NA	NA	NA	NA
chr8	48038885	48039266	7.55651725664325	1.08954105325779	4.09240305905557	0.266235030502891	NA	NA	UBE2V2	Intron
chr8	48710594	48711028	120.939888990073	9.61774944194722	3.29168436562646	2.92183222133353	0.00347978937178566	0.0315426873288724	CLXN	Exon
chr8	49175052	49175505	89.7588815980861	9.32717233037287	4.13268593136589	2.25692745233368	NA	NA	LOC105375826	Intron
chr8	51063069	51063570	45.9394828870543	-2.64069668333461	3.76800094245169	-0.700821662113602	NA	NA	LOC105375831	Intergenic
chr8	52438219	52438858	4.44455996244042	0	4.40735632388955	0	NA	NA	ST18	Intron
chr8	53934078	53934368	73.5959758033633	-16.0377075237781	3.79303420916741	-4.22820007397152	NA	NA	RGS20	Intron
chr8	55120029	55120628	95.864273618531	0.620734855821987	3.25745598443159	0.190558171403904	NA	NA	XKR4	Intron
chr8	55939646	55940283	47.4791714943873	4.14888295355523	3.20405253706424	1.29488605619329	NA	NA	SNORA1B	UTR
chr8	57008528	57008843	65.0518806822553	21.8323895466849	3.8721450028355	5.63831920826763	NA	NA	BPNT2	Intergenic
chr8	57165545	57166047	21.9145537926012	1.2703696079881	4.28568895862735	0.296421326944591	NA	NA	NA	NA
chr8	57722400	57723089	23.2916143455823	-2.59169862645359	3.57058180064365	-0.725847710865047	NA	NA	LINC03018	Intron
chr8	58405762	58406822	38.7979349913753	-4.44367164568449	4.0942294794835	-1.08534992187225	NA	NA	UBXN2B	Intergenic
chr8	59035402	59036261	19.2267904634485	0	4.40735632388352	0	NA	NA	TOX-DT	Intron
chr8	59239643	59239958	3.67311955832537	-5.33928671630994	4.25592555892244	-1.25455359648297	0.209640857713703	NA	NA	NA
chr8	59286842	59287410	21.4152698023557	0	4.16657031609586	0	NA	NA	LOC124900267	Intron
chr8	61479954	61480356	42.541416655088	22.3203086356756	4.05814464257225	5.50012643746672	NA	NA	LOC105375870	Intron
chr8	61628559	61628992	34.0230058344013	5.88783309785846	2.95460959657154	1.99276178642707	NA	NA	NA	NA
chr8	61638529	61639340	14.6592216879363	-22.0893588979636	4.24844091233899	-5.1994035821019	NA	NA	ASPH	Intron
chr8	62120425	62120994	2.62648966775455	0	4.40735632389387	0	1	NA	NKAIN3	Intergenic
chr8	62831092	62831510	37.5865452457689	-0.149898325093217	3.19145444686927	-0.0469686556987406	NA	NA	GGH	Intron
chr8	63336793	63337059	43.3729169821791	0.997467398391651	4.01992784190208	0.248130672395275	NA	NA	LOC105375874	Intergenic
chr8	64340612	64341086	43.1541405993648	-7.32920296910558	3.34257510156176	-2.19268161414867	0.0283303263224574	0.0825120754141572	LOC105375877	Intron
chr8	64967445	64968149	16.1503901383382	-21.2844195847755	4.24933698591417	-5.00888012773046	NA	NA	LOC105375880	Intergenic
chr8	65099524	65099966	69.8473696733077	-9.94209867947828	3.59985437605195	-2.76180579570611	NA	NA	LINC00251	Intergenic
chr8	65433607	65433948	32.3472341868688	-6.4472149798274	3.80556837538577	-1.69415297371285	NA	NA	LINC01299	Intergenic
chr8	68663588	68664708	38.4116245322943	7.29258362540215	2.91855144263066	2.49869970386025	NA	NA	LOC107986951	Intron
chr8	69386847	69387497	29.8507720540954	6.74061050159978	4.22028830835606	1.59719194734956	NA	NA	LOC124901958	Intron
chr8	69943095	69943637	47.0110480805679	-1.5246592535368	3.71785191465033	-0.410091442192418	NA	NA	SLCO5A1	Exon
chr8	70366180	70366380	64.6979108333917	7.18744363687459	2.73389372256931	2.62901354852954	NA	NA	NCOA2	Intron
chr8	70516720	70516913	44.5260708439177	9.1733092910186	3.95322859893259	2.32046011543463	NA	NA	LOC105375890	Intergenic
chr8	70693583	70693999	81.7524079965189	-7.45772645379305	3.58133055876961	-2.08238986360287	NA	NA	LOC105375894	Intron
chr8	73293896	73294496	8.66857962388783	2.60182884406289	2.32003582519166	1.12146063255206	0.262091839686205	0.517520327515981	RDH10	Promoter
chr8	73309151	73309513	50.5408371298867	-14.9807868791872	4.01956296284294	-3.7269690803877	NA	NA	RPL7	Intron
chr8	73404052	73404640	4.52463667988861	-3.98079302308582	4.26976406715785	-0.932321542940805	0.351170377608564	NA	STAU2-AS1	Intergenic
chr8	74315186	74315772	58.7945278107132	7.14370385411938	3.65006789974512	1.95714273003475	NA	NA	GDAP1	UTR
chr8	74320939	74321637	26.1731871619409	0.308689201763603	3.91632935572065	0.0788210525023121	0.937174958666852	1	JPH1	Promoter
chr8	74468505	74469778	61.9994658528418	6.30776274449575	2.70850566477386	2.32887190399227	NA	NA	MIR5681A	Intron
chr8	74890731	74890969	122.843627600549	2.66520344865261	3.37304409223273	0.790147823679479	NA	NA	PI15	Intergenic
chr8	75521334	75521702	57.924898174234	-15.1772818875094	3.99119953580981	-3.80268682418304	NA	NA	NA	NA
chr8	75676310	75677001	15.1205342401189	5.94183991814539	4.25167943152863	1.39752773317839	NA	NA	HNF4G	Intergenic
chr8	75893134	75893695	50.0758501815622	-15.198385483103	4.15614794863437	-3.65684419104882	NA	NA	LOC102724858	Intergenic
chr8	76546499	76546907	27.7092424019343	-5.84889495745878	2.93633217537162	-1.99190507345054	0.0463814742128699	0.115111104511362	NA	NA
chr8	76549651	76550165	22.2739880832283	-22.5555192065374	4.24804105115613	-5.3096283522022	NA	NA	ZFHX4	Intron
chr8	77881831	77882334	31.6767043134273	21.7492342151787	4.24789596194523	5.12000162198395	NA	NA	LOC105375909	Intron
chr8	79146292	79146873	29.9577670212008	5.70225579664355	3.84309380566659	1.48376700777786	NA	NA	LOC107986892	Intergenic
chr8	79809927	79810489	47.7844915968381	5.99971432136578	3.45795681639324	1.73504605173863	0.0827326486567911	0.179318205925882	LOC124902076	Intron
chr8	80222690	80223477	39.4164733157065	7.82793896372596	3.84514674596624	2.03579719602064	NA	NA	LOC105375920	Intron
chr8	80253348	80253817	41.27436891687	-7.0179938954289	3.8605322712321	-1.81788245826244	NA	NA	MIR5708	Intron
chr8	80710815	80712195	65.3924272097358	3.05786900239828	3.0172787523239	1.01345260196563	NA	NA	NA	NA
chr8	80774365	80775037	82.5903611038042	5.06152528967021	2.53974449994446	1.99292696166126	NA	NA	ZNF704	Intron
chr8	82190748	82191252	42.6894676724527	5.62249636862911	3.84740292312079	1.46137445985732	NA	NA	LINC02839	Exon
chr8	83546479	83546900	36.6066271139475	7.18455921023843	3.82631414651779	1.87767102624777	NA	NA	LINC01419	Intergenic
chr8	83574480	83574926	20.3669718688059	6.99774710372138	4.13671993100222	1.69161732494324	NA	NA	LOC105375932	Intergenic
chr8	83925944	83926452	57.9211697484415	-1.53827947943879	3.64802473964042	-0.421674629210552	NA	NA	LOC124901968	Intron
chr8	86188882	86189247	47.8423859479549	-8.01222829598195	3.38071746785554	-2.36997867232729	NA	NA	LOC105375623	Intron
chr8	86813568	86814454	66.0465753277313	7.42786473649249	3.39356508693588	2.18880868532251	NA	NA	CNBD1	Intron
chr8	86902194	86902725	82.9964361031391	-0.576550993899741	3.42665539248099	-0.168254734679434	0.866382882605764	1	NA	NA
chr8	87312456	87313048	73.6606771738538	1.93120315131652	3.06624502942301	0.629826753173709	NA	NA	NA	NA
chr8	87839630	87840235	20.1354741268956	-2.91002666971646	4.09105808791863	-0.711313945482737	NA	NA	NA	NA
chr8	87868381	87869119	27.6021600735687	8.32153172087685	4.24792814256649	1.95896244983306	NA	NA	DCAF4L2	Exon
chr8	88327563	88328141	29.0226188720814	-5.32464708916255	3.12586096967399	-1.70341775940146	NA	NA	MMP16	Promoter
chr8	89392503	89392841	15.2068212459663	-21.8196610929773	4.24864607727224	-5.13567397616376	NA	NA	LOC112268015	Intergenic
chr8	91788304	91789008	17.5120851301197	-8.3005565744619	4.10492653254211	-2.02209625645151	NA	NA	RUNX1T1	Intron
chr8	91943740	91944188	34.3552115863022	8.50053214471109	4.10434002400221	2.07110816720835	NA	NA	NA	NA
chr8	92400647	92401131	41.4176124362763	-5.00897908901497	3.79963008913791	-1.31828071983487	NA	NA	LOC105375638	Intron
chr8	93474680	93475049	68.9507159409349	8.1991487650419	3.11569096077117	2.63156675943641	NA	NA	LOC105375641	Intron
chr8	95809291	95809835	27.9946469981446	1.82525342960761	3.90919523394003	0.466912835092136	NA	NA	SRSF3P2	Exon
chr8	96110435	96111465	15.1234026401249	7.74717833076526	4.24961234072331	1.82303177551641	0.0682985784182686	0.153754287646923	GDF6	Intron
chr8	96261096	96262181	23.865423488165	-1.45339306723838	2.42872452988679	-0.598418243548652	NA	NA	MTERF3	Promoter
chr8	96457461	96457824	42.8833866927391	6.78440118530973	2.79571621987277	2.42671310381369	NA	NA	NA	NA
chr8	96563556	96564310	36.7070411492445	22.2988868370949	3.9707237468612	5.61582428259378	NA	NA	SDC2	Intron
chr8	96743960	96744391	22.7867017247954	-7.88395181112075	3.52720892805124	-2.23518140601798	0.0254054416889984	0.0771266177659496	CPQ	Intron
chr8	97264960	97265685	10.4295934728154	0.308704004399191	3.78818446084416	0.081491281005466	0.935051258567821	1	TSPYL5	Intergenic
chr8	97399701	97400518	76.8363019723994	1.27046688725958	3.19567098697684	0.397558726301003	0.690955489622223	1	SNORD3H	Intergenic
chr8	98373612	98374924	27.0961975508548	7.48936508992653	3.31567285474139	2.25877685104452	NA	NA	LOC124901988	Intron
chr8	99913090	99913358	30.3925665451325	-8.30847023428604	3.46139456868348	-2.40032451355181	0.0163805428508759	0.0610666637480653	NA	NA
chr8	99945528	99945857	24.3067351492993	0	4.40735632392266	0	NA	NA	COX6C	Intergenic
chr8	100113334	100113863	15.388750102991	-18.867323240813	4.26229430030306	-4.42656511059583	NA	NA	RGS22	Intron
chr8	100234430	100234904	25.7738461917369	-5.83274654807014	3.51954318899863	-1.65724533976514	NA	NA	SPAG1	Intron
chr8	101095189	101095588	41.3321137699427	9.06801369507832	3.39708194865268	2.66935382547212	0.00759973447261811	0.0458471854572664	LINC03090	Intergenic
chr8	101283866	101284078	106.792981392115	9.00027797060588	3.15632718769845	2.85150348344234	NA	NA	LOC107984005	Intron
chr8	101607347	101607931	44.4913434396721	5.52006422542617	3.52727725969818	1.56496465092129	NA	NA	NA	NA
chr8	101623799	101624355	97.5614863087037	8.87312696229838	2.82973618869481	3.13567285803806	NA	NA	GRHL2-DT	Intron
chr8	101901128	101901515	9.46399665027096	16.912250893843	4.18625504467737	4.03994756968908	NA	NA	LOC124902079	Intron
chr8	102600818	102601236	51.1688745645567	0.281782344643591	3.94803066642843	0.0713728864974862	0.943100988004173	1	NA	NA
chr8	102621275	102622325	3.64140892832776	5.97457824036182	4.25583166144863	1.40385680535309	0.160361494396322	NA	LOC101927245	Exon
chr8	103277065	103277288	31.4610215090771	-5.94107822171722	4.1403225580848	-1.43493124952694	NA	NA	BAALC-AS1	Intron
chr8	103583387	103583841	71.036913869938	5.93762139354695	3.7995244972736	1.56272749335017	NA	NA	SLC25A32	Intron
chr8	105384785	105385194	29.3488791232241	1.27043329828103	3.91631549444706	0.324395034077916	0.745638978884614	1	LINC03084	Intron
chr8	106298957	106299424	4.09187303207839	2.28205995512449	4.11320063373578	0.554813673908201	0.579022113253445	NA	OXR1	Intron
chr8	107404309	107404713	37.8388085111284	-8.22963390310405	3.84794109813412	-2.13871098679099	NA	NA	ANGPT1	Intron
chr8	108315106	108315529	48.3302839348063	-0.918221587970334	3.71123043237104	-0.247417023734551	NA	NA	LOC105375704	Intron
chr8	108719207	108720163	30.121281581235	-6.3791987836046	3.591569972849	-1.77615884747592	NA	NA	TMEM74	Intron
chr8	108753741	108754281	71.1537041067209	6.1968663744353	3.46345587849131	1.78921475885371	NA	NA	NA	NA
chr8	109230785	109231254	42.0208793556823	7.15290638327246	3.69170118998072	1.93756374505213	NA	NA	NUDCD1	Intergenic
chr8	109361998	109362542	18.2425013978895	-0.653139686098697	3.93693105698052	-0.165900717245384	0.868235083037045	1	PKHD1L1	Promoter
chr8	111327930	111328475	12.03753223311	0	4.40735632388079	0	NA	NA	LINC02237	Intergenic
chr8	113020621	113020873	57.7566284448784	0.0887372873909778	3.36308890442737	0.0263856501902637	0.978949739655552	1	MIR2053	Intron
chr8	113214460	113214669	58.2439481235214	7.02978467735224	2.70730536302928	2.59659836431839	NA	NA	LOC105375709	Intron
chr8	113840925	113841227	4.05162745962965	-0.653112160494798	4.40735632389282	-0.148186829586298	0.882195325529172	NA	CSMD3	Intergenic
chr8	115146614	115147197	38.470544527508	-1.28389923626148	3.44302268986293	-0.372898860074777	NA	NA	LOC107986901	Intergenic
chr8	115330587	115330836	20.8577356082718	-6.8437858084879	3.45248089935217	-1.98228057098653	0.0474478473211305	0.116372088692878	TRPS1-AS1	Intron
chr8	115375049	115375569	31.9077012458152	18.3682824601966	4.05864555325013	4.52571731608528	NA	NA	NA	NA
chr8	115451257	115451830	14.6689049114642	0.481886009618606	3.72795708393537	0.129262756724095	NA	NA	NA	NA
chr8	115761576	115761840	67.6803227098692	-7.48081388690806	3.19919353175434	-2.33834365212842	NA	NA	TRPS1	Intron
chr8	116033990	116034763	7.04310774414005	3.18119616034025	4.27825124189409	0.743573946566975	NA	NA	LOC107986903	Intron
chr8	116223584	116224115	58.0338523613486	8.03659824740891	2.73822407963886	2.93496734148538	0.00333582795640727	0.0314224683518196	LOC124902005	Intron
chr8	116702992	116703628	16.5732791561128	-7.24636405174598	4.17437981807591	-1.73591392435536	NA	NA	LOC105375713	Intron
chr8	116839294	116840109	96.5131720440852	-8.14034308494674	3.38813037265285	-2.40260621334148	0.0162787064409535	0.0609307405741714	RAD21-AS1	Intron
chr8	117739875	117740158	48.3495480296866	-0.653149558771909	3.75655430301477	-0.173869324409268	NA	NA	LOC105375721	Intergenic
chr8	118548276	118548943	28.6518323496074	-7.26600207071448	4.14270975976855	-1.75392496507417	NA	NA	SAMD12-AS1	Intron
chr8	119438803	119439659	49.8636007647133	6.10497301189035	3.2684454392303	1.86785220233875	NA	NA	LOC124902009	Intron
chr8	120162488	120163102	15.9835425600458	-8.35526903323736	4.24815144255608	-1.96680112425796	0.0492061429289517	0.119739230312749	COL14A1	Exon
chr8	120276403	120276966	9.38474597850184	-3.44343894007716	4.11145137936276	-0.837523935552623	NA	NA	MTBP	Intron
chr8	120709885	120710542	47.011987271355	-2.90512774303701	3.62993340183789	-0.800325356263037	NA	NA	SNTB1-AS2	Intron
chr8	121768013	121768506	47.5276557390107	7.05308916985036	3.62439337989699	1.94600542230623	NA	NA	LINC02855	Intron
chr8	122436558	122436938	37.9462930218317	3.74588338667083	3.85141597011838	0.972599017019625	NA	NA	SMILR	Intergenic
chr8	122973349	122973937	14.1945705876389	-6.93737524822498	3.89533403735041	-1.78094488988774	NA	NA	LOC124902013	UTR
chr8	123167609	123168032	54.5450953438584	8.27519594909503	3.44860945963854	2.39957468247576	NA	NA	FAM83A	Intergenic
chr8	123267710	123268485	4.32828813622073	0	4.40735632392384	0	1	NA	ZHX1-C8orf76	Intron
chr8	123573764	123574583	29.2303315075996	-8.86329802662527	3.90584437612301	-2.26923993203823	0.0232537391472675	0.0737159349838548	FBXO32	Intergenic
chr8	123747555	123747964	47.2816753612054	-1.53836689654186	3.35051371150143	-0.459143590805509	0.646131055414267	1	ANXA13	Intergenic
chr8	125490385	125491257	7.7464452775534	-2.58296718879249	4.30662609156136	-0.599765833828411	NA	NA	LINC02964	Intron
chr8	125902298	125902773	17.8979591941649	-0.653088962890804	3.70378083503256	-0.176330347820125	0.860034421437795	1	NA	NA
chr8	125913511	125913931	48.9693425896526	-6.14610727269676	3.61967000445928	-1.69797447422694	NA	NA	LOC105375747	Intron
chr8	126940723	126941143	20.8665047506678	19.1357785862326	4.25235244059669	4.50004529341115	NA	NA	PCAT1	Intron
chr8	129406570	129407150	38.4782399754285	-20.9914603531447	4.25016519629409	-4.93897516535312	NA	NA	MIR3686	Intron
chr8	130005650	130005902	17.435469682121	0	4.40735632388179	0	NA	NA	MIR5194	Promoter
chr8	130030352	130030881	40.5417000564506	-8.7504992598945	4.11749366004347	-2.12520042102557	NA	NA	CYRIB	Intergenic
chr8	130063137	130063817	28.2109326703116	3.24319023889085	4.01376088941116	0.808017798829725	NA	NA	ASAP1-IT2	Intron
chr8	130241096	130241622	73.1829002257877	-16.1432602537877	4.01681151569325	-4.01892401242072	NA	NA	LOC124902027	Intron
chr8	130770328	130771055	39.5409369065229	-8.33740287570835	4.13011834333327	-2.01868377189878	NA	NA	LOC105375762	Intergenic
chr8	131306692	131307143	46.9693983743208	7.63076309155161	2.98857296654227	2.55331329600438	NA	NA	NA	NA
chr8	131468838	131469317	16.1360128094785	-22.2194184951758	3.89451978971664	-5.70530378452446	NA	NA	IADEN	Intergenic
chr8	131551017	131551341	34.9518501993776	-15.2678687564554	4.40735632388035	-3.46417844042462	NA	NA	NA	NA
chr8	133898421	133898966	18.8421933577913	0	4.40735632388099	0	NA	NA	LOC101927822	Intron
chr8	134934518	134935534	86.7323163512566	-0.447089607590634	3.16400416599518	-0.141304999656981	NA	NA	NA	NA
chr8	135007609	135008779	49.5726717165893	-22.7554194510597	4.21268510203926	-5.40164263406357	NA	NA	LOC101927845	Intergenic
chr8	135272992	135273624	46.8586815068652	-0.653104720277672	3.87393172502983	-0.168589631060842	0.866119437030352	1	LINC01591	Intron
chr8	135571204	135571814	8.6193187329953	0	4.40735632388069	0	NA	NA	LOC101927872	Intron
chr8	135950409	135950737	22.5528338403703	4.54353264161076	4.25926079976725	1.06674206046717	NA	NA	LOC107986979	Intron
chr8	136316273	136316491	29.3684652505115	-8.09649168272567	4.10839345565577	-1.97071964263299	NA	NA	LOC105375775	Intron
chr8	137007775	137008158	76.6975055025912	8.96294811437598	3.35476370224554	2.67170772963132	0.00754663466426731	0.0458471854572664	LOC124902073	Intron
chr8	137289206	137289661	43.6635034089247	-8.02964869480236	3.34738035723024	-2.39878586771849	0.0164495309863243	0.0610795333834831	NA	NA
chr8	138605462	138605963	47.2020712074416	7.70857829228758	3.41270759251785	2.2587866329914	NA	NA	FAM135B	Intron
chr8	139337526	139337989	28.0726892854901	-8.31256068380535	4.24774711847767	-1.95693398216805	NA	NA	NA	NA
chr8	139582581	139582993	36.3201120134058	8.17044575417386	4.12624281779864	1.98011753426882	NA	NA	KCNK9	Intergenic
chr8	139684554	139685859	29.9084393189374	-6.01773805554616	4.22390800952225	-1.42468492258353	NA	NA	NA	NA
chr8	139763229	139764151	59.5485381435012	2.77473283075384	3.36607727221831	0.824322380729315	NA	NA	NA	NA
chr8	140597542	140598100	15.7643508281264	-0.875298362136817	3.26816530490226	-0.267825608705859	NA	NA	AGO2	Intron
chr8	141440484	141440864	81.3977158071527	7.55190999385172	2.68598420176609	2.81159881315988	NA	NA	NA	NA
chr8	141489790	141490364	19.4974281874641	8.93801924550774	3.76645245978078	2.37306041718311	0.0176413779956626	0.0629952654864274	LOC124902031	UTR
chr8	142268127	142268856	33.9912239570888	0	4.40735632388186	0	NA	NA	LINC00051	Intron
chr8	142422587	142423079	123.01546005169	2.39649302839176	3.85457754164455	0.621726506342198	NA	NA	TSNARE1	Intergenic
chr8	142575224	142575586	97.1843836028933	7.8060530329565	2.73045479312804	2.85888382133359	NA	NA	ARC	Exon
chr8	142798800	142799592	29.0405236351495	-8.244301796885	3.7344724736334	-2.20762151952986	0.0272706677520229	0.0804312099521688	LY6D	Intron
chr8	143475333	143475858	43.163422243812	-7.86658030902411	3.59507418516338	-2.18815521011748	NA	NA	MAFA	Exon
chr8	144179207	144179684	71.9404442242983	8.97426575063584	2.87337772062652	3.12324609681983	0.00178868119499101	0.0273287028480593	MROH1	Exon
chr8	144475355	144475772	28.0863702428852	-1.58033477252567	3.88622423145356	-0.406650434561923	0.684264749284682	1	FOXH1	Promoter
chr8	144496384	144497145	31.7601122643939	4.58787259107738	3.37196300950766	1.36059398580036	NA	NA	GPT	UTR
chr9	908605	909549	2.52171204812085	-4.67833888204752	4.25425715900128	-1.09968408283664	0.271469792293535	NA	LOC105375949	Intron
chr9	940435	941042	91.7762860670214	7.48700672273745	2.47993653828938	3.01903157888946	NA	NA	DMRT3	Intron
chr9	1380729	1381628	94.4160064150003	6.99964272783457	2.34306271730799	2.98739025469905	0.00281370295444652	0.0298373941159164	LOC102723803	Intergenic
chr9	2194410	2194777	54.9609897359226	13.7178452479732	4.30365451459416	3.18748756468589	NA	NA	LOC107987043	Intron
chr9	2480626	2481109	61.3076371998355	21.9733746964817	4.24787105167492	5.17279701506421	NA	NA	LOC105375956	Intron
chr9	3732346	3732547	39.7561780099646	6.76189298361618	2.99934805657386	2.25445425341541	NA	NA	NA	NA
chr9	3829297	3829824	15.8498286963234	0	4.4073563239228	0	1	1	GLIS3-AS1	UTR
chr9	4720188	4720656	8.09191610805689	0	4.40735632392314	0	1	1	AK3	Intron
chr9	4952965	4953496	36.1341631784235	4.56221748849983	3.21798757620383	1.41772377315445	NA	NA	JAK2	Intergenic
chr9	5383321	5383709	25.3010102275222	7.85752063250685	4.04765736756662	1.94125142495217	NA	NA	RLN1	Intron
chr9	5885230	5886218	11.9782376494526	7.31451577289495	4.17601546630509	1.75155380335954	NA	NA	MLANA	Intron
chr9	6203905	6204373	31.923745624638	-15.9166480179101	4.18563219276699	-3.80268673521169	NA	NA	IL33	Intergenic
chr9	6392934	6393425	20.9575329440243	-7.76700942068943	3.50079840135084	-2.21863944455996	0.0265112637848973	0.0794485461335185	UHRF2	Intergenic
chr9	7952446	7952877	9.08211861741389	20.0800765254158	4.23119471675297	4.74572263146171	NA	NA	NA	NA
chr9	8200792	8201478	10.9287280978451	-7.65124265253748	4.13929121139408	-1.84844270716595	NA	NA	LOC105375971	Intergenic
chr9	8842275	8842621	24.0144563351291	-21.0110632982734	4.2501111275255	-4.94365033473994	NA	NA	PTPRD-AS1	Intron
chr9	9300141	9300957	75.2605845276621	-7.26877601816332	3.48939686091001	-2.08310384513491	0.0372417589767831	0.0972249842195009	NA	NA
chr9	9790859	9791227	11.0034835103353	-6.83265641529463	3.87072700869611	-1.76521268483779	0.0775280275223413	0.170415381251939	LOC105375972	Intron
chr9	10255314	10255599	48.733070612065	6.67098228891635	2.62113869503853	2.54507031678394	NA	NA	NA	NA
chr9	10465492	10465912	14.2586404930554	-7.60957036764667	4.1710117280531	-1.82439438289438	NA	NA	PTPRD	Intron
chr9	14460087	14460372	50.7166332201359	1.27044265746752	3.69388685765472	0.34393112361707	0.730898084832514	1	LOC124902121	Intron
chr9	15592181	15592606	46.2413487685177	9.02462480667905	3.66349016957012	2.46339539317995	NA	NA	CCDC171	Intron
chr9	16710724	16711564	54.3163077675381	-7.16498213565368	3.46582540628044	-2.06732344989738	NA	NA	NA	NA
chr9	16728237	16728755	46.0835975099106	-2.41317194025556	3.33486587185589	-0.723618889929328	NA	NA	BNC2-AS1	Promoter
chr9	18728805	18729292	23.8999617672903	-21.1587317117844	3.61072540139523	-5.85996700375177	NA	NA	LOC102724102	Intron
chr9	19260762	19261139	129.719910700224	0.308677896434227	3.6422826272113	0.0847484745220238	0.932461357463226	1	DENND4C	Intron
chr9	27193646	27194442	49.8345174860104	-21.5800213135561	4.24919424459994	-5.07861492587233	NA	NA	TEK	Intron
chr9	28507169	28507525	84.8738368645819	7.58705194939812	3.27315677290795	2.31796167302357	NA	NA	LOC105376004	Intron
chr9	28813502	28814137	2.7430532711088	0	4.40735632388649	0	1	NA	NA	NA
chr9	28856980	28857595	13.4722150230377	-7.78745820651632	4.24868078487584	-1.83291204983852	NA	NA	MIR876	Intron
chr9	30115447	30115872	38.3976121051956	4.08632380447221	3.63241734403416	1.12495988688732	NA	NA	NA	NA
chr9	30182671	30183947	75.2610385433209	-23.6961077848335	4.14898807861189	-5.71129811314412	NA	NA	LINC01242	Intergenic
chr9	30435093	30435906	48.861592453199	-5.17935403763674	3.20473017183687	-1.61615916470998	NA	NA	NA	NA
chr9	31194528	31195183	19.3450280932486	-8.25259248586629	4.07440626778772	-2.02547118364493	NA	NA	LOC107987029	Intergenic
chr9	32325075	32325617	12.7830341187634	-6.98942453374445	4.18300499257883	-1.67090991909992	NA	NA	LOC107987059	Intron
chr9	32932843	32933999	37.9481995350225	-7.70459827910763	4.18817116377117	-1.83960921792178	NA	NA	LOC124902140	Intron
chr9	33761045	33761754	8.97951391197245	-6.54802619553696	4.2490260086414	-1.54106521876308	0.123300913849524	0.250909283204708	PRSS3	Intron
chr9	35041519	35042116	17.8400031751707	-5.32175643525331	4.25166675339503	-1.25168710153584	NA	NA	SPATA31G1	Promoter
chr9	35057029	35057531	106.743224104192	7.99731675113305	3.35316490726201	2.38500550146315	0.0170788659462112	0.0625448333153516	NA	NA
chr9	35432937	35433419	51.9723433358319	-0.432379315581259	3.05741945374553	-0.141419691384369	NA	NA	ATP8B5P	Intron
chr9	35564691	35565300	87.0896793782684	-1.53846885297717	3.18180643795633	-0.483520567003857	0.628726160001453	1	CIMIP2B	Promoter
chr9	36211991	36212593	40.4978807221304	0	4.40735632388091	0	NA	NA	CLTA	UTR
chr9	38597470	38597870	37.4912582776769	0	4.40735632392258	0	NA	NA	FAM95C	Intron
chr9	42932816	42934551	53.7458752316005	19.1678330297958	4.08620960811338	4.6908589788779	NA	NA	LOC112268044	Intron
chr9	68426896	68427514	15.6800888656361	8.01181909358242	3.79329907659964	2.11209792104352	NA	NA	LOC105376070	Exon
chr9	68551121	68551744	10.5940978382591	-4.57452606048131	4.26211634044448	-1.07329920046346	NA	NA	TMEM252	Intron
chr9	68604207	68604717	39.5608120707472	1.27043545360803	3.94472996826494	0.322058915015371	0.747408062422704	1	LINC01506	Intron
chr9	69069080	69070214	9.84635795160778	0	4.40735632388267	0	NA	NA	TJP2	Intron
chr9	69413870	69414261	14.817194940246	0	4.40735632387999	0	NA	NA	LOC124902177	Intron
chr9	69986336	69986890	65.3728274459686	-0.547221064156269	4.33605291901974	-0.126202579713898	NA	NA	LOC124902179	Intergenic
chr9	70460528	70461021	81.7671886312004	0.556915694897315	2.63409525838532	0.211425799095322	NA	NA	NA	NA
chr9	70475638	70476061	21.955853843411	-20.9222644828753	4.12572160573999	-5.07117699210893	NA	NA	KLF9	Intron
chr9	71709047	71709593	61.1557876326622	9.63276560610812	3.17313820374456	3.03572204788958	0.00239960461379941	0.0290644638773276	CEMIP2	UTR
chr9	73329761	73330126	11.7278938553494	-5.79789891138032	4.25351152100231	-1.36308527266292	NA	NA	LOC105376084	Intron
chr9	73497842	73498450	7.28277589844639	4.03531647875077	4.2806587098028	0.942685869702672	NA	NA	LOC105376083	Intron
chr9	73769009	73769275	42.214580181427	0.308688632135909	3.64324892727688	0.0847289433957607	0.932476885197524	1	LOC105376086	Intron
chr9	74677026	74677516	38.3877283870063	-6.71639772496971	3.76541565376559	-1.78370685803385	NA	NA	LOC105376088	Intron
chr9	76593555	76594161	24.0585241690323	-22.64561463491	4.24789705933639	-5.33101775268719	NA	NA	PCA3	Intron
chr9	78316793	78317110	59.4807760123194	-6.34766483403265	3.56506658571692	-1.78051788975385	NA	NA	PSAT1	Intron
chr9	78983524	78983871	60.7441533309514	2.69795593014811	2.51907498122583	1.07101056945722	NA	NA	LOC105376097	Intergenic
chr9	79672110	79672544	39.22938387947	-8.00270935296539	3.89679534955057	-2.0536642638645	NA	NA	TLE4	Intron
chr9	80255588	80256060	7.06112448236881	-6.25692731186779	4.25175260220369	-1.47161133237734	NA	NA	LOC105376103	Intergenic
chr9	80520963	80521559	2.61389288152587	5.14244912685337	4.26268111579372	1.20638841779649	0.227667759786571	NA	NA	NA
chr9	80900065	80900433	42.9825410554187	-6.22449276844111	3.59690115410217	-1.73051538025788	NA	NA	LOC107987085	Intron
chr9	82768556	82768866	38.0176045801391	1.68706061824082	3.65202574649241	0.461952005639927	NA	NA	LOC124902189	Intron
chr9	83055065	83055976	20.5915915144521	0.825233127487461	4.08462122705286	0.202034186676076	NA	NA	LOC124902188	UTR
chr9	83957652	83958192	27.9938173426076	-6.94528936898785	3.4108678451651	-2.03622353144898	NA	NA	QNG1	Promoter
chr9	84230588	84231147	37.6223094915045	7.7197609850753	3.56101990377176	2.16785111953423	NA	NA	SLC28A3-AS1	Intergenic
chr9	85296902	85297592	6.21219428691904	1.27043919360772	4.40735632392341	0.288254250447529	0.773152124334276	1	LOC105376119	Intergenic
chr9	85385148	85385982	85.0195370712929	7.23658065428688	2.71430818359783	2.66608659179399	0.00767399241559394	0.0458471854572664	NA	NA
chr9	86255047	86255473	40.0658695779845	8.90184639543888	3.35738798718232	2.65142021995192	NA	NA	C9orf153	Intron
chr9	86365831	86366434	4.7129919448417	-0.653084975772741	4.40735632392371	-0.148180661551622	0.88220019317148	NA	LOC102724080	Promoter
chr9	86522572	86522890	27.2782397036357	0	4.40735632392264	0	1	1	LOC105376123	Intron
chr9	86736494	86736929	55.3087751749538	9.2361792232186	4.11567153117476	2.24414877457003	NA	NA	LOC124902195	Intergenic
chr9	86852688	86852921	55.040214759808	8.50610771623544	3.35582992317065	2.5347255108205	NA	NA	GAS1	Intergenic
chr9	86975507	86976208	20.7357278340155	-22.3182549252755	4.18087049912645	-5.33818374186396	NA	NA	GAS1RR	Intron
chr9	87009673	87010579	61.3433919681909	7.39682411181373	2.97644782989182	2.4851180113184	NA	NA	LINC02893	Exon
chr9	88751294	88752911	87.6878800012514	-3.93562040916331	3.2114957291526	-1.22547894846548	NA	NA	LOC124902205	Intron
chr9	89188862	89189486	26.6640753619254	-5.1805605881602	3.73901795544349	-1.38554044133915	NA	NA	SHC3	Intron
chr9	89191984	89192380	65.115376308908	8.29837906699518	3.51743939998512	2.35921024454047	NA	NA	NA	NA
chr9	89598646	89599077	47.8625975332592	14.3909970498181	3.97500874772988	3.62036864900909	NA	NA	LOC105376139	Exon
chr9	89661708	89661996	50.7710993571633	6.59281828387959	2.39046998080119	2.75795903601765	NA	NA	LOC101927823	Intron
chr9	90963018	90963306	55.7208498059224	-7.81502974644986	2.93518378371325	-2.66253506503201	0.00775544887369834	0.0460387156069226	LINC02957	Intron
chr9	91359906	91361068	50.6845146300228	-0.513565423808492	2.83607193573466	-0.181083355939438	NA	NA	AUH	Promoter
chr9	91690346	91690715	48.4095943335638	-6.41873424519329	3.4123324385238	-1.88104012748831	NA	NA	MIR3910-2	Intron
chr9	91709321	91709959	31.2848283085624	8.85685700793027	4.04088775399506	2.19180970794694	NA	NA	NA	NA
chr9	92284281	92284829	119.651761108506	-0.878050631842303	2.94657271336632	-0.297990484965555	NA	NA	LOC112268048	Intron
chr9	93019223	93019749	20.0174142929323	7.44362261859972	4.24894763042585	1.75187440892363	NA	NA	SUSD3	Intron
chr9	93316953	93317536	25.4580374847098	-3.87248025427245	4.09513287585829	-0.945629939653869	NA	NA	NA	NA
chr9	93345478	93345845	71.4525019938414	0.308694713266379	3.38949361612137	0.0910739916423331	0.927433798402952	1	FAM120A2P	Promoter
chr9	93405111	93406721	61.6762849464659	-3.15594986949804	3.56320230227507	-0.885706059261073	NA	NA	NA	NA
chr9	93433603	93433972	41.8388972639605	20.8476648868789	4.24887491542821	4.90663182650502	NA	NA	LOC107987097	Intron
chr9	93659721	93660177	54.6318404419866	-1.03723119812148	3.59044161898566	-0.288886802291053	NA	NA	MIR548AU	Intron
chr9	93851328	93851828	28.6709971231746	-6.68328761960658	3.60611893635842	-1.85331868902682	NA	NA	MIR4291	Intron
chr9	94460823	94461260	17.1621372650952	2.27394782902776	4.08827510451993	0.556212038302832	NA	NA	SLC71A2	UTR
chr9	96105974	96106428	46.3668160119181	7.72819549304568	3.69038066955819	2.09414588494766	NA	NA	LOC158434	Exon
chr9	96736845	96737536	10.8150885573952	0	4.40735632388793	0	NA	NA	ZNF510	Intron
chr9	97349702	97350264	5.50043483617304	0	4.40735632388797	0	NA	NA	MIR1302-8	Intron
chr9	97833434	97834052	105.6443825752	8.50992764927738	2.79437434340108	3.04537853683548	0.00232387623016779	0.0290644638773276	PTCSC2	Intron
chr9	98104570	98105039	119.197465620585	9.35541163483206	3.85403489060152	2.42743304105685	NA	NA	TRIM14	Intron
chr9	98276144	98276459	42.2328139436304	-0.361732692588081	3.03266354357928	-0.11927887396343	NA	NA	NA	NA
chr9	98368758	98369336	57.5144398028212	-1.53818056578267	3.84193483832975	-0.40036612553569	0.688886870325954	1	TBC1D2	Intron
chr9	98395414	98397133	93.5666851731047	-5.17080215023526	3.43319807188837	-1.50611821455182	NA	NA	NA	NA
chr9	98623570	98624134	38.3703985748499	0.714178856818311	3.50222891892809	0.203921237974614	NA	NA	GABBR2	Intron
chr9	98795356	98796607	82.936083775996	10.1273877984254	3.31881501078656	3.05150716912817	NA	NA	ANKS6	Promoter
chr9	99352801	99353288	109.692783669386	3.37967873271806	3.28962494516416	1.02737509261847	NA	NA	LOC124902232	Intergenic
chr9	99370649	99371778	125.99662302946	-6.18368511101908	3.17746630700159	-1.94610564316394	NA	NA	NA	NA
chr9	100267768	100268090	55.3269063945465	7.15790564316651	3.38945824967431	2.11181407643959	NA	NA	TEX10	Intron
chr9	100742699	100743510	9.97603696515038	-4.5578240093699	4.26229140593789	-1.06933655522011	NA	NA	NA	NA
chr9	100824859	100825390	38.2766717110473	0	4.40735632392258	0	1	1	NA	NA
chr9	100847790	100848243	39.163514858611	-0.230555734659547	3.64271565215536	-0.0632922678230811	NA	NA	LOC105376179	Intron
chr9	103888164	103889543	127.835387832714	-0.955925598823252	2.47810751877618	-0.385748233916557	0.69968313680539	1	NA	NA
chr9	104020302	104021388	100.91991875967	-7.73991861957929	3.12626536947947	-2.47577147325404	NA	NA	LINC03094	Intron
chr9	104630504	104630781	25.6359189318654	-7.01056389769345	4.07584693419587	-1.72002629413673	NA	NA	OR13C9	Exon
chr9	106117504	106118193	24.5622950764389	2.25374415983143	3.86606195079946	0.582956038602894	0.559922894733786	1	LINC01505	Intron
chr9	107025857	107026346	41.9748280530845	-6.16697458132486	3.66475190058486	-1.68278092177009	NA	NA	LOC340512	Intron
chr9	107154585	107155377	107.916032973799	-1.74940782925499	3.39247081334182	-0.515673656608913	NA	NA	NA	NA
chr9	107857453	107858769	101.308508176186	1.22207120473412	2.58996501144475	0.47184853823659	0.63703490252116	1	NA	NA
chr9	107861179	107861680	122.07661124575	9.4392083456348	3.10723269426216	3.03781830149551	NA	NA	LOC105376209	Intergenic
chr9	108210469	108211468	81.5339964884561	-4.05545157987997	4.08191751226067	-0.993516299067485	NA	NA	LOC105376212	Intergenic
chr9	108223456	108223873	119.856599471714	1.3218635951518	3.16206145618753	0.418038552845065	0.67591893001098	1	NA	NA
chr9	111186839	111187245	23.0403476842186	-0.338127951252581	3.70549401693487	-0.0912504377843459	NA	NA	MIR7702	Intron
chr9	111622590	111623309	8.02995469351358	2.07178987165553	4.08232500076369	0.507502433360389	NA	NA	LRRC37A5P	Intron
chr9	112594357	112594941	31.9402459785529	-1.70290933395992	4.08421068547699	-0.416949434076767	NA	NA	HSDL2-AS1	Intron
chr9	113516635	113517222	24.5528041188506	6.50210122037939	3.38279896774511	1.92210689502295	NA	NA	RGS3	Intron
chr9	114324125	114324633	32.0571393931509	-0.653155659663629	4.00112779522548	-0.163242888778268	NA	NA	ORM1	Promoter
chr9	114431493	114431875	14.7643469848325	-6.99588402184489	3.85519730491966	-1.81466302980586	NA	NA	AKNA	Intron
chr9	114553264	114553964	152.110379845264	1.7987863800946	2.44821946125369	0.734732489698236	NA	NA	ATP6V1G1	Exon
chr9	116688709	116689229	100.858744084104	0.717311135238851	3.55604240426706	0.201716136561846	NA	NA	TRIM32	Promoter
chr9	116854433	116854885	38.4716342697398	-1.63743455178032	3.76854829395417	-0.434500084397812	NA	NA	LOC105376239	Intron
chr9	117324051	117324515	27.6338273384792	-8.16934284175636	3.47556945522919	-2.35050484445509	0.0187479636119945	0.0654423299115314	ASTN2	Intron
chr9	117824953	117825453	64.5517927643765	8.94161766306325	3.47144970413206	2.57575895523419	0.0100020346214409	0.050823944937943	NA	NA
chr9	117848879	117849132	48.9938856934725	8.33185680675445	2.77240117967946	3.00528540668048	NA	NA	LOC105376243	Intron
chr9	118550211	118550849	60.3402108956961	1.28974238560487	3.60793373318902	0.357473967368265	0.720737011506254	1	LOC105376249	Intron
chr9	119246596	119247048	58.5221320226383	7.75108241069802	3.44069323585243	2.25276764866185	NA	NA	NA	NA
chr9	119328913	119329150	25.6721469373652	0	4.39995111848125	0	NA	NA	BRINP1	Intron
chr9	119639017	119639322	45.2993411083766	9.24812321305766	3.07120880664142	3.01123231773066	NA	NA	NA	NA
chr9	119761311	119761752	42.0668630389914	-2.16332465174397	3.56087341127052	-0.607526413294231	0.543501619188592	0.984661473527897	LINC01613	Intron
chr9	120116140	120116531	94.1546055960608	7.84922419775585	2.88395924597556	2.72168346647377	NA	NA	LOC124902259	Intron
chr9	120326338	120326881	20.2336623827621	-7.26492072004556	3.87081214170335	-1.87684662910266	NA	NA	LOC105376253	Intron
chr9	120864053	120864681	27.1626815854321	9.06751626336067	4.24806784805655	2.13450363498995	NA	NA	PSMD5	Exon
chr9	121530447	121530868	26.0304548531768	20.1795945565127	4.24959568644136	4.74859164152889	NA	NA	GGTA1	Intron
chr9	121583484	121584381	71.162545334906	8.97675518948681	2.64073586441025	3.39933853683302	NA	NA	LOC107987016	Promoter
chr9	122474676	122475747	151.480201921712	0.725064111721055	2.55560928639555	0.283714774234402	0.77662897158998	1	OR1J1	Promoter
chr9	122751993	122752509	70.6700146094406	0.984189634785434	2.84794068621476	0.345579400424079	NA	NA	OR1L6	Intergenic
chr9	123359919	123360364	69.5043988648643	-7.14663032744182	3.86583079672484	-1.84866609617175	NA	NA	NA	NA
chr9	123373226	123374746	63.1659987696699	4.23864520985348	3.8352404591644	1.10518369186608	NA	NA	CRB2	UTR
chr9	123476977	123477382	70.7947233970712	1.27044671529864	3.58898261169906	0.353985196572797	0.723349977319747	1	MIR7150	Intron
chr9	124242898	124243511	122.166263353739	-8.12011892828437	3.36719209049823	-2.41154015275763	NA	NA	NEK6	Intergenic
chr9	125553003	125554063	6.07067531187266	0	4.40735632392338	0	1	1	LOC105376272	Intron
chr9	125847124	125847407	39.3761017089645	-21.6804014438262	4.1236754505386	-5.2575431078104	NA	NA	PBX3	Intron
chr9	127038035	127038242	49.2246709282265	-8.13184116680935	3.86907146893655	-2.10175522269286	NA	NA	ANGPTL2	Intron
chr9	127257682	127258447	1.54399557064945	-3.18236494477862	4.28647061074008	-0.742420801114315	0.457832420424391	NA	LOC124902274	Intron
chr9	128224705	128225056	40.2470687034256	-7.28743367499287	3.40481252548004	-2.1403333136427	NA	NA	MIR199B	Intron
chr9	128348743	128349425	72.5090439352405	1.28318854111939	3.08437006787021	0.416029371600486	NA	NA	SLC27A4	Intron
chr9	128764880	128765331	39.2716619572382	1.27042951704802	4.1560245311831	0.305683835000456	0.759845382339477	1	LOC124902282	Intron
chr9	129069908	129070269	99.4468864945751	0.0483357844125846	3.18290593603661	0.0151860549397111	NA	NA	DOLPP1	UTR
chr9	129153350	129153766	33.2697191066078	7.25052790362466	4.03353779018894	1.79756042481135	NA	NA	IER5L-AS1	Intron
chr9	129835334	129836305	60.1383618065063	1.58121773732188	2.74882554877975	0.575233935097777	NA	NA	C9orf78	Promoter
chr9	130110577	130110809	63.7696116469381	8.13126953730474	2.48081669092226	3.27765834817964	NA	NA	GPRACR	Intron
chr9	130520308	130520862	42.8859208391651	-0.821819302972972	3.80420971118083	-0.216028916743887	NA	NA	LOC124902286	Intergenic
chr9	130904021	130904799	79.9671503509122	-8.25391949952598	2.66024300527655	-3.10269380772902	0.00191767936720608	0.0275914938086224	QRFP	UTR
chr9	131019244	131019755	73.2864921841309	1.49214475541463	3.14483721105914	0.474474402098574	NA	NA	LAMC3	Intron
chr9	131443867	131444118	94.8198691998198	8.8557098647199	3.50258887986561	2.52833266148543	NA	NA	SNORD62A	Intron
chr9	132705568	132705773	49.6394061363016	7.88721022570735	3.09154686170088	2.55121807255027	NA	NA	DDX31	Intergenic
chr9	134542632	134543421	6.30300017298182	-6.00585137448208	3.74545280176884	-1.60350475425714	0.108823260338619	0.225887034823147	COL5A1	Intron
chr9	135406822	135407179	27.023350219301	-9.09761707578721	3.54537777382611	-2.56605012389673	0.0102863962592422	0.0508803061896664	LOC124902304	Exon
chr9	135881022	135882155	21.3800798732045	-6.7840799664394	4.17966795307718	-1.62311457335858	NA	NA	CAMSAP1	UTR
chr9	136675632	136676051	90.5543559253601	7.9032225268965	3.49560478561282	2.2609027655027	NA	NA	MIR126	Intron
chr9	137140438	137140932	26.9197286646362	-15.2050124138368	4.27167405501357	-3.5594973347723	NA	NA	GRIN1	Promoter
chr9	138118706	138119115	66.0360750760269	0.0884756962577036	3.3716812362968	0.0262408246975561	0.979065253682996	1	NA	NA
chr9	138176643	138177267	21.5379019747711	-16.7128917795913	4.32218110300992	-3.86677267362827	NA	NA	TUBBP5	Exon
chrUn_GL000216v2	56938	57462	51.5728023217319	-8.12178303727601	3.57835660940944	-2.26969637847704	NA	NA	NA	NA
chrUn_GL000224v1	36019	36713	77.1917556176427	-4.1875827624149	3.19105858851017	-1.31228639220002	0.189423521778716	0.378847043557431	NA	NA
chrUn_GL000224v1	39405	39702	177.124082707008	8.58833048916031	2.61493210631469	3.2843416731244	0.00102220914595587	0.023007490585586	LOC100505874	Intergenic
chrUn_KI270435v1	959	1372	14.3867009585187	6.88318841780911	4.24985397454794	1.61962939409966	NA	NA	NA	NA
chrUn_KI270438v1	103888	104997	529.088670224045	1.51860026086863	1.89888456198472	0.799732796437814	0.423865626942455	0.814521163526532	NA	NA
chrUn_KI270438v1	112034	112377	63.8221698835755	-5.63323196704179	2.64471630352667	-2.12999479737392	0.0331720428935134	0.0904391231548103	NA	NA
chrUn_KI270442v1	315459	316109	21.9227670875556	8.14582396997902	3.84510184578543	2.11849368278959	NA	NA	NA	NA
chrUn_KI270467v1	2031	3543	1445.19686513381	-0.0660597133173915	1.80000797207528	-0.0366996781915523	0.97072446523758	1	NA	NA
chrUn_KI270744v1	107721	108587	159.282777748234	-5.35389397245395	2.45498846494239	-2.18082245554648	NA	NA	LOC102723393	Intron
chrUn_KI270744v1	110356	112359	174.053800293468	-4.04364424083493	2.59087816359429	-1.56072342484266	0.118589021788522	0.243984477498682	NA	NA
chrUn_KI270746v1	33568	34242	27.9228845223103	6.91108294936061	3.02239555903195	2.28662424040028	NA	NA	LOC105379557	Intron
chrUn_KI270750v1	8361	8824	36.272449961204	-23.5296800662599	3.95393396874101	-5.95095422743039	NA	NA	LOC105379562	Intergenic
chrUn_KI270751v1	125177	125607	20.3613877590939	-6.89954354566156	3.84414873784862	-1.79481701052049	NA	NA	LOC124905337	Intergenic
chrX	1848848	1849090	95.9676583534474	-0.724834804258425	3.20434763366075	-0.226203548155713	NA	NA	XG	Intergenic
chrX	7294259	7294475	54.1330308990515	-0.65163395099378	3.35415879745269	-0.194276416336836	0.845959450853746	1	PUDP	Intron
chrX	8670892	8671119	38.1776645427819	7.46975877597546	3.00027063558521	2.48969499197143	NA	NA	ANOS1	Intron
chrX	9213030	9213500	59.9031132866547	7.93117195507576	3.68039601260145	2.15497786866411	NA	NA	LOC124905242	Intron
chrX	9744669	9745384	38.2299821620946	-7.83054047821315	3.30449107252027	-2.36966610178824	NA	NA	GPR143	Intron
chrX	10740400	10740799	33.5100836189634	7.40961290652938	4.11921458797881	1.79879264560604	NA	NA	MID1	Intron
chrX	11045693	11046099	105.92587182195	7.72860106403771	3.22317460423513	2.39782264785861	NA	NA	HCCS-DT	Intron
chrX	11391628	11392158	49.7705980555821	0	4.11633098770206	0	1	1	MIR548AX	Intron
chrX	18684549	18684997	74.4990405803327	4.77829424187604	3.8556170095866	1.23930728337262	NA	NA	PPEF1-AS1	UTR
chrX	21776578	21776931	65.7461128044432	-7.19314075557339	3.86505984003278	-1.86106840599715	NA	NA	SMPX	Intergenic
chrX	21956245	21956603	53.8640592392678	-0.653108819909338	4.13352385896508	-0.158002915234862	0.874454501548072	1	SMS	Intron
chrX	24773775	24774496	16.2480815735457	-0.653099198130457	4.30721982423541	-0.151628945069315	0.879479602503313	1	SCARNA23	Intron
chrX	25547861	25548509	7.24244901523647	0	4.40735632388344	0	NA	NA	LOC107985707	Exon
chrX	27634132	27634533	131.304467998525	7.95669911578569	2.51429606822244	3.16458320734317	0.00155305248230236	0.02631718024556	DCAF8L2	Intron
chrX	29334260	29334835	0.795919850475758	-3.4729496897273	4.27930819909056	-0.811568021781037	0.417039546797444	NA	MIR4666B	Intron
chrX	34086385	34087826	96.7980468294532	9.38715612682706	3.51532896267945	2.67034926929626	NA	NA	FAM47A	Intron
chrX	35871262	35871666	30.1644116326448	16.6966203010014	3.68024967846646	4.5368172704953	NA	NA	CFAP47	Intergenic
chrX	38619558	38619985	25.1089975196588	6.54064497008906	4.15653127386825	1.57358252329521	NA	NA	MID1IP1	Intron
chrX	42361803	42362061	52.987167768701	-0.539377733067272	3.58690753860799	-0.150374027560407	0.880469531260647	1	LOC105373186	Intron
chrX	54358192	54358786	15.2401877075846	3.49411854525766	3.93463241137826	0.888041926141127	NA	NA	WNK3	Promoter
chrX	56357415	56357793	19.6240648984287	0	4.40735632389475	0	NA	NA	UBQLN2	Intergenic
chrX	65380649	65380986	51.0473647695082	9.40572363069123	3.12379936814938	3.01098839016138	NA	NA	LAS1L	Intron
chrX	68662379	68662661	56.3137213453233	-8.37844198319542	3.66774357991822	-2.2843587073724	NA	NA	STARD8	Intron
chrX	70317590	70317799	58.0184074417385	6.6218962471871	2.44312196735555	2.71042393121072	NA	NA	PDZD11	Intron
chrX	72486395	72487703	26.5441887341425	3.66777594574917	3.63835397347677	1.0080866162245	NA	NA	HDAC8	UTR
chrX	76022690	76023120	61.1083143498593	2.51629210440055	2.89695188266604	0.868599896138014	NA	NA	PBDC1	Intergenic
chrX	78686890	78687940	47.130228534677	-8.25286127371132	3.42522911155677	-2.40943335611217	NA	NA	RTL3	Intron
chrX	80665683	80665897	117.371543742613	-0.211985322118001	2.80333014562115	-0.0756191069571759	NA	NA	LOC124905202	Intergenic
chrX	81865675	81866319	22.6787539963866	20.4622296872186	4.17941918343283	4.89595055895102	NA	NA	LOC105373286	Intergenic
chrX	87140321	87140779	40.2210162505299	3.83079402753714	3.66142062299315	1.04625893115922	NA	NA	KLHL4	Intergenic
chrX	87937408	87937757	15.0319695982284	-7.28564942091265	4.17244271238122	-1.74613527929176	NA	NA	LOC124905233	Intergenic
chrX	92202551	92202918	41.7369247818704	0	4.40735632388309	0	NA	NA	LOC105373293	Intron
chrX	93354066	93354478	12.2549744252521	-0.653156565967186	4.40735632387984	-0.148196904894725	NA	NA	NAP1L3	Intergenic
chrX	95476358	95477092	4.5587615870577	5.22364892258776	4.26182639458177	1.22568317874909	0.220317922700585	NA	MIR548M	Intergenic
chrX	101223096	101223885	32.4568479845115	-4.55799768852724	3.86791045327557	-1.17841344663687	NA	NA	DRP2	Intron
chrX	101386678	101387422	39.14174807042	9.11259872197357	3.76257555434478	2.42190451470162	NA	NA	BTK	Intron
chrX	102168228	102168420	24.8883460384728	5.73096789528185	3.11450335550611	1.84009045459852	NA	NA	TCP11X1	Intergenic
chrX	103104982	103105525	25.7267542906178	7.05977575355714	3.54673092086714	1.99050221487654	NA	NA	NXF3	Intergenic
chrX	109277798	109278025	47.9783511978734	7.72154410054021	3.21236262948144	2.40369627939131	NA	NA	GUCY2F	Intergenic
chrX	110317568	110318019	53.9375883064652	-0.738301157665046	2.66034511248104	-0.277520820212873	0.781380221199275	1	GNG5B	UTR
chrX	111710357	111710840	42.995329899191	-8.70385568021399	4.07347251980297	-2.1367164349092	NA	NA	ALG13	Intron
chrX	113593223	113593605	81.9454420633929	0.583556032251429	2.80418016215571	0.208102189769013	0.835149177401385	1	LOC124905291	Intergenic
chrX	118172162	118172467	87.8266651285288	7.39579841546635	2.57740891595994	2.8694703311026	0.00411159903715871	0.0334232590930601	KLHL13	Intergenic
chrX	119834736	119835044	53.9198189646809	7.51043432523247	3.15307450539581	2.38194001200414	NA	NA	UPF3B	UTR
chrX	120718941	120719411	44.6483706230217	-7.95166524394461	3.88419595346044	-2.0471843694859	NA	NA	CUL4B	Intron
chrX	121235094	121235429	9.65747853141841	6.30066587683807	4.15846050739364	1.51514385326869	NA	NA	MIR3672	Intron
chrX	125368977	125369616	40.6288935422365	5.49326536621164	2.96835611532807	1.85060860381454	NA	NA	LOC124905212	Intergenic
chrX	129014678	129015169	23.7737054131132	1.72495914981882	4.08498776502553	0.422267886476285	NA	NA	LOC124905213	Exon
chrX	130739944	130740433	51.2842283412299	0.0781164420106991	3.31837540422167	0.0235405680476412	NA	NA	ENOX2	Intron
chrX	131742820	131743224	5.7770844192854	0	4.40735632388339	0	NA	NA	FIRRE	Exon
chrX	134964806	134965412	36.3896855761617	-4.49929594449396	3.86736142104896	-1.16340198255213	NA	NA	LINC02243	Intron
chrX	140717212	140717959	28.9206919508304	13.4521724971511	4.40735632387956	3.05220896805318	NA	NA	LOC101928833	Intron
chrX	140960728	140961532	17.6333672339375	21.2077553803882	4.24834171867637	4.99200789031534	NA	NA	MIR320D2	Intron
chrX	141883309	141883559	90.6658310490611	0.863583794163268	3.01440811687672	0.28648535987159	NA	NA	MAGEC1	Intron
chrX	142748848	142749378	60.87427855141	6.14367887843244	3.55446376527508	1.72844042987648	NA	NA	SPANXN4	Intergenic
chrX	145902044	145902246	41.6829689377058	7.65003451023099	2.72600125531671	2.80632097850674	NA	NA	LOC107985703	Intergenic
chrX	145958902	145959483	14.1524543671253	0	4.35522056558172	0	1	1	MIR892C	Intergenic
chrX	147309599	147310015	48.2435989547684	-8.97958895439383	3.44856336668015	-2.60386369615655	0.00921794081195375	0.0490921190670908	LOC101928863	Intron
chrX	150980821	150981755	23.5795204702796	9.22540007036276	4.24796093652412	2.17172431861189	0.0298764631012015	0.084634843800364	HMGB3	Promoter
chrX	153594293	153594617	44.482605777416	6.41399958851817	2.74640164507773	2.33541936592332	NA	NA	LOC105373383	UTR
chrX	153740858	153741114	83.4168233556926	0.38531178565991	4.10838045844485	0.0937867827863642	NA	NA	ABCD1	Intron
chrX	153924467	153925179	29.2037197661141	2.07677621646559	3.76607648157202	0.551442921201299	NA	NA	ARHGAP4	Intron
chrY	10184190	10184900	41.2208699301044	0.118077465832043	3.6107857598516	0.0327013214533381	0.973912770088817	1	TTTY23	Intergenic
chrY	12023390	12023817	33.967514333039	-9.43587471008468	3.80767398742476	-2.47812043290672	NA	NA	GYG2P1	Intergenic
chrY	15193115	15193702	84.6913443204109	0.308663177514702	3.3896268396162	0.091061108528882	0.927444035104129	1	NLGN4Y-AS1	Intergenic
chrY	20755202	20755574	39.681906785357	-8.22445001103729	3.68609296856785	-2.23121068328147	NA	NA	RPS4Y2	Promoter
