CHR	START	END	baseMean	log2FoldChange	lfcSE	stat	pvalue	padj	SYMBOL	location
chr1	1615558	1616226	32.0670625212172	6.1216338767364	2.91807594253802	2.09783226937269	NA	NA	MIB2	Promoter
chr1	1946784	1947205	56.4562912695164	1.24793442374222	3.29405082017075	0.378844921304988	0.704803027040212	1	TMEM52	Exon
chr1	2043410	2044074	14.752064105566	-1.61719363357505	3.68733785756847	-0.438580270114296	0.660965695642553	1	LOC105378590	Intron
chr1	2132768	2133273	59.3563548169555	5.28437710346705	3.60647541830107	1.46524694904378	NA	NA	PRKCZ-AS1	Intron
chr1	2655754	2656366	28.7435283793052	14.728289169358	3.95873234687951	3.72045591336015	NA	NA	LOC105378598	Intron
chr1	3286187	3286940	34.6871954428285	-4.63790638360524	3.78542950418505	-1.22519951262538	NA	NA	LOC105378604	Intron
chr1	3856768	3857210	18.514304501094	-5.02671807332636	2.866707883725	-1.75348109302112	NA	NA	DFFB	Promoter
chr1	3866327	3866938	83.1885258053362	-7.67188769498664	3.31422788648058	-2.31483409040213	NA	NA	CEP104	UTR
chr1	3938235	3939005	22.0407814444665	9.11719142604868	3.81184913179387	2.3918027998548	0.0167658478427183	0.0588924518890918	LINC01346	Promoter
chr1	4157746	4158294	30.7210645310735	-15.1668708963451	4.40735632387878	-3.44126269395826	NA	NA	LINC02780	Intergenic
chr1	5378020	5378608	70.9478433077687	6.01086679133575	2.75787416193765	2.17952902793527	NA	NA	LOC105376686	Intergenic
chr1	5727817	5728008	20.0284901812205	0.580727043364755	3.28747048621929	0.176648595264687	NA	NA	LOC124903830	Intron
chr1	6348807	6349434	12.8065856437185	-7.00183646314214	3.19917159501468	-2.18864048244652	0.0286229810102769	0.0730999138957922	ACOT7	Intron
chr1	6784639	6785243	139.92908649155	-7.66053762244116	3.00189602858529	-2.55189971587769	NA	NA	CAMTA1-DT	Promoter
chr1	7066570	7067121	37.7980170721166	4.15195110706093	4.01641930152875	1.03374443636415	NA	NA	CAMTA1-AS3	Intron
chr1	7460158	7460781	37.9671933419519	7.97786109637341	3.48843532216235	2.28694539517167	0.0221990105052158	0.0656808818757495	CAMTA1-AS1	Intron
chr1	8025829	8026258	14.5847913071782	-0.654247981889628	3.46888098316207	-0.188604908921737	0.850402485105257	1	ERRFI1	Promoter
chr1	8878884	8879492	13.9042964639619	-3.66431530485099	2.99000480817227	-1.22552154258605	NA	NA	ENO1	Promoter
chr1	10461197	10461611	36.1207815682565	-7.26271101238795	3.46063371932768	-2.09866504271331	NA	NA	PEX14	UTR
chr1	10610403	10610867	23.772821393827	-18.6426766564859	4.26499633307673	-4.37108855449759	NA	NA	DFFA	Intron
chr1	12316556	12317354	3.30264735581987	1.25866839554095	4.10960959920442	0.306274444118636	0.759395695501322	NA	NA	NA
chr1	12375858	12376487	12.4307928392955	-6.50294919370146	4.2510194373623	-1.52973875784874	NA	NA	LOC124903845	Intron
chr1	12763019	12763585	88.4963313673061	-2.44223676249741	3.91787473930219	-0.623357540760068	NA	NA	PRAMEF12	UTR
chr1	13848233	13848744	48.3589701087378	-6.52869193484878	3.44675811774534	-1.89415436529659	NA	NA	KAZN	Intron
chr1	14885477	14885795	44.9086438468213	1.69557273929124	3.22084970645124	0.526436466717175	NA	NA	LOC107985469	Intron
chr1	15747196	15748176	118.052536276331	-3.51305886453897	3.15703513116536	-1.11277154627107	NA	NA	SLC25A34-AS1	Promoter
chr1	16156634	16157391	82.9270851414239	-5.91775150039383	3.62445493845451	-1.63272867255378	NA	NA	EPHA2	Promoter
chr1	16484537	16485437	29.1733298742718	-8.23692765256007	2.90245601509031	-2.83791644377556	0.00454090680291909	0.0447440144443982	NA	NA
chr1	16609827	16610387	26.9472992889363	-2.80080058991199	3.58849658292567	-0.780494149900657	NA	NA	NA	NA
chr1	16643224	16644152	31.8636954073076	2.0193480544218	3.05686784387032	0.660593835769192	NA	NA	NA	NA
chr1	17156042	17156577	11.9102647250044	-4.25504963173291	3.67767319275132	-1.15699503700318	NA	NA	SDHB	Intergenic
chr1	19256006	19256560	31.8040479050638	3.96704592067814	3.93426223128988	1.00833286839081	NA	NA	MRTO4	Exon
chr1	19284205	19284863	23.1678248250849	-5.64733827364597	3.24142082062201	-1.74224162370941	NA	NA	AKR7A3	Exon
chr1	19376769	19377022	48.3487780661406	-0.117274422198767	2.79274121366157	-0.0419925847855442	NA	NA	LOC124903868	UTR
chr1	19689953	19690584	14.1793706516798	-7.21446308979405	4.21015541033662	-1.71358593368819	NA	NA	HTR6	Intron
chr1	20043787	20044231	33.7099290082491	-2.1386414155513	3.54212526908989	-0.603773512533283	0.545994231830552	0.881917892662174	PLA2G5	Intron
chr1	20651514	20652355	7.05328024641533	7.48421602853701	4.25015774564311	1.76092664706602	0.078250819114623	0.150993298995504	PINK1-AS	Promoter
chr1	20999944	21000287	36.0593847906177	-7.38352405878913	3.62090508189571	-2.0391376994957	NA	NA	MIR1256	Intron
chr1	21613048	21613791	13.4204660968763	-0.654258582728646	4.28959697483406	-0.152522156875578	0.878775116216442	1	LINC02596	Exon
chr1	22184667	22186087	21.5387916272872	-8.5991244364538	4.04548636765622	-2.12560954480135	NA	NA	LOC105376850	Exon
chr1	22331679	22332062	47.0267181787023	-8.07009463564302	4.24765667628469	-1.8998933413568	NA	NA	MIR4418	Intergenic
chr1	22678135	22678527	92.2605292488742	-4.10888164367766	4.08920027433801	-1.00481301184077	NA	NA	C1QB	Intergenic
chr1	22801450	22801964	53.3909688374336	7.99869421479951	2.74288314605101	2.91616295295532	0.00354365367795818	0.039791388287434	MIR4253	Intron
chr1	24125027	24125443	101.789080467091	9.51801319495091	2.91220410445694	3.268319408102	0.00108188195507828	0.0372618780973083	MYOM3	Intron
chr1	26857518	26857724	77.142440487816	1.30743177481624	2.89573226599414	0.451502989475232	NA	NA	SFN	UTR
chr1	26907107	26907807	47.3194343843064	8.92489656879859	4.19821352261851	2.12587962015614	NA	NA	NR0B2	Intron
chr1	27199517	27200557	128.878925030463	7.65123902216295	2.84233370490063	2.69188625141763	NA	NA	SLC9A1	Intergenic
chr1	27914198	27914539	101.178840605929	7.8520175125601	3.34590822574734	2.34675220681114	NA	NA	RPA2	Promoter
chr1	27917456	27918507	63.5145179010201	2.29625757530847	3.26537213452323	0.703214666111473	NA	NA	NA	NA
chr1	28684066	28684738	30.9588139152707	-18.8992258194881	4.07498375755494	-4.6378653128247	NA	NA	LOC124904809	Intron
chr1	28729121	28729671	26.803315585117	-5.85177705402458	3.55236891450932	-1.64728866704231	NA	NA	YTHDF2	Intergenic
chr1	29195945	29196739	5.09061070310866	1.26927944915323	4.40735632392358	0.28799111210125	0.773353542108619	NA	SRSF4	UTR
chr1	29340374	29341286	21.7111539255346	-7.82503932205987	3.74680910105346	-2.08845423159129	0.0367568798593848	0.0854299551844056	LINC01756	Intron
chr1	30165602	30165900	115.98454353204	10.1851437092098	3.61825239419341	2.81493455944504	NA	NA	LOC105378618	Intergenic
chr1	30267297	30267746	26.3253824311582	-4.87070245709964	3.90151531843623	-1.24841300355367	NA	NA	NA	NA
chr1	30303602	30304093	59.8536844794444	1.33118221489812	3.21353525131436	0.414242294169221	NA	NA	NA	NA
chr1	30610767	30611341	32.6554652578533	9.69134666054438	3.98410820839303	2.43250086434107	0.0149949557237513	0.0556690979462002	LOC124903888	Intergenic
chr1	30716746	30717356	53.8641549580749	1.18388412897948	3.51166383269475	0.337129117530309	NA	NA	MATN1-AS1	Promoter
chr1	31043789	31044485	62.7206463338841	22.9962124454748	3.76037921723326	6.11539717592486	NA	NA	PUM1	Intron
chr1	31572581	31572987	35.4277356529054	1.70348626512693	4.08348525760482	0.417164788817216	NA	NA	TINAGL1	Intron
chr1	31799680	31800457	26.4010135078168	-5.12867910656899	4.07245550407435	-1.25935792335556	NA	NA	LOC124903930	UTR
chr1	32767616	32769189	49.6774987075467	-1.50247427103231	3.55840428735971	-0.422232593516553	0.672855253331777	1	NHSL3	Exon
chr1	32972009	32972469	31.5740825063235	0	3.82917879255709	0	1	1	RNF19B	Intergenic
chr1	33110064	33110457	5.21604553700247	1.32907400677951	4.09885219126021	0.324255168218419	0.745744858111745	NA	AZIN2	Intron
chr1	33866939	33867523	17.5647222540407	-7.50788070171175	3.60137337877516	-2.08472710604231	0.037094078725764	0.0859870814101853	NA	NA
chr1	33899965	33900758	49.6012549988378	23.1178597695499	4.24748590028874	5.44271607069452	NA	NA	CSMD2-AS1	Intron
chr1	33905561	33906270	71.2899064086352	10.0118210460813	4.06946772862352	2.46022863768175	NA	NA	NA	NA
chr1	34977139	34978018	12.7620685285124	2.83349974836991	3.41480723317175	0.82976857986156	NA	NA	GPR199P	UTR
chr1	35638325	35638642	64.5720069784312	9.71317927029088	3.68617264216805	2.63503102355455	0.00841295934129141	0.0484004821363185	PSMB2	Promoter
chr1	36021800	36022137	14.3012185181802	-19.0018537899258	4.16881470378757	-4.55809507979852	NA	NA	LOC105378647	Intron
chr1	36964730	36965113	40.855026789137	9.05052180153772	3.36622668964577	2.68862516876132	0.00717469317567422	0.0475345008264353	GRIK3	Intron
chr1	36988204	36988416	63.8718053049168	-0.599097568303576	2.71528034905887	-0.220639304707974	NA	NA	NA	NA
chr1	37265855	37266425	138.500052699712	7.80682660373494	3.2424894591016	2.40766445109678	NA	NA	MIR4255	Intron
chr1	37561676	37562543	5.10961668828025	-0.267219492333554	4.09682562785461	-0.0652259863140646	0.947994071093261	NA	DNALI1	Exon
chr1	38448900	38449922	122.131231222708	1.14887331353403	2.77502384327167	0.414004844073537	0.678870559253207	1	LINC01685	Intron
chr1	38859510	38860312	31.1085369370621	-4.36055182879675	2.69630542003569	-1.61723215641462	NA	NA	LOC105378662	Promoter
chr1	39640581	39641020	48.4817810149344	-21.264753183055	4.24832570283531	-5.00544324293756	NA	NA	HEYL	Promoter
chr1	40455455	40456124	8.23828520347314	1.62571697581677	4.09316063723369	0.397178884461151	NA	NA	ZFP69B	Intron
chr1	40654524	40654753	109.066702570332	-1.14264624694518	2.8213708422816	-0.404996829846422	NA	NA	LOC105378675	Intron
chr1	40705840	40706587	36.5891565027217	-8.85591986508038	3.74673221935912	-2.36363832443707	NA	NA	RIMS3	Intron
chr1	40902088	40902681	42.4283345620175	-0.704588324742328	3.77384658875116	-0.186702958949767	NA	NA	NA	NA
chr1	40915188	40915918	85.2755896940705	-8.00536425152402	3.32841409047289	-2.40515874345029	NA	NA	LOC124904157	Intergenic
chr1	42396394	42396803	29.2540799259408	-9.01702524769802	4.24774815884029	-2.12277774258628	NA	NA	RIMKLA	UTR
chr1	42750399	42750898	40.7982248917898	-1.10070071495392	3.48908127079581	-0.31547007063635	NA	NA	CLDN19	Intron
chr1	42822566	42822794	39.4641488117771	2.14304931713329	3.44592576569004	0.621908149754975	NA	NA	SVBP	Intron
chr1	43946698	43946926	3.81974950549852	0.509134057416751	2.33832480309037	0.217734532321545	0.82763595620773	NA	IPO13	Promoter
chr1	44139452	44139696	42.9327490091507	5.07602611202027	4.09217846960208	1.24042148936722	NA	NA	KLF18	Promoter
chr1	44429426	44429887	17.8504245059418	1.26927068087356	4.26339861976971	0.297713348920239	0.765921954215305	1	RNF220	Intron
chr1	45016761	45017474	66.3210032351093	23.3331345310738	4.24737129469216	5.49354716415603	NA	NA	HECTD3	UTR
chr1	46845974	46846423	10.9608659064848	0	4.40735632388263	0	NA	NA	CYP4B1	Intron
chr1	47225841	47226541	17.5477353474213	-8.49119925069324	4.24805354715025	-1.99884468414703	0.0456251613480859	0.0970836766584842	TAL1	UTR
chr1	47349207	47349646	43.1540013291899	0.207713387845963	4.28262564958252	0.0485014112466755	NA	NA	CMPK1	Intron
chr1	48200733	48200986	56.4658761615459	0.569505457029033	3.10107914713394	0.18364750785396	NA	NA	SKINT1L	Intron
chr1	48710041	48711029	51.526302063385	-1.76057923862101	3.337054935644	-0.527584733417414	0.597787591356748	0.941111545852178	BEND5	Intron
chr1	49318639	49319111	19.6703871216954	0.148050297924162	4.0846318631075	0.0362456894246348	NA	NA	AGBL4-AS1	Intron
chr1	50165795	50166387	6.76504992681014	5.88967098180643	4.25187499594708	1.38519382329455	NA	NA	ELAVL4-AS1	Intron
chr1	51417218	51417819	45.2917902639659	0.307536015049847	3.40117235725738	0.0904205911216556	0.927952994366145	1	TTC39A	Intron
chr1	51502193	51502590	4.30462644343957	-0.654288516742572	4.40735632388375	-0.1484537370389	0.881984693816663	NA	EPS15-AS1	Intron
chr1	51583654	51583961	58.2491295212607	6.7014533631132	2.77676690610635	2.4134014808287	NA	NA	OSBPL9	Exon
chr1	51862844	51863344	16.2701798448111	1.62036904782432	4.08690792221039	0.396477992327252	NA	NA	NRDC	Intron
chr1	51952902	51953450	38.6489258272578	-4.02883529845585	3.61155590324819	-1.11554006261743	NA	NA	RAB3B	Intron
chr1	52248541	52248905	86.0258534745389	8.83311823678843	2.77082917872912	3.1878970759359	0.00143311538384219	0.0372618780973083	ZFYVE9	Intron
chr1	53143582	53143907	70.931403078025	-6.52931741078118	3.05392571185767	-2.13800793694142	NA	NA	SLC1A7	Promoter
chr1	53511564	53512196	96.1667558330387	-8.81978086467789	3.18285293935771	-2.77102996359539	0.00558792844410733	0.0469937533794141	DMRTB1	Intron
chr1	53680099	53681787	233.29691621553	-0.333767248583475	2.66359325804526	-0.125307138233417	0.900280401235375	1	NA	NA
chr1	53682310	53683444	42.899396438564	7.53829814293426	2.82784882141566	2.66573590704205	0.00768200132790954	0.0475635659068218	GLIS1	Intron
chr1	54277907	54278185	46.0375675140595	22.0786229153872	4.24782440607511	5.19763078808319	NA	NA	SSBP3-AS1	Intron
chr1	54891824	54892307	34.1925818626981	-7.91234117812193	3.89782944739609	-2.02993519467808	NA	NA	DHCR24-DT	Intron
chr1	56391216	56391965	49.8978829251413	9.13415969802588	3.63684730243441	2.51155985897778	0.0120198898970125	0.0523094634955363	LOC124904187	Intron
chr1	57174712	57175145	29.8951837992548	8.5440274705191	3.65410941063774	2.33819694770112	NA	NA	LOC105378747	Promoter
chr1	58745561	58745958	84.460394438936	1.52762253546757	4.00437000659958	0.381488856661574	NA	NA	LOC105378751	Intron
chr1	59223401	59223601	61.6347453175849	1.65502779483746	3.05239849097955	0.5422056784946	NA	NA	HSD52	Intron
chr1	59978934	59979475	58.6785331118157	9.78168666611008	3.68827786442172	2.65210133988746	NA	NA	CYP2J2	Intergenic
chr1	61562735	61563337	61.7406135228448	0.0398380151788739	3.5283788832759	0.011290741866669	NA	NA	MGC34796	Intron
chr1	61834633	61835254	25.2916717173186	17.6693938878798	3.75785682697567	4.7019869839214	NA	NA	PATJ	Intron
chr1	63285383	63286241	26.2387359940545	21.2874941459712	4.12266860863375	5.16352299124666	NA	NA	FOXD3	Intron
chr1	64003787	64004343	29.7375575085308	-9.25218208576914	4.24764370392987	-2.1781916588741	0.0293917708104853	0.0740672899453299	LOC105378772	Intron
chr1	64606896	64607199	30.4531477069265	1.18494281914946	3.43167095266747	0.345296164898442	NA	NA	MIR4794	Intron
chr1	67510739	67511060	44.9753373693797	-2.88752516192227	3.13130572743922	-0.922147312738985	NA	NA	LINC01702	Intergenic
chr1	67780477	67781015	20.2710645628588	18.4101891392621	4.2518576527308	4.32991662536914	NA	NA	LOC105378781	Intron
chr1	68934660	68935242	36.8450474864357	2.35616934773672	4.0842140906991	0.57689663064	NA	NA	LOC105378787	Intron
chr1	69997995	69998322	46.4226689194078	-1.38429140502289	3.78725256754425	-0.365513358387002	NA	NA	PIN1P1	Intron
chr1	70629235	70629636	59.9782666320324	8.95872614226484	4.24761548213795	2.10911891152531	NA	NA	LINC01788	Intergenic
chr1	73927389	73928026	49.180120538945	3.62432100624981	3.61226824942768	1.0033366173246	NA	NA	LRRIQ3	Intergenic
chr1	74703641	74704173	29.7067422449943	0.14147448500133	4.08321814328394	0.0346477900608926	NA	NA	TYW3	Intergenic
chr1	75322809	75323304	34.2528896309928	9.75242637664714	3.57188897981026	2.73032740708676	NA	NA	LHX8-AS1	Intron
chr1	75365596	75365951	21.1638514724302	19.86488466361	4.12194468026046	4.81929919116594	NA	NA	NA	NA
chr1	75399101	75399823	40.8637627534984	0	3.78803706945625	0	1	1	NA	NA
chr1	76188236	76188972	57.1624961196206	21.9517927262166	4.07542725778729	5.386378246421	NA	NA	ST6GALNAC3	Intron
chr1	76843455	76844034	43.7744617289732	18.594422286907	4.25471623093767	4.37030844776435	NA	NA	ST6GALNAC5	Intergenic
chr1	76997476	76997826	41.3763576692905	-8.05684346353666	4.24782691571293	-1.89669768175675	NA	NA	MIR7156	Intron
chr1	78060757	78061226	29.290667336275	-6.10065140541659	4.04262657667055	-1.50908111093481	NA	NA	GIPC2	Intron
chr1	79010909	79011578	57.5010654035131	1.87892369310125	2.72307294785773	0.690001233562038	0.490193411607038	0.812918611419501	LOC107984998	Intron
chr1	80030108	80030604	8.52195997771899	-7.43528995807504	4.24913221811017	-1.74983727886489	0.0801463960122111	0.152753458248222	LINC01781	Intron
chr1	80697636	80698190	31.2520456938637	0	3.82838735540158	0	1	1	NA	NA
chr1	80842168	80842558	15.5251687104131	21.0504713650767	4.2486455831208	4.95463105906196	NA	NA	NA	NA
chr1	81002773	81003107	27.2017944305747	8.45685297271523	3.47915553535253	2.43072000857194	0.0150688543276581	0.0556690979462002	LOC105378813	Intergenic
chr1	82591028	82591456	103.807443391518	-7.51990476556978	3.24014217024013	-2.32085642248608	NA	NA	LOC105378814	Intron
chr1	83330409	83330686	38.1107726498195	0.29397568802545	4.08259737446972	0.0720070242203676	NA	NA	LINC01712	Intron
chr1	84259790	84260164	22.8971472679678	-0.864225210205395	3.33614141677044	-0.259049333418849	NA	NA	LOC124904808	Intron
chr1	85029329	85029790	51.3168531134834	-6.96077790001434	4.08185984422169	-1.70529566561872	NA	NA	MCOLN3	Exon
chr1	85607366	85607817	31.386243365517	-1.34956465707337	3.94039472828098	-0.342494787993518	NA	NA	LOC112268231	Intergenic
chr1	85776684	85777313	2.62648966775455	5.79749839880988	4.25707491156206	1.3618502185771	0.173245159364259	NA	ZNHIT6	Intron
chr1	86390100	86390554	25.6511284859606	9.34648043038468	4.24789487575496	2.20026170697635	0.0277883324746045	0.0721412976778033	ODF2L	Intron
chr1	86586686	86587069	50.3801694546885	-0.654267688473112	3.87349036824346	-0.168909078446943	0.865868158236457	1	CLCA4	Intron
chr1	86745571	86745855	19.2843324703335	-8.16076114204176	4.2483108825622	-1.92094255049431	NA	NA	SH3GLB1	UTR
chr1	88024941	88025492	57.974235177595	-0.793647584896571	3.33162736746138	-0.23821619207712	NA	NA	LOC105378836	Intron
chr1	88633253	88633678	8.08240880552294	-0.301042795824622	4.09084501058809	-0.0735893916893577	NA	NA	LOC105378838	Intron
chr1	89273039	89273797	16.459570106765	-6.71844659848967	4.25046940695383	-1.58063638512447	NA	NA	GBP5	Promoter
chr1	89472922	89473326	48.4043889197911	-5.88961884741333	3.84477315051166	-1.53185080545768	NA	NA	LRRC8B	Exon
chr1	89889412	89889811	18.2918199388367	21.0669169771511	4.24863752834587	4.95851124898225	NA	NA	LOC105378847	Intron
chr1	90225270	90225846	94.2525744355556	0.0853955279141609	3.52989406130973	0.0241920937090321	NA	NA	LOC105378849	Intron
chr1	90581194	90581580	201.828386066618	8.89166097007167	3.76958856057305	2.35878818793953	NA	NA	LOC105378851	Intron
chr1	90658845	90659510	24.9338548087046	6.25180103602561	4.13765498198857	1.51095271675382	NA	NA	SNORD3G	Promoter
chr1	92770281	92770689	7.63867446823876	-4.09406175065625	4.13676320510361	-0.98967756858921	NA	NA	EVI5	Intron
chr1	94058883	94059586	46.2618194077258	6.2538219209121	3.42994541755267	1.82330071169888	NA	NA	ABCA4	Exon
chr1	94683223	94683950	27.485361380045	-7.21721614422675	3.16166392791854	-2.28272716796252	0.0224464444324627	0.0661674543998784	MIR378G	Exon
chr1	94998672	94999175	64.1439488838828	9.70428933727333	3.37714191888265	2.87352132968225	NA	NA	ALG14-AS1	Intron
chr1	95279549	95280028	26.7327545510614	-5.13538992462723	3.53052111638333	-1.45456995025367	NA	NA	LOC105379825	Intron
chr1	95468831	95469268	21.6068024942328	19.7039096828545	4.25078153963534	4.63536163859054	NA	NA	LINC01761	Intergenic
chr1	95647224	95647920	9.44084689388007	6.5793380716954	4.25287846113607	1.54703176491384	NA	NA	LOC124904592	Intron
chr1	96023314	96023868	42.3217238066251	2.63215326865503	3.37547545007487	0.779787412939605	0.435516016427852	0.731353022181546	LINC02790	Intron
chr1	99112135	99112628	71.4520995209809	-1.52678821396137	4.0820308399463	-0.374026623958936	NA	NA	PLPPR5-AS1	Intron
chr1	99210876	99211220	66.8948507449015	0.232740218824732	3.80178012991978	0.0612187477632071	NA	NA	PLPPR5	Intron
chr1	100449356	100450074	43.9741523933099	0	4.24657736859964	0	NA	NA	LOC105379827	Intron
chr1	101430128	101430605	37.6422807787845	2.0152410488319	3.86218087051214	0.521788366831373	NA	NA	LINC01307	Intron
chr1	101571474	101571886	4.82428939881869	1.26923944618375	4.40735632388442	0.287982035694611	0.773360489865688	NA	LINC01709	Intergenic
chr1	102366439	102367078	8.6262435188481	-7.43706355989451	3.98410040329894	-1.86668577773201	0.0619454809926013	0.124157394161515	OLFM3	Intron
chr1	102635993	102637038	65.3240482586645	-13.804648649484	4.22710625805857	-3.26574441396328	NA	NA	LOC107985096	Intergenic
chr1	103525680	103526381	16.5782058017526	-5.93353400455892	3.67216387461814	-1.61581405600422	NA	NA	RNPC3-DT	Promoter
chr1	105107217	105107605	42.8119666081737	-5.68463781682588	3.0186329044009	-1.88318288339671	NA	NA	LOC105378880	Intergenic
chr1	105725774	105726279	45.4505646760176	4.9771345584686	3.16058856284514	1.57474927833955	NA	NA	LINC01676	Intergenic
chr1	106235750	106236125	32.1009592639786	1.42076529324119	3.00415757633553	0.472933012713082	NA	NA	LOC124904596	Intron
chr1	106668437	106668902	52.3688408872033	-2.51205812038552	3.49781750020786	-0.718178727230978	NA	NA	LOC124904233	Intron
chr1	109343929	109344283	16.6215215634282	1.2692709127827	4.27489826673417	0.296912542377848	0.766533280312212	1	MYBPHL	Intron
chr1	109360318	109360956	15.711110435359	-6.55176981527591	4.15811936544451	-1.57565698323225	NA	NA	SORT1	Intron
chr1	109636176	109636738	56.2165663931638	-8.62282702417779	3.96446871846016	-2.17502713138496	NA	NA	GNAT2	Intergenic
chr1	109724486	109724849	34.8062652522402	-1.55842618108146	3.91577453888106	-0.397986698571971	NA	NA	LOC124904258	Intron
chr1	110338779	110339848	109.656189765949	0.488952242076092	2.20371448537939	0.221876402465048	0.824410100803591	1	RBM15-AS1	Promoter
chr1	111755334	111755954	26.9092764344067	-5.45560224725271	2.91715458662428	-1.87017934266072	NA	NA	LOC101928718	Promoter
chr1	112302590	112303043	29.0966565870185	0	4.40735632387869	0	NA	NA	LINC02884	Intron
chr1	113290733	113291244	5.7918346281159	3.82961052838716	4.28613297881808	0.893488500546521	NA	NA	LOC643441	Intergenic
chr1	114067546	114067780	62.8191229622195	0.694374224904085	2.6128751080086	0.265751019930418	NA	NA	SYT6	Intergenic
chr1	115510584	115511028	44.5651890819394	-22.6654045031675	3.93246174114736	-5.7636681537185	NA	NA	LOC124904375	Intron
chr1	116172951	116173313	37.4460599190216	-23.199288507828	4.24768035109118	-5.46163707960472	NA	NA	LOC124904384	Intron
chr1	116921018	116921588	16.9686748992471	4.95954483352672	3.83696012427539	1.29257137757284	NA	NA	PTGFRN	Intron
chr1	118033829	118034167	18.4287613238011	-20.5452375743926	4.25142169943908	-4.83255697196618	NA	NA	WDR3	Intron
chr1	118386336	118387170	31.1692126706053	6.24531984681346	4.25146549958827	1.46898048388686	NA	NA	LOC105378930	Intergenic
chr1	118984275	118984701	71.7898542264502	0.920619252234186	3.11050543427302	0.29597095124489	0.76725226560178	1	TBX15	Intron
chr1	119214725	119215514	25.1734889698239	-6.18714937750117	3.91009396881651	-1.58235311653491	NA	NA	WARS2	Intron
chr1	145390044	145390407	0.869248188550794	-3.42321322914998	4.28046171834238	-0.799729901678838	0.423867304477338	NA	LOC105371288	Exon
chr1	146472955	146473489	40.9484747275092	-8.86066728141548	3.72633459818644	-2.37785068622873	NA	NA	HYDIN2	Promoter
chr1	147740236	147740830	21.4188285582174	-20.1038593220318	3.78112790745901	-5.31689480336621	NA	NA	GJA5	Intron
chr1	150319108	150319690	24.0967080645454	-0.619768374116145	3.91114716489552	-0.158462043995397	0.874092727234312	1	PRPF3	Promoter
chr1	150629267	150629781	101.234016421116	5.85061626988625	2.65650355564895	2.20237471824389	NA	NA	ENSA	Promoter
chr1	150991994	150992416	47.4208881077837	-8.72093181444109	4.08764203895666	-2.13348716236098	NA	NA	LOC105371438	Intron
chr1	152318854	152319170	44.7546197706652	-6.77918475850456	4.15318654841074	-1.6322851573086	NA	NA	FLG	Intron
chr1	152419669	152420114	54.9781914566842	3.15138921734573	4.08418496558708	0.771607859070783	NA	NA	CRNN	Intron
chr1	154675533	154676093	40.018040105969	-2.85119658306128	3.73831407208003	-0.762695837772361	NA	NA	LOC124904428	Intron
chr1	154831387	154831961	29.3714171249756	-9.22643903260828	3.73041142165318	-2.47330334103455	0.0133870460212894	0.0527900768789056	KCNN3	Intron
chr1	155281862	155282689	118.785925853643	-8.73660902611554	3.88962143470942	-2.24613350496106	NA	NA	FDPS	Exon
chr1	155688474	155689038	53.7822300657519	5.3126055959504	2.61901818128672	2.02847220913156	NA	NA	YY1AP1	Promoter
chr1	155859501	155860310	121.801401752657	1.18844865963922	2.45646712402677	0.483804015944268	0.628524964708865	0.977938676308283	SYT11	Promoter
chr1	156172161	156172742	43.2663171962295	-5.15044176938719	3.79494909267727	-1.35718336230794	NA	NA	SLC25A44	Intron
chr1	156978953	156979709	10.7636693768629	-17.4552123334846	4.13463291721808	-4.22170787176653	NA	NA	MIR765	Exon
chr1	157180328	157180744	50.0248284629963	-9.03878223350382	3.65194078597814	-2.47506264838926	0.0133212806107574	0.0527900768789056	LOC107985211	Intron
chr1	157389213	157390232	26.6899757877452	-1.90937050848368	3.35267623555758	-0.569506380673865	NA	NA	LOC101928202	Intergenic
chr1	157454546	157454907	29.2792512082003	-8.25733909907442	3.8102077792654	-2.16716241670852	0.0302224720015262	0.0754349697135798	FCRL5	Intergenic
chr1	157918376	157919495	105.772069556234	6.57175871760945	3.68922506400975	1.78133852057991	NA	NA	LOC105371458	Intergenic
chr1	157975768	157976704	8.25517589589305	0	4.40735632392314	0	1	1	LOC105371459	Promoter
chr1	158069531	158070036	69.7382446279008	1.54049343460649	2.85187394935828	0.540168837038933	0.589080601638976	0.930714504837987	KIRREL1-IT1	Intron
chr1	159049783	159050303	1.5487770804304	-3.66723621231891	4.27528099326212	-0.857776650961305	0.39101580508355	NA	PYDC5	Intron
chr1	160375361	160375918	20.0131023262527	6.04630441667735	2.84215535978757	2.12736590765723	NA	NA	NHLH1	Intergenic
chr1	160862975	160863410	33.2656788125767	-8.31408978754852	3.84622609466242	-2.16162273951767	NA	NA	CD244	Promoter
chr1	161235677	161235913	57.8746205584246	-6.49310611987019	3.02425604405844	-2.14700938851615	NA	NA	NR1I3	Promoter
chr1	161858875	161859146	17.4433676642546	-0.654251846146168	3.97044507282007	-0.164780480310605	0.869116768461277	1	ATF6	Intron
chr1	161968968	161969490	33.0284250274719	-7.40640105923214	3.5482509721408	-2.08733855563874	NA	NA	OLFML2B	Intron
chr1	162072919	162073344	8.4136652828749	-1.95157305726409	3.28664740699333	-0.593788385426295	NA	NA	NOS1AP	Intron
chr1	165961750	165962416	10.6308030932838	-18.0004237649483	4.27693507331375	-4.20872037016959	NA	NA	MIR3658	Intergenic
chr1	167211504	167212510	29.4128369003533	1.82059981928804	3.77535497848246	0.482232751533168	NA	NA	POU2F1-DT	Intron
chr1	167396960	167397407	64.6878555491897	7.84763675790558	3.34556840826781	2.34568115197165	NA	NA	LOC101928512	Intron
chr1	167429957	167430536	63.5341149011072	-1.2533346904307	3.19521949308031	-0.392253080936996	0.694871227310036	1	NA	NA
chr1	169242562	169242900	48.8882666864579	9.30461748391777	3.48199830190026	2.672206209532	0.00753543263489017	0.0475635659068218	NME7	Intron
chr1	169279897	169280132	43.813979095796	-1.77559251385038	3.00271586256504	-0.591328848655565	NA	NA	NA	NA
chr1	170420041	170420515	59.0182185025073	3.6410278900341	3.51074376317111	1.03711012128818	0.299684538754582	0.522067271250973	GORAB	Intergenic
chr1	170911666	170912164	14.033240426334	7.53159731667108	4.07658907431252	1.84752428546927	NA	NA	MROH9	Intron
chr1	171468650	171469187	1.48162236033814	1.51241714216111	4.147970891381	0.364616141666697	0.715397963896356	NA	PRRC2C	Intergenic
chr1	171883756	171884216	49.6160672098897	1.54964137015975	3.96097086060376	0.391227662281651	NA	NA	DNM3-IT1	Intron
chr1	172323322	172323944	35.9793910365434	-7.70999659396078	3.79706228441064	-2.03051622977459	NA	NA	C1orf105	Exon
chr1	172664002	172664684	8.76112182181947	-6.2317273747243	4.24920985189893	-1.46656145305212	NA	NA	FASLG	UTR
chr1	174240727	174241003	95.4757541437122	0.378671515531042	2.46582372183384	0.153567958722298	NA	NA	RABGAP1L-DT	Intron
chr1	174491206	174491952	16.0986556439331	-6.83719686404377	4.15444376889637	-1.64575506238229	NA	NA	GPR52	Intron
chr1	175373666	175373997	89.6142506850354	0.507791558989682	2.57367087397785	0.197302446137895	0.843590865230868	1	LOC105371623	Intron
chr1	175782477	175783022	15.3706271170461	-0.654259821400842	4.27195862778685	-0.153152190460185	0.878278259266674	1	TNR	Intergenic
chr1	178375133	178375872	2.01494560541462	0	4.40735632392529	0	1	NA	LOC105371629	Intron
chr1	178469355	178469762	75.665759362988	10.9021381586696	3.46743611970487	3.14414967783098	0.00166570217626902	0.0372618780973083	CLEC20A	Intron
chr1	178654497	178654941	11.4927631488763	5.54625538452436	4.2068206145915	1.31839597944514	NA	NA	MIR4424	Intergenic
chr1	179075699	179076451	23.3863012424968	-4.18613699900931	2.78554393979727	-1.50280774221568	0.132888628862102	0.242847455097018	TOR3A	UTR
chr1	179886637	179887235	28.4750399496546	4.62896572309799	3.89213254355331	1.18931348593591	NA	NA	TOR1AIP1	Intron
chr1	180103445	180103827	24.8826117855331	8.33318817690262	3.77865459352172	2.2053320753872	0.0274308006204033	0.0718132196017301	LOC105371636	Intron
chr1	180271265	180271823	82.7079278757778	-1.42690082272395	3.20395210493517	-0.445356477247597	NA	NA	LHX4-AS1	UTR
chr1	180893861	180894276	53.4009720193276	10.402400677591	3.96781716831235	2.6216935499615	0.0087494065318371	0.0487403174916465	LINC02816	Intron
chr1	182409432	182409809	95.9699255516746	-7.13552426036199	2.64829908146182	-2.69438006844124	0.00705197002877242	0.0475345008264353	RGSL1	Promoter
chr1	182637418	182638173	9.24305824888074	-7.56637849162832	4.24895171772932	-1.78076358459349	0.0749510807374716	0.146445298212418	LINC01686	Intergenic
chr1	182781694	182782200	39.9824963268333	-7.29750413692228	3.95511074346859	-1.8450821254432	NA	NA	NPL	Intron
chr1	183471113	183471548	75.2320342360865	1.13280162997639	2.9403164496699	0.385265208479027	NA	NA	SMG7	Promoter
chr1	184764481	184764740	51.3266944686359	-1.20148331203659	3.18826822522276	-0.376845116898107	NA	NA	EDEM3	Intergenic
chr1	185078361	185078574	34.2557415155467	1.00523342892205	3.54936589047683	0.283214934706831	NA	NA	RNF2	Intron
chr1	185254226	185254571	2.56959926344608	6.0278334943023	4.25559565242013	1.41644883269732	0.15664413508058	NA	LOC105371651	Intron
chr1	185681860	185682343	53.5731206070567	-2.24111366317468	3.61155526800832	-0.620539766628187	NA	NA	GS1-204I12.4	Intergenic
chr1	186759001	186759615	13.9734696124282	8.46221679073944	4.11972798648787	2.05407172961281	0.0399687497743949	0.0901958227354384	PLA2G4A	Intergenic
chr1	187024708	187025078	32.664347121816	-9.35979617104151	3.28205212372834	-2.85181216452132	0.0043470779686951	0.0440377898567808	LINC01037	Intergenic
chr1	187899625	187900034	28.0845853068032	-2.41637499722775	4.08639662663489	-0.591321699288307	NA	NA	LINC03121	Intergenic
chr1	189413957	189414551	4.87997595496888	-4.71752516585618	4.26070830165859	-1.10721617906106	0.268200474124683	NA	LOC105371657	Intron
chr1	190399552	190399932	29.7973649545718	-5.7148581652102	3.85018302569471	-1.4843081814738	NA	NA	BRINP3-DT	Intron
chr1	192597566	192598095	55.3340456813651	7.91932171983486	3.46787779885378	2.28362190918388	NA	NA	LOC107985241	Exon
chr1	193060498	193060926	33.1803123234176	-6.82203684035132	3.33961343796008	-2.04276242358109	NA	NA	UCHL5	Promoter
chr1	193559670	193560095	34.0607390860862	-20.5630436821865	4.12119611089857	-4.98958145374523	NA	NA	LOC124904475	Intron
chr1	193800448	193801251	51.7373048096637	-0.540277112462108	3.6384899404859	-0.14848937919283	0.881956567215699	1	LOC124904476	Intron
chr1	194046382	194047173	191.934890923985	-0.858504555650895	2.47976888405322	-0.346203455157344	0.729189818261254	1	NA	NA
chr1	194518015	194518318	70.9368769525329	-0.0555649255361093	3.75028129743486	-0.0148162020737258	NA	NA	NA	NA
chr1	194565257	194565621	43.0049706902678	10.0856584255049	3.71148362071634	2.71741962411202	0.00657931334175914	0.0475345008264353	NA	NA
chr1	194570150	194570612	37.4714642306691	-16.0841574098451	4.28781239472286	-3.75113366192055	NA	NA	LOC107985242	Intron
chr1	196393355	196393607	55.0081527020118	1.79237012471207	3.10731201950103	0.576823348753976	NA	NA	LINC01724	Intron
chr1	197910433	197910931	76.7770079117435	8.11984638959557	3.58618422194099	2.26420225149526	NA	NA	LHX9	Promoter
chr1	198039990	198040643	10.6729129644313	-4.09870909586379	4.12133088516168	-0.994511047540655	NA	NA	NEK7	Intergenic
chr1	198795644	198796300	90.4172400559133	1.62856475879554	3.20739614946933	0.507752919471762	NA	NA	MIR181B1	Intron
chr1	199994791	199995262	28.2586214548576	8.02842697548058	3.79461114486005	2.11574431977185	NA	NA	NR5A2	Intergenic
chr1	200164794	200165182	99.2955699611109	5.65729308989577	3.22882244188295	1.75212269851439	NA	NA	LOC107985244	Intron
chr1	200426050	200426604	6.2516143575863	-7.00209641813118	4.24985993276339	-1.64760639854269	0.0994334665676607	0.185715412507134	ZNF281	Intron
chr1	201197840	201198278	36.6932703292955	1.26926782333716	4.16108170548384	0.305033141181632	0.760340911367534	1	IGFN1	Intron
chr1	201277198	201277679	14.498381259886	-4.58737257244043	4.1302695002259	-1.1106714881897	NA	NA	PKP1	Intergenic
chr1	201394440	201394848	30.8259398136718	-6.14333092183845	4.14064953999006	-1.48366358043748	NA	NA	LOC101929343	Intron
chr1	201634814	201635471	25.3019464117609	-6.72605647816973	4.11076357648564	-1.63620610940607	NA	NA	MIR5191	Intron
chr1	203175209	203176258	75.4700038063133	8.06234353886411	2.67292033337436	3.01630521426203	0.00255875557749757	0.0372618780973083	MYBPH	Promoter
chr1	203338842	203339601	53.2898786175863	-17.9120914832951	4.27693230025892	-4.18806991221504	NA	NA	FMOD	Intergenic
chr1	205100581	205100931	73.2241816826497	-5.13418218740345	3.58039359509546	-1.43397144784205	NA	NA	TMEM81	Intron
chr1	205345181	205345621	46.5281510965287	-0.790801925160483	3.5213839752608	-0.224571342039436	NA	NA	KLHDC8A	Intron
chr1	205680853	205681289	22.3398523802544	2.20117311689232	3.99353475671519	0.551184164152074	NA	NA	SLC45A3	Promoter
chr1	205768621	205769525	2.69519519695621	-5.78830208816	4.25355982285767	-1.36081360771159	0.173572600494609	NA	RAB29	UTR
chr1	206007839	206008267	51.4611806387575	-3.66000066857112	3.17112998520049	-1.15416292793174	NA	NA	RAB7B	Intergenic
chr1	207396399	207396644	48.2429867613	-21.5228645513786	4.12533730520981	-5.21723751514762	NA	NA	LOC124904498	Intergenic
chr1	207820294	207820583	123.436014066105	8.09086814243294	3.38847885763506	2.38775818954935	NA	NA	LOC148696	Promoter
chr1	207972041	207972649	22.0947684375891	1.50879442951359	3.64483244530568	0.413954400416082	NA	NA	NA	NA
chr1	208014554	208015015	12.9006380739113	-5.80719196766161	4.25035188205255	-1.36628498741079	NA	NA	LINC02767	Intergenic
chr1	208424910	208425380	34.5256396264612	2.8274400138096	3.68177001727264	0.767956716618629	NA	NA	LOC124904501	Intron
chr1	208488593	208489121	54.0984874907357	8.41265391706431	3.56148381701965	2.3621204950762	NA	NA	LINC01735	Intergenic
chr1	208511865	208512518	39.2836998741554	-9.65080228539482	3.63696674245786	-2.65353052936437	0.00796545645985343	0.0480945474015377	NA	NA
chr1	208798905	208799329	32.2266001701158	0.407631054225619	3.40528054666553	0.119705571579051	0.904716386618419	1	LOC107985255	Intron
chr1	208963026	208963645	32.7445495158901	8.73375369825416	4.03063658910003	2.16684226056814	0.030246883832989	0.0754349697135798	NA	NA
chr1	208974950	208976125	115.024009240583	-4.5437675319304	3.00262756287966	-1.51326377873275	NA	NA	NA	NA
chr1	209015214	209015486	70.3206397637333	-0.26456179204031	3.0514923621873	-0.0866991493469355	NA	NA	NA	NA
chr1	209029808	209030214	12.0252802712706	1.42259419874013	4.0886356067208	0.347938612186839	NA	NA	NA	NA
chr1	209038765	209039122	89.3408500276574	8.00560511302464	3.77585067235399	2.1202123197403	NA	NA	LINC01774	Intergenic
chr1	209525828	209526408	15.6691488004966	21.4544994594152	4.24849895305418	5.04990108188491	NA	NA	LOC105372898	Intron
chr1	209959056	209960088	114.397895935809	-7.78554505749119	3.07385129972973	-2.53283073848619	0.0113145573338914	0.0511552465296046	SYT14	Intron
chr1	209988173	209988605	12.2511891180858	-7.74646770928978	4.24872901882351	-1.82324353352966	NA	NA	NA	NA
chr1	209996045	209996698	4.21850404296159	4.34438089415635	4.27444915395383	1.01636040988763	0.309457791128159	NA	NA	NA
chr1	210269855	210270774	19.9449870655256	-21.8091364010556	4.248106509379	-5.13384877542623	NA	NA	LINC02602	Intergenic
chr1	210547983	210548150	60.2940303985406	2.67368922384156	2.79915877650697	0.95517597868386	NA	NA	NA	NA
chr1	210717204	210717502	35.6290275022628	-1.070446865295	3.70032826984036	-0.289284297833711	NA	NA	LOC124904503	Intron
chr1	210897523	210897735	60.2350874032972	-0.55631308159035	2.87531725608504	-0.193478851912088	NA	NA	KCNH1-IT1	Intron
chr1	211503808	211504317	46.3385964306112	0.291137803573828	3.04518095481922	0.095606076582438	0.92383343889681	1	RD3	Intergenic
chr1	211539517	211539970	38.9756672926364	-8.67109109089796	3.53100845294965	-2.45569819682944	0.014061119127836	0.0539298890005892	LOC107985260	Intron
chr1	212208549	212208762	61.9462860928779	1.13818066704343	3.16964473358157	0.359087772514283	NA	NA	LINC02608	Intron
chr1	212634136	212634520	31.9646334074407	-3.57342035730028	4.09030192894004	-0.873632416232487	NA	NA	GARIN4	Intron
chr1	213647986	213648600	20.5579723354604	1.83448872669221	3.95178427160434	0.464217831897854	NA	NA	PROX1	Intron
chr1	214697920	214698438	59.3453243089567	-6.63762782212077	3.81680013348444	-1.73905564608675	NA	NA	CENPF	Intergenic
chr1	215832735	215833236	30.5644676282253	-18.726445759061	3.77994087981605	-4.95416366405506	NA	NA	LOC124904778	Intron
chr1	216371028	216371378	27.1131269459545	-9.11424291315584	4.05917924432577	-2.24534132753473	0.024746228864815	0.0691249247723067	USH2A	Intron
chr1	216815460	216816684	43.6522956239034	1.72142414120171	4.08292951582624	0.421614954294248	NA	NA	ESRRG	Intron
chr1	217436968	217437422	28.3116640627445	20.207392209914	4.24967688378518	4.75504203319931	NA	NA	NA	NA
chr1	217458087	217458568	38.0129866395211	1.02985012816057	3.49711675341931	0.294485486409236	NA	NA	NA	NA
chr1	217519375	217519656	40.560071140581	2.49702852370981	4.00617193680763	0.623295395978336	NA	NA	GPATCH2	Intron
chr1	217674887	217675126	51.1677208050553	7.80742548903403	3.63880077776953	2.14560399589112	NA	NA	SPATA17	Intron
chr1	217770318	217770844	89.4898069880855	-8.85928621103417	3.74764668569501	-2.36395982706977	NA	NA	SPATA17-AS1	Intron
chr1	218231783	218232655	44.9789674277079	-5.97879442891768	3.85741549381896	-1.54994825900865	NA	NA	RRP15	Intergenic
chr1	218824987	218825373	30.9813983080333	13.3784760980267	3.98994402964214	3.35304856374805	NA	NA	LOC105372924	Intergenic
chr1	220293390	220293895	39.7917813730717	6.27178642743927	3.87664694879535	1.61783791773667	NA	NA	RAB3GAP2	Intergenic
chr1	220375858	220376294	127.90094537968	-6.01679880816962	2.90388405324993	-2.0719831432098	NA	NA	NA	NA
chr1	220645712	220645938	49.71269982455	0.563131201978205	2.67477966647966	0.2105336783569	NA	NA	C1orf115	Intron
chr1	221325670	221326101	66.9658865217346	2.03907111452159	3.39906146526487	0.599892392461547	NA	NA	LINC02817	Intron
chr1	221517024	221517553	32.3753264363032	0	4.4073563238794	0	NA	NA	LOC105372934	Intron
chr1	221596185	221596528	42.0641786672168	22.4396799346816	3.97208648280384	5.64934324361481	NA	NA	LOC105372937	Intergenic
chr1	222058773	222059190	53.1186578367701	21.6789695161347	4.2478905367968	5.10346708050582	NA	NA	LINC02257	Exon
chr1	223688382	223688827	42.9708562860243	-8.79700591888084	3.05529136091698	-2.87926907116335	0.00398598095606299	0.042215161943758	CAPN2	Intergenic
chr1	223726974	223727210	52.1476719485633	1.13266191848291	2.56197942977286	0.442104220400915	NA	NA	NA	NA
chr1	224095991	224096252	47.3875696363294	-0.119607253687526	2.7223584486155	-0.0439351598788743	NA	NA	LOC105373056	Intergenic
chr1	224563370	224563680	37.7901795647659	1.26248194392533	3.0088548131012	0.419588854346913	NA	NA	CNIH3-AS2	Intron
chr1	225945856	225946305	79.5430571998809	0	4.4073563239225	0	1	1	LEFTY2	Intergenic
chr1	226020743	226020951	59.040698450165	-0.542722348017423	2.84280695063034	-0.190910729234387	NA	NA	SDE2	Intergenic
chr1	226215247	226215753	91.2700288674096	1.60465682290705	3.56595612806579	0.44999342820783	0.652715179199385	1	MIXL1	Intron
chr1	226308674	226309268	47.0125076013143	-8.5716547098843	3.89900099439443	-2.1984233197703	NA	NA	LIN9	Promoter
chr1	226790353	226791101	38.1036383471574	-8.93722943016502	3.68835645466885	-2.42309265387079	NA	NA	LOC124904530	Intergenic
chr1	227370088	227370553	11.451865123948	2.29744223146699	4.09226129008523	0.561411422343255	NA	NA	LINC01641	Intergenic
chr1	227624100	227624738	35.0503271349315	-22.9859640275732	4.13472758063731	-5.55924509639164	NA	NA	ZNF678	Intron
chr1	228105699	228106394	75.9346200713464	0.145872900046799	2.38434859879406	0.0611793510900955	NA	NA	C1orf35	Promoter
chr1	228180789	228181312	26.8718655994243	0.232838135086304	3.78643512702812	0.0614927041597179	NA	NA	LOC124904536	UTR
chr1	228206749	228207219	42.3393803292025	6.89591288397546	3.4525664996668	1.99732948942214	NA	NA	OBSCN	Promoter
chr1	228218109	228218470	60.8119473639435	-9.40577109272794	3.45772116727559	-2.72022255054735	NA	NA	OBSCN-AS1	UTR
chr1	228268383	228269155	13.012529661876	-1.28227732589013	4.08845763246932	-0.313633511989133	NA	NA	NA	NA
chr1	228315452	228315987	20.6071286515322	17.7406438262431	4.26385225035397	4.1607079196448	NA	NA	LOC124904535	Exon
chr1	229199090	229199918	224.30701953715	-0.171603566697586	2.56248580737964	-0.0669676164462606	0.946607483638257	1	LINC02815	Exon
chr1	229231669	229232639	51.295269122239	9.37609649600187	3.48619304227732	2.68949435166018	0.00715603580608793	0.0475345008264353	TMEM78	Intron
chr1	229342182	229342541	86.6823345569312	3.10638513175879	3.16693824420147	0.980879604282291	NA	NA	CCSAP	Promoter
chr1	229457096	229457487	28.1727582173521	20.2597382242324	4.07227598613098	4.97504056533283	NA	NA	ACTA1	Intron
chr1	230750304	230751163	31.4027360487103	5.39065175052776	4.07351655326651	1.32334106908318	NA	NA	CAPN9	Promoter
chr1	230764900	230765105	87.4573604134328	1.86328854770592	3.79521861475444	0.490956842502333	NA	NA	NA	NA
chr1	231107387	231107858	58.0979550464831	9.21755148816252	3.90661444743199	2.35947304557317	NA	NA	TRIM67	Intergenic
chr1	231308370	231309215	5.1811122039355	2.89720149897933	4.32125944565571	0.670453032365823	NA	NA	SPRTN	Intergenic
chr1	231751708	231752093	45.751097533164	0.307534670766165	3.42768452947489	0.0897208211904141	0.928509069752722	1	DISC2	Intron
chr1	232755600	232756105	27.0988228646727	-8.29680241055863	3.50755105687285	-2.36541172916115	NA	NA	LINC01744	Intron
chr1	233058248	233058593	35.5953855139614	8.59631733313685	3.2574264479579	2.63899046393694	NA	NA	NTPCR	UTR
chr1	233544754	233545072	35.5810538808859	-8.76657597895007	3.82557017818057	-2.29157369245267	NA	NA	KCNK1	Intergenic
chr1	233682061	233682539	11.9740724093243	3.01874125696231	3.97558176237082	0.759320632148715	NA	NA	LOC124904552	Intergenic
chr1	233757391	233757910	79.4452880491015	-7.89443603483725	3.40544759731672	-2.31817868554418	0.0204396119244282	0.0631195294412909	NA	NA
chr1	234659255	234659876	113.568012875626	-0.814683689148965	3.71024135075216	-0.219577006488758	NA	NA	LOC124904554	Promoter
chr1	234869308	234869892	41.0395313041456	-0.654269939523924	4.19537643350299	-0.155950234715322	0.876072248099275	1	LOC124904557	Exon
chr1	235309695	235310131	10.1750951582673	15.2197834217264	4.3452558832742	3.50262075020957	NA	NA	GGPS1	Intron
chr1	240245345	240246322	6.80326057980705	-0.493610729005395	4.09344969483318	-0.120585512417177	NA	NA	FMN2	UTR
chr1	240535172	240535626	18.3509625873228	-6.70979476444121	4.09581243344131	-1.63820850526684	NA	NA	GREM2	Intron
chr1	241370242	241370707	36.6626656713831	-0.457804057401012	3.69962762151425	-0.123743280199004	NA	NA	RGS7	Intergenic
chr1	242652096	242652645	95.3715104531097	6.20628175462131	3.25262707937478	1.90808279066971	NA	NA	PLD5	Intergenic
chr1	242903553	242903996	25.2768449588786	0.487244843570913	3.78025964177819	0.128891898901875	NA	NA	NA	NA
chr1	244673682	244673877	47.3850535723385	-0.159453863667615	2.71040575591466	-0.0588302556986733	NA	NA	DESI2	Intron
chr1	245214926	245216386	29.8755768133847	-3.02397598849957	3.91518120407157	-0.77237191099988	NA	NA	NA	NA
chr1	245312521	245313026	87.6021872576582	-3.99653755204708	3.55393891507008	-1.12453749137336	NA	NA	KIF26B-AS1	Intron
chr1	245448065	245449201	73.5751229724411	-6.04228533094585	3.36778052989177	-1.79414462353342	NA	NA	LOC124904571	Intron
chr1	245503069	245503680	20.2858270556924	20.6985456896492	4.24900221445258	4.87138971574197	NA	NA	NA	NA
chr1	245519372	245519880	48.9821194033181	0	4.40735632388686	0	NA	NA	NA	NA
chr1	246678069	246678561	38.5548370227619	4.31369234349627	3.49644377900604	1.23373708148756	NA	NA	LOC102724382	Intergenic
chr1	246825624	246826048	21.6319575894907	-3.66355255618471	3.58912284459581	-1.02073757706593	NA	NA	LINC01341	Intron
chr1	247331996	247332834	16.2702378357217	2.53501907079728	3.6562722010873	0.693334339287819	NA	NA	LOC107985375	Promoter
chr1	247787465	247787902	27.2430644969139	-8.15977792619255	3.67628997021869	-2.21956863911558	0.02644806307359	0.0707327241371613	OR9H1	Intergenic
chr1	247881238	247881884	21.9905865601801	-0.0550843650641062	4.08419213844317	-0.0134872119618504	NA	NA	OR2W3	Intergenic
chr1	248301394	248301842	60.6475979808792	7.81715537225145	3.20869322049444	2.43624268045385	NA	NA	OR2T12	Promoter
chr1	248622469	248623017	18.8816561834688	-7.81132264268797	3.86934312174753	-2.01877228173037	NA	NA	OR2T29	Intron
chr1	248830433	248831309	123.614550181708	-1.26342957937122	3.1819167943264	-0.397065561746936	NA	NA	MIR3124	Intergenic
chr1_KI270706v1_random	29712	30236	11.0568780598371	-1.99237612494948	3.46943613502777	-0.574265110354461	NA	NA	LOC124905319	Intron
chr10	5296052	5296736	21.2769047239029	-18.0391923857228	4.27528198170666	-4.21941580997699	NA	NA	LINC02561	Intergenic
chr10	5373881	5374095	58.201743600867	-0.65426906197969	3.86262241727668	-0.169384679965944	0.86549407300483	1	UCN3	Exon
chr10	6603325	6603547	45.1485923183705	2.14398833829137	3.27571877547763	0.654509280326958	NA	NA	LINC02648	Intron
chr10	9183252	9183481	43.9885541766189	-7.57502239905796	3.91814033385717	-1.93332084958805	NA	NA	LINC00709	Intergenic
chr10	9584466	9585238	4.47238561320792	-6.37041503170021	4.25140081556261	-1.49842729680551	NA	NA	LOC124902542	Intron
chr10	10360546	10360991	31.8629574753108	-0.765237773701845	3.8324418911005	-0.199673679457173	0.841735799973822	1	CELF2-DT	Intron
chr10	11275577	11276325	13.4699003393724	3.84374424345939	4.10300447425326	0.936812101370896	NA	NA	LOC124902375	Intron
chr10	11705124	11705631	24.1177823725321	-0.447226201314341	3.70099933608383	-0.120839308711567	NA	NA	LOC105376413	Exon
chr10	15185115	15185679	33.2544047167302	22.0927300360312	4.04000215793665	5.46849461271441	NA	NA	NMT2	Intron
chr10	15282624	15282947	61.4155925500133	2.50442187945245	3.35338200468339	0.746834651093951	NA	NA	FAM171A1-AS1	Intron
chr10	17552318	17552940	42.3844180589633	2.03937486606603	3.60885331528565	0.565103285696888	0.572003513789088	0.911294486925522	HACD1	Intergenic
chr10	18023848	18024066	44.5673378293607	-4.49196473851006	3.30959021780556	-1.35725707501289	NA	NA	SLC39A12-AS1	Intron
chr10	23227161	23227516	36.3168479671988	5.00590427931273	2.83932309759078	1.76306257063887	NA	NA	PTF1A	Intron
chr10	23475296	23475798	29.8094244842276	-1.05127080565996	3.25912155017409	-0.322562625994667	NA	NA	OTUD1	Intron
chr10	24515466	24515843	64.2992238646073	-6.9615517317735	3.42197697501844	-2.03436545090604	NA	NA	LOC105376455	Intron
chr10	25235770	25236099	38.9100459185232	7.57090342750328	3.24357395264335	2.33412388249492	NA	NA	GPR158-AS1	Intron
chr10	30923857	30924267	8.9675166516449	0	4.40735632388089	0	NA	NA	LOC124902405	Intron
chr10	33814790	33815001	34.1041728371488	2.87555781020738	3.82964876329246	0.750867243432313	NA	NA	LINC00838	Intergenic
chr10	35115687	35116336	55.2908692287501	-0.541642413546523	3.39341088536353	-0.159615923872566	0.873183634376151	1	CREM	Intron
chr10	38401636	38402033	58.9310858731279	0.340341294241659	3.91869298768999	0.0868507166319975	NA	NA	HSD17B7P2	Exon
chr10	43297886	43298241	64.2102211916371	-1.40571431497812	3.76463818815548	-0.373399579115162	NA	NA	LOC105378271	Intergenic
chr10	48854157	48854626	127.386148333782	8.9392189212072	3.27462289591902	2.72984682674382	NA	NA	LOC105378299	Intron
chr10	54135472	54135868	17.4486939271248	13.3909967767669	4.291754930862	3.1201680879941	NA	NA	LOC105378311	Intron
chr10	56775246	56775501	48.1939678243467	-5.22482749687547	4.14981564512768	-1.25905050818582	NA	NA	LOC124900300	Intron
chr10	58073212	58073404	55.0219971044031	1.42167176002247	2.61272048043359	0.544134656067971	NA	NA	IPMK	Intergenic
chr10	60516032	60516678	13.0951815520447	20.6751805629021	4.249329594339	4.86551586641945	NA	NA	ANK3	Intron
chr10	61362417	61362795	47.2560906341415	0.307535468427038	3.40126142592264	0.0904180625703049	0.927955003627903	1	TMEM26-AS1	Intron
chr10	65017163	65017473	6.89484406121847	6.92294810220714	4.25164115347891	1.62830019098447	NA	NA	LINC02671	Promoter
chr10	65574433	65575119	68.5145787613274	6.95349278814817	3.38154639313297	2.05630560097264	NA	NA	LINC01515	Intron
chr10	67728172	67728582	1.60121078908646	-3.25112446568578	4.28467463922316	-0.758779776630888	0.447984305189956	NA	CTNNA3	Intron
chr10	68407775	68408247	86.4124169327934	-7.91715540527529	3.45398952260982	-2.29217701832897	NA	NA	RUFY2	Promoter
chr10	70291018	70291847	40.1389897429812	-0.577778253442451	3.28604586105336	-0.175827811866643	0.860429219303911	1	NPFFR1	Intergenic
chr10	70762755	70763482	33.8386087724069	7.83015053361734	4.24851333175673	1.84303306172741	NA	NA	TBATA	Intergenic
chr10	74289890	74290533	15.2668708031267	8.58951114495216	3.74797015167923	2.29177682781271	0.0219185244699195	0.0652653827666613	ADK	Intron
chr10	77715647	77716436	22.4902711276796	16.187526905528	4.0199544235006	4.02679363997163	NA	NA	LOC105378372	Intergenic
chr10	80078664	80078932	44.0428921390127	0.874035774084684	2.85254330661655	0.306405786042699	NA	NA	TMEM254	Promoter
chr10	81206513	81206903	39.2997458687724	0.982587927172795	4.08270566591712	0.240670772663224	NA	NA	LINC02655	Intergenic
chr10	81381866	81382226	71.124064237942	1.07989838849935	3.41864175219755	0.315885216052598	0.75208963370453	1	NRG3	Intergenic
chr10	82840877	82841437	31.918458936078	21.3401132295357	4.24835527683572	5.02314703901844	NA	NA	LOC105378392	Intron
chr10	83119138	83119684	81.1515730341729	-8.37016092189951	3.3377577562073	-2.50771971283216	0.0121513011417767	0.0523094634955363	NA	NA
chr10	83622995	83623753	27.4975267195539	9.26908459371075	3.57559964533258	2.59231611844748	0.00953321288295808	0.0492306709468289	LOC105378394	Intergenic
chr10	83837556	83838112	17.9228850062912	-22.5317519711005	4.24807963221588	-5.30398531144	NA	NA	LOC107984181	Intergenic
chr10	84100959	84101780	44.1243177847529	22.6554309122974	4.24760704782167	5.33369274917179	NA	NA	GHITM	Intergenic
chr10	84917132	84917520	55.9334384879252	1.41699371780632	3.98073125419578	0.35596317041317	NA	NA	LOC107984249	Intergenic
chr10	85460671	85461232	56.3754509168793	3.87386913219265	3.31546662777338	1.16842350326846	NA	NA	LINC01520	Intron
chr10	86339294	86339903	20.6886288031156	-7.52518464118838	4.17073416672433	-1.80428297282217	NA	NA	GRID1	Intron
chr10	86644101	86644623	4.38392110144455	6.16297798475208	4.25483088198382	1.44846602736854	0.147486760480743	NA	LDB3	Intergenic
chr10	92414567	92414867	74.1190424033654	7.43819302185367	3.18423307991794	2.33594489950006	NA	NA	LOC124902484	Intergenic
chr10	94213231	94213710	50.4256783258925	-6.63403095960645	3.55295285680942	-1.86718800585603	NA	NA	PLCE1-AS1	Intron
chr10	95655369	95655982	14.1012264099417	0.307531598871646	3.97957156340878	0.0772775646753852	0.938402738321955	1	ALDH18A1	Promoter
chr10	97688880	97689415	36.5437958908541	-0.601302521970332	4.08285314893432	-0.147275079469189	NA	NA	AVPI1	Promoter
chr10	98675714	98676227	51.5944822289794	-3.39521155301709	3.5156226370522	-0.965749713076125	NA	NA	HPS1	Intron
chr10	98707949	98708249	6.22909230925022	5.56108103872441	4.25311163127799	1.30753234827589	NA	NA	MIR6507	Intron
chr10	102103159	102103855	32.9120213816626	21.640447071378	4.24796344379976	5.09431104049729	NA	NA	PPRC1	Intergenic
chr10	102419308	102419699	88.6619703657506	5.49670639756388	2.72688759374498	2.01574366694556	NA	NA	FBXL15	Promoter
chr10	103691450	103692183	92.8441018679137	9.09829646293739	3.67037136461341	2.47884902074362	NA	NA	SH3PXD2A-AS1	Intron
chr10	103833339	103833657	4.25214372274153	3.08056455567047	4.12675558354358	0.746485827257362	NA	NA	SH3PXD2A	Intron
chr10	109528022	109528891	14.400327701689	-0.0242705701095186	4.08619868792625	-0.00593964512328594	NA	NA	XPNPEP1	Exon
chr10	110998581	110998914	53.5129699970733	-4.63336510167153	3.58942656862392	-1.2908371331992	NA	NA	MIR548E	Intron
chr10	112841081	112842497	155.732694879704	22.3184211772716	3.51633072882495	6.34707679636542	NA	NA	LOC103344931	Intergenic
chr10	118204151	118205084	69.8301172022666	7.8528452301055	3.72187860559436	2.10991439062571	NA	NA	LINC02944	Exon
chr10	120553328	120553820	12.146174858869	0.0627465006768265	4.08725621732181	0.0153517414472101	NA	NA	LINC01561	Intron
chr10	121306249	121306665	37.4546599162404	-5.99958770079395	3.89666033735495	-1.53967428037786	NA	NA	LOC105378523	Intron
chr10	121464729	121466174	99.9428724437726	2.29052421212302	3.32132332979383	0.6896420446561	NA	NA	FGFR2	Intergenic
chr10	122286998	122287574	17.95724607144	7.71755377710406	4.13909267569583	1.86455206050844	NA	NA	BTBD16	Intron
chr10	122445095	122445578	21.1171486523356	-4.58048503983134	3.88172146337255	-1.1800138374307	NA	NA	ARMS2	Intron
chr10	125425363	125425600	45.1623213854573	-0.927016881689119	3.14265604400734	-0.294978791413342	NA	NA	LOC105378543	Intergenic
chr10	126671860	126672437	20.5308605687187	13.8843673602664	4.40735632387951	3.15027112399319	NA	NA	LOC124902523	Intron
chr10	127426919	127427121	102.174511236765	-0.182449286911536	3.05905671702109	-0.0596423354612416	NA	NA	LOC105378551	Intron
chr10	131944786	131945193	65.3526389320481	21.8472006716852	4.14571756635887	5.26982369685962	NA	NA	BNIP3	Intron
chr10	132735074	132735355	30.3903906632565	7.51141974503101	4.12207360973055	1.82224299131864	NA	NA	NKX6-2	Intron
chr11	215761	216213	64.0048230870812	-0.793981735347332	3.14819411691209	-0.252202280374664	0.800884715552799	1	MIR6743	UTR
chr11	345337	345837	21.7536967075753	1.19223641546167	4.08472504184773	0.29187678564586	NA	NA	IFITM3	Intergenic
chr11	372145	372523	62.0589713499341	-0.805681770072341	3.48964787672439	-0.230877669763233	NA	NA	B4GALNT4	Promoter
chr11	537379	537675	132.985198258776	0.789149523445985	3.14747481407197	0.250724650732007	0.80202700077402	1	MIR210	UTR
chr11	695133	696019	134.71324235403	-5.90831408482887	1.855514150001	-3.18419241633145	0.00145158487006549	0.0372618780973083	NA	NA
chr11	707047	707492	55.1977640042798	-6.86879331665228	3.83876428243176	-1.78932406662414	NA	NA	TMEM80	UTR
chr11	719014	719600	29.4364775756023	-5.88619420095314	3.15593488599897	-1.86511902608217	NA	NA	LOC105376509	Intron
chr11	1026682	1028038	108.39404060608	0.916038222926032	3.4870056283808	0.262700528920969	NA	NA	LOC124902605	Exon
chr11	1545219	1545859	22.8962470649537	1.25352081491773	3.44367895271113	0.364006294469135	0.715853309059692	1	LOC124902607	Intergenic
chr11	2370054	2370452	36.5895598973155	1.04083321856933	4.00685735494912	0.259762982898238	NA	NA	LOC105376520	Intron
chr11	2433893	2434605	20.0700419775941	-8.30567286925152	4.24819074908497	-1.95510827074808	NA	NA	TRPM5	Intron
chr11	2498472	2499069	26.5368038679073	5.4530261847949	4.079136032769	1.336809103935	NA	NA	LOC124902613	Intron
chr11	3000668	3001290	21.1812074295247	4.73349148493294	2.84993585447435	1.6609115877122	NA	NA	NA	NA
chr11	3099737	3100200	27.080369946426	19.8249806318807	4.25030378261956	4.66436792422919	NA	NA	LOC124902615	UTR
chr11	3681640	3682797	11.6300588752939	-6.52803791627473	4.25095109992248	-1.5356652576864	NA	NA	CHRNA10	Intron
chr11	6586341	6587052	30.5350856484143	-7.27140470475689	3.80262190350348	-1.91220817879829	NA	NA	RRP8	Intron
chr11	7505025	7505753	17.9251732104277	-6.26211951888995	3.85201306892187	-1.62567452572082	NA	NA	PPFIBP2	Intron
chr11	8749667	8750333	13.3865849398014	-3.35793379058647	4.10130580661759	-0.81874747919756	NA	NA	DENND2B-AS1	Intron
chr11	9401909	9402472	38.0170925547842	6.9688160248225	3.27497508830626	2.12789894179824	NA	NA	IPO7	Intron
chr11	9460815	9461416	48.5980952811963	-5.40217349253358	2.26173418537043	-2.38850945768802	NA	NA	ZNF143-AS1	Promoter
chr11	9977223	9977480	46.0113390953007	-0.133148796188954	3.13369018696065	-0.0424894575548626	NA	NA	NA	NA
chr11	10056462	10056738	36.2073610582227	-0.737910037024181	4.082940833819	-0.180730034320378	NA	NA	LOC101928008	Intron
chr11	10382876	10383696	42.1880741102342	1.26927427255353	3.73024062646451	0.340266057784197	0.73365617570645	1	AMPD3	Intron
chr11	10407308	10408386	34.4258319573736	1.95083433866482	4.01400953268378	0.486006404015808	NA	NA	NA	NA
chr11	10836904	10837279	59.7741983979737	-23.2448659945411	3.87934211837304	-5.99196082357639	NA	NA	ZBED5-AS1	Exon
chr11	11378783	11379672	34.2232064545465	-6.22000550980567	3.92534646047069	-1.58457490885017	NA	NA	CSNK2A3	Exon
chr11	12084910	12085487	9.35878887125719	-7.57157114488304	3.92560495365218	-1.92876543469787	0.053759988727687	0.110850242243815	LINC02989	Promoter
chr11	12757571	12758051	25.5909228747025	3.24966358507202	4.08891886660597	0.79474885442504	NA	NA	TEAD1	Intron
chr11	13362006	13362487	35.8720102664835	1.14698908428987	3.87243280817725	0.29619341150809	0.767082380079867	1	BMAL1	Intron
chr11	13997943	13998742	4.04637027935249	-5.2543871637412	4.25647027397569	-1.23444704779611	0.217036366775643	NA	SPON1	Intron
chr11	15123066	15123926	12.7922564074086	-21.8481079224168	4.24870734221197	-5.1422953295348	NA	NA	INSC	Intron
chr11	15141810	15142317	33.510531143937	8.75656140838425	3.25813147104789	2.68760223035688	0.00719670689448576	0.0475345008264353	NA	NA
chr11	15402627	15403192	43.7497947843278	-4.58101984282932	3.59679158059288	-1.27364061558279	NA	NA	LINC02751	Intergenic
chr11	17401081	17401612	60.080908406972	0.410744356461231	3.52209859826678	0.116619210110517	NA	NA	KCNJ11	Intron
chr11	17541651	17542173	137.299635921292	-6.49787773144467	3.87079519161599	-1.67869324254584	NA	NA	USH1C	Promoter
chr11	17592086	17592742	50.0050997736689	7.55537788581222	3.35664820901112	2.25086974128816	NA	NA	OTOG	Intron
chr11	17630128	17630719	86.8454593203783	-6.36103172788392	2.83844960172787	-2.24102331216722	NA	NA	NA	NA
chr11	17691818	17692379	36.9930631314627	-0.849084733464012	3.46532070400947	-0.245023420915011	NA	NA	LINC02729	Exon
chr11	18526159	18526881	9.43852992553611	1.78060085365037	2.87244820981767	0.619889628493386	0.535330454483529	0.869212514945382	TSG101	Promoter
chr11	19045888	19046269	65.3728086527013	7.76634063930117	3.41580640928704	2.27364777412025	NA	NA	MRGPRX2	Intergenic
chr11	20125783	20126106	48.2284058616804	-2.17717332996234	3.10680707886612	-0.700775192889331	NA	NA	DBX1	Intergenic
chr11	20820675	20821336	1.03606243519293	-3.25111588527486	4.28467486194801	-0.758777734606624	0.447985526931882	NA	NELL1	Intron
chr11	21272797	21274060	8.48608246075633	-6.34832023391086	4.25146786877538	-1.49320668292842	NA	NA	NELL1-AS1	Intron
chr11	22548304	22548791	11.345582365429	-21.8637444912001	4.24871616539724	-5.14596495507622	NA	NA	LINC01495	Intron
chr11	22806357	22807524	33.7762215387897	9.73597732368413	3.71557988630189	2.6203116664447	0.00878494389026006	0.0487403174916465	LINC02718	Intron
chr11	23100118	23101028	48.1200625925407	-3.75899803074278	3.13072009261278	-1.20068160664139	NA	NA	CCDC179	Intergenic
chr11	23331454	23332122	28.9334356826356	-22.8891133986186	4.24784494732035	-5.3884060464725	NA	NA	MIR8054	Intergenic
chr11	23718978	23719403	32.2993379512322	6.47966918498448	3.80808112438546	1.70155754915283	NA	NA	LINC02726	Intergenic
chr11	24875222	24875567	15.4294421405364	6.62657612579382	4.19886112173834	1.57818416319766	NA	NA	LUZP2	Intron
chr11	25647817	25648426	45.2690359100975	6.57176231683136	4.250569289494	1.54608991625535	NA	NA	LINC02699	Intergenic
chr11	26222154	26222733	34.9558268511804	6.56052107008918	3.82359399782592	1.71579960472254	NA	NA	ANO3	Intron
chr11	26402079	26402678	16.2950968047938	8.69231970545238	4.24838754129068	2.04602796260239	0.0407536196040001	0.0914669654940767	LOC105376598	Intron
chr11	26703829	26704132	96.8660762192069	2.00438250410711	3.30908874844009	0.605720383006344	NA	NA	SLC5A12	UTR
chr11	28141122	28141649	6.30192280684799	-7.0136928338836	4.2498374736244	-1.65034377841798	0.0988726430589091	0.185038761708641	METTL15	Intron
chr11	28842845	28843413	18.3200852080671	-20.9913719855172	4.2502552637446	-4.93884971205782	NA	NA	LINC02742	Exon
chr11	29524696	29525379	44.4647550987599	-4.55004282218371	3.1677097370609	-1.43638249709249	NA	NA	LINC02546	Intron
chr11	30662007	30662663	29.7274775406712	-8.27240627907604	3.51518895173428	-2.35333189557128	0.0186060186223403	0.0605663766893987	LOC101928338	Intron
chr11	30833768	30834160	13.7589713954631	0.686041628730945	4.08660228500279	0.167875800209042	NA	NA	LOC105376611	Intron
chr11	31524387	31524787	46.5728716123903	0.448859986030562	3.70078433834556	0.121287798745718	NA	NA	ELP4	Intron
chr11	32506196	32506639	30.6149464549294	-1.51480268023363	3.95825945049545	-0.382694135939984	NA	NA	WT1	Intergenic
chr11	33512448	33512852	117.719999669419	7.87229131998394	3.0323958524063	2.59606321309832	NA	NA	KIAA1549L	Intron
chr11	33847255	33847584	43.5796064801904	16.4537882431532	3.77859950516988	4.35446736830434	NA	NA	LINC02721	Intergenic
chr11	34163009	34163847	73.7669370547695	6.9024351764028	3.09582418914291	2.2295953370381	0.0257743197019318	0.0698304243087222	NAT10	Intron
chr11	34284067	34284434	65.3605148476555	-15.2852000148764	4.40735632387839	-3.46811078833439	NA	NA	ABTB2	Intron
chr11	34505806	34506626	3.27387125707794	-6.06961480022558	4.25240795380234	-1.42733596262757	0.153483079394765	NA	ELF5	Intron
chr11	35316942	35317261	35.4101314303764	-1.50244937894552	3.56616884912234	-0.421306293255094	NA	NA	SLC1A2-AS1	Exon
chr11	36873267	36873467	33.543594313614	2.01402117899066	3.23796512032856	0.622002122983429	NA	NA	LOC107984326	Intergenic
chr11	39453809	39454261	24.0749870442063	-7.10828814740786	3.6317823449966	-1.95724508579121	NA	NA	LOC105376636	Intergenic
chr11	39687236	39687693	15.9322794570908	0	4.4073563238794	0	NA	NA	LOC107984362	Intron
chr11	39965907	39966371	42.7587706257082	0	4.40735632387853	0	NA	NA	LOC105376637	Intron
chr11	40424206	40424682	67.2195453454018	5.30614548729328	2.91688848240319	1.81911153590679	NA	NA	NA	NA
chr11	40483216	40483680	32.7608767294167	-9.34909457623844	3.08328658036529	-3.03218475887856	NA	NA	NA	NA
chr11	41055532	41055885	15.8886380783697	-8.33172315937053	3.79445612131072	-2.19576215747423	0.0281089715812615	0.0723689544578335	NA	NA
chr11	41399570	41399939	43.5558882508994	10.1046074872111	4.02887259029176	2.5080484082718	0.0121400034431094	0.0523094634955363	LRRC4C	Intron
chr11	41500814	41501140	25.5526538582414	2.17903575428922	4.08548302948676	0.533360618208948	NA	NA	NA	NA
chr11	41822577	41823197	2.75559267309123	-5.12874903529038	4.25732601533046	-1.20468787610391	0.228323818122744	NA	LOC105376639	Intron
chr11	42999489	43000032	18.0593275181428	16.4627784493094	3.79822388123632	4.33433598546877	NA	NA	HNRNPKP3	Intergenic
chr11	43556869	43557237	105.20809209436	0.968344550707901	2.39369120162771	0.404540297449156	NA	NA	HSD17B12	Promoter
chr11	44011677	44012225	21.178887552573	17.413140049265	4.26441038330972	4.08336404897086	NA	NA	ACCS	Intergenic
chr11	44504170	44504602	48.8504957446439	-6.67055098498903	3.78965605277702	-1.76019957803319	NA	NA	LOC105376646	Intergenic
chr11	44792275	44792915	85.1282330831253	-4.16256154757595	2.9643429413902	-1.40421052148029	NA	NA	TSPAN18-AS1	Intron
chr11	44941534	44942262	130.554600925967	1.27319630938952	3.38711125636156	0.375894446041075	NA	NA	TP53I11	Intron
chr11	45138318	45138559	63.188310975262	-2.0934060513455	2.94584507448078	-0.710630056373374	NA	NA	LOC105376652	Intron
chr11	45220193	45220787	82.3104622692914	11.0286769788295	4.24730362340618	2.59663022865902	0.00941432107036208	0.0492306709468289	SYT13	Intron
chr11	45549837	45550743	108.866538138822	11.4287884053472	3.48353542682466	3.2808015435528	NA	NA	LOC105376654	Intergenic
chr11	46323330	46323954	48.3072811844822	7.79787831909044	2.57248542724187	3.03126238792772	0.00243533515170435	0.0372618780973083	NA	NA
chr11	46346719	46347273	8.82052226049021	16.7736499664818	3.90905579361205	4.29097225828609	NA	NA	DGKZ	Intron
chr11	46421881	46422202	60.921738011471	1.85347915580674	3.92593448896189	0.472111585411819	NA	NA	MIR3160-2	Intron
chr11	46686253	46686841	119.129257860489	0.761132034032649	2.51480521037232	0.302660433059927	NA	NA	ARHGAP1	Exon
chr11	47834198	47834445	10.4988756494684	-5.57732674047055	3.57313076101595	-1.56090753837533	NA	NA	NUP160	Intron
chr11	48062038	48062819	14.1313059909251	0	4.40735632388085	0	NA	NA	MIR3161	Intron
chr11	48438001	48438304	8.63673130495502	-2.14257843665302	4.07517379664692	-0.525763695873769	NA	NA	NA	NA
chr11	48621380	48621919	7.20439996959058	3.82962454687115	4.28613297883186	0.893491771203718	NA	NA	OR4A47	Intergenic
chr11	48878055	48878478	34.7822998988354	3.35760114608214	4.04334947337378	0.830400925814743	NA	NA	TRIM51G	Intergenic
chr11	49282771	49282962	1.61000304915441	-5.04489831976254	4.25793992479197	-1.18482139458767	0.236088071678019	NA	FOLH1	Intron
chr11	54599163	54599674	28.9157037769703	22.2398695582136	4.24781244022749	5.23560535479353	NA	NA	OR4C46	Intergenic
chr11	54724244	54724485	40.7900186150039	2.1439151635964	3.28662404031621	0.652315305096514	NA	NA	OR4A5	Intergenic
chr11	56120414	56120610	84.2968545750445	0.359852007633358	3.10320667513819	0.115961341059352	NA	NA	OR8H3	Promoter
chr11	56241567	56242267	168.986772112677	7.95581367839219	2.93965911642103	2.70637286954489	NA	NA	OR5J2	Intergenic
chr11	57518762	57519284	36.0681218127839	8.13455050755336	4.12886484022805	1.97016633441168	NA	NA	SLC43A1	Promoter
chr11	58241919	58242406	20.4862965630338	9.00890583295086	3.74772158704466	2.40383540338038	0.0162240763663721	0.0583816184303428	OR10Q1	Exon
chr11	58646464	58646878	31.5030053543039	0	3.89413382453275	0	NA	NA	CNTF	Intron
chr11	58994294	58994886	32.9095023698861	7.69326156850526	3.21864838548764	2.39021497445727	NA	NA	GLYATL2	Intron
chr11	59218750	59219261	31.3421001297973	-9.20502029044451	3.47937602871864	-2.64559513385923	NA	NA	MPEG1	Intron
chr11	59244283	59244938	38.362802539288	-4.7077704245213	3.84627909296721	-1.2239804524662	NA	NA	NA	NA
chr11	61151088	61151873	45.2695114649444	1.99646526480469	4.08308434198298	0.488960084482382	NA	NA	VPS37C	Intron
chr11	61441964	61442232	47.3287837074847	1.88345229914888	3.27570405177498	0.574976331615889	NA	NA	SAXO4	Intron
chr11	61780009	61780268	59.4441533912145	-1.61307745891107	3.1999780301568	-0.504090166779061	0.614198016588278	0.960602614251225	MIR611	Exon
chr11	62165245	62165662	26.9675942841593	7.96335627675749	3.81231780115189	2.08884901315189	NA	NA	SCGB1D1	Intergenic
chr11	62539463	62540485	44.2135026047597	9.25872520466381	3.66496796432813	2.52627725392987	NA	NA	AHNAK	Intron
chr11	63124978	63125381	10.1873249438625	-2.27294031257853	3.70387233886905	-0.613665943268593	0.53943609777545	0.87435555326386	SLC22A24	Intron
chr11	64109479	64109899	47.6597618257374	0	4.14948872554733	0	1	1	LOC105369339	Intron
chr11	64916580	64917250	18.2879719417027	0.595638832694807	3.02064221235503	0.197189468603241	NA	NA	ATG2A	Promoter
chr11	65013739	65014016	19.9371460108067	1.32661472318881	3.01906454396604	0.439412508036703	NA	NA	ARL2	Promoter
chr11	65320815	65322011	71.4167389275181	-8.39716073081602	3.87585950603943	-2.16652866744304	NA	NA	LOC105369344	UTR
chr11	66267543	66268512	48.32774693791	0.8630436718172	2.91859032574846	0.295705657694825	NA	NA	KLC2-AS2	Promoter
chr11	66294853	66295287	87.2948988662388	-8.33333630767058	3.34104890731704	-2.49422757308946	NA	NA	TMEM151A	Promoter
chr11	66435070	66435794	30.4692928572194	21.7201567321283	4.24806638451856	5.1129513444715	NA	NA	LOC124900311	Promoter
chr11	67995179	67995635	43.4965184552674	7.21167116716113	3.48465404387292	2.06955154697249	NA	NA	UNC93B1	Exon
chr11	68631481	68632316	22.3181532817875	7.51515048878131	4.24861238325876	1.76884822875205	NA	NA	GAL	Intergenic
chr11	69177220	69178039	165.652861437373	1.07451666112557	3.0109315610993	0.356871831631157	0.721187758093566	1	LOC338694	Exon
chr11	69536036	69536888	5.45563818490666	-6.78128653125701	4.25032387645366	-1.59547524573942	0.11060600126096	0.204533319792093	LINC01488	Intron
chr11	69860502	69861339	112.637181192527	0.84467242571842	3.38674198017804	0.249405602984263	NA	NA	FGF3	Intergenic
chr11	70448982	70449208	126.322752594588	5.84981820620114	3.35258368718865	1.74486866011884	NA	NA	NA	NA
chr11	70492043	70492597	47.9631691916914	-16.604971348606	4.27422267375187	-3.88491022018521	NA	NA	NA	NA
chr11	70684797	70685287	38.9922213478826	-1.59468048538781	3.74801177769046	-0.425473712457344	NA	NA	NA	NA
chr11	70736581	70736779	96.2620072813109	-16.7217677130448	3.50465229266506	-4.77130577205677	NA	NA	SHANK2-AS1	Intron
chr11	70739065	70740413	17.2436454983053	3.69126048541749	4.09658776374268	0.901057342915345	NA	NA	NA	NA
chr11	70882551	70883077	95.2258563214601	0.401507435214874	3.04439027071393	0.131884351056187	0.895075766549674	1	MIR3664	Intron
chr11	71866521	71866967	43.6781603333828	-5.92660125166632	3.60028682909003	-1.6461469691192	NA	NA	DEFB131B	Intron
chr11	71923589	71924091	63.7626310071477	1.96531350853816	3.70449872526324	0.530520767934265	NA	NA	XNDC1N	Intron
chr11	72095471	72096202	23.0606314024311	21.091492137658	4.16146790638886	5.0682818207675	NA	NA	LAMTOR1	UTR
chr11	72137013	72137382	77.0880995624956	-0.764641304872899	3.12227215885985	-0.244898992134023	NA	NA	FOLR3	Intron
chr11	72465452	72465735	42.7833355473862	0.236498937137527	3.24295037371889	0.0729270910384976	NA	NA	CLPB	Intergenic
chr11	72777650	72778238	27.4291471386319	0	4.40735632388252	0	NA	NA	MIR4692	Intron
chr11	72933820	72934178	44.2839792284795	-6.02612668493993	3.36236734425165	-1.79222734102574	NA	NA	ATG16L2	Intron
chr11	73223722	73224453	15.3931310550664	-1.61732153928589	3.70643828031336	-0.436354639405774	0.662579444464919	1	P2RY2	Intron
chr11	74003819	74004280	58.9899201453367	6.70806010763527	3.43107946081368	1.95508736659933	NA	NA	NA	NA
chr11	74047344	74047802	14.3699420688953	1.8221089623912	4.08824666442485	0.44569447784226	NA	NA	UCP3	Exon
chr11	75015296	75015988	21.8403226441092	1.2692806454227	3.92974418109255	0.322993199285001	0.746700392456824	1	NEU3	Intron
chr11	75212391	75212848	71.1676957479514	10.8172448293841	3.67129281246148	2.94644022744987	0.0032145453994526	0.0388003015522799	TPBGL	Exon
chr11	75525838	75526267	10.3656742190468	-7.42079380439879	4.10719802244665	-1.80677770193759	NA	NA	GDPD5	Promoter
chr11	75725363	75726671	14.9737634865098	-7.16069035138351	4.09065030278691	-1.75050171032831	NA	NA	MOGAT2	Intron
chr11	75893339	75893903	5.90113191062545	6.10651824027766	4.25120018505525	1.43642218066903	NA	NA	UVRAG	Intron
chr11	75923161	75923940	5.71740739165171	-3.98195834799357	4.2697640182224	-0.932594478523745	NA	NA	NA	NA
chr11	76234259	76234996	9.98614737149649	0	4.407356323923	0	1	1	LINC02761	Promoter
chr11	76544354	76544596	49.7447976387395	0.0407245764863495	2.68608812243897	0.0151612957691692	NA	NA	LINC02757	Exon
chr11	76754527	76754727	51.7067119433553	1.88331127694196	2.8183173806375	0.668239599230643	NA	NA	LOC105369397	Promoter
chr11	76808745	76809338	7.71079507077214	7.61327403257536	4.24989072415851	1.7914046564298	0.0732283822443727	0.143681794214222	TSKU-AS1	Intergenic
chr11	77202172	77202718	41.9411466452009	-7.2165709606389	3.3815818354618	-2.13408141863093	0.0328361166318068	0.0795384606726842	MYO7A	Exon
chr11	77512472	77512679	65.9192113827091	1.33554118883866	2.41497839729907	0.553024072733877	NA	NA	PAK1	Intergenic
chr11	77838660	77839096	12.9141111940891	-1.00386550714705	4.08789201549909	-0.245570456201126	NA	NA	AAMDC	Intron
chr11	78669827	78670812	12.7542147818526	-4.60980946710461	3.91805325737011	-1.17655610179195	NA	NA	NA	NA
chr11	78951274	78951850	54.8586795029596	7.79279740118898	3.32087150837173	2.34661214128393	0.018944964275971	0.0605663766893987	LOC124902724	Intron
chr11	79280433	79280843	71.4410082993487	-3.34207907419553	3.09825565124535	-1.0786969993429	0.280722823780488	0.491792616096644	MIR708	Intron
chr11	79808357	79808688	38.5256432902293	-6.21315629546018	3.5606188842043	-1.7449652707913	NA	NA	LOC105369406	Intergenic
chr11	80417481	80417685	41.0619779344326	0.823147721501728	3.32603040996906	0.247486528997005	NA	NA	LOC105369408	Intergenic
chr11	81030064	81030694	32.8292568392955	0	4.40735632387926	0	NA	NA	LINC02720	Exon
chr11	83630231	83631040	85.444976690607	0.484408193676606	2.53733092815443	0.190912501125325	0.848594145832514	1	DLG2-AS2	UTR
chr11	84770123	84770607	35.7075292277979	4.47290632835208	4.09295860684752	1.09282960273991	NA	NA	LOC124902727	Intron
chr11	86622174	86622456	43.4040115074541	1.53310787272872	3.15899676708748	0.485314796362458	NA	NA	LOC102724775	Intron
chr11	86685601	86686051	5.65452874756203	-6.46830750985569	4.25111576827331	-1.52155524865486	NA	NA	ME3	Intron
chr11	87075635	87076647	1.46060283857161	3.25908322812734	4.30493487425604	0.757057498736391	0.449015415338552	NA	TMEM135	Intron
chr11	89229988	89230368	26.0990356642639	2.82055634117614	3.56188143830098	0.791872607225676	NA	NA	NA	NA
chr11	89318494	89319107	15.6173666220519	21.1376574661112	4.24859260674949	4.97521401146606	NA	NA	TYR	Intergenic
chr11	92127132	92127681	5.18228978568822	3.096199128796	4.11890416955186	0.751704579990961	0.452228735525194	NA	NA	NA
chr11	92200134	92200346	50.9026440173552	1.8568487504638	3.03971949773348	0.610861874540837	NA	NA	NA	NA
chr11	92386271	92386809	16.0049399354351	-22.3286211315457	4.12897256567745	-5.4077911093803	NA	NA	FAT3	Intron
chr11	94295504	94295696	53.9617608816968	-1.62168436390603	2.67235428129981	-0.606837340113923	NA	NA	IZUMO1R	Intergenic
chr11	94591243	94591759	63.0948110289403	-0.600123957532596	3.74857700260087	-0.160093805493715	NA	NA	LINC02700	Intron
chr11	94680544	94681289	131.413544997542	1.0194779111574	3.05420519859805	0.333794831999292	0.738534383454067	1	AMOTL1	Intron
chr11	94879016	94879772	21.2920343537199	-8.77041460289407	3.97187531577851	-2.20812938614993	0.0272352550512189	0.0717402071263603	NA	NA
chr11	94886199	94886885	41.7358735666112	0.307522631616527	3.89643250951625	0.0789241519942834	0.937092952646237	1	CWC15	Intron
chr11	96204059	96204757	7.08248697427508	1.26922984740439	4.4073563238827	0.287979857795172	NA	NA	MIR1260B	Intron
chr11	96740167	96740704	95.5067884426155	-6.56739344351813	3.60893037056517	-1.81976174909954	NA	NA	JRKL-AS1	Intron
chr11	97208770	97209230	20.3417869391384	-5.92613290648276	4.1382181222739	-1.43204943078893	NA	NA	LINC02553	Intergenic
chr11	97854811	97855208	46.2160563559293	7.11353597308622	3.45631227584622	2.05812883945638	NA	NA	LOC105369453	Intergenic
chr11	97923051	97923877	71.0688645779438	2.38017392438243	2.84679330335157	0.836089477089965	NA	NA	LINC02713	Intron
chr11	98734555	98735081	38.7089006038424	6.54217972030855	3.78591126176944	1.72803303299056	NA	NA	LOC105369455	Intron
chr11	102040574	102040980	25.9798168870869	1.26927754887883	3.95177381560641	0.321191851584769	0.748065006772113	1	CFAP300	Intergenic
chr11	103572017	103572756	4.94018551182088	-0.0324851688105159	4.09709029482888	-0.00792883887658439	0.99367376816001	NA	NA	NA
chr11	103640187	103640765	13.4068872630164	1.05406546456456	4.08715941200134	0.257896832080845	NA	NA	NA	NA
chr11	103665468	103665832	64.2692809570145	3.57763930983121	3.39119824425816	1.05497793173511	NA	NA	NA	NA
chr11	103752532	103753425	65.8175766460383	0.799048892121308	3.37042781217864	0.237076399985201	NA	NA	LOC105369463	Intron
chr11	104794497	104794700	48.6545186777824	-0.80249997559263	3.43454603837098	-0.233655326388712	NA	NA	LOC107984380	Intergenic
chr11	107445337	107445869	28.1796308592748	9.48227996466668	4.24781772353611	2.23227091692935	0.025597062828523	0.0698304243087222	NA	NA
chr11	107494493	107494949	101.461659295365	10.2397136879552	3.65999408515412	2.79774050168281	NA	NA	CWF19L2	Intergenic
chr11	107505038	107505532	108.070229629724	0.140097259996333	3.57000405377885	0.0392428854101832	0.968696742339952	1	NA	NA
chr11	107633953	107634398	37.4717263314403	-8.1017288619688	3.42043819671602	-2.36862308161198	NA	NA	ELMOD1	Intron
chr11	108567521	108568146	3.73794466026608	6.04243564119803	4.25550930397896	1.41990892501357	0.155634197269978	NA	EXPH5	UTR
chr11	108801765	108802112	75.7854818268184	0.410066859148085	3.5686209735373	0.114909053718198	NA	NA	DDX10	Intron
chr11	109136197	109136490	51.0422572094845	21.399395012375	4.24842706401582	5.03701598025017	NA	NA	C11orf87	Intergenic
chr11	109353204	109353752	51.8385098027851	-23.1442039246693	4.24770286974851	-5.44864003777165	NA	NA	NA	NA
chr11	110041136	110041358	55.6322388935848	-0.581141159587929	2.93525178949748	-0.197986817235676	NA	NA	LINC02715	Intron
chr11	110877752	110878229	11.2584801194988	-7.52751266431878	4.24900353454283	-1.77159482290915	NA	NA	LOC105369488	Intergenic
chr11	111107670	111108048	69.9321778031992	-4.20451693176514	3.63268368227341	-1.15741344402821	NA	NA	LOC102723966	Exon
chr11	111957972	111958589	115.607006467501	-2.17816265740382	3.78144454837184	-0.576013380479601	NA	NA	DIXDC1	Intron
chr11	112082744	112083459	35.825561382599	9.82471540927308	3.63916827906294	2.69971451053724	0.00693990003399879	0.0475345008264353	TIMM8B	UTR
chr11	112453987	112454461	35.7778879508091	-3.59647978195425	4.10010530693251	-0.877167661004529	NA	NA	LOC124902757	Intron
chr11	112624994	112625735	16.5892730118117	6.36196140300233	4.25071090435916	1.4966817424535	NA	NA	LINC02764	Intron
chr11	113222139	113222597	40.8517068457564	0.492624285865493	3.79515093030304	0.12980360858169	NA	NA	NCAM1-AS1	Intron
chr11	114241306	114241892	19.7334395682895	-8.65389989069353	4.06154393034104	-2.13069217989891	0.0331145097548812	0.0795384606726842	NNMT	Intron
chr11	114778586	114779068	20.8729126122809	-0.297216395610674	3.71720068654241	-0.0799570485087619	NA	NA	NXPE2	Intergenic
chr11	116403790	116404281	62.508684168082	7.26267045482507	3.66588276999294	1.98115185632056	NA	NA	LOC107987166	Intron
chr11	116646981	116647388	47.0769600636573	-0.919771491462722	3.87063319476691	-0.23762817223452	NA	NA	LINC02702	Intron
chr11	117194905	117195512	4.43232945695563	2.41921673121809	4.11265701094615	0.588236929259883	0.556373273044646	NA	TAGLN	Intron
chr11	117478829	117479339	82.5360929845092	9.67006203446206	3.52270486112431	2.74506733197505	0.00604984837101568	0.0469937533794141	BACE1	Intron
chr11	117626221	117626705	40.8740945694734	1.33515935427526	3.71275723274137	0.359613966273098	NA	NA	LOC105369515	Intron
chr11	117782245	117782540	58.8915601585888	8.84491440178749	3.65134592139464	2.42237098105708	NA	NA	DSCAML1	Intron
chr11	117870099	117870453	52.9025762643631	5.83540245668535	2.41374938454175	2.41756766218428	NA	NA	FXYD6-FXYD2	Intron
chr11	119141667	119141973	62.4577382944891	9.66282255959538	3.16525813062449	3.05277552756462	0.0022673547510863	0.0372618780973083	ABCG4	Intergenic
chr11	119752284	119752777	33.0456318464368	21.4824001316649	4.12497637307515	5.2078844067778	NA	NA	LOC124902771	Promoter
chr11	120232250	120233168	13.3782297534251	-6.41645819289656	4.25126433712488	-1.50930586387296	NA	NA	POU2F3	Intergenic
chr11	120264255	120264537	113.043316176844	0.760201628587335	3.22631534251766	0.235625333509436	NA	NA	POU2F3-AS1	Promoter
chr11	120578355	120578746	101.719020479571	2.18884903272936	3.09098719854822	0.708139145240532	NA	NA	GRIK4	Intron
chr11	121991910	121992130	52.2047089667429	-1.16137729038747	2.82461966275313	-0.411162361326723	NA	NA	MIR125B1	Intron
chr11	122931482	122932113	65.6140425512757	0.797778721136943	2.93860945634891	0.271481710308026	NA	NA	LOC124902774	Intron
chr11	123433144	123433649	41.5951030286101	7.836953072717	3.85168998396986	2.03467909030405	NA	NA	MIR4493	Intron
chr11	125330385	125330992	26.5456718695604	-9.07946432973283	3.77966374829218	-2.40218837822156	0.0162973134660622	0.0584196005783462	PKNOX2-AS1	UTR
chr11	126357268	126357884	20.362828656186	0	4.40735632392272	0	1	1	ST3GAL4	Promoter
chr11	126470938	126471170	45.365855322636	9.19941028329912	3.4521545734032	2.66483150962448	0.00770269047189205	0.0475635659068218	KIRREL3-AS1	Intron
chr11	126936274	126936472	87.8112305460245	1.49823192276203	3.47988724921507	0.430540363944257	NA	NA	LOC105369559	Exon
chr11	127198255	127198730	19.8689171436087	-19.8591597313278	4.14826071270124	-4.78734609676836	NA	NA	LINC02712	Intron
chr11	130346506	130347040	90.7790014968804	-0.514296407090025	3.46932968280619	-0.148240857488653	NA	NA	NA	NA
chr11	130363575	130363883	61.4110784238924	-6.71364450049075	2.61427658155505	-2.56806970917258	0.010226658831751	0.0492306709468289	ZBTB44	Intron
chr11	131120851	131121263	15.9118318794666	4.05571668414635	4.26719010013959	0.950441997888418	NA	NA	LOC107984412	Intergenic
chr11	133179687	133180409	17.8277499716976	-22.3150922393785	3.69418447954886	-6.04060039852252	1.53541809200949e-09	4.77003220584282e-07	OPCML-IT1	Intron
chr11	133450138	133450897	5.34714269927857	-3.66725661509414	4.27528059544832	-0.85778150304298	NA	NA	OPCML	Intron
chr11	134677680	134678347	61.5692885362522	-4.54843686342905	2.82008509066967	-1.61287220675634	NA	NA	LINC02706	Exon
chr11	135009970	135010176	46.674752004946	22.6656982992993	3.66158163917925	6.19013872496364	NA	NA	LINC02717	Promoter
chr12	206321	207021	42.118322840604	-8.34324713790595	3.83332615648732	-2.17650332826135	NA	NA	SLC6A12-AS1	Promoter
chr12	327558	328128	44.505555960332	2.25501431562256	3.68727919320425	0.611565926382416	NA	NA	CCDC77	Intron
chr12	340155	341098	102.101803855762	-9.34424128203909	2.72269931627454	-3.43197694515338	0.000599198494171873	0.0372618780973083	NA	NA
chr12	461954	462206	101.442233243762	-14.4173825150274	3.34738948296695	-4.30705258183718	NA	NA	B4GALNT3	Promoter
chr12	477758	478216	118.969370210322	1.47640374899135	2.42807593119349	0.608055015917744	NA	NA	NA	NA
chr12	664047	664563	92.9167428712798	19.1843522073058	3.85625757851049	4.97486275663046	NA	NA	NINJ2	Promoter
chr12	1164260	1164724	34.6045937687036	0	4.40735632392259	0	1	1	RAD52	Intron
chr12	2010179	2010718	102.938827061076	-9.12981768586939	2.72437164590507	-3.35116455186728	0.000804724687834318	0.0372618780973083	FBXL14	Intron
chr12	2984424	2984912	44.7978426531289	4.23058920108378	3.38761596944465	1.24883966755456	NA	NA	LOC124902859	Intron
chr12	3358018	3358574	17.384020738606	-18.8160113806856	4.26319424736569	-4.41359466374594	NA	NA	LINC02417	Intron
chr12	3754973	3755456	51.8878457408236	4.08536452949793	4.02750708876094	1.0143655714222	NA	NA	LOC107984495	Promoter
chr12	5390076	5390479	46.680094785873	-7.37089346284985	3.14997353523023	-2.33998583810677	0.0192844711260035	0.0612351229716785	LOC105369618	Promoter
chr12	5768567	5769251	52.2917614632999	-7.74190066217957	3.19952840054641	-2.41970055988796	NA	NA	ANO2	Intron
chr12	6586200	6586661	80.5922199381591	8.42988389395964	4.10463390377032	2.05374805441634	NA	NA	NOP2	Promoter
chr12	6852093	6852359	34.621555734144	-6.38815178855349	3.41948034481583	-1.86816449997684	NA	NA	USP5	Promoter
chr12	7202612	7203199	31.1262831283848	7.72182294778395	3.78994037917946	2.03745235418605	0.0416047319544415	0.0920007663187841	LOC124902869	Exon
chr12	7259917	7260378	13.3465378628316	18.6698188858206	4.25551001955355	4.38721065161052	NA	NA	ACSM4	Intergenic
chr12	7468491	7468914	22.3458693801634	18.7462083531223	4.25494984962813	4.40574131673035	NA	NA	CD163L1	Intron
chr12	8243169	8243634	122.395951872264	1.63021007622814	2.77652565208022	0.587140289882343	NA	NA	FAM86FP	Promoter
chr12	8620850	8621202	20.2010349388149	7.67187376224708	4.10232528678333	1.87012809222222	NA	NA	AICDA	Intergenic
chr12	10457681	10458169	25.3051679790664	-0.654324455972037	4.26389632545643	-0.153456933759288	NA	NA	KLRC1	Promoter
chr12	10773962	10774656	20.0841685111913	-4.4072153677138	4.10677883850952	-1.07315624751619	NA	NA	LINC02366	Exon
chr12	12589888	12591027	39.5225848484044	-1.52580815370885	3.91467955906425	-0.389765785599467	NA	NA	CREBL2	Intergenic
chr12	13879070	13879490	69.0629733018761	-4.41323282304429	3.38885619342794	-1.30227798736427	NA	NA	LOC105369667	Intron
chr12	15882034	15882642	21.6750837190233	-3.00075606479656	2.56389909546074	-1.17038773878007	NA	NA	STRAP	Promoter
chr12	16086241	16086753	92.5777922118776	5.81177184675354	3.34685955481484	1.73648512928863	NA	NA	DERA	Intron
chr12	16323200	16323808	33.6481672369373	-8.59698594387035	4.13550733992437	-2.07882255724096	NA	NA	MGST1	Intergenic
chr12	16632555	16632982	30.191541209055	-2.04034241896659	3.98834329354301	-0.511576428806877	NA	NA	NA	NA
chr12	16723887	16724720	53.1259975559906	9.39883120167202	4.03144414346876	2.33138073285694	NA	NA	LMO3	Intron
chr12	16885719	16886274	4.84107504703112	-0.65427949826197	4.40735632389031	-0.148451690805078	NA	NA	LOC105369677	Intron
chr12	17837351	17837658	81.3595476902148	-1.16156335253687	3.52848825799073	-0.32919575399078	NA	NA	MIR3974	Intergenic
chr12	18138275	18139085	3.97974923095686	3.8876998193892	4.28459936422516	0.907366007624907	0.364213278885404	NA	PIK3C2G	Intron
chr12	18603916	18604305	50.4418786934693	-7.50670444003129	3.42268804530089	-2.19321899649531	NA	NA	PLCZ1	Intron
chr12	19109709	19109945	22.8750369530443	8.21528741247261	4.03020990636196	2.03842668331102	0.0415072800285867	0.0920007663187841	PLEKHA5	Intergenic
chr12	19368801	19369077	19.3063047700218	-0.654261304544174	4.22511164608475	-0.154850654692274	0.876939056132883	1	AEBP2	Intron
chr12	21235567	21235983	8.42422250935802	4.14449802510961	3.97650926903979	1.04224528215683	NA	NA	IAPP	Intron
chr12	22614303	22614673	32.0452721009305	2.21660027555553	4.00667379109622	0.553227038468003	NA	NA	ETNK1	Intron
chr12	25655327	25655983	28.6559556664436	-5.04102220236212	4.13071876085776	-1.22037410296007	NA	NA	LMNTD1	Intergenic
chr12	25802684	25802995	71.1403508134846	-0.320806452631132	3.52126692213991	-0.0911054060156778	NA	NA	MIR4302	Intron
chr12	26434881	26435147	31.9783571465753	-6.82294407979867	3.88980190948542	-1.75405952245555	NA	NA	SSPN-AS1	Intron
chr12	26889229	26890001	19.5391717476839	17.7208920273814	4.26126297230197	4.15860089897442	NA	NA	INTS13	Intergenic
chr12	26981956	26982419	142.077319077115	2.08820564043985	2.97470547862482	0.701987358225867	NA	NA	TM7SF3	Intron
chr12	27205350	27205571	34.5425738333382	-0.540898580310178	3.52035570826458	-0.153648842655399	NA	NA	STK38L	Intergenic
chr12	27806455	27806961	39.5662305763872	-23.0332429671876	4.24776309598867	-5.42244057559114	NA	NA	LOC105369709	Intergenic
chr12	28758267	28758471	58.2970702258511	-1.07975529928183	2.93138194904087	-0.368343435980808	NA	NA	LOC124902907	Promoter
chr12	29100923	29101466	18.8089628504385	17.0134163245822	4.2749387628787	3.97980351726152	NA	NA	FAR2	Intergenic
chr12	29515479	29515689	56.5513073770536	-0.157922136326812	2.64033673119099	-0.0598113621119747	NA	NA	LOC105369714	Intron
chr12	29574068	29574463	25.5402242797253	-22.7573436306378	4.24791344135548	-5.35729928229802	NA	NA	NA	NA
chr12	30584164	30584603	21.9751789120209	-8.78687666147509	3.53801451316877	-2.48356150851548	0.0130075868338822	0.0527900768789056	IPO8	Intergenic
chr12	30802075	30802699	66.2123413479	-5.80436700564195	4.09301486346663	-1.41811530113181	NA	NA	CAPRIN2	Exon
chr12	31701946	31702489	20.0527618227937	-8.67729089101352	4.05295487151398	-2.14097890701954	0.032275739085487	0.0789527265818211	AMN1	UTR
chr12	31972489	31973981	30.1836716636689	7.28357803186379	4.24919346827524	1.71410835638421	NA	NA	RESF1	Intron
chr12	32171040	32171722	12.1474983137225	-2.43943634314297	3.99715724983211	-0.6102928132851	NA	NA	BICD1-AS1	Intron
chr12	32398877	32399507	17.2429091294402	2.92722959736015	4.05388303754538	0.722080427641688	NA	NA	FGD4	Promoter
chr12	32595015	32595451	3.68047306221952	2.05633568741489	4.1144009006974	0.499789820449032	0.617223079092059	NA	NA	NA
chr12	32650144	32650759	20.6781345782301	-22.6886684714108	4.24794730194566	-5.34108990971212	NA	NA	DNM1L	Intergenic
chr12	33542742	33543213	11.2501112754827	0	4.40735632388059	0	NA	NA	SYT10	Intron
chr12	33885630	33885939	27.0401161854454	2.68135820841143	4.08642356153845	0.656162575423766	NA	NA	ALG10	Intergenic
chr12	38437399	38438289	47.7090946134589	8.84274860233838	3.40076665184249	2.60022209919858	NA	NA	NA	NA
chr12	38471600	38472131	14.5363436636867	8.52702210094289	4.24855158347082	2.00704214916859	0.044745175208674	0.0960887172683966	ALG10B	Intergenic
chr12	38648015	38648275	52.5254258631188	-0.512680735470245	3.0039400642248	-0.170669428986277	NA	NA	CPNE8-AS1	Intron
chr12	39305105	39305612	53.7334763422831	0	4.40735632392253	0	1	1	LOC101927019	Intron
chr12	40520087	40520543	19.4011734593691	-16.1878284381526	4.35950896735896	-3.71322287885081	NA	NA	LOC105369736	Exon
chr12	41102370	41102619	30.4532970791762	5.13567420522831	3.40236395197098	1.50944292783646	NA	NA	PDZRN4	Intergenic
chr12	41797258	41798056	1.60954132663637	0	4.40735632389787	0	1	NA	LINC02400	Intergenic
chr12	42002619	42003168	8.54272355835259	6.43366756888986	4.25349859191428	1.51255899816682	NA	NA	LOC105378247	Intron
chr12	42018916	42019453	77.8223870095435	9.60096718105096	3.47952557360802	2.7592747855839	NA	NA	NA	NA
chr12	42183185	42183508	84.3282697620578	-0.577840679558421	3.17506177414068	-0.181993523485008	0.855587808535761	1	GXYLT1	Intron
chr12	42412448	42412822	38.3279376834788	7.05934949601784	3.51941965614927	2.00582771755663	NA	NA	ZCRB1	Intron
chr12	42669828	42670175	11.5571233616173	0	4.40735632392294	0	1	1	NA	NA
chr12	42784014	42784445	56.0029789301128	4.38296088001576	2.99775343822665	1.4620818457333	NA	NA	LINC02450	Intergenic
chr12	43272992	43273260	35.9061301813037	16.7082747420155	3.28777078895208	5.08194634436208	NA	NA	LINC02461	Intergenic
chr12	43441300	43441617	3.88307619090594	-5.67993277283075	4.25406692875194	-1.33517710650997	0.181818387835085	NA	ADAMTS20	Intron
chr12	44186471	44186844	41.923028527049	-7.27134153734881	2.6565862947482	-2.73709969509498	0.00619835055844302	0.0469937533794141	NA	NA
chr12	44267607	44268705	190.906629238909	9.86228837098173	3.53774547848845	2.7877325915474	NA	NA	TMEM117	Intron
chr12	44388495	44389926	133.145397795951	-1.16070104109877	2.78808588585473	-0.416307491454103	0.67718501141293	1	NELL2	UTR
chr12	44630017	44630519	56.3600665402434	-3.39620999119535	3.7439939808753	-0.907108827776842	NA	NA	NA	NA
chr12	44689283	44690131	45.4596687954204	1.45571782903871	3.71325041842355	0.392033303710429	NA	NA	NA	NA
chr12	44835621	44836369	111.149653494435	-1.61279576578433	3.17402026036429	-0.508123966921127	0.611366408281769	0.959248303903381	NA	NA
chr12	46405972	46406456	19.2776468713922	-3.63531610783995	3.74294336392118	-0.971245288636033	NA	NA	SLC38A4-AS1	Exon
chr12	46569722	46570160	75.4093662953464	0.810202118027808	2.91666348181844	0.277783886649369	NA	NA	NA	NA
chr12	46601207	46601808	6.89105818419852	7.45117414833649	4.25023003371803	1.7531225578909	0.0795809722386486	0.152298698411541	LOC124902923	Intron
chr12	47491940	47492432	67.2657957764596	7.85474536576506	3.88846776725975	2.02001040921586	NA	NA	LINC02156	Intergenic
chr12	47670605	47671709	43.3415476418793	-9.27253990963557	3.57525613058421	-2.59353164387705	NA	NA	RPAP3	Intron
chr12	47751570	47752342	50.9622456798881	-8.79466748886501	3.56963191627782	-2.46374631758546	NA	NA	SLC48A1	Promoter
chr12	47868536	47869352	23.7827425457401	0	4.40735632392267	0	1	1	HDAC7	Intron
chr12	47955337	47956488	63.721786709872	3.23314129676975	3.63948880424118	0.888350389483846	NA	NA	TMEM106C	Intergenic
chr12	48034044	48034721	30.873164504852	7.86170900426986	4.09910628753409	1.91790806405248	NA	NA	LOC124902927	Intergenic
chr12	49536099	49536391	28.396133025502	-2.32106085014767	3.72586704027997	-0.622958582540632	NA	NA	KCNH3	Promoter
chr12	49924778	49925173	27.533651083705	20.2750040307381	4.24985217177323	4.7707551254138	NA	NA	LINC02396	Exon
chr12	50119918	50120459	80.3734564749333	-8.05302366452053	3.10203386657313	-2.59604633956393	NA	NA	LOC124902931	UTR
chr12	50994347	50995114	26.6425854448033	8.98487777386982	3.38075888924772	2.65765115709542	NA	NA	SLC11A2	UTR
chr12	51218067	51218343	32.459335248316	0	4.4073563239226	0	NA	NA	POU6F1	Promoter
chr12	52375976	52376657	0.963050828311697	1.26928300468838	4.40735632390537	0.28799191882985	0.773352924579394	NA	KRT85	Intergenic
chr12	52899483	52900112	100.107309478355	-22.4653720155437	3.91109874590225	-5.74400532307736	NA	NA	KRT18	UTR
chr12	53109766	53110131	50.2357134318522	-6.96626968339429	3.18172737307298	-2.18946153034668	NA	NA	SOAT2	Intron
chr12	53146792	53147465	30.0548149853008	-2.36466171862205	4.0858531539755	-0.578743686938739	NA	NA	LOC124902936	Intergenic
chr12	53379565	53380188	46.4539911349785	0.949383571308442	2.74431002042715	0.345946181095338	NA	NA	SP1	Promoter
chr12	54636455	54637038	54.3325585690996	2.56629871781019	3.57378272285859	0.718090302859114	0.472701608913134	0.788117888205797	LACRT	Promoter
chr12	54642812	54643262	51.0918764699522	-10.0255113922214	3.45413456694037	-2.90246694155343	0.0037023623363541	0.0405953140880238	DCD	Intergenic
chr12	55696920	55697874	98.4996409772711	-7.90250866120052	3.67524411484087	-2.15019966409569	NA	NA	TMT1B	UTR
chr12	56289852	56290488	12.0051529456354	0	4.16108276550765	0	NA	NA	CNPY2-AS1	Intron
chr12	56628568	56628962	86.5825197469083	7.20247834213925	3.16044776148894	2.27894237959056	NA	NA	BAZ2A	Intron
chr12	56939191	56939845	52.9557033886949	-7.60310042513984	3.3996898411476	-2.23641001985444	NA	NA	SDR9C7	Intergenic
chr12	56995197	56995808	44.5715942059032	0.976856855103772	3.62829761199796	0.269232835772217	NA	NA	ACKR5	Promoter
chr12	57111514	57112178	12.0927553042298	5.05254835051928	3.9203001188434	1.28881672253448	NA	NA	LRP1	UTR
chr12	58676724	58677793	56.8216556448916	8.93504268633798	3.90748936546088	2.28664542642565	NA	NA	LOC124902949	Intron
chr12	58952883	58953092	60.0256733908159	-0.075269928890125	3.13510945998368	-0.0240087084201892	NA	NA	NA	NA
chr12	59050650	59050858	60.9190684237656	0.942138770390106	2.56811327626227	0.366860285758629	NA	NA	NA	NA
chr12	59058407	59058962	1.39055031212924	-4.83430809624779	4.2596481834441	-1.13490783465104	0.256413936925634	NA	LRIG3	Intron
chr12	60284943	60285663	25.8649291171973	-19.0752235101789	4.26034725695247	-4.47738702028339	NA	NA	LOC124903071	Intergenic
chr12	60819374	60819824	10.9037390593077	8.11279473846296	4.24905550650735	1.90931719438316	0.0562211855267101	0.114406429936449	NA	NA
chr12	61494092	61494584	22.5929879043866	5.33043639747745	3.6529193972018	1.45922639343224	NA	NA	NA	NA
chr12	61543098	61543437	33.4259219408351	21.4507942535599	4.12497392957807	5.20022541227407	NA	NA	LOC105369793	Intergenic
chr12	62173708	62174167	144.112075756171	1.30612215869258	2.66613504204359	0.489893474297325	NA	NA	USP15	Intron
chr12	62755871	62756238	51.4863247264741	4.76646953067583	3.55311478534725	1.34149044391483	NA	NA	LINC01465	Exon
chr12	63426412	63427109	21.9426877225735	20.6280787027085	4.24887779630561	4.85494751594046	NA	NA	LINC03056	Intergenic
chr12	64116954	64117360	105.677262611579	-6.91130032786694	3.13288988180194	-2.20604636250151	0.0273807536853278	0.0718132196017301	LOC105369798	Intron
chr12	64652298	64652916	17.0078324114091	-0.472686534869325	4.0855034004873	-0.115698480342213	NA	NA	MIR548Z	Intron
chr12	65164685	65165126	59.3107364274706	6.76425857913271	3.45868286162399	1.95573252875709	NA	NA	LOC124902953	Exon
chr12	65315493	65316118	14.9798968446776	-8.24456533599904	3.52427802973036	-2.33936291814917	0.019316658963169	0.0612351229716785	MSRB3	Exon
chr12	66290849	66291364	62.494042188985	9.30846240622245	3.65374790337473	2.5476476900951	NA	NA	HELB	Intergenic
chr12	66684718	66685232	40.2325367797388	-23.3106625504509	4.10655064542255	-5.67645806984863	NA	NA	LOC124902956	Intron
chr12	67393340	67393894	26.3088864981847	-21.2309113483793	4.12101820019924	-5.15186061234888	NA	NA	LOC105369812	Intron
chr12	68164085	68164511	60.2555112155443	-2.2087380889284	3.42194011426557	-0.645463688777161	NA	NA	IFNG	Intron
chr12	69025349	69025879	29.2683107126774	-6.95975240250356	4.07677300908397	-1.70717191930865	NA	NA	CPM	Exon
chr12	69294434	69295030	15.771830894835	8.64543177617057	4.24843218055423	2.03496993920301	0.0418538977914952	0.0920007663187841	MIR1279	Intergenic
chr12	69434457	69434850	32.3050976408685	-8.3904037198386	3.28643110000294	-2.553044157789	0.0106785956860503	0.0502649049464589	LINC02373	Intron
chr12	70330045	70330442	39.1202728645067	-9.64787097710068	4.24750216837001	-2.27142226058076	0.0231214281021773	0.0665097870099669	KCNMB4	UTR
chr12	70491318	70491713	66.2772423008032	-0.320959730471324	3.27881017526273	-0.0978890857704517	NA	NA	PTPRB-AS1	Intron
chr12	70634215	70634630	9.49192186872659	7.37873510985674	4.25039426708135	1.73601191941272	NA	NA	PTPRB	Promoter
chr12	73272702	73273241	31.2330839370094	21.9425824210328	3.53714213497125	6.20347771837877	NA	NA	LOC105369839	Intron
chr12	73597981	73598339	40.2733753552636	2.47735135891092	2.93452633050027	0.844208257108597	NA	NA	NA	NA
chr12	73682124	73682473	5.45896299876476	-6.80698029732143	4.25026617287476	-1.60154212005913	0.109256898754703	0.202440217970942	LINC02445	Intron
chr12	74513089	74513461	16.7249443405448	17.9829369834871	4.25922327107556	4.22211653134257	NA	NA	LOC107987178	Intergenic
chr12	76256769	76257235	43.2127159085084	-4.68290482618656	3.6250687586609	-1.29181131116432	NA	NA	LNCOG	Intron
chr12	76559324	76559867	64.4813362703842	1.02898740532982	3.08690928652166	0.333339048809332	0.738878366518076	1	LOC105369850	Promoter
chr12	76801377	76802157	7.86088811069806	7.62551587517372	4.24986659478791	1.7942953514178	0.0727660396870018	0.143075841747438	ZDHHC17	Intron
chr12	77425388	77425952	33.3865945931283	-22.6982664379385	4.14122471499476	-5.48105162121521	NA	NA	LOC124902972	Intron
chr12	77566808	77567485	5.92690926919724	0	4.4073563239234	0	1	1	NA	NA
chr12	78035833	78036356	38.1431068573687	8.39149185369349	3.68164211966891	2.27927962059717	NA	NA	LOC105369859	UTR
chr12	78181053	78181415	43.4406831902334	0	3.65138337316451	0	1	1	NA	NA
chr12	78787945	78788371	20.5875559320023	6.12353268878587	4.13266982086188	1.48173770328179	NA	NA	SYT1	Intron
chr12	79465565	79466668	72.3297045301641	8.11792555939988	4.21936246092905	1.92396970740751	NA	NA	MIR1252	Intron
chr12	79545782	79546239	64.8901885380188	0.435047175056091	2.85801823821488	0.152219873630975	0.879013519725516	1	NA	NA
chr12	80696896	80697793	69.8605329883009	-9.2770712805565	4.11170454722378	-2.25625921658704	NA	NA	LOC105369867	Intron
chr12	81001142	81001467	52.9219008596347	-5.56292370292258	3.59492338078076	-1.54743873893479	NA	NA	LIN7A	Intron
chr12	81296782	81297353	11.7038474697228	19.403138964506	4.25227557170561	4.56300130067143	NA	NA	PPFIA2-AS1	Intron
chr12	82488474	82489061	32.6761166698558	9.68802397083514	3.72591545808692	2.60017278433082	0.00931768325313418	0.0492306709468289	CCDC59	Intron
chr12	82528763	82529433	65.7782132643715	-8.44033508424853	3.21156941895359	-2.62810295627943	NA	NA	TMTC2	Intergenic
chr12	84382116	84382658	1.82327856486997	1.61549739791861	4.1372183767571	0.390479121671332	0.696182290948407	NA	NA	NA
chr12	84530579	84531097	48.850060161991	0	4.40735632392255	0	1	1	LOC124903066	Intergenic
chr12	84879636	84879857	37.2342134582471	0.538078204149052	3.0959176650433	0.173802491656873	NA	NA	LOC102724680	Intron
chr12	85019645	85020019	11.67597371213	18.9867847967509	4.2539061548325	4.46337650753806	8.06781047481758e-06	0.000939899920316248	TSPAN19	UTR
chr12	85206883	85207314	42.579367715684	0	4.10109769452021	0	NA	NA	ALX1	Intron
chr12	86073983	86074618	25.2908923503608	-4.17088988520208	3.34924667970715	-1.24532179444208	NA	NA	NTS	Intron
chr12	86998504	86998996	109.774796197201	9.54875415025775	3.44837427015558	2.76905967919397	NA	NA	MGAT4C	Intergenic
chr12	87495497	87496141	21.0759363312484	-3.66686379066612	4.04702000072203	-0.906065151645387	NA	NA	LOC105369879	Intergenic
chr12	87715795	87716296	19.131761571929	21.3650523020412	4.24823075950901	5.02916473033364	NA	NA	LINC02258	Intron
chr12	87901088	87902078	47.4553308331817	10.2283346939745	3.72290107266878	2.74740974694832	0.00600680385651519	0.0469937533794141	MKRN9P	Intergenic
chr12	89693217	89693671	48.6245968344638	13.3381923451653	4.00761034717367	3.32821586673763	NA	NA	LOC107984543	Intron
chr12	92200735	92201132	57.1030368230272	0.91557070641109	3.72385445650048	0.245866404583251	NA	NA	BTG1	Intron
chr12	92868560	92869143	14.1470975436001	-3.76509752064176	3.84641524741467	-0.978858827884597	NA	NA	EEA1	Intron
chr12	93015187	93015622	9.86998151043031	-4.83900438417863	4.25960731518782	-1.13602124001547	NA	NA	LINC02413	Intron
chr12	94092386	94092904	34.416905040369	6.88713712045164	3.46884478358885	1.98542671987942	NA	NA	LOC124902986	Intron
chr12	94500680	94501162	96.7332972129963	-7.4381401665192	2.84698759309061	-2.61263525860489	NA	NA	CEP83-DT	Intergenic
chr12	94755229	94755723	31.7384344963242	7.48527435579353	3.56797783863406	2.09790382517038	NA	NA	KRT19P2	Intergenic
chr12	96532664	96533244	20.8362643415657	-6.19702253570477	3.59050215498917	-1.7259487024938	NA	NA	CFAP54	Intron
chr12	98420200	98420686	31.5049596161171	-9.32821077526738	3.42797914794815	-2.72119822573917	0.00650457440356812	0.0475345008264353	SLC9A7P1	Exon
chr12	98910985	98911568	9.38126844439259	-0.168148939772869	4.08929548174396	-0.0411192931700692	NA	NA	NA	NA
chr12	99233259	99234340	16.6261930385063	-6.32079581693177	3.85413807587329	-1.64000243180171	NA	NA	LOC101928937	Intron
chr12	99502475	99503051	32.0752980490331	-7.53531205976156	3.51144426942339	-2.14592956105749	0.031878598925195	0.078186458416531	NA	NA
chr12	99536765	99537205	59.2370789781864	-0.955419120951785	3.97852595228648	-0.240143996145784	NA	NA	GARIN6	Intron
chr12	100084171	100084496	99.4847934358378	-7.50263873523558	3.44285396613441	-2.179191684874	NA	NA	BLTP3B-DT	Exon
chr12	100721090	100721665	48.4502359104137	-7.52598993481056	3.05131588680123	-2.46647355239914	0.0136450804695093	0.0527900768789056	GAS2L3	Intron
chr12	101221594	101221995	44.1435905611153	-3.74894608830458	3.13330056096406	-1.19648467019427	NA	NA	UTP20	Intergenic
chr12	101398324	101398772	34.0847823358623	7.51323674667159	4.17222623926818	1.80077405102304	NA	NA	ARL1	Intron
chr12	103470050	103470786	1.1916093242897	4.42042890889629	4.27304768766458	1.03449089081247	0.300906733100224	NA	LOC105369945	Intron
chr12	103542755	103543287	52.3838568275239	-0.418169022821475	3.22344805965374	-0.12972724085599	NA	NA	NA	NA
chr12	103549419	103549790	11.3099825795696	7.10979682090187	4.24946951630693	1.67310220572679	NA	NA	LINC02401	Promoter
chr12	103665704	103666467	54.4685272329682	-7.59505774853433	2.96036917017868	-2.56557791002664	0.0103004086208494	0.0492306709468289	LOC105369946	Promoter
chr12	104172496	104173535	62.9579889531486	15.0539796698371	4.27739597924452	3.51942624505294	NA	NA	LINC02385	Promoter
chr12	104271229	104271861	6.14755910504354	5.5174770574278	4.25922111420526	1.295419258471	NA	NA	TXNRD1-AS1	Intron
chr12	106107076	106107645	64.1390476672596	-7.58220016960862	3.65562091247596	-2.07412101832878	0.0380680730142148	0.0868055761304796	LOC124903007	Intron
chr12	106910629	106911114	133.204202554149	7.38754756832893	3.45588965036977	2.137668825027	NA	NA	TMEM263-DT	Exon
chr12	108146611	108147745	110.897359941441	-0.372081906420095	2.83047759631472	-0.131455520758951	0.895414970454915	1	WSCD2	Intron
chr12	108880737	108881261	39.3587525169282	1.79262853984593	4.08325985932805	0.439018970529328	NA	NA	NA	NA
chr12	108903714	108903978	48.9351439758454	-23.1635044374075	3.25284442019383	-7.12099979132333	NA	NA	DAO	Intergenic
chr12	109690653	109691382	52.4940093708346	-4.78743801301751	3.18542418305606	-1.50292009412213	NA	NA	FAM222A	Intron
chr12	110330967	110331459	18.6896501134777	-7.85491427180149	4.05813140766569	-1.93559879726018	NA	NA	LOC124903014	Exon
chr12	111193994	111194705	2.12868777799391	-0.654266437875432	4.40735632389148	-0.148448727489714	0.881988647057436	NA	MIR6760	Intron
chr12	111333950	111334260	116.68211333335	-0.092085054296569	2.69283973590579	-0.0341962624320806	0.97272064694669	1	LOC105369983	Intron
chr12	111735255	111735559	20.8390900316502	9.04708481538363	4.24809293715947	2.12968147100686	0.0331979197442856	0.0795384606726842	ALDH2	Intron
chr12	111817129	111817325	53.5796846796325	1.42565629803455	3.55790112479733	0.400701494512655	NA	NA	MIR6761	UTR
chr12	112329784	112330455	28.8061930843909	-5.64899131233246	4.14679219821893	-1.3622557008665	NA	NA	HECTD4	Intron
chr12	113000059	113000669	19.925146944628	-1.53947551501982	3.47147860950857	-0.443463920763653	0.657430210157277	1	OAS2	Intron
chr12	113082521	113083170	57.4758810974773	3.12371436467153	3.10806219051734	1.00503599130093	NA	NA	DTX1	Intron
chr12	114068193	114068392	47.715588692534	6.95222452075443	4.12005281127133	1.68741150640959	NA	NA	LOC105369995	Intergenic
chr12	114442073	114442579	21.5997910934459	9.0929985433689	4.10079989276368	2.21737192283255	0.0265976867275519	0.0707327241371613	LOC105369998	Intron
chr12	115117908	115118535	25.5013118798984	7.50850009327876	3.05436940875117	2.45828159218918	0.0139603663047897	0.053764716512661	LOC124903081	Intron
chr12	115509521	115510194	24.9647882368105	9.14689759277978	4.24802225391968	2.15321320041106	NA	NA	LOC105370003	Promoter
chr12	115701843	115702247	69.2363120796951	0.855232673394459	3.11595012253793	0.274469307839201	NA	NA	LOC105370002	Intergenic
chr12	116700649	116701067	36.8186544131859	8.53304632464133	3.56901943453754	2.39086574930546	NA	NA	SPRING1	Intron
chr12	116774583	116775001	23.1563682144362	15.7716152887605	3.73270111489461	4.22525533207763	NA	NA	RNFT2	Intron
chr12	117123927	117124444	58.5941347991253	7.97614686767835	3.68715892008938	2.16322296937638	NA	NA	LOC105370010	Promoter
chr12	117272853	117273460	97.0111455162728	0.496403800664424	2.82628229532495	0.175638435511393	NA	NA	FBXO21	Intron
chr12	117396902	117397436	47.8298429403645	-3.192359167888	3.5854075645466	-0.890375532046855	NA	NA	NOS1	Intron
chr12	117838678	117839056	7.6970319245223	0.307473790684279	4.40735632388128	0.0697637695001493	NA	NA	KSR2	Intron
chr12	118643970	118644442	18.6839724002236	20.7674151019725	4.07909581550914	5.09118099727215	NA	NA	LINC02460	Intergenic
chr12	120416175	120416758	15.110498547735	0	4.40735632392281	0	1	1	COX6A1	Intergenic
chr12	120620428	120620972	41.3467580244394	-21.4441099857307	4.24935888695725	-5.04643419306148	NA	NA	CABP1	Intergenic
chr12	122078767	122079431	3.75915716406527	-3.95711335658302	4.25893198057935	-0.929132790715463	0.352820272773516	NA	BCL7A	UTR
chr12	122225807	122226338	67.2058644246982	-6.85341803748034	2.19831017622784	-3.11758463914331	0.00182339581622071	0.0372618780973083	LOC128125816	Promoter
chr12	123653468	123653850	42.2570965885066	6.21490667389345	3.45866409453734	1.79690958821626	NA	NA	TCTN2	Intron
chr12	123843876	123844278	31.8209470532638	-6.68729777646299	3.40988458922477	-1.96115076668426	NA	NA	LOC105370042	Intron
chr12	123853245	123853806	84.4044672908589	-1.61879820385069	3.2535880622425	-0.497542458627952	0.618806569507468	0.966043086735276	ZNF664	Exon
chr12	124330500	124330923	43.5207617919881	21.8581316101015	4.2479141711369	5.14561517241095	NA	NA	MIR6880	Exon
chr12	125334893	125335389	57.5075773906805	8.81508193365416	3.82980525630981	2.30170500683575	NA	NA	TMEM132B	Intron
chr12	126567033	126567653	3.77211684610603	-6.27327855036363	4.25170341780233	-1.47547416503624	0.140085109003332	NA	LINC02824	Intergenic
chr12	128652137	128652776	82.676816880639	0.374175946342452	3.84062047157655	0.0974259105036886	NA	NA	SLC15A4	Intron
chr12	128946747	128947398	30.3535452521766	8.52959876009959	3.82564904627833	2.22958213284027	NA	NA	LOC100128276	UTR
chr12	129295698	129295941	37.0083457571664	2.00059882123217	3.29812726916598	0.606586301243031	NA	NA	TMEM132D-AS2	Intron
chr12	130719419	130719852	85.8496057350189	-7.64158125756435	3.31629462822134	-2.3042528225735	NA	NA	LOC105370080	Intron
chr12	131004424	131005178	69.7975204879865	-2.04619929257143	3.52109261624538	-0.581126234263426	NA	NA	ADGRD1-AS1	Intron
chr12	131411528	131412146	73.5166984068546	7.5192595800616	3.49611692368878	2.15074602600189	NA	NA	LINC02370	Intergenic
chr12	131677408	131678275	19.3084394581077	-0.654261412095573	4.23691785356302	-0.154419187416007	0.87727922573768	1	LOC124903057	Intergenic
chr12	132062313	132062820	21.1394166912448	13.5683967976177	4.40735632388114	3.07857949313009	NA	NA	SNORA49	Exon
chr12	132512125	132512978	204.476542425167	-6.41588540143204	2.68707103618176	-2.38768730526336	NA	NA	FBRSL1	Intron
chr12	132852386	132852661	52.0204710864733	0.428434157554389	3.94155107857399	0.108696842693053	NA	NA	GOLGA3	Intron
chr12	132918808	132919362	83.5196052789858	6.98828317612962	3.48724564221906	2.00395495273534	NA	NA	CHFR-DT	UTR
chr12	132951491	132952096	40.3814689744702	-17.8706113614582	3.52103410830864	-5.07538717653677	NA	NA	CHFR	Intron
chr13	19722612	19723281	131.006458884502	0.738516665754685	2.56206400360113	0.288250670052215	NA	NA	PSPC1	Intron
chr13	21433842	21434404	20.8273373301156	-15.2580845368421	4.23914360092625	-3.59933183992827	NA	NA	LOC124903131	Intron
chr13	21486630	21487076	42.9882685818721	-0.689861142886294	3.79008712918986	-0.182017225296283	NA	NA	ZDHHC20	Intron
chr13	22062917	22063398	7.56978197552645	7.58676560046137	4.24994363998296	1.78514499088552	0.0742378019022621	0.14535636843048	LINC00540	Intron
chr13	25830367	25831048	21.839003959888	-22.817050088081	3.73336650120001	-6.11165554754588	NA	NA	LOC105370122	Intron
chr13	26221843	26222544	78.2964214442338	3.84418935921033	2.76166522063047	1.39198239181675	NA	NA	RNF6	Promoter
chr13	28426056	28426501	27.7610950967004	-3.05110307852798	4.2718185842441	-0.714239853204785	NA	NA	FLT1	Intron
chr13	29203448	29204103	16.4979393352232	0.460968117822714	3.9977609149844	0.115306574761616	NA	NA	MTUS2-AS2	Intron
chr13	30312263	30312496	33.3585056872001	-23.3979032500393	4.24759089953059	-5.50851148415094	NA	NA	KATNAL1	Intron
chr13	30979350	30980557	97.7999131387602	1.27539740514253	3.75645999216357	0.339521093743356	NA	NA	TEX26-AS2	Promoter
chr13	31090087	31090296	71.5006094229327	-0.347883205731884	2.83018775166223	-0.12291877297807	NA	NA	LOC102723392	Intron
chr13	31974207	31974651	15.7722407926581	13.5655777652972	4.4073563238798	3.07793987334236	NA	NA	FRY-AS1	Intron
chr13	32424385	32424768	32.4336322313703	7.72435136482547	4.08211960745665	1.89224033286915	NA	NA	LOC124903256	Intron
chr13	32538055	32538544	9.86094782175506	-4.84891000153455	3.52541802642199	-1.37541419632888	NA	NA	N4BP2L2	Promoter
chr13	34119541	34119839	37.7377232645208	8.37424655975833	4.16387224635514	2.01116798602281	NA	NA	LOC124900343	Intergenic
chr13	34632842	34633233	75.5295653730778	0.571868600973126	2.66805206021498	0.214339371221657	NA	NA	LINC00457	Intron
chr13	34782422	34782980	57.5288505434556	22.5016855565204	4.24764285869938	5.29745232945746	NA	NA	LOC107987189	Intergenic
chr13	36133068	36133381	41.5076078758366	20.4488876699212	4.24914875101121	4.81246688882209	NA	NA	DCLK1	Promoter
chr13	36463679	36464037	57.963023059338	-1.9654660080589	3.04684630999856	-0.645082097383451	NA	NA	CCNA1	Intergenic
chr13	36727788	36728146	87.6444536450551	22.9758195286491	3.68389744665863	6.23682386964615	4.46544272322858e-10	2.08089630902452e-07	SERTM1	Intron
chr13	36933067	36933568	29.380605757248	8.57765892660012	3.65091804047914	2.34945261205437	0.0188010371322262	0.0605663766893987	SMAD9	Intergenic
chr13	37075662	37075944	49.7026097455344	-2.19172070885049	3.34890308801459	-0.654459281516522	NA	NA	SUPT20H	Intron
chr13	37117403	37117794	14.4244936489701	-2.54154090361983	3.96341299414252	-0.641250585638171	NA	NA	NA	NA
chr13	37173409	37173749	56.7491813041166	10.4877694886545	3.38429778939407	3.09894995692216	0.00194207820485846	0.0372618780973083	CSNK1A1L	Intron
chr13	37531009	37531586	18.9436182847932	-21.9395371855215	4.24857539949499	-5.16397500868864	NA	NA	LINC00547	Intergenic
chr13	39257254	39257764	59.6359888299853	7.04677764272336	3.64685846598203	1.93228712012156	NA	NA	LOC105370169	Intron
chr13	41725750	41726076	24.0223746276411	9.2521350559641	4.24795291467607	2.17802203597862	0.0294043962229314	0.0740672899453299	MIR5006	Intron
chr13	41824339	41824776	13.4792654362909	-6.34242850115669	4.25148592290495	-1.49181453641579	NA	NA	VWA8-AS1	Intron
chr13	42194342	42194756	52.9627641740223	7.74771284997708	4.24844219071356	1.8236597091782	NA	NA	AKAP11	Intron
chr13	43100296	43100791	67.5289345720488	-21.1043940128358	4.03728237222982	-5.22737625636516	NA	NA	LINC00400	Intron
chr13	43361798	43362132	63.1456968119545	-16.1130423798707	4.28089430563783	-3.76394305242488	NA	NA	NA	NA
chr13	43588461	43588911	23.1996625985252	-22.8483040873496	4.24786165725178	-5.37877782538983	NA	NA	ENOX1-AS2	Intron
chr13	44215296	44216163	30.4463058142516	-8.31615497945918	3.34119150571732	-2.48897884638725	0.0128110587990648	0.0527900768789056	MIR8079	Intron
chr13	44350869	44351311	57.9959241831131	0.322402781056949	3.70372362982885	0.0870482825609338	NA	NA	NA	NA
chr13	44359639	44359857	17.605242006947	7.79343445642387	4.00836261369884	1.94429376967775	NA	NA	LOC105370297	Intergenic
chr13	44388446	44388914	84.1443102631961	7.42956414812703	3.60776999403898	2.05932311660741	NA	NA	SERP2	Intron
chr13	45490104	45490700	30.648776136049	-1.4628018375778	3.75405482581791	-0.389659156685091	NA	NA	COG3	Intron
chr13	46670024	46670224	83.0453124519812	-0.653365669961899	3.41575295179945	-0.19128013037878	NA	NA	LRCH1	Intron
chr13	47632780	47633329	48.9081455517449	-5.99029781271198	3.64360658509641	-1.64405724734781	NA	NA	LINC00562	Intron
chr13	48631058	48631983	36.938665987424	3.91825443282778	3.82676350595051	1.02390817377008	0.305878649145284	0.531863621275009	CYSLTR2	Intergenic
chr13	48929796	48930096	37.3550426942389	13.8497520096226	4.23484491695816	3.27042720128008	NA	NA	FNDC3A	Intron
chr13	54357520	54358074	91.5994537123887	18.7542050432825	3.85610042906471	4.86351571705079	NA	NA	MIR1297	Intergenic
chr13	54717628	54718177	2.38906113483129	0.972086689222051	4.11748473997809	0.236087502591989	0.81336477134907	NA	LOC105370213	Intron
chr13	57347208	57347579	23.3056237551352	-7.9152524877573	3.51063951980165	-2.25464689356785	0.0241555015265063	0.0684283508288871	LOC105370216	Intergenic
chr13	57527207	57527632	40.3447448585211	0.686002871008076	3.71322994094079	0.184745593975866	NA	NA	LOC105370217	Intergenic
chr13	59062921	59063659	39.187625883121	-3.33437674698378	3.51633233805338	-0.948254154164982	0.343000084111822	0.591992737763366	LOC105370224	Intergenic
chr13	64545543	64546227	11.8899441689207	-21.7791062831886	4.24881636198529	-5.12592318134742	NA	NA	LOC105370240	Intergenic
chr13	65084831	65085169	96.0365083095028	22.9065591383313	3.80991300678642	6.01235752562564	NA	NA	NA	NA
chr13	65354226	65354689	57.4720199961857	-5.39188580036721	3.5953798469783	-1.49967069679683	NA	NA	LOC105370241	Intergenic
chr13	66480809	66481260	27.7198913018303	-7.63829626288428	3.59891310385471	-2.12238974447676	NA	NA	PCDH9-AS1	Intron
chr13	67509574	67510443	22.9280089831694	5.3188535086845	4.25425318476335	1.25024376257953	NA	NA	LOC105370249	Intergenic
chr13	72384236	72384747	80.2864739208586	0.240117367488889	2.92848085435025	0.0819938321031518	NA	NA	LOC124900345	Intergenic
chr13	72727577	72728040	32.1949035765507	-1.53947901182103	3.54686203278808	-0.434039722320659	NA	NA	MZT1	Promoter
chr13	76402281	76402757	70.7886647541765	-18.1512347889468	3.7133323874592	-4.88812551503545	NA	NA	LOC105370263	Intergenic
chr13	78500834	78502008	44.5253742008727	-7.16193062801335	4.24818557210157	-1.68587989071069	NA	NA	LOC780529	Intron
chr13	83499226	83499467	54.8752647523747	0.457835671946104	3.10375176846484	0.147510402280836	NA	NA	LOC105370286	Intergenic
chr13	87221342	87221902	10.038078711353	2.32748794106398	4.09411019068538	0.568496653157824	NA	NA	LOC105370302	Intergenic
chr13	88610373	88610845	18.8765342014907	-15.0771667567392	4.40735632388127	-3.42090941797547	NA	NA	LINC00433	Intron
chr13	91753657	91754093	60.8833035316449	7.92026018782014	4.19192583757752	1.88940847111866	NA	NA	GPC5	Intron
chr13	95328228	95328674	21.8556888690093	1.86278358187482	3.99201187192533	0.466627766058322	NA	NA	ABCC4	Intergenic
chr13	96956353	96956704	72.5478447869728	0.373863917321966	3.82321352770933	0.0977878725873745	NA	NA	LINC00359	Intron
chr13	97096370	97096824	61.233773682639	0.169180757893515	3.83833428617688	0.044076608570231	NA	NA	LOC124903196	Intergenic
chr13	97295552	97295888	44.8306014182056	0.0774003572988789	3.09573414265253	0.0250022623817947	NA	NA	NA	NA
chr13	97313340	97313844	45.5159568479508	-23.1337619713702	4.24762312171145	-5.44628402956078	NA	NA	LOC101927385	Intron
chr13	98300704	98301434	62.0755672302163	-0.580747805453814	3.75825900637104	-0.154525753671933	NA	NA	LOC105370327	Intron
chr13	98857490	98858271	13.9500733407372	-22.1257916131818	4.2484318924962	-5.20799018862972	NA	NA	DOCK9-AS1	UTR
chr13	99261621	99262294	48.217210329251	1.82565487642101	3.68358998423647	0.495618373443762	NA	NA	LOC124903198	Promoter
chr13	99500350	99500901	32.5396577975428	-23.1586045549506	4.03441884711024	-5.74025787420128	NA	NA	LINC01232	Promoter
chr13	100014557	100014835	11.9969897973804	2.02920176539196	4.09062456634232	0.496061599514227	NA	NA	LINC00554	Intergenic
chr13	100098192	100098779	18.1996204875571	-3.3610581124324	4.02040998901439	-0.835998846290891	NA	NA	PCCA-DT	Intron
chr13	100278616	100279003	23.8219561826561	-7.09203753730634	4.13960034733119	-1.71321792981262	NA	NA	NA	NA
chr13	100353824	100354233	3.43892893081155	0.155506625603334	4.10422292043267	0.0378894199019141	0.969775848688396	NA	NA	NA
chr13	100404969	100405537	25.2464954707458	-8.26530578373884	3.89043861738611	-2.12451772065025	NA	NA	LOC105370335	Intron
chr13	100886618	100887481	25.3436443574089	-5.83706193694005	3.72510711173076	-1.56695143572074	NA	NA	NALCN-AS1	Intron
chr13	100901383	100901916	66.0364142690715	-4.41656867564848	3.81638500401959	-1.15726496959734	NA	NA	NA	NA
chr13	101445359	101445946	2.73682101040616	6.12039639554153	4.25506436399954	1.43837927513479	0.150326469725169	NA	ITGBL1	Intergenic
chr13	102775588	102775915	35.9265863696776	-0.57778146734748	3.26993719008036	-0.176694974172664	NA	NA	TEX30	Promoter
chr13	103366729	103367068	62.3866882216731	-7.46654558094905	3.47085758141724	-2.15121058868116	NA	NA	LOC105370339	Intron
chr13	104232038	104232454	11.0793701147091	0.913463802941195	4.08834757593453	0.22343105276033	NA	NA	LOC105370340	Intergenic
chr13	104750251	104750598	83.1605556550571	-5.84457783338219	3.62058323054399	-1.61426418375806	NA	NA	LOC107984624	Intergenic
chr13	106001515	106002153	62.3304941270855	18.9166685976885	4.25409452238377	4.4466968230618	NA	NA	LOC124903244	Intron
chr13	107298096	107298467	109.036800296736	4.9102974805589	2.99486439084121	1.63957256147404	NA	NA	SNORD31B	Intron
chr13	107431399	107431932	103.36145380774	-4.94824630434001	3.61001143455414	-1.37070100581306	NA	NA	MIR1267	Intron
chr13	107759343	107759927	101.615533609877	2.4006555430007	3.57847537448409	0.670859875163119	NA	NA	NALF1-IT1	Intron
chr13	108167821	108168425	23.2772470048082	5.74731823828978	3.66494666160193	1.56818605261165	NA	NA	LIG4	Intergenic
chr13	109588224	109588579	122.778076042716	1.14431483916626	2.9572544117057	0.386951773454702	NA	NA	LOC101927627	Promoter
chr13	109978621	109979138	68.7511349101052	8.46305522801775	3.4808198856319	2.43133959988894	NA	NA	LINC00396	Intron
chr13	110068030	110068465	55.2698352400444	5.87203064797625	3.21289359177679	1.82764554139152	NA	NA	NA	NA
chr13	110155945	110157459	79.7087821170905	-7.48234756553467	3.29732263874416	-2.26921911662986	NA	NA	LOC101927712	Intron
chr13	111565229	111565794	24.3401753957697	-0.654258890116857	3.67535637883823	-0.178012367422086	0.858713263069339	1	LOC102724489	Intergenic
chr13	111639149	111639607	39.1090028488252	1.17348977942301	3.96273264980578	0.296131453501038	NA	NA	LINC02337	Intron
chr13	111953431	111953695	58.2445917671556	0.493221375642095	2.41527707176962	0.204209024880413	NA	NA	NA	NA
chr13	111954297	111954855	80.3235499667757	13.2972037028966	4.40735632387818	3.0170475735885	NA	NA	LOC105378193	Intergenic
chr13	112446415	112446901	60.6870026361567	-7.74305542917325	3.44356669394818	-2.24855683578921	NA	NA	LOC105370372	Intron
chr13	113062334	113062852	52.6333355656724	-8.19152304420327	3.43895474097846	-2.3819804740648	NA	NA	F7	Intron
chr13	113490928	113491287	30.4000501029009	-2.4923599294885	2.95002778651069	-0.84485981484143	NA	NA	SLC9D1	Promoter
chr14	19873135	19873735	46.8072464050713	-1.46810485254547	3.07799080007789	-0.476968564203739	NA	NA	OR4M1	Intergenic
chr14	19910670	19911222	3.3031663906469	-2.77113398356807	4.14051133674989	-0.669273371859256	NA	NA	NA	NA
chr14	20429021	20430163	28.4700139430758	-7.36811376127098	3.12916383420464	-2.35465899251766	NA	NA	RNASE9	UTR
chr14	21057895	21058379	49.6815494264813	7.09384123955992	4.12437610730503	1.71997922958467	NA	NA	RNASE8	Promoter
chr14	21192488	21193303	24.7044888297438	-6.81551057373359	3.83296533717513	-1.77812997880032	NA	NA	LINC00641	Intergenic
chr14	21366501	21366975	13.1421587067988	-4.47828081855447	4.12254929794216	-1.0862892096378	NA	NA	SUPT16H	Exon
chr14	21810121	21810633	50.4923886850367	-21.8905523607834	3.63795260690811	-6.01727255028432	NA	NA	OR4E1	Intergenic
chr14	21902802	21903288	68.2714918665739	18.3182223837189	3.55711695509114	5.14973857058617	NA	NA	NA	NA
chr14	22011063	22011665	18.8142435000966	6.22046134042023	4.16562258730296	1.49328490761034	NA	NA	NA	NA
chr14	22177392	22177601	23.8659387732715	-6.90317732338606	3.4628573286535	-1.99349169434893	NA	NA	TRD-AS1	Exon
chr14	23611948	23612248	29.3574373020276	-0.454289207243537	3.97692638572214	-0.114231233666913	NA	NA	DHRS2	Intron
chr14	24670332	24671110	6.51234334084478	-2.66407308532317	4.30343685186196	-0.619057087864671	NA	NA	GZMB	Intergenic
chr14	24866784	24867420	23.5354710767904	9.21278204793408	4.05175908591653	2.27377340374375	0.0229796141369795	0.0663065027110369	LOC124903294	Intron
chr14	26340956	26341368	22.7375296002154	-5.85386483277036	4.25327098908181	-1.37632068302191	NA	NA	LOC105370418	Intergenic
chr14	26495543	26495867	14.0802985115524	-0.655381139462122	3.68410169768625	-0.177894421284224	0.858805892137459	1	NA	NA
chr14	28146897	28147336	26.9605732021284	21.8105290708888	4.2480380697808	5.13425932456727	NA	NA	MIR3171HG	Intergenic
chr14	32028144	32028558	93.0975412988157	-0.515903286349934	2.92170170320988	-0.17657630338619	0.859841208738546	1	ARHGAP5	Intron
chr14	32300564	32300782	58.5546745990329	-1.64980305898966	2.81480706851533	-0.586115857617143	NA	NA	AKAP6	Intergenic
chr14	33060764	33061206	25.5492203978872	6.80091124236966	3.67471299519094	1.85073262898897	NA	NA	NA	NA
chr14	33220846	33221320	26.8950050265606	6.67528385234031	4.1347091754646	1.61445063463024	NA	NA	NPAS3	Intron
chr14	33822619	33822835	37.5054014297303	2.87484254965451	4.28612686739101	0.670732024179313	NA	NA	EGLN3	Intergenic
chr14	33939416	33939758	17.6567793350661	8.61869757476853	4.01596283238454	2.14610989555674	NA	NA	NA	NA
chr14	34111976	34112802	62.6166803175019	-0.321026137971929	2.97135319645016	-0.108040383201652	0.913963658514073	1	EGLN3-AS1	Intron
chr14	34797891	34798219	21.1799491902123	-5.89819520914594	4.17762002361683	-1.41185535683054	NA	NA	BAZ1A-AS1	Intron
chr14	37839244	37840011	14.3364170394698	-3.23402131251278	3.57259639697565	-0.905229965313325	NA	NA	LINC00517	Intron
chr14	38089821	38090388	11.3373524621553	7.14513549477406	4.25098418534965	1.68081911934621	NA	NA	NA	NA
chr14	38171485	38171677	58.4021479941458	2.03300299183212	2.74945819527165	0.739419495567654	NA	NA	LOC105370456	Intron
chr14	38734810	38735395	34.0351719781749	-23.4129465308796	4.05204606683577	-5.77805536874428	NA	NA	LOC105370457	Intron
chr14	39157333	39157721	91.1986038551551	-8.47669270933048	3.72612669000055	-2.27493411109144	NA	NA	TRAPPC6B	Exon
chr14	39504887	39505698	19.5903907213365	0.914977596612578	4.08491663876904	0.223989294647711	NA	NA	NA	NA
chr14	39697312	39697713	36.5478166392328	-1.1639436294416	3.4417903364267	-0.338179701744999	NA	NA	NA	NA
chr14	39727562	39727750	36.8678231323054	0.347105217151196	3.37008600016024	0.10299595236878	NA	NA	LOC105370462	Intron
chr14	40284896	40285523	24.0144110719217	7.20523067676856	3.93143442355322	1.83272309811453	NA	NA	NA	NA
chr14	40345208	40345711	4.16981086089639	6.72699419641428	4.25231077974742	1.58196203072764	0.11365823862479	NA	NA	NA
chr14	40434927	40435255	31.0953526171113	0.507701899097976	3.95800518216358	0.128272166339219	NA	NA	LOC105370463	Intergenic
chr14	40522889	40523255	51.9056179813388	1.33385591848907	3.19975162420129	0.416862330313537	NA	NA	LOC105370466	Intergenic
chr14	41071903	41072176	57.5809812503455	21.344959778632	4.24835018769412	5.02429386364154	NA	NA	LINC02315	Intron
chr14	42139562	42140058	25.4125545287222	4.29998150384955	3.57091030153506	1.20416956483087	NA	NA	NA	NA
chr14	42356952	42357344	7.36458503747052	3.38262108712284	4.2744489989927	0.791358392138958	NA	NA	LOC124903305	Intergenic
chr14	42988506	42988843	40.5901773912609	0.380059376763158	3.32615699014597	0.114263811927434	NA	NA	NA	NA
chr14	43305340	43306063	37.182224262802	-4.93808598501904	3.39328668604777	-1.45525163120553	NA	NA	LOC105370470	Promoter
chr14	43424193	43424855	38.4220186738205	2.94665924479091	3.53217737033921	0.834233090765748	NA	NA	NA	NA
chr14	45822339	45822726	60.1854066912111	7.73986042143001	3.70857602309984	2.08701678844394	NA	NA	LINC00871	Intergenic
chr14	46442913	46443425	79.6404756962271	7.66172937737687	3.56937446675578	2.14651879446559	NA	NA	LOC105370480	Intron
chr14	47339133	47339631	35.7602066592173	-6.8554067494258	3.35704766767254	-2.04209395518613	0.0411422123924841	0.0919533380091011	MDGA2	Intron
chr14	49179849	49180096	71.1102091199093	1.60341583038664	2.7339563997562	0.586481858499874	NA	NA	NA	NA
chr14	49285226	49285665	71.7451804540903	6.32593288395954	3.23037325281475	1.9582668592391	NA	NA	LOC105378178	Intergenic
chr14	49710328	49710818	35.4241838052647	5.807265683482	3.3997705024328	1.70813461653557	NA	NA	KLHDC1	UTR
chr14	50713856	50715039	101.063899321167	11.3162105825428	3.06592588849988	3.69096024955767	0.000223409052628057	0.022044345541812	SAV1	Intergenic
chr14	51682888	51683343	28.3859059028256	-7.62638663125843	4.13321098133127	-1.84514815858784	NA	NA	FRMD6-AS1	Intron
chr14	52141308	52141530	61.350879515533	0.90285515438755	2.78122348585791	0.324625172690519	NA	NA	LINC02319	Intergenic
chr14	52572380	52573445	12.2116019186875	-0.654302173101217	4.1990340510424	-0.155822068872909	0.876173274661004	1	GPR137C	Intron
chr14	53488183	53488612	30.1031480422074	0.896667369660299	2.79001867809076	0.321384002444707	0.7479194048303	1	NA	NA
chr14	53525938	53526589	79.8937926793086	-8.67066422342764	3.54713109730536	-2.44441606063403	0.0145086838236587	0.0545245698534271	NA	NA
chr14	53649859	53650869	123.208513643279	9.04361861124558	3.04529275327326	2.96970417754581	NA	NA	LOC124903316	Intron
chr14	54360003	54360363	41.9974656710391	-4.37171376677954	3.10833580349757	-1.4064483515135	NA	NA	CDKN3	Intron
chr14	54559567	54560102	44.6823657207818	1.69179275796483	3.16735074890259	0.534134957598552	NA	NA	SAMD4A	Intergenic
chr14	55317346	55317909	23.7416741277028	21.6745093732548	4.24799306285954	5.10229396623935	NA	NA	FBXO34-AS1	Intron
chr14	55404333	55404995	41.3635706799828	-0.654263244734065	3.64932811063803	-0.17928320635978	0.857715332595337	1	ATG14	Intron
chr14	55530426	55531005	45.5306548574202	-3.91463307106934	3.59196246260184	-1.08983128633081	NA	NA	KTN1	Intron
chr14	55844804	55845393	29.6986139470774	6.20045400812076	3.84957938100921	1.61068350446516	NA	NA	LOC102723670	Intron
chr14	56388194	56389138	135.296689525796	8.52611005342386	3.53581254763688	2.41135805095838	NA	NA	LINC02284	Intron
chr14	56429241	56429918	17.2337511409867	-7.17708713672813	3.90664722429226	-1.83714748854201	NA	NA	TMEM260	Intergenic
chr14	56533661	56534482	120.577172090439	-10.1819533834236	3.63531700688782	-2.80084332786712	NA	NA	LOC101927690	Intron
chr14	56548729	56549582	10.8607117495652	-21.8047340885952	4.24879285820649	-5.13198332238759	NA	NA	NA	NA
chr14	56552161	56552505	31.69165845962	21.9973575064404	4.24787909362676	5.17843305367233	NA	NA	NA	NA
chr14	57268257	57268801	32.7642415168936	6.60923661104191	3.17316427650994	2.0828535919077	NA	NA	EXOC5	Promoter
chr14	57997543	57998189	31.7907048110917	5.02179745130107	3.55633502906994	1.41207096920067	NA	NA	SLC35F4	Intergenic
chr14	58593423	58593890	48.0273737001149	0.304603656969585	3.44711497985658	0.0883648090503373	NA	NA	DACT1	Intergenic
chr14	59702268	59702810	93.5078913689704	-8.14107370673893	3.82375503494156	-2.12907825745782	NA	NA	MIR5586	Intron
chr14	59823296	59823826	12.2868050289211	19.3759886516654	4.25164142529683	4.55729604485936	NA	NA	RTN1	Intron
chr14	60656513	60657118	36.5298924830528	-0.178943731927111	4.08272515610825	-0.0438294827804877	NA	NA	SIX1	Promoter
chr14	60706829	60707464	40.484993218436	3.13816005459352	3.97637862718952	0.789200513536497	NA	NA	SIX4	Intron
chr14	62497643	62497935	77.0596350260071	9.04035225666559	3.68970911521536	2.4501531081097	0.0142795480900808	0.0543205666120626	LOC105370528	Intron
chr14	63437941	63438587	32.6826848473596	2.12744429927657	3.97945711984562	0.534606664981255	NA	NA	PPP2R5E	Intron
chr14	64739345	64740735	51.8501280829831	-23.1718724469249	3.92107857155838	-5.90956595845912	NA	NA	PLEKHG3	Intron
chr14	68461693	68462074	54.1555771188332	3.07065146383131	3.52200539019805	0.871847462919028	0.383291597814525	0.655463796629609	LOC124903335	Intron
chr14	68506100	68506647	46.8998029480664	-7.07166626555682	3.65678717428406	-1.93384682469013	NA	NA	NA	NA
chr14	69005784	69006664	51.4043497798817	-5.89015168816172	3.68726919895775	-1.59742925464369	NA	NA	ACTN1	Intergenic
chr14	69241268	69241812	21.3615567913644	1.14529966274374	3.37870065889832	0.338976363510457	0.734627536312062	1	GALNT16	UTR
chr14	69624741	69625417	2.51295245273169	5.7409530956935	4.25747555999308	1.34844064629295	0.177516698193951	NA	NA	NA
chr14	69627745	69628417	22.4908355471526	-18.559481339141	4.26653652676863	-4.35001112089329	NA	NA	SUSD6	Intron
chr14	69829149	69829542	67.1392916457617	8.12150417756926	3.54031664021503	2.29400502918744	NA	NA	LOC100506358	Intergenic
chr14	71532573	71532876	43.4377354527048	-6.9955902605232	3.26236906400921	-2.14432828514078	NA	NA	SNORD56B	Intron
chr14	72579699	72580372	39.6663396999153	0.373449306306667	3.52913732210027	0.105818865128325	NA	NA	NA	NA
chr14	72621683	72622189	46.2870757095028	9.29998265540948	4.03982107759643	2.30207785859236	NA	NA	MIR7843	Intron
chr14	72709050	72709593	38.0264401035707	-3.20990640503538	3.51124406506224	-0.914179232647127	NA	NA	NA	NA
chr14	72748747	72749220	19.5458697573815	-8.08815578682382	3.83546533206303	-2.10878083532914	NA	NA	DPF3	Intron
chr14	72890387	72890673	50.9301122419328	7.93649577884384	3.06999660270356	2.58518063891492	0.00973279911727107	0.0492306709468289	NA	NA
chr14	72960976	72961585	84.0307307083929	6.90726725118513	3.11591103315824	2.21677293660854	0.0266386117726863	0.0707327241371613	DCAF4	UTR
chr14	73118648	73119228	13.7983548968291	-6.71591250333321	4.21123145008911	-1.59476214568807	NA	NA	PSEN1	Intron
chr14	76024422	76024854	28.4511493679143	-8.21351921891273	3.75366131748974	-2.18813540279801	0.0286597407762302	0.0730999138957922	TGFB3	Intron
chr14	76324320	76324907	85.5274796621915	0.605544985167968	3.14208637026612	0.192720668310808	NA	NA	NA	NA
chr14	76359898	76360437	48.2845709279185	-0.364610152377128	3.76883093844559	-0.0967435680538927	NA	NA	NA	NA
chr14	76417543	76418153	41.1456460213384	-8.74423018882187	3.30144399409355	-2.64860776207797	NA	NA	ESRRB	Intron
chr14	76528984	76529282	56.8679240182125	-0.395243656797736	2.76284738865229	-0.143056637301467	NA	NA	NA	NA
chr14	76551118	76551802	22.3246272275063	8.21496508597023	3.99281162853474	2.05743867986703	NA	NA	LOC105370577	Intron
chr14	77336309	77336997	44.453491820727	-16.1898899462642	4.2366658394203	-3.82137524173477	NA	NA	GSTZ1	UTR
chr14	77357713	77358226	56.8147155721818	9.62867168957927	3.59295684388807	2.67987401684451	NA	NA	SAMD15	Intron
chr14	77555895	77556500	68.2143806090209	-6.62410092358801	3.28968881034922	-2.01359499498824	NA	NA	ISM2	Intron
chr14	78284315	78285051	10.3605346225391	-1.97391898657162	4.0935274331416	-0.482204900006428	NA	NA	NRXN3	Intron
chr14	79103729	79104851	77.9897954513877	-4.93368142183849	2.84098256521728	-1.73661094659381	NA	NA	NRXN3-AS1	Intron
chr14	79245218	79245847	54.1232579343382	10.4238245202085	4.24744302381819	2.45414110601491	0.0141221554055747	0.0539420034344082	LOC105370586	Intron
chr14	79448601	79449373	108.692871861312	1.25822776384794	2.76730652531355	0.454675964638713	NA	NA	NA	NA
chr14	79497630	79497901	55.6254959518882	10.4590347333868	3.40792875145588	3.06902975272551	0.00214755202364222	0.0372618780973083	NA	NA
chr14	79566152	79566819	82.6520146614552	4.26572040772022	2.6676941295224	1.59902904928757	NA	NA	NRXN3-AS3	Intron
chr14	79896784	79897621	46.0155300574481	-8.91625567714936	3.87050230001162	-2.30364303804253	NA	NA	LOC105370582	Intron
chr14	80137989	80138689	97.9070145186306	-3.47774118767159	3.60260724086315	-0.965340087097134	NA	NA	LOC105370591	Intergenic
chr14	81772409	81772885	8.52305640536495	-7.3115305311648	3.87997565073231	-1.88442691123198	NA	NA	LINC02311	Intron
chr14	84053958	84054182	53.7742806871698	0.362082126297817	2.9859008709812	0.121263947446063	NA	NA	NA	NA
chr14	84495844	84496213	42.1094712845662	-6.7224732198527	2.72570196328186	-2.46632732059912	0.0136506529268415	0.0527900768789056	LOC124903402	Intergenic
chr14	85054620	85055544	41.4173143848953	2.43809752057178	3.20894979996891	0.759780511554094	0.447385793897145	0.749934460273632	LOC105370604	Intergenic
chr14	85341748	85342096	65.8147064683587	8.12168000321373	3.28573815194467	2.4717976989149	NA	NA	LINC02329	Intergenic
chr14	86482115	86483395	35.6713980461523	-8.54843856947174	4.03801786860154	-2.11698879193723	0.0342607990317508	0.0812495284925999	LINC02309	Intergenic
chr14	87617785	87618037	116.380410052592	2.07000906815967	3.23633842547059	0.639614526054602	NA	NA	LINC02330	Intron
chr14	88479029	88479258	97.8425033168064	0.539712237949603	3.2786042245794	0.164616465111412	NA	NA	NA	NA
chr14	88493639	88494637	4.81039057247574	2.13990096042754	4.31154540970755	0.496318780641739	NA	NA	LOC105370614	Intron
chr14	88946679	88947209	117.933591037602	3.78166161922821	3.20703097012804	1.17917839099547	NA	NA	LOC124903356	Intergenic
chr14	89780631	89781060	54.3244104700335	9.67340688366908	4.01226382755463	2.4109598220426	NA	NA	LOC105370616	Intron
chr14	90004408	90004669	56.747426690181	-1.22099161245727	3.45659068078243	-0.353235811010429	NA	NA	TDP1	Intron
chr14	90609934	90610229	86.8000760991892	-20.7255348275897	4.1647202751577	-4.97645302884235	NA	NA	TTC7B-AS1	Intron
chr14	91154055	91154329	146.941189707344	-1.92501807217154	2.69303385028434	-0.714813915899459	0.474724035145341	0.790076429920461	SNORA11B	Intron
chr14	91235705	91236568	26.9181275786696	8.44632686937415	3.78743640860542	2.23009074163814	0.0257414193452058	0.0698304243087222	GPR68	Intron
chr14	92133733	92134043	63.4558553915375	-5.74987854109261	3.34568665944256	-1.71859445500214	NA	NA	CPSF2	Exon
chr14	92470709	92471396	25.2810510672995	8.36031404369698	4.02822015434537	2.07543622825044	0.0379461234823595	0.0868055761304796	RIN3	Intron
chr14	92937986	92938603	16.8249444112881	6.07908001787505	4.25150612269979	1.42986505074458	NA	NA	NA	NA
chr14	92948291	92948808	26.6438656742043	-0.65426387720665	4.17892009178476	-0.156562906884209	0.875589337969743	1	NA	NA
chr14	93092671	93092894	32.8790925502864	-6.56502628820191	3.68296321420966	-1.7825391963929	NA	NA	NA	NA
chr14	93135531	93136259	76.1360988145332	1.5308585397149	3.2166541458833	0.475916424423218	NA	NA	NA	NA
chr14	93321638	93322172	14.2946497110157	-21.789670173408	4.24882072317737	-5.12840423097758	NA	NA	GOLGA5	Intron
chr14	93366501	93367001	8.5246349928762	-7.09150679874809	4.24969134685454	-1.6687110239187	NA	NA	NA	NA
chr14	93486580	93487223	7.64161314859629	-7.29180706171195	4.24934951285562	-1.71598194962592	0.0861653461858815	0.163223785864312	MIR4506	Intron
chr14	93801512	93801927	85.1137476651583	0.984769628903482	2.90472797281414	0.339023012867337	NA	NA	NA	NA
chr14	93997641	93998303	44.125304478764	-2.51137410364361	4.08441381887163	-0.614867693386027	NA	NA	LOC107984663	UTR
chr14	94106628	94107005	47.4994166353202	9.26679378601346	3.43198075786417	2.70012987828652	0.00693124117433551	0.0475345008264353	NA	NA
chr14	94746488	94746977	139.498167033135	0.429429397470187	2.56527069499515	0.167401201872382	0.867054379562652	1	GSC	Intergenic
chr14	94912380	94912828	22.2640037492434	-8.30131597082403	4.0813189171865	-2.03397875521735	NA	NA	LOC124903369	Intergenic
chr14	95373548	95374172	83.1293483213224	6.00954973196809	3.82234398149582	1.57221583433115	NA	NA	LOC105370638	Intergenic
chr14	95844878	95845732	60.1462144680319	0.454842296165096	2.94290935729522	0.154555319564152	NA	NA	TUNAR	Intron
chr14	96514080	96514679	53.9651944160856	-22.2946433605184	4.24828224921685	-5.24791952432734	NA	NA	PAPOLA-DT	Intron
chr14	97304394	97304847	20.502211729979	9.01751038327038	4.05862670797226	2.22181319744373	0.0262959324617318	0.0707327241371613	LINC02325	Intergenic
chr14	99386399	99387022	27.8841171918584	-1.43438362340504	3.71414517196039	-0.386194819263877	NA	NA	LOC105370660	Intergenic
chr14	99526127	99527446	95.5970882372913	-6.42181215681604	3.00143234776023	-2.13958251019991	NA	NA	CCNK	Intron
chr14	100044001	100044874	118.003775193729	-0.682387267352674	3.0586885053449	-0.223097993195527	0.823459240195738	1	LOC124903379	Intron
chr14	102188516	102188756	50.1493158351203	1.66510894668888	3.52046599150489	0.472979699479244	NA	NA	HSP90AA1	Intron
chr14	102592129	102592621	21.3382407692919	0.307512429678057	3.6885941066359	0.0833684652710453	NA	NA	RCOR1	Promoter
chr14	103087837	103088597	36.8375597779631	4.02984154994543	3.63043142679418	1.11001726136553	NA	NA	LBHD2	Exon
chr14	103613253	103613543	97.3118161860694	0.198451668837414	2.89559690261901	0.0685356682962046	NA	NA	LOC105370688	Intron
chr14	103894462	103894981	55.0925817653062	7.75390900172528	3.65320179811213	2.1224967659143	NA	NA	ATP5MJ	Intergenic
chr14	104025116	104025574	18.5950295342254	-8.08804487500961	4.24837586591621	-1.90379691681666	NA	NA	ASPG	Exon
chr14	104177698	104178282	24.9998336091445	-8.99727811379868	4.0436169646177	-2.22505697065927	0.0260774138711369	0.070446810805506	KIF26A-DT	Exon
chr14	104357429	104357625	64.5213713114019	0.770395491985891	2.71171360501792	0.284099135897059	NA	NA	LOC124903394	Intergenic
chr14	104466452	104467171	13.8659883670091	6.33925871337077	4.20468821055145	1.5076643964855	NA	NA	NA	NA
chr14	104580599	104581075	42.1174231857581	-8.69779556057576	4.19533747774744	-2.07320522048819	NA	NA	LINC02280	Intron
chr14	105077112	105077846	30.9465943488005	1.16003242684664	3.25475309921986	0.356411804976754	NA	NA	GPR132	Exon
chr14	105456658	105457191	72.3950889961313	-5.77273705497246	3.00234469293894	-1.92274293772766	NA	NA	CRIP2	Intron
chr14	105605388	105605620	64.5755106137762	0.754493493526367	2.78564437938476	0.270850615071334	NA	NA	MIR8071-1	Intergenic
chr14	105954247	105954451	61.0598791435451	0.43236404821464	2.84666590443315	0.151884366739811	NA	NA	MIR4537	Intergenic
chr14	106510054	106510528	44.8079718447612	6.72317639297437	3.17912619481196	2.11478751738322	NA	NA	LINC00221	Intron
chr14	106578796	106579334	16.8301172000206	-22.1518307271064	4.24842339688681	-5.2141297271216	NA	NA	NA	NA
chr14_GL000225v1_random	95568	96439	30.5767780759954	-0.748117983634558	3.69860993711987	-0.202270041002788	NA	NA	NA	NA
chr15	19845563	19846483	15.8435264795984	-8.28924602875641	3.99876737210168	-2.0729503012824	NA	NA	NA	NA
chr15	19928770	19929356	19.3690595189791	8.93586647694969	3.81868015959556	2.34004056466884	NA	NA	CHEK2P2	Intergenic
chr15	23486025	23486576	59.8443828084411	-10.2574323602775	3.41573696114783	-3.00299246603304	0.00267339049507766	0.0377515142638239	LOC105370729	Exon
chr15	25050124	25050611	43.0926587406047	-8.42407107665444	4.10136187545748	-2.05396922594517	NA	NA	SNORD116-1	Promoter
chr15	25055815	25056766	17.8734232052562	0	4.40735632387931	0	NA	NA	SNORD116-3	Promoter
chr15	25228652	25229831	40.2619254275237	4.79975631709695	4.05873593288128	1.18257417986038	0.236977950532949	0.418301988440736	SNORD115-32	Promoter
chr15	26260666	26261120	18.6275107215612	20.8288438159689	4.24886890403933	4.9022091023254	NA	NA	LOC124903568	Promoter
chr15	26560898	26561447	51.3891941197421	9.38033936676682	3.22354546735083	2.9099447989098	0.00361492596921073	0.0401084643250524	LOC105370740	UTR
chr15	26816999	26817682	11.6863848475774	7.19644294226037	4.24900198697955	1.69367841302801	NA	NA	LOC112268151	Intron
chr15	28180582	28181200	51.991634088009	2.27285910778355	3.90792343578898	0.581602773219295	NA	NA	MIR4509-2	Intron
chr15	28693741	28694043	12.5414228754986	20.9646871759686	4.24885616849881	4.93419554453305	NA	NA	GOLGA6L7	Intergenic
chr15	28984934	28985304	85.2839291817586	-6.01416708990568	3.16939895443665	-1.8975733810623	NA	NA	NA	NA
chr15	31325434	31326561	71.3242470408037	-6.71244042950871	2.80486895437955	-2.39313869513506	NA	NA	LOC105370939	Exon
chr15	31575705	31575910	100.605659887052	1.98503383194646	2.76273985837613	0.718501898008313	NA	NA	NA	NA
chr15	33042913	33043661	109.160468605031	-0.419350476086254	2.97661261927462	-0.140881777282946	0.887963338178487	1	LOC124900367	Intron
chr15	33919933	33921032	65.2013802843006	-4.72307264473854	2.96510818593483	-1.5928837494506	NA	NA	NA	NA
chr15	33922153	33922742	31.2560713052704	-23.2207339601752	3.74761715040473	-6.19613291012596	NA	NA	CHRM5	Intron
chr15	34423664	34424217	0.792029805127043	4.3191389478765	4.27493211367312	1.01034094414318	0.312331971079497	NA	MIR1233-1	Intron
chr15	35308134	35308474	30.9039778189508	8.02299592642808	3.87685620606996	2.06945924738362	NA	NA	MIR3942	Intron
chr15	36633435	36633792	39.8899466137804	1.54689439746934	3.49252697154827	0.442915519356342	NA	NA	CDIN1	Intron
chr15	36736074	36736798	36.8585832311883	7.71434137074561	3.92762044152112	1.96412598559497	NA	NA	CSNK1A1P1	Intron
chr15	38055361	38056766	16.7949639785528	14.6566651260401	3.98081358646427	3.68182654316602	NA	NA	LINC02345	Intron
chr15	39437381	39437930	34.1355107610514	-1.82647732641682	3.6351156907984	-0.502453699352732	NA	NA	LOC124903468	Intergenic
chr15	39675057	39675568	4.284175954735	0	4.40735632388407	0	1	NA	LOC105370785	Intron
chr15	40083588	40084135	18.8759570809307	8.89796665064293	4.11103799455713	2.16440876061557	0.0304329920732897	0.0754349697135798	LOC105370787	Promoter
chr15	40654179	40654811	49.8309670825071	5.95450439261446	3.08432639710317	1.93056882637551	NA	NA	RAD51	Intron
chr15	41554465	41554860	42.7810660506601	15.7533347206226	4.26258380252464	3.69572434242635	NA	NA	TYRO3	Promoter
chr15	41722420	41722871	12.0502441610534	-0.0144471985889628	4.08727763325529	-0.0035346751273797	NA	NA	MIR626	Intron
chr15	41922800	41923028	93.3309149717099	-13.4710136845289	3.86750686990454	-3.48312598727495	NA	NA	EHD4-AS1	Promoter
chr15	42154787	42155876	112.695310356058	-7.77936890628538	3.1514585483757	-2.4684979309961	NA	NA	PLA2G4F	Promoter
chr15	43307154	43308025	74.8132505614715	8.69790890129879	3.86701072786593	2.24925905651647	NA	NA	TGM7	Intergenic
chr15	44259952	44260487	8.30952848318548	4.97472908773336	4.23013065001916	1.17602256273357	NA	NA	GOLM2	Intron
chr15	44577661	44578234	18.0019785068092	-0.540208198156441	3.65039178055759	-0.147986361637579	0.882353531564251	1	EIF3J	Intron
chr15	45242523	45243017	51.6937536948475	0.307500706589686	2.89292778596931	0.106293944868263	0.915349135669924	1	SLC28A2	Exon
chr15	45752579	45753140	55.6902698156771	6.16833885439235	3.56525283627095	1.73012662429969	NA	NA	LOC105370802	Intron
chr15	46406083	46406741	88.231975641375	22.6425169494291	3.57888909570043	6.32668862989668	NA	NA	LOC124900371	Intron
chr15	46666867	46667490	2.72514062056657	-4.56574790212945	4.26222028880112	-1.07121349737034	0.284073444030177	NA	LOC105370803	Intron
chr15	47531669	47532155	73.0799239107716	10.855076646735	3.96693891565639	2.73638613488426	0.00621180884093059	0.0469937533794141	LOC105370804	Intron
chr15	47727081	47727524	43.8484772736904	1.12289457255169	3.63711087000944	0.308732566227428	NA	NA	LOC124900354	Intron
chr15	47945405	47946295	56.7674600920223	-1.30368898633645	3.09314478809898	-0.421476870837877	0.673406897051162	1	LINC01491	Exon
chr15	48016163	48016643	59.4691477259155	8.07965531177715	3.70691411828906	2.17961761561024	NA	NA	LOC102724553	Intron
chr15	48529061	48529833	15.5536644085835	8.62494878124143	4.24845214099168	2.03013909419448	0.0423424026620244	0.0924194830936926	LOC124903488	Promoter
chr15	48944777	48945376	33.7861623059399	-8.36254576764366	3.86403606166597	-2.16419972127231	NA	NA	SHC4	Intron
chr15	49215779	49216260	53.2605010470796	4.95339169984606	3.13479866291356	1.58013073006809	NA	NA	MIR4716	Intron
chr15	50810907	50811385	37.501260923485	22.1337618449227	4.24783829986931	5.21059425581327	NA	NA	SPPL2A	Intergenic
chr15	52203439	52204075	104.59462416595	0.195658402515342	3.07663089079744	0.063595019831784	NA	NA	LOC105370820	Promoter
chr15	52705443	52705876	49.3816950042531	-8.11562948786118	3.9128798150064	-2.07408095100102	NA	NA	ATOSA	Intron
chr15	56563663	56564226	10.6031780378115	-7.11313527532913	4.24965211021783	-1.67381590088901	NA	NA	LOC105370832	Intron
chr15	57028848	57029313	125.851679742826	4.9908247596838	2.8797375943327	1.73308317032277	NA	NA	TCF12	Intron
chr15	58113825	58114540	11.0462000195041	20.1170904437708	4.25000684092101	4.73342542653678	NA	NA	AQP9	Intron
chr15	58357577	58357898	96.0244294171871	6.86500268168789	3.64025101691546	1.88585969752847	NA	NA	LIPC	Intron
chr15	60957412	60958133	23.5903514909911	0.307499377539465	3.71870419811232	0.0826899266942385	NA	NA	RORA-AS4	Intron
chr15	61187360	61187769	74.3359176599004	1.75317608456903	3.45732632171074	0.507090138862428	NA	NA	LOC107984805	Intron
chr15	62945360	62946299	31.0593965534695	6.66455123441758	3.23156515768177	2.0623292148621	0.0391764034135166	0.088837975623838	LOC105370854	Intergenic
chr15	63058009	63058454	81.4599622789916	2.76766939893822	3.15139818696792	0.878235384656709	0.379815993104564	0.650714164657084	TPM1-AS	Intron
chr15	63355277	63355777	60.7822260062642	2.21593562816537	3.50049188881586	0.633035498595307	0.526710461682487	0.861217807522943	LINC02568	Intron
chr15	65613870	65614226	13.0498470703186	-6.8605620976414	4.2484478233042	-1.61483967391781	NA	NA	SLC24A1	Promoter
chr15	66200194	66200554	8.41290567562217	1.51761010226163	4.09247449666352	0.370829458680535	NA	NA	DIS3L	Intron
chr15	66851603	66852220	24.2997389881755	8.29823673085679	3.72136723106102	2.22988923576103	0.0257547971841397	0.0698304243087222	SMASR	Intergenic
chr15	67374340	67374828	28.8036913185678	14.4771454468317	4.13676741952545	3.49962760258164	NA	NA	AAGAB	Intron
chr15	68180910	68181395	36.1349455997503	-6.77044554639707	3.29964430686575	-2.0518713281639	NA	NA	CALML4	Exon
chr15	68486025	68486333	32.3940620313144	16.1159625934035	3.77117085838133	4.27346391839718	NA	NA	LOC105370873	Intron
chr15	68512011	68512272	69.9253962523435	-0.429535880722605	3.48529106230972	-0.123242470440316	NA	NA	NA	NA
chr15	70038687	70039300	19.6104178890096	-8.65149786345609	4.0488530966707	-2.13677741742966	0.0326160997338537	0.0793686813366884	LOC101929129	Intergenic
chr15	70766211	70766558	6.42130533287126	-4.66889170807783	4.26117563634914	-1.09568159271604	NA	NA	UACA	Intergenic
chr15	71170052	71170449	39.5737073894388	-0.691910578602497	3.42447810376068	-0.202048475019495	NA	NA	THSD4-AS1	Intron
chr15	72972608	72972905	80.7189851492038	1.26199269941873	4.08161595303502	0.309189476408316	NA	NA	NEO1	Intron
chr15	73870340	73870858	5.07297644105808	-1.63873115139211	4.10368432979156	-0.399331678485938	NA	NA	LOC102723657	Promoter
chr15	74719504	74720348	27.2456741023198	8.0834138292678	3.82626226702534	2.11261363313501	NA	NA	CYP1A1	UTR
chr15	74756721	74756997	48.1334241522091	-0.263783570134903	3.06831031137349	-0.08597030396734	NA	NA	CYP1A2	Intergenic
chr15	75585582	75586601	91.9516164801185	0.980070417016807	3.57660421557139	0.274022608582156	NA	NA	PTPN9	Intron
chr15	75607541	75607797	60.9305908666171	-0.0558305998127126	2.55958696258297	-0.021812347315745	0.982597644797234	1	SNUPN	Intron
chr15	75973088	75973692	9.85113701819685	0.296819099379009	4.08878081097341	0.072593546365315	NA	NA	FBXO22	Intron
chr15	76989646	76990331	17.9846256382872	-7.52119499465184	4.01297204654506	-1.87422062935304	NA	NA	PSTPIP1	Intergenic
chr15	77784563	77785030	51.2518505514912	20.6595011929338	4.24923328676958	4.86193621264787	NA	NA	NA	NA
chr15	77793940	77794248	88.4473778115012	-6.60287621684681	3.17701184162471	-2.07832911742316	NA	NA	LINGO1	Intron
chr15	77839808	77840261	64.9812848682887	-1.97088765902891	3.3360300670543	-0.590788338058714	NA	NA	NA	NA
chr15	77908123	77908693	65.0874477003269	-23.0308220646731	3.68302369864212	-6.25323754315353	NA	NA	LOC124903533	Intergenic
chr15	78035469	78035938	52.3138536948084	-16.1477934324823	4.30334783310563	-3.75237932389696	NA	NA	TBC1D2B	Intron
chr15	78046729	78047224	49.9913606992255	0.937152959872925	3.1816146017152	0.294552633548924	0.768335650446967	1	NA	NA
chr15	78218387	78218804	49.8301698288787	-4.09584202643724	3.2329884005378	-1.26689041808993	NA	NA	ACSBG1	Intron
chr15	78397993	78398599	71.7470831289858	7.25162585138626	3.59539341128159	2.01692138296527	NA	NA	LOC105370912	Intron
chr15	78579323	78579664	87.0316906168529	5.0414353080436	3.33446398049435	1.51191775875659	NA	NA	CHRNA5	Intron
chr15	80540036	80540244	63.9204372600476	0.395862262972597	2.68885492712797	0.147223362249382	NA	NA	ARNT2-AS3	Intron
chr15	80582914	80583808	16.6132999661326	-5.7762702118194	3.2677909349577	-1.76763762639367	NA	NA	MIR5572	Promoter
chr15	81989345	81989573	62.0315703946004	8.99693670870693	4.21883359193215	2.13256496438071	NA	NA	LINC01418	Intron
chr15	82714857	82715657	49.7124926268017	2.84404639576098	4.01335866050968	0.70864496207269	NA	NA	AP3B2	Exon
chr15	83204901	83205171	58.9634627090877	2.87601771076025	2.82610400974758	1.01766166455322	NA	NA	HDGFL3	Promoter
chr15	83428003	83428347	17.9456659544495	1.68106841449828	4.08639031961478	0.411382242765481	NA	NA	LOC105370934	Intron
chr15	84835122	84835474	46.7694729357776	-1.26953591783699	3.35850984338646	-0.378005715938855	NA	NA	ALPK3	Intron
chr15	84955648	84955913	51.9761136820912	-0.33215671814316	3.11487188842785	-0.106635755832259	NA	NA	PDE8A	Intergenic
chr15	85284181	85284761	17.8795325601084	8.6291889168091	4.040904869212	2.13545955574347	NA	NA	LOC727751	Intron
chr15	85698994	85699664	58.5155628203946	-8.88701270696684	4.1587004328802	-2.13696871183673	NA	NA	MIR1276	Intron
chr15	88142456	88142842	61.4069814030296	-8.46451053344278	3.74500218105952	-2.26021511449375	NA	NA	NTRK3-AS1	Intron
chr15	88404914	88405535	48.5023155422552	-9.21204104521294	3.88028156700048	-2.37406509969688	NA	NA	MRPS11	Intergenic
chr15	89630920	89631492	41.9162828134995	8.19263676486607	3.55219857568818	2.30635663809388	NA	NA	KIF7	UTR
chr15	89652425	89652814	80.5929504665369	7.44964480743647	3.034869342769	2.45468386478854	NA	NA	NA	NA
chr15	90641460	90642116	5.55316186445132	0	4.40735632388398	0	NA	NA	LINC01585	UTR
chr15	90930499	90930826	33.5578929437109	-21.6474633634578	4.24901981499255	-5.09469579009149	NA	NA	UNC45A	Promoter
chr15	92426455	92427380	38.7158069732201	-5.7592923181743	3.84804543194955	-1.49667991712262	NA	NA	ST8SIA2	Intron
chr15	92483504	92484159	4.41576557663604	-5.52759084004652	4.25484726822144	-1.29912791026153	0.193900036211173	NA	C15orf32	Intron
chr15	92586102	92586795	41.5714562952586	8.86603466015277	4.24765412026053	2.08727792073828	NA	NA	LINC00930	Intron
chr15	92825030	92825330	70.8451532243966	0.365886483381191	3.29280364724617	0.111117006228777	NA	NA	CHASERR	Intron
chr15	93088105	93088937	19.8809270357306	-1.47351823784366	2.9872985518676	-0.49326112280356	NA	NA	RGMA	Promoter
chr15	93132212	93133030	8.1533808630353	1.2692206850454	4.4073563238808	0.287977778916641	NA	NA	LOC105370982	Exon
chr15	94461760	94462021	79.045591044822	-15.4641430373369	4.11331306041677	-3.75953466468465	NA	NA	LINC02852	Intron
chr15	94967833	94968452	5.31553174902548	0	4.40735632388503	0	1	1	LOC105370989	Intron
chr15	98590103	98590501	27.1900605291025	1.55639167559682	3.49960780178994	0.44473317118586	NA	NA	IRAIN	Intron
chr15	99168073	99168714	22.1571434043732	-7.85565434297747	3.74348289323464	-2.09848811041036	0.0358620491103353	0.0839784667608856	TTC23-AS1	Intron
chr15	99872458	99873058	10.0894232557936	-0.630199651938426	4.08919837241259	-0.154113250213052	NA	NA	DNM1P46	Intron
chr15	100010164	100010899	6.72610577371984	-2.02436669561712	3.92747240664337	-0.515437534887038	NA	NA	NA	NA
chr15	100033700	100034085	64.0813648491161	9.32521466285903	4.13949129400342	2.25274411770543	NA	NA	LOC105371022	Intron
chr15	100957815	100958382	15.9561529366349	-7.36646130978695	3.27986422349161	-2.24596532290136	0.0247062291538791	0.0691249247723067	ALDH1A3-AS1	Intron
chr15	101153491	101154270	62.3985485809983	2.384005556024	3.68372449904949	0.647172598450059	NA	NA	LOC124903564	Intergenic
chr16	274110	274898	36.6214593643725	8.8887061875039	3.26734825265245	2.72046488472357	NA	NA	RGS11	Promoter
chr16	684176	684652	21.117025798989	-1.17778718049885	2.86374103544016	-0.411275728469567	0.680870364879645	1	JMJD8	Promoter
chr16	725152	725674	195.430531436651	6.31273946712988	3.44499323213482	1.83243885887635	NA	NA	HAGHL	Promoter
chr16	2153483	2154274	47.6441225105987	9.26331016880684	3.23750192118213	2.86125240828412	0.00421970953201302	0.0440377898567808	SNHG19	Promoter
chr16	3523312	3523995	42.6047294382792	-0.654269389622714	4.16768181919284	-0.156986405874292	0.875255561798276	1	C16orf90	Intron
chr16	4224243	4225119	154.268965858882	-5.5047631746951	2.63427263506236	-2.08967101636569	NA	NA	SRL	Intron
chr16	4960050	4960570	64.3040995166468	-0.399607805827266	3.00960922275591	-0.132777306371139	0.894369502319642	1	PPL	Promoter
chr16	5376573	5377304	118.091878494835	8.8494436675846	3.48834612665275	2.53685940164318	NA	NA	RBFOX1	Intron
chr16	5905963	5906642	3.25201570876008	-6.05916722530569	4.25244684332386	-1.42486607088771	0.154195919011586	NA	MIR8065	Exon
chr16	7363411	7363878	20.7709799631004	4.44380881930764	3.81670347265607	1.16430549324681	NA	NA	LOC124903640	Intron
chr16	7785603	7785978	21.0974309625935	0.472774767444017	3.23275646315633	0.146245092332881	NA	NA	LOC124903641	Intron
chr16	8326465	8326688	49.6614878143839	2.96669940518545	3.69550244713425	0.802786481033462	NA	NA	LOC105371069	Intron
chr16	8534527	8534759	58.1531147232058	-0.0559357627277403	2.59879261719145	-0.0215237500513568	NA	NA	TMEM114	Intergenic
chr16	10576622	10577312	36.6104485259873	8.81464439974372	3.49313331021744	2.52342055596928	NA	NA	EMP2	Exon
chr16	11354423	11355087	22.2766031303229	0	4.28413776296967	0	1	1	LOC105371083	Intron
chr16	11671391	11671996	21.0065671262464	-22.14365028845	4.24841580178197	-5.21221352184078	NA	NA	SNN	Promoter
chr16	13218094	13218854	40.675680213175	22.0855997368635	4.24767708863441	5.19945355449885	NA	NA	LOC105371091	Intron
chr16	13464428	13464619	54.7357211393473	0.596637198307915	3.24585076205215	0.183815351365908	NA	NA	LOC107984137	Intron
chr16	14105824	14107319	17.346878775752	-6.54943858391896	3.45777017999691	-1.89412200435045	0.0582088176346196	0.117425580163345	LINC02186	Intron
chr16	15021367	15021885	40.8514539220407	0	4.27999418312611	0	NA	NA	MIR1972-1	Intron
chr16	16048357	16048896	40.7743811635508	5.64812142726709	4.25373385837597	1.32780319956911	NA	NA	LOC105371100	Intron
chr16	16863453	16864137	34.5971715871726	8.7879529635821	4.24779683018064	2.06882610325042	NA	NA	LOC124903652	Exon
chr16	17099272	17100013	8.97244169651049	17.171310244016	4.27143692617229	4.02003132454154	NA	NA	NA	NA
chr16	20105226	20105425	31.5896144439837	-7.49150535189435	3.7455157080173	-2.00012653420695	NA	NA	GPR139	Intergenic
chr16	20385683	20386201	26.4025202469762	14.4124088582277	4.01421076316417	3.59034682246411	NA	NA	PDILT	Exon
chr16	20479636	20480053	39.1739906181894	-0.654268971468434	4.18500413151741	-0.156336517457919	0.875767773441059	1	ACSM2A	Intron
chr16	20978328	20978763	32.4730009323668	9.68330433174083	4.01505021068756	2.411751739982	0.0158760876482932	0.057573983222604	DCUN1D3	Intron
chr16	21059833	21060179	63.4713551391433	8.90898621434824	2.97714491469207	2.9924597121164	0.00276739190791839	0.0384956605698498	LOC107984888	Intron
chr16	22258137	22258376	27.5364073057747	2.76815101636818	3.2472580169676	0.852457982058715	NA	NA	LOC124903666	Intron
chr16	23641275	23641974	48.3880773451838	0.627046935480104	3.00533206016687	0.208644809600603	NA	NA	PALB2	Promoter
chr16	24027857	24028711	15.6653914220449	-5.16757422567827	4.19290625141746	-1.23245641944208	NA	NA	MIR1273H	Intron
chr16	24094663	24095222	17.5317434694045	-8.48275439464976	4.16623738817065	-2.03607082465708	NA	NA	NA	NA
chr16	24829158	24829414	114.936130028442	1.83280952766378	3.31814673801201	0.552359395884301	NA	NA	LINC01567	Intergenic
chr16	25513669	25513874	53.4302200605974	0.0674672443101684	3.41079672788932	0.0197804940290062	NA	NA	LOC105371147	Intron
chr16	26178150	26178436	36.7691493262124	-9.55212489825525	3.39198483196465	-2.81608714998959	0.00486124778034792	0.0453460517836746	LOC102723536	Intergenic
chr16	26441006	26441344	18.2583782104947	7.12544455829704	4.05766003157089	1.7560476981455	0.0790802644816739	0.15165186522	NA	NA
chr16	26641404	26642137	32.5914341463576	-1.83678156415194	4.29218909460298	-0.427935844313458	NA	NA	LINC02195	Exon
chr16	27518678	27518899	24.2200718884054	-0.651643155693942	3.23422818029749	-0.201483358429585	NA	NA	GTF3C1	Intron
chr16	28006352	28006676	104.039473005987	-0.338578391739784	3.79074498468464	-0.0893171113086498	NA	NA	GSG1L	Intron
chr16	28076061	28076562	104.51753998784	4.91682262672069	3.44247031099341	1.42828323341496	NA	NA	NA	NA
chr16	29997950	29998554	10.0795291038339	2.82045126945173	4.09774234765334	0.688293950708473	NA	NA	HIRIP3	Promoter
chr16	30019223	30019613	38.1510612701874	-1.87718161426892	4.0838774829063	-0.459656691986025	NA	NA	C16orf92	Intron
chr16	30698173	30698803	199.51467140794	0.453117864037612	2.12508857847344	0.21322304803083	0.831152991874029	1	SRCAP	Promoter
chr16	30735698	30736065	70.1874670900115	22.4218437817652	3.65285843889465	6.13816389461566	NA	NA	TMEM265	Intron
chr16	31377278	31377690	35.2241675925146	22.0620007695455	4.24793171227653	5.19358649428997	NA	NA	ITGAD	Intron
chr16	31914150	31914612	16.8769141737713	8.74299411848434	4.24834090013571	2.05797847300932	0.0395921999003312	0.0895629376386134	NA	NA
chr16	31976589	31976996	29.5566883356888	13.6297568584559	4.08485793230906	3.33665382843594	NA	NA	ZNF267	Exon
chr16	35616670	35617304	15.1656121964444	4.58642910044379	3.86059611833995	1.18801059728982	NA	NA	TP53TG3HP	Intergenic
chr16	35837144	35837518	18.8169223251455	20.8731722080985	4.24892697971865	4.91257494132805	NA	NA	NA	NA
chr16	35864119	35864577	71.9865411091682	6.19059773194847	2.80221528030001	2.20917992113928	NA	NA	LINC02167	Intron
chr16	46689105	46690179	127.228115566786	-6.02971581472417	2.43762894499783	-2.47359871037695	0.0133759846911012	0.0527900768789056	ORC6	Promoter
chr16	47057188	47057685	43.3664207873247	5.27851979944254	3.61636160526049	1.45962167935978	0.144394077676036	0.261311224066146	DNAJA2-DT	Intergenic
chr16	47805723	47806092	87.4801399545651	-7.52107020869798	3.10159402321876	-2.42490479166348	NA	NA	LOC105371236	Intron
chr16	47902906	47903652	6.47633093467479	0.731603960423359	4.09358440329421	0.178719647220324	NA	NA	LINC02192	Intron
chr16	48004720	48005121	44.1292957866187	-0.210736432942435	3.47914950195395	-0.0605712496183571	NA	NA	LINC02134	Intron
chr16	49465670	49466324	36.9178094867349	1.12631408252505	2.73722987539993	0.411479537267759	NA	NA	NA	NA
chr16	49488689	49489358	5.29142468752169	0	4.40735632392351	0	1	NA	LINC02179	UTR
chr16	50247649	50248104	130.940092641854	0.849984077413226	3.35899153246535	0.253047401042234	NA	NA	ADCY7	Promoter
chr16	50874704	50874982	63.8582547016813	8.65044516154001	3.7402606026815	2.312792096716	NA	NA	LINC02128	Intron
chr16	50897041	50897319	45.1841184154406	-1.57238565357637	3.72898163755348	-0.42166623663183	NA	NA	NA	NA
chr16	51812230	51812567	33.3133999706762	-5.70827073246457	3.86517854911412	-1.47684528927464	NA	NA	LOC105371257	Intergenic
chr16	52432933	52433514	29.5826580530259	18.834058313201	4.07423681999791	4.62272055977607	NA	NA	LOC107984901	Intergenic
chr16	52734400	52735162	14.836482330113	-8.24161649140931	4.10909121072085	-2.00570298121065	0.0448879469601351	0.0961737162456229	CASC16	Intergenic
chr16	52743488	52744694	37.4344028663775	0	4.40735632388051	0	NA	NA	NA	NA
chr16	53438050	53438724	48.005360722093	-8.58215645454117	3.08723490357099	-2.77988449943159	0.00543782356354153	0.0469937533794141	RBL2	Intron
chr16	54018471	54018908	8.61311618527925	0.666094627168523	4.09024374099622	0.162849617124844	NA	NA	LOC105371271	Intron
chr16	54220864	54221805	7.4177328887665	-4.90742442789315	4.25902670716839	-1.15224082056904	NA	NA	LINC02169	Intergenic
chr16	55240468	55240945	81.2934276999018	-0.451531649304923	3.6184443004977	-0.124786126801183	NA	NA	NA	NA
chr16	55245555	55246161	59.7719332894137	1.97621573027945	3.68504370444029	0.536280133638092	NA	NA	IRX6	Intron
chr16	56005925	56006182	76.7532737305403	-7.44418900633981	3.43978896780888	-2.16414119470873	NA	NA	LOC105371281	Intron
chr16	56187990	56188428	24.599206706616	7.96527824325851	4.1240523191222	1.93142026989462	NA	NA	GNAO1	Promoter
chr16	56848045	56848518	66.1143372633589	5.16944253133791	2.73815872978909	1.88792653804116	NA	NA	MIR138-2	UTR
chr16	57669975	57670736	30.1123537480341	0.164382339264343	4.0421228559507	0.0406673288077683	NA	NA	ADGRG3	Promoter
chr16	59720708	59721081	79.6036579658757	7.52345059754828	3.28077269451902	2.29319471297638	NA	NA	APOOP5	Intron
chr16	59729012	59729203	87.292139937682	0.397377481205892	2.728205384163	0.145655266100065	NA	NA	NA	NA
chr16	59966868	59967269	45.3937722795074	8.12395986184959	4.24824113147837	1.91231138026821	NA	NA	LOC105371300	Intron
chr16	62343529	62344001	45.2920180956777	8.50602673039326	3.49188702896348	2.43593983993181	NA	NA	CDH8	Exon
chr16	62869873	62870453	13.9826395786055	18.2920726474813	4.25897201455464	4.29495018632895	NA	NA	LOC102723560	Intron
chr16	63180557	63181241	93.7497184174986	-0.859405868410612	2.85616007926335	-0.30089555366668	0.763494140955826	1	LOC105371307	Exon
chr16	64278004	64278307	17.5554634803365	7.82540537497928	3.46316036324806	2.25961392317389	0.0238452227129068	0.0679625307903031	LOC105371311	Intron
chr16	65949782	65950258	83.5368000322441	1.07199990229886	3.77382784168666	0.284061686772586	NA	NA	LOC105371316	Intergenic
chr16	66552201	66552831	81.5786341076175	-1.53942849740356	3.60278038393155	-0.427289019411072	0.669168829666558	1	CKLF-CMTM1	Promoter
chr16	66722122	66722832	4.06768246782743	6.27163827914057	4.25426600510873	1.47419984354746	0.140427791989952	NA	CMTM4	UTR
chr16	67394023	67394477	21.3916021633266	9.08448228705875	4.24806589425624	2.1384984398057	0.0324763106239838	0.0792353966009239	TPPP3	Promoter
chr16	67575390	67575986	13.6556212337953	-18.7402551658946	4.26411103578102	-4.39487973193974	NA	NA	LOC124903703	Intron
chr16	68071848	68072158	80.5635575474308	5.43746180698298	2.73276057466753	1.98973223537686	NA	NA	NFATC3	Intron
chr16	68753093	68753565	12.4079548360012	8.28852360592391	4.15079360322708	1.9968527462989	0.0458411817020098	0.0973211420188455	CDH1	Intron
chr16	68963469	68964035	57.9873229734938	-4.89768109041269	3.32364243178282	-1.47358844729442	NA	NA	TANGO6	Intron
chr16	72562584	72563017	54.8817345972082	-22.9689708484943	4.12266966811252	-5.57138279259957	NA	NA	ZFHX3-AS1	Intron
chr16	73053502	73053933	13.3214444667656	-8.093927743278	4.24837048609759	-1.90518406286943	0.0567561491116065	0.115243422596988	HCCAT5	Intron
chr16	73076038	73076323	74.9452562342984	-0.335885191944049	3.00697444184546	-0.111702044177638	NA	NA	NA	NA
chr16	73452290	73452813	16.0991720923984	1.00851817742141	4.08601266813132	0.246822087774545	NA	NA	LOHAN2	Intron
chr16	74037754	74038132	4.94930963824784	-6.03813745669919	4.25252598146206	-1.41989431293803	NA	NA	LOC107984856	Intron
chr16	74216925	74217363	6.46636745062981	-3.39222114488077	4.2811841237475	-0.792355817182517	NA	NA	NA	NA
chr16	74262680	74263285	43.157711810478	-7.71069994078493	4.1157735411827	-1.87345097188442	NA	NA	LOC124903722	Intron
chr16	75043222	75043933	12.1480358603193	-21.9318838724022	3.86417106869405	-5.67570210596664	NA	NA	WDR59	Intron
chr16	75273225	75273965	15.74119350683	-3.86306000000613	4.10424665077138	-0.941234854703501	NA	NA	BCAR1	Intergenic
chr16	75675815	75676171	118.882850344629	0.180052122499446	3.0506153618442	0.0590215747129124	NA	NA	CPHXL2	Promoter
chr16	77063147	77063667	43.2898923278125	14.4072731493453	3.99560742516864	3.60577794970367	NA	NA	LOC124903724	Intron
chr16	77410618	77411088	17.3504103390316	4.69408273096638	4.11013686066361	1.14207455617633	NA	NA	ADAMTS18	Intron
chr16	77599680	77600186	42.6283990969465	0.596208918650425	3.08955710201524	0.192975529813491	NA	NA	LINC02131	Intron
chr16	78312890	78313403	52.1564368682422	-9.09785484901477	4.05261199770211	-2.24493606942223	0.0247722369892172	0.0691249247723067	WWOX-AS1	Intron
chr16	79146723	79147393	23.242280766656	19.2813372903842	4.25287906604224	4.5337139831553	NA	NA	NA	NA
chr16	79253414	79253742	113.025560977009	-0.311103952610879	3.27326901275033	-0.09504380831488	NA	NA	LOC107984806	Intergenic
chr16	79386329	79387013	37.3881637390455	6.47052708460891	3.81147840458439	1.69764233133953	NA	NA	NA	NA
chr16	79405813	79406182	59.9443174792352	8.81879478618968	3.57908323120939	2.46398147695765	NA	NA	LOC124903729	Intergenic
chr16	79545024	79545649	18.5029150102139	20.270515569983	4.10251056136707	4.94100265356254	NA	NA	NA	NA
chr16	79564444	79564941	175.592218292559	-6.46794052046464	3.22117295143829	-2.00794574460109	NA	NA	LOC101928230	Intergenic
chr16	79769132	79769677	79.649017568059	-5.5842291385605	2.49860042584953	-2.23494284271638	0.0254211014119286	0.0698304243087222	MAFTRR	Promoter
chr16	80236295	80236792	27.8301647740124	-8.19105506371457	4.05158243940787	-2.02169280428407	0.0432080977189586	0.0938693404989964	LOC105371357	Intron
chr16	81143612	81144072	67.6697390256649	-2.16199268005112	2.89088678957988	-0.747864872413531	NA	NA	BCO1	Intron
chr16	81164481	81165049	44.7484337564509	1.19776552824825	4.00906980184424	0.298763949606779	NA	NA	NA	NA
chr16	81231002	81231282	43.7241160284466	-2.52395378780653	3.17461062868207	-0.79504357636903	NA	NA	NA	NA
chr16	82130067	82130636	20.8494799118239	6.84513406517344	3.67546069589656	1.86238804643337	NA	NA	HSD17B2-AS1	Intron
chr16	82331085	82331507	29.3946381600593	-7.5908864941783	3.44929715056884	-2.20070529235977	NA	NA	MPHOSPH6	Intergenic
chr16	82632175	82632937	62.2314180944718	1.26928036410124	3.66045028684519	0.346755252670073	0.72877519685944	1	CDH13	Intron
chr16	82841125	82841524	111.534943633316	6.14070745640794	3.04722953516996	2.01517719145677	NA	NA	LOC101928446	Intron
chr16	82934388	82934734	41.4048653588852	13.9021723254946	3.87051886129429	3.5918110268156	NA	NA	NA	NA
chr16	83187565	83187921	86.9519003620014	-0.651662642944096	3.23579098568585	-0.201392069459014	0.840392015833372	1	LOC101928417	Intron
chr16	83384044	83384657	20.1850745460194	-19.1973389406354	3.82918324894937	-5.0134291551345	NA	NA	CDH13-AS1	Intron
chr16	83477045	83477744	2.50321915470401	-1.303984010272	4.12507298342983	-0.316111742873404	0.751917693893794	NA	MIR3182	Intron
chr16	83953138	83953638	8.09976200906935	5.84782527470743	4.02214522583802	1.4539070437192	NA	NA	NECAB2	UTR
chr16	84280723	84281479	35.6294275872408	5.59475847958572	3.54673162015051	1.5774406069519	NA	NA	WFDC1	Exon
chr16	84868479	84868733	52.6126300901876	-6.78571628269509	3.40766715677246	-1.99130841438226	NA	NA	CRISPLD2	Intron
chr16	85781308	85781697	28.610396323879	-5.36312615860734	4.15831866604595	-1.28973428669598	NA	NA	LOC101928557	Exon
chr16	86221765	86222647	50.4683217332431	-1.4224343432164	3.51246667720808	-0.404967355974188	NA	NA	LOC124903743	Exon
chr16	86725466	86725976	39.1930115906227	-6.35914618717012	3.21292240751582	-1.9792405108491	NA	NA	LINC02189	Intron
chr16	87124685	87125461	25.8394706194389	3.68137277067619	4.09119929047947	0.899827290067002	NA	NA	LINC02181	Intron
chr16	87135621	87136348	30.9227900520609	-9.29351329738483	3.59346121326127	-2.58622891575625	NA	NA	LOC101928708	Intron
chr16	87166537	87167259	1.91964597258947	0	4.40735632389543	0	1	NA	NA	NA
chr16	87609837	87610060	22.6623273370458	2.76588274914875	3.54611280516733	0.779975962726949	NA	NA	LOC124903750	Intron
chr16	87846769	87847390	41.3045620794687	-15.2245164714478	4.24081409368382	-3.58999855573081	NA	NA	MIR6775	Intron
chr16	89133272	89133829	20.1349585119133	-8.39470016208341	4.24812270842807	-1.97609644030026	NA	NA	LINC00304	Intron
chr16	89179174	89179616	39.251973773442	-21.0974514919698	4.25001293984971	-4.96409111938277	NA	NA	CDH15	Exon
chr17	1522453	1522997	27.8841008682501	-9.14619427843022	3.73738900370648	-2.44721495925622	0.0143964948416443	0.0545245698534271	PITPNA-AS1	Intron
chr17	2296936	2297581	25.8342577969674	-8.18424740387667	4.24829058388154	-1.92648013178019	NA	NA	SRR	Exon
chr17	2389409	2389712	67.1322451719946	-1.26424205179803	3.74493157755813	-0.337587490082363	NA	NA	MNT	Exon
chr17	3073685	3074284	23.0533580237113	1.57625720711972	4.08493729743416	0.385870600292886	NA	NA	OR1D5	Intergenic
chr17	4116016	4116618	142.915374299189	3.81538570147444	3.5371953513594	1.07864715473182	NA	NA	ZZEF1	Intron
chr17	4405115	4406010	11.7789519732637	-21.2959002474652	4.24956593090046	-5.01131188308278	NA	NA	SPNS3	Intergenic
chr17	4574346	4575182	20.3481433040966	-1.61770882459397	3.75959936226967	-0.430287556921319	NA	NA	SMTNL2	Intergenic
chr17	4617944	4618233	94.8131037040461	-0.689842526548747	3.39716203146588	-0.20306435788436	NA	NA	LINC01996	Intron
chr17	5536399	5537164	41.9536326196114	-4.28919236309797	2.92101810156198	-1.46838951829993	0.141998447126242	0.258481548284488	SMIM48	UTR
chr17	7329381	7330725	132.485299784144	-5.30921085147013	2.24938743726219	-2.3602918570276	0.0182605623936474	0.0599255075735189	CTDNEP1	UTR
chr17	7786069	7787130	46.4634031863931	-1.50466917459356	3.2088160542159	-0.468917242113848	0.639128791358558	0.986205353553271	RPL29P2	UTR
chr17	8618005	8618750	11.0983583782964	5.83526824957048	4.14742870025569	1.40696047389814	0.159439109671079	0.286314547617429	MYH10	Intron
chr17	8633177	8634156	33.490057461092	7.93201590682108	3.87989420030122	2.04438974294847	NA	NA	NA	NA
chr17	9078229	9078980	36.7684181614855	2.55957262153532	3.28334123240376	0.779563389962194	NA	NA	NTN1	Intron
chr17	9817013	9817343	23.56784411579	-7.3301593045212	4.24849494071123	-1.72535436826814	NA	NA	GSG1L2	Intron
chr17	12500691	12501181	56.144928718056	16.1936513145619	3.48275059750051	4.64967297003227	NA	NA	LINC00670	Intergenic
chr17	13173237	13173706	48.5102069063506	-0.895630734296862	3.97522569510794	-0.22530311559393	NA	NA	LINC02093	Intron
chr17	14618424	14619008	43.061784923904	-15.0195070175938	4.40735632387844	-3.40782680452231	NA	NA	LOC105371545	Intergenic
chr17	14766925	14767300	27.430261982133	2.44197917798659	3.89396515653044	0.627118908316688	NA	NA	NA	NA
chr17	16073610	16075176	63.3705076885684	7.36658876475263	4.0997105878396	1.79685580406654	NA	NA	TTC19	Intron
chr17	16362964	16364310	74.9612330484019	-6.14559381212438	3.59030119845728	-1.71172095944627	NA	NA	CENPV	Intergenic
chr17	16729334	16729814	19.9698877744565	-0.656989950765598	3.65893144884376	-0.179557873644561	NA	NA	CCDC144A	Intron
chr17	16944269	16945060	19.5863334139372	2.22423922250981	4.08717020209401	0.54420029324207	NA	NA	TBC1D27P	Intron
chr17	17141376	17142032	24.6686554155512	-5.01761941360475	4.09369691581508	-1.22569391842867	NA	NA	PLD6	Exon
chr17	17236658	17237253	41.9689882203012	0.74588523080938	2.27522167367832	0.327829696525138	0.743040432455681	1	FLCN	Promoter
chr17	17388137	17388578	61.23384371403	6.02386609754209	3.19474311911647	1.8855556997672	NA	NA	NT5M	Intergenic
chr17	17423159	17423661	123.596903606277	6.08722553025415	2.88986133416713	2.10640747993139	NA	NA	MED9	Exon
chr17	17750594	17751488	10.3198608295297	6.71128601173533	4.25236822749831	1.57824667401478	NA	NA	RAI1-AS1	Intron
chr17	17802409	17803351	2.22861019234106	-5.04492922434639	4.25793969187919	-1.18482871750583	0.236085175730522	NA	MIR6777	Intron
chr17	18290080	18290562	23.7113826708905	-6.85339481213833	4.12241808910563	-1.66246961467831	NA	NA	LLGL1	UTR
chr17	18329887	18330496	46.1457753346419	-0.201826350456415	3.46203329358731	-0.0582970564813041	NA	NA	NA	NA
chr17	18604460	18604819	31.2516375207738	-3.95941241139083	3.84384296657546	-1.03006612023965	NA	NA	LOC107985051	Promoter
chr17	19533815	19534421	47.7143882983169	-6.16955521084955	2.99664603677922	-2.05882013929165	NA	NA	SNORA59B	UTR
chr17	20161929	20162401	31.1430655204368	-6.51255814805666	3.51989145824869	-1.85021561752844	0.0642824788886311	0.127742580648623	LOC100131943	Intron
chr17	20927564	20928175	28.9248918144828	8.24997489467372	4.0882864188122	2.0179542354742	NA	NA	CCDC144NL	Intron
chr17	21255959	21256342	2.54048791970663	4.96976762830476	4.26483269755436	1.16529017214547	0.243901555903456	NA	NA	NA
chr17	21257375	21257925	43.8585854411178	0.336461443761513	3.21514726470846	0.104648843757402	0.916654455741442	1	NATD1	Intergenic
chr17	21648847	21649471	9.36729046780746	-21.7071465386528	4.24892699996629	-5.10885372679385	NA	NA	LOC101930665	Intergenic
chr17	21668658	21669179	8.86230866141054	4.50971724973133	4.05846322600653	1.11118839782339	NA	NA	NA	NA
chr17	21763233	21763786	6.64557423076476	6.14122335583734	4.25494910055591	1.44331300109677	NA	NA	KCNJ18	Intergenic
chr17	22133072	22133386	79.0391308155674	0	4.15413340946587	0	1	1	UBBP4	Intron
chr17	27476357	27476978	49.6897106639269	-1.57646947405306	3.9416597763143	-0.399950671421762	NA	NA	KSR1	Intron
chr17	28192066	28192543	64.7800001939193	8.86724330539046	3.17408244333737	2.79363988292221	0.00521184824435385	0.0469937533794141	NA	NA
chr17	28204295	28205360	56.2797967637299	-23.6036327871348	4.14672379716856	-5.69211597918618	NA	NA	PYY2	Exon
chr17	28435449	28435858	30.009149808345	-0.0564275287332724	4.08319108676634	-0.0138194680420798	NA	NA	SLC46A1	Intergenic
chr17	28679775	28680327	45.097492475791	0	4.14758605841393	0	1	1	SUPT6H	Intron
chr17	28734597	28734864	33.4210687301508	-0.530961016073646	3.18870540114352	-0.166513035629831	NA	NA	TLCD1	Exon
chr17	28975988	28976185	31.5438538672908	-6.00421019691393	4.11981100538009	-1.45739942659335	NA	NA	LOC105371716	Intron
chr17	29464497	29465019	31.4893133714297	-0.331148392736632	3.76821721166016	-0.0878793270493924	NA	NA	MIR4523	Intron
chr17	29576336	29576946	62.6822083282261	-6.55195344633193	3.21513937828171	-2.03784429707478	NA	NA	ABHD15	Exon
chr17	30406910	30407278	60.7510209165341	1.63123342644085	3.29172457563299	0.495555867133011	NA	NA	CPD	Intron
chr17	31079968	31080377	44.3169591225874	0.990645276327811	3.66162103940551	0.270548280574837	NA	NA	NF1	Intron
chr17	32669692	32669950	29.30802010124	-8.25551902687081	3.20786899053228	-2.57352125390288	0.0100669463558094	0.0492306709468289	LOC105371734	Intron
chr17	32679656	32679850	56.8310531147221	0.263622663550228	2.71880246814539	0.0969627866087882	NA	NA	NA	NA
chr17	33802878	33803339	53.5052324402814	9.23008492345745	4.11150263075187	2.24494199624762	NA	NA	NA	NA
chr17	33926066	33926592	15.0937466974334	-4.85893643412477	4.25341535243807	-1.14236114545917	NA	NA	LOC124903983	Intron
chr17	34041281	34041838	56.2620521993541	-9.20415788727986	3.48639493050025	-2.64002158985448	0.00829007458337548	0.0481936630276852	LOC107987247	Exon
chr17	34109573	34110095	58.4164196348828	5.43242597886026	2.88980944257718	1.87985612435937	NA	NA	LOC107985035	Intron
chr17	34670652	34671430	39.4027849966518	0.628607917248405	4.08258182733592	0.153973133628188	NA	NA	TMEM132E	Intergenic
chr17	34731209	34731766	97.9113362009348	-0.0629850674392432	2.63955558415649	-0.0238619970033217	NA	NA	NA	NA
chr17	35167875	35168463	23.6636659669511	0.207716045920122	4.33227467414067	0.0479461856746939	NA	NA	UNC45B	Exon
chr17	35791915	35792166	46.4594128086607	1.02756001416328	2.94098572749082	0.34939306388269	NA	NA	NA	NA
chr17	35801415	35802020	29.4327637498521	-7.70931231326707	3.27882327367901	-2.35124362302602	NA	NA	C17orf50	Intergenic
chr17	35920046	35920338	78.044966659344	6.8148887615339	3.35722572535931	2.02991675836885	NA	NA	NA	NA
chr17	35931981	35932560	92.0070126981362	-8.52944551024427	3.4535161867676	-2.46978587878796	NA	NA	LRRC37A8P	Intron
chr17	36192752	36193300	25.1913963542866	0	4.40735632388359	0	NA	NA	LOC128966706	Promoter
chr17	36734006	36734556	117.332877064578	-0.650100634583442	3.09382289665621	-0.210128587284705	0.833567314103581	1	LOC105371751	Intron
chr17	36748971	36749574	46.8611330778777	8.71798928049508	3.93782671091893	2.2139088183646	NA	NA	NA	NA
chr17	36841420	36841788	24.3670318024449	0.0790175765915564	4.08381120698435	0.0193489788304651	NA	NA	NA	NA
chr17	36922053	36922269	95.6825452840475	-0.537180214362235	3.60884826410719	-0.148850872923894	NA	NA	MIR2909	Exon
chr17	37443794	37444143	36.1173047598047	-4.89448825995501	4.13245801068389	-1.1844012080222	NA	NA	MIR378J	Intron
chr17	38588804	38589344	59.642444180179	0.0230757659650586	3.5743932748255	0.00645585535525192	NA	NA	MIR4734	Intron
chr17	38799521	38800012	6.57052344622847	-0.637343033413648	3.50024450897915	-0.182085289121568	NA	NA	MIR4727	UTR
chr17	39230883	39231330	74.5171568176329	0.150653586658528	3.57655099101552	0.0421225887837131	NA	NA	STAC2	Intergenic
chr17	39444964	39445656	41.1102772208248	-0.654275955488481	3.96200940474329	-0.165137405960013	0.868835831470844	1	MED1	UTR
chr17	40055382	40055835	50.5181400214739	-7.1928260062293	3.72543434969933	-1.93073487036748	NA	NA	THRA	Promoter
chr17	41817920	41818837	199.195303436145	1.36561339113832	2.65873253992658	0.513633233366161	0.607508439882649	0.95480247212585	FKBP10	UTR
chr17	43403519	43403821	62.7006245120914	-1.15152692892053	3.15061242863514	-0.365493044607639	0.714743397840343	1	ARL4D	Intergenic
chr17	44359960	44360483	27.0731831701725	6.12302260377874	3.92713378776274	1.55915813789145	NA	NA	FAM171A2	Exon
chr17	44441602	44441987	62.9040670498003	1.5730198524099	3.39304952898626	0.463600616192559	NA	NA	ITGA2B	Intron
chr17	45268911	45269363	30.3202200244748	-23.104520319296	4.02420256091587	-5.74139098853851	NA	NA	SPATA32	Exon
chr17	45824024	45824728	60.1973316358001	-6.45128260460599	3.18524418496327	-2.02536516197435	NA	NA	LOC105371802	Intron
chr17	49162407	49162793	43.1236403239341	-0.607559062857781	4.02211790563641	-0.151054513346408	NA	NA	B4GALNT2	Intron
chr17	50163930	50164467	46.0060118871397	0.307535971740171	3.39433470870881	0.0906027242838276	0.927808267172711	1	SGCA	Promoter
chr17	50271002	50271764	7.49798833833953	-6.2694180566654	3.99085173826084	-1.5709473736044	0.116194873353983	0.214019015742909	TMEM92	Promoter
chr17	50778747	50779126	36.6278805840386	-0.0158946423647938	3.9656819997246	-0.00400804763616893	NA	NA	MIR8059	Intergenic
chr17	51395949	51396627	65.3633950989731	-0.0733716212038861	2.66585854436577	-0.0275226985913995	NA	NA	NA	NA
chr17	51469750	51470220	10.5270864091566	0.595711107720748	4.08841198241574	0.145707211084133	NA	NA	LINC02073	Intron
chr17	52138586	52138761	65.7060029718217	0.730946707943527	2.66239106071494	0.274545208151069	NA	NA	CA10	Intron
chr17	53953061	53953506	14.2885587208301	-8.17724542517932	3.48560089611259	-2.34600737976032	0.0189757317524726	0.0605663766893987	LOC107985001	Exon
chr17	54597341	54597705	98.2880052608004	6.73689259259971	3.06846622833735	2.19552443836089	NA	NA	NA	NA
chr17	54847818	54848089	19.6656227908566	-8.62317622159114	3.95358842683048	-2.18110113917553	NA	NA	TOM1L1	Intergenic
chr17	56343995	56344699	12.5528380367407	0	4.40735632387981	0	NA	NA	LOC124904035	Intron
chr17	57044526	57045757	61.2535437904601	2.89393267304951	3.10177416208515	0.932992707342717	NA	NA	RNF126P1	Promoter
chr17	57602569	57603321	51.9812882097461	9.39969558588959	3.73289175738504	2.51807343925618	0.0117998714880041	0.0523094634955363	MSI2-AS1	Intron
chr17	57822137	57822401	85.3671105230596	5.92696680035769	2.73357386252547	2.16821168859214	NA	NA	MRPS23	Intron
chr17	58221492	58221909	49.0961963238023	-6.59121807442124	2.52821375469589	-2.60706519066228	0.00913219719467014	0.0491733696628446	MKS1	Promoter
chr17	59851760	59852458	25.2774116572755	-8.04618032233808	3.74717906054062	-2.1472633659458	0.0317723205660936	0.0781314057192593	MIR21	Intergenic
chr17	59964406	59965082	12.2266808025088	4.8103467750215	3.00925753538316	1.59851615172877	NA	NA	RNFT1	Promoter
chr17	61094236	61094476	69.1931116846614	-2.05867619147201	3.32267690271089	-0.6195836224077	NA	NA	BCAS3-AS1	Intron
chr17	62840947	62841346	82.1317904799792	-6.32168134939501	4.11035193796101	-1.53799028521411	NA	NA	MARCHF10-DT	Exon
chr17	63363254	63363444	101.326594577251	0.329293904862314	3.63055217364067	0.090700777488649	NA	NA	LOC105371856	Intron
chr17	63490625	63491006	62.6136714804672	-2.15290886471163	3.19470580494307	-0.673898942863692	NA	NA	ACE	UTR
chr17	63620783	63621988	83.9530040647449	7.42089673374885	3.01613162424989	2.46040215025245	NA	NA	MAP3K3	Promoter
chr17	66587892	66588325	13.3140053084388	-22.0358264473407	4.24852636670337	-5.18669876219676	NA	NA	PRKCA-AS1	Intron
chr17	67056547	67057095	44.7414990294956	2.95571463187327	4.02547640623271	0.734252131573021	NA	NA	CACNG1	UTR
chr17	67871691	67872111	32.001299309445	-19.6621910736329	4.25564970552188	-4.62025599713257	NA	NA	BPTF	Intron
chr17	68794371	68794661	25.8609876492637	3.81872263438585	3.03796204263073	1.2570014308273	NA	NA	LOC105371874	Intron
chr17	69496568	69497167	3.62125263856469	-5.22343801564377	4.25199587494629	-1.22846732905397	0.219271586529627	NA	MAP2K6-AS1	Intron
chr17	72355824	72356374	78.359953859736	-0.617158945082785	3.15856187419092	-0.195392387315785	0.845085775800897	1	LINC02003	Exon
chr17	72503107	72503695	18.1912376876142	-8.52149610638479	3.58830552484576	-2.37479669648561	0.0175586183473014	0.0599255075735189	LINC00673	Intron
chr17	73157629	73158109	24.6786658680306	-0.126811489061789	4.08379870984682	-0.0310523358450608	NA	NA	NA	NA
chr17	73166168	73166861	25.0961820288824	5.50187918679768	4.11493105604812	1.33705258043413	NA	NA	SSTR2	Promoter
chr17	73761832	73762444	33.1599828711264	-8.444483692507	3.66673022227841	-2.30300108832654	0.0212787818600786	0.0645273405790099	NA	NA
chr17	73776329	73776894	35.1113846197134	22.1757592752515	4.24775206060805	5.22058702081521	NA	NA	LINC02092	Exon
chr17	73781939	73782333	27.3331454137939	8.43876615338059	3.7002628597934	2.28058558895239	NA	NA	NA	NA
chr17	73890232	73890757	17.2415198118403	-6.4815819146397	4.1365413727558	-1.56690851863077	NA	NA	LOC107985081	Intron
chr17	73986652	73987227	48.4411246329914	9.07184207311729	3.53823546066262	2.56394526988839	NA	NA	LOC105371888	Intron
chr17	74314240	74314444	51.3232137140447	-1.01560201249325	3.80835730709027	-0.266677186671124	NA	NA	LOC105371891	Promoter
chr17	75053201	75054070	30.6357993371821	7.69930051403125	3.80091310278699	2.02564497156902	NA	NA	ATP5PD	Intron
chr17	75623761	75624351	60.1656421793646	0.342984505228007	2.9715503935281	0.115422745639788	0.908110051033011	1	SMIM5	UTR
chr17	75693019	75693601	21.9398376051118	7.19444520138586	3.14407302165386	2.28825639603033	0.022122594194804	0.0656632413680171	SAP30BP-AS1	UTR
chr17	76723774	76724564	9.40508749178786	-4.953835576018	4.22046505261255	-1.17376533492476	NA	NA	JMJD6	Promoter
chr17	77102935	77103267	122.44515805603	1.23199000819078	2.57915561690734	0.477671839618602	0.632883790384529	0.979259942651742	MIR6516	Intron
chr17	77435589	77435939	62.2372863294861	2.93332830868768	2.94648124630139	0.995536052493044	0.319475618780683	0.55344103476505	LOC112268198	Intron
chr17	78054341	78054899	56.4217547969518	-0.690375593470452	3.62009455912677	-0.190706508405952	0.848755539309112	1	TMC8	Intron
chr17	78784281	78784827	12.3381572986666	0	4.4073563238808	0	NA	NA	CYTH1	Promoter
chr17	79132092	79132723	18.8202881396806	-1.33835372565022	3.50494993013144	-0.381846745981912	NA	NA	LOC124904069	Exon
chr17	79458041	79458916	68.5039145694249	3.13166941478225	3.27624385097777	0.955871893921335	NA	NA	NA	NA
chr17	79572319	79573384	79.6878621727462	0.335707044265479	2.78113395013757	0.120708693031083	NA	NA	MIR4739	Intron
chr17	79924866	79925168	61.30553132362	-10.2916156665469	3.34076180561117	-3.08061941119567	0.00206570505011693	0.0372618780973083	LINC01979	Promoter
chr17	80624740	80625200	56.7958153105704	9.45323274053907	4.14247919537512	2.28202298543663	NA	NA	LOC105371922	Intron
chr17	81266337	81267035	23.4224922347309	1.21713153491868	3.45316947165902	0.352467941381958	NA	NA	NDUFAF8	Intron
chr17	81683340	81683840	45.4483284024418	-2.13530413329708	2.86190215703767	-0.746113604214656	NA	NA	ARL16	Promoter
chr17	82435319	82436397	108.772657582733	8.79702057730135	3.28255818713401	2.67992829853901	NA	NA	HEXD-IT1	UTR
chr17	82587786	82588321	43.4053917061414	7.44179542316404	4.17740205781105	1.7814410296584	NA	NA	FOXK2-AS1	Promoter
chr17	82956966	82957728	14.3394954484704	-2.19589889402218	3.68157070049729	-0.59645707570564	NA	NA	NA	NA
chr17	82973774	82974239	84.5262790845759	16.8293537138573	3.96699514930932	4.24234290197896	NA	NA	LOC124904094	Intron
chr17_GL000205v2_random	1468	2041	87.7506223579016	9.10008355795514	3.36201101718667	2.70673817290762	NA	NA	NA	NA
chr17_GL000205v2_random	5806	6798	195.141468009191	0.590671637428299	2.43971944599864	0.242106377598889	0.80869773658085	1	NA	NA
chr17_GL000205v2_random	44257	44697	90.3801943714428	-1.7677426928604	3.15159068398767	-0.560904911237933	NA	NA	NA	NA
chr18	322776	323180	41.1019265390221	8.56813918041655	4.1235689133766	2.07784551693123	NA	NA	THOC1	Intron
chr18	545116	545436	32.8589632622703	-1.16432586896521	4.08351206237236	-0.285128548950283	NA	NA	LINC01925	Intergenic
chr18	746130	746509	34.7802711247695	22.3417101165759	4.24771362120242	5.2597025385745	NA	NA	ENOSF1	Intron
chr18	815940	816652	22.0913980647841	-0.654264501783483	4.27704855373915	-0.152971025127012	0.878421124930567	1	YES1	Intergenic
chr18	1450740	1451461	4.03385690918705	-3.71960204191464	4.27427815111405	-0.870229290282655	0.384175112120121	NA	LOC105371954	Intergenic
chr18	1811526	1811896	34.2254604557725	-22.7108500320773	4.24789109970664	-5.34638235750575	NA	NA	LOC105371960	Intron
chr18	2474259	2474981	11.0568190561911	20.7083425745842	4.24914871326413	4.87352737501069	NA	NA	LOC105371956	Intron
chr18	2695360	2695657	79.772676769016	8.50456656404404	3.38373401463616	2.51336734130342	0.0119584743583914	0.0523094634955363	CBX3P2	Intron
chr18	2721073	2721710	2.68358016193608	-4.41470579987145	4.26389078739636	-1.03537028033665	0.300496019582048	NA	NA	NA
chr18	3042472	3043261	43.4743063456018	-15.2777840019861	4.40735632388177	-3.46642814405581	NA	NA	LOC124900407	Intron
chr18	3699604	3700209	56.9593373592879	-1.17604925196729	2.72417366045873	-0.431708620135931	0.665953201503176	1	DLGAP1-AS6	Intron
chr18	6079208	6079709	25.7150439719676	-8.0760964163525	3.72846840162595	-2.16606272238504	NA	NA	L3MBTL4-AS1	Intron
chr18	6371262	6371645	52.5125443155433	-2.65160279392311	3.48950322450906	-0.759879737407655	NA	NA	MIR4317	Promoter
chr18	6675255	6675706	36.5849493822773	8.04481230273239	3.68417363185735	2.1836137779089	0.0289906402750663	0.0736220074560266	ARHGAP28	Intergenic
chr18	7556642	7557039	21.727060328021	-4.79437545091325	3.88153987755301	-1.23517356568695	NA	NA	PTPRM	Intron
chr18	7735383	7735962	31.317363863209	17.4149430515949	4.26719125966205	4.08112549728416	NA	NA	LOC124904242	Intron
chr18	7802747	7803240	11.7249141151824	-21.9086035803733	4.24866878120934	-5.15658073353914	NA	NA	NA	NA
chr18	7858928	7859256	7.95245020898891	1.97097226999859	4.09534143671572	0.481271781719676	NA	NA	NA	NA
chr18	8255755	8256302	53.2514993409479	4.74456029768323	3.50756074540257	1.35266660852618	NA	NA	LOC100192426	Intron
chr18	8425330	8426114	60.9612824252361	8.13194926739237	3.10165994186605	2.62180555567286	NA	NA	NA	NA
chr18	8630122	8630484	92.5374278801452	-6.18185487742028	2.91099306224706	-2.12362405036045	NA	NA	RAB12	Intron
chr18	8660800	8661065	25.4134505739519	-22.0352148714693	4.24853154591485	-5.1865484893615	NA	NA	MTCL1	Intergenic
chr18	8732973	8733167	65.4883686296264	-1.43145186221295	2.97560905288874	-0.481061805086018	NA	NA	GACAT2	Intron
chr18	9421563	9422546	115.906861221187	0.21337482635133	3.89589186672076	0.0547691860172011	NA	NA	LOC105371980	Intergenic
chr18	9451019	9451456	23.4795985200651	-14.9842089836837	4.40735632388782	-3.39981791407911	NA	NA	RALBP1	Intergenic
chr18	9499080	9499426	60.2386886311777	6.39701367938092	3.32296559189362	1.92509175989858	0.0542178796574905	0.11154760229753	NA	NA
chr18	9688610	9689063	60.5683062552381	6.96505483493267	3.1419231663881	2.21681259091373	NA	NA	NA	NA
chr18	9790044	9790684	16.5015789086911	-1.45652166142502	4.0871806183738	-0.356363419536017	NA	NA	RAB31	Intron
chr18	9913595	9914416	30.1083216653964	-5.43678994020827	2.67451824442275	-2.03281093765046	NA	NA	LOC124904245	Promoter
chr18	10344241	10345028	69.6381947717479	9.12204425756352	3.60045942785159	2.53357785037081	0.0112904657701449	0.0511552465296046	LOC105371986	Intron
chr18	10713976	10714398	70.8017181464742	1.22408966942718	3.83773057888405	0.318961856301836	NA	NA	MIR6788	Exon
chr18	11061945	11062356	34.2430596268759	-3.49439833951682	4.26759168453187	-0.818822089325571	NA	NA	PIEZO2	Intron
chr18	11296154	11296629	48.1616614787898	0.488502248438076	3.82076021274365	0.127854725561877	NA	NA	LOC105371993	Intergenic
chr18	11983077	11983565	47.3513637855136	-0.727397613684751	3.51728457967548	-0.206806585366449	NA	NA	IMPA2	Promoter
chr18	12193242	12193743	5.85369892319461	5.40927231862787	4.25378510264706	1.27163742128435	NA	NA	C18orf61	Intron
chr18	12284970	12285691	5.75098011497395	1.62328335349231	4.0986159499296	0.396056467188684	NA	NA	TUBB6	Intron
chr18	12567774	12568038	98.5458271029393	-22.8489671316432	3.65097285468739	-6.25832292954686	NA	NA	PSMG2	Intron
chr18	12724109	12724326	102.357737781362	0.990509405850867	2.80139868963543	0.353576736333725	NA	NA	CEP76	Exon
chr18	12984008	12984387	30.3703951222184	21.756773095748	4.24791573607642	5.12175251287907	NA	NA	CEP192	Exon
chr18	12991321	12991592	61.6900275321046	6.06581870243174	2.83990115143986	2.13592599846523	NA	NA	NA	NA
chr18	13163296	13163567	61.7315164507318	7.47319972362693	3.64733213166839	2.04894960311949	NA	NA	LOC124904254	Promoter
chr18	13184567	13185169	20.0585479925298	0	4.40735632387911	0	NA	NA	NA	NA
chr18	13632820	13633500	14.2853902040309	1.27735696993334	4.04953083193344	0.315433323747153	NA	NA	MIR4526	Intron
chr18	13731725	13732230	82.953855382153	1.00562401787973	2.91258312720966	0.345268778248795	0.72989231643484	1	FAM210A	Exon
chr18	13825650	13826495	4.55185964215763	-3.71960407998702	4.2742781127827	-0.87022977490939	NA	NA	MC5R	Promoter
chr18	13868622	13869127	85.5388043199168	8.08143485390553	3.6700171443207	2.20201555908572	NA	NA	NA	NA
chr18	13880477	13881011	56.9641350533897	-7.33966620535895	3.64838142241366	-2.01175956008	NA	NA	MC2R	Intergenic
chr18	14935308	14936000	84.5201850430168	0.30752433123367	3.43554866200932	0.089512436436808	0.928674670412052	1	LINC01443	Intergenic
chr18	15315820	15316382	40.3259560672221	5.46776741994035	3.76542424133944	1.45209864001814	NA	NA	LOC644669	Exon
chr18	21499851	21500397	13.2619873922165	8.13344801855098	4.24902673550752	1.91419083118089	NA	NA	GREB1L-AS1	Exon
chr18	22247193	22247585	13.3189440724573	0.111891796772092	4.08663557210542	0.0273799302134606	NA	NA	NA	NA
chr18	22248745	22249320	39.3940610684414	-7.12181644669347	4.13615200458308	-1.72184591833233	NA	NA	LOC105372018	Intron
chr18	22308650	22308966	46.530489436266	-1.03196565608672	3.39814037273373	-0.303685411105171	NA	NA	LOC101927548	Intron
chr18	22367786	22368245	40.9652362303281	9.20467285806119	3.7479487323894	2.45592283013781	NA	NA	LOC105372019	Intergenic
chr18	22803168	22803682	29.8782180626061	5.75529836789435	3.84397854021263	1.49722437513295	NA	NA	RBBP8	Intron
chr18	22806030	22806650	40.0068786641284	0.307538618923189	3.36126377665951	0.0914949374276205	0.927099328712938	1	NA	NA
chr18	23842143	23842537	51.6022426106673	1.26927663875562	3.657549331151	0.347029260260501	0.728569336651932	1	LINC02958	Exon
chr18	25693542	25693952	67.4962980788697	7.07578570648699	2.92907007702924	2.41571062501293	NA	NA	LOC124904271	Intergenic
chr18	26029993	26030312	115.88276420517	2.55250313006599	3.08783945657538	0.826630777267444	NA	NA	SS18	Intron
chr18	26344781	26345308	42.2393315676432	-0.556717165657254	3.92453716830952	-0.141855495764628	NA	NA	LINC01543	Intron
chr18	26580279	26580680	128.211149974517	-9.45959043197879	3.54172841028606	-2.67089661773776	NA	NA	MIR8057	Intron
chr18	27018499	27018902	94.7334538284127	2.47719399331015	3.16923772091949	0.781637166867824	0.434427837739734	0.730842499591032	AQP4	Intron
chr18	27075551	27075986	24.7712401034308	5.67598675634468	4.25294208098927	1.33460241128522	NA	NA	CHST9	Intron
chr18	27082582	27083156	67.6133085423972	8.36895000773131	2.96319069496084	2.8243035529112	0.00473834850897386	0.0453460517836746	NA	NA
chr18	27245215	27245901	35.8080480216529	3.1237833290764	3.69373902053438	0.845696816074589	NA	NA	LINC01908	Intron
chr18	27585103	27585366	51.1674257972314	-17.7561513855245	3.25624977088696	-5.45294514698359	NA	NA	LOC107985126	Intron
chr18	27984519	27985059	55.775954485036	-8.13015604800469	3.23005885059124	-2.51703031556732	NA	NA	CDH2	Exon
chr18	28252126	28252541	42.753030535653	20.6588444476678	3.84884273754562	5.36754704112483	NA	NA	NA	NA
chr18	28546628	28546963	39.946329564771	9.00527046501152	2.88672214393908	3.11954875321785	0.00181128283748421	0.0372618780973083	NA	NA
chr18	29541326	29541892	49.0968085480263	-8.30364714953021	3.20982165773234	-2.58694969221328	0.0096829728305015	0.0492306709468289	NA	NA
chr18	29759863	29760166	40.7193336523362	20.5317512999254	3.82343720821027	5.36997214334697	NA	NA	LOC105372045	Intron
chr18	30236201	30236612	60.2315570594755	7.99185989035504	3.27161770541899	2.44278537712937	NA	NA	LOC105372046	Intergenic
chr18	30447473	30448047	15.6989881300683	-22.250552631746	4.24831015952199	-5.23750663116593	NA	NA	MIR302F	Intergenic
chr18	30516310	30516955	19.331893790915	-22.6340540124688	4.24800160222748	-5.32816513077595	NA	NA	NA	NA
chr18	30800298	30801259	65.1451528745656	-8.4106654491624	3.88342684152386	-2.16578444564235	NA	NA	DSC3	Intergenic
chr18	31222310	31222909	39.2945813402452	-2.13844853059958	3.25666038435285	-0.65663848182454	0.511413399021238	0.842115349625077	LOC105372049	Promoter
chr18	32092173	32092628	45.8410770441864	-2.98515846808813	2.42590170421155	-1.23053562430236	0.218496595237415	0.387146058481504	LOC124904278	Promoter
chr18	32212441	32212935	20.1714201906026	-8.69236050974708	4.24792342144024	-2.04626111334181	0.0407306874480832	0.0914669654940767	MEP1B	Intron
chr18	32453022	32453555	34.5534932039183	5.69070459623118	4.12575300829517	1.37931296051643	NA	NA	LOC112268208	Intron
chr18	32507928	32508830	26.907707830393	-2.58567842886427	3.56000787393261	-0.726312558968574	NA	NA	WBP11P1	Promoter
chr18	32864383	32864852	18.7882379492579	-22.3805664678571	4.24820077705683	-5.26824593336722	NA	NA	LOC105372058	Intron
chr18	33265203	33265676	14.6655605263373	-2.53471886435149	4.09258062537915	-0.619344881963484	NA	NA	CCDC178	Intron
chr18	33478722	33479287	25.8619380160369	-0.654255635160732	3.94070015119878	-0.166025226497303	NA	NA	NA	NA
chr18	33558714	33559772	104.596938783289	3.61105036788514	3.91512225358356	0.922333999808027	NA	NA	NA	NA
chr18	33831269	33831666	47.2522121590812	-9.16978096039907	3.75835590172129	-2.43983837618982	NA	NA	ASXL3	Intergenic
chr18	34114858	34115618	7.39512877105762	2.97412383240009	4.10573925220268	0.724382053927196	NA	NA	NOL4	Intron
chr18	34279278	34279959	22.1574150030674	-4.50128811880647	4.01146843514281	-1.12210483307622	NA	NA	LOC124904280	Intron
chr18	35194719	35195280	23.6984325110112	6.30925505054031	3.64641787639753	1.73026111224902	NA	NA	ZNF397	Intergenic
chr18	35577582	35578113	18.2888221297113	19.9183522370313	4.25043595900823	4.68619041178989	NA	NA	GALNT1	Intergenic
chr18	36492065	36492592	64.9557389791305	7.12157651256487	4.12002783506196	1.72852631041939	NA	NA	LOC105372071	Intron
chr18	36761610	36762787	73.0134011654583	-8.12278775776378	3.58579618347131	-2.2652675562559	NA	NA	KIAA1328	Intron
chr18	36815195	36815971	94.1439661284394	-1.15034648250812	3.20951282650514	-0.35841778634072	NA	NA	NA	NA
chr18	37185793	37186383	20.3612278349852	-2.49228919081953	4.05042592048965	-0.615315337138233	NA	NA	LOC105372068	Intron
chr18	37406546	37406752	43.4645487334012	2.1882478989503	3.63422366317498	0.60212251687299	NA	NA	NA	NA
chr18	37587289	37587695	65.0634325469845	9.27023714719659	3.86429107857616	2.39894898150693	NA	NA	LOC107985118	Intron
chr18	38064376	38064853	33.8165687472652	6.03326754640209	3.57035081785781	1.68982485312802	NA	NA	NA	NA
chr18	38100883	38101162	49.8138007320971	-8.02583983297786	3.60216218903087	-2.22806176174347	NA	NA	LOC105372073	Intergenic
chr18	38851496	38852216	35.2536631235579	9.02743970625833	3.74523962656926	2.41037706698829	NA	NA	LOC105372076	Intergenic
chr18	39344221	39344679	11.4902580273025	-1.05649888362665	4.08893422019475	-0.258380014627952	NA	NA	LOC101927879	Intron
chr18	39479429	39479622	55.5442423707254	2.9398540839511	3.75705463204926	0.782489043111832	NA	NA	MIR924	Intron
chr18	39708937	39709575	86.3201550303177	0.307513672820534	3.48072326453121	0.0883476362381685	0.92960037870219	1	MIR5583-2	Intron
chr18	39796217	39796861	26.0353506439552	21.3137264564904	4.24835182008373	5.01694006502274	NA	NA	MIR924HG	Intron
chr18	40491556	40492006	35.4373432900298	6.69783606258976	3.86202541207668	1.73428068123151	NA	NA	LOC107985132	Intergenic
chr18	40714885	40715233	44.0431287117788	9.15717268279494	3.48488040621423	2.62768635229659	0.0085967740110991	0.0487403174916465	NA	NA
chr18	41513080	41513808	51.0779481194314	20.7912255766209	3.88788571800021	5.34769463010738	NA	NA	LOC105372084	Exon
chr18	42084576	42085210	34.7667948477931	-0.000563809329894246	4.03622400149763	-0.000139687324014982	NA	NA	NA	NA
chr18	42295375	42295835	32.2860102946193	-8.4060105000254	3.69179133195557	-2.27694626921741	0.0227894344016748	0.0661674543998784	LINC00907	Intron
chr18	43725891	43726391	42.367175996927	2.48262542813639	3.98211429812259	0.623444040595934	NA	NA	LOC105372087	Intergenic
chr18	44152915	44153506	7.32252719287672	-2.12951820555445	4.10050254705871	-0.5193310286033	NA	NA	LOC124904291	Intergenic
chr18	44842751	44843756	40.5935858059974	-7.75101461121602	3.68814976859442	-2.10159974446211	NA	NA	MIR4319	Intron
chr18	46422331	46423236	13.4419631680587	0	4.40735632392285	0	1	1	NA	NA
chr18	46507662	46508265	58.0441316443695	23.2861238586054	4.24742311231012	5.48241209855367	NA	NA	LOC124904293	Exon
chr18	46695423	46695827	32.1599972528326	-6.14860195007642	3.8356316872787	-1.60302199256225	NA	NA	NA	NA
chr18	46703926	46704582	114.63165224057	-0.769120963811637	3.83417651458006	-0.200596128239515	NA	NA	LOXHD1	UTR
chr18	47423747	47424509	58.6204972147881	2.26551971078677	3.27897330644009	0.690923499235923	NA	NA	MIR4527	Intron
chr18	47711026	47711702	40.1327446748035	-17.4243125767758	4.28585066178941	-4.06554356457696	NA	NA	LOC105372100	Intron
chr18	47832045	47832442	16.4999009720177	-8.39562704704467	3.72776140652769	-2.25219002276891	0.0243102662553622	0.0686580853030229	SMAD2	UTR
chr18	47908992	47909731	30.7268512787659	22.2771629031212	4.24776255056737	5.24444637333733	NA	NA	NA	NA
chr18	48100626	48101157	18.1916480712146	-3.47416482189958	4.27930702052726	-0.811852200656434	NA	NA	ZBTB7C-AS1	Intron
chr18	48234189	48234575	18.8339681951678	-1.48392680042972	3.96377530344344	-0.374372078846294	NA	NA	ZBTB7C-AS2	Intron
chr18	48405873	48406386	37.6728766251873	-0.654267734407062	4.16463976948914	-0.157100678719043	0.875165502684578	1	NA	NA
chr18	48566644	48567077	66.1922758655706	-8.4956527631874	2.75672373911465	-3.08179330509043	0.00205757656607573	0.0372618780973083	NA	NA
chr18	48575165	48576211	38.1418018938875	-7.4522305515242	3.80789279922622	-1.95704841087925	NA	NA	ZBTB7C	Intron
chr18	48877907	48878438	23.6768154542015	21.0157765687161	4.24869106409824	4.94641202470593	NA	NA	CTIF-AS1	Intergenic
chr18	49749786	49750670	1.62551448123377	-1.2751049701397	4.1475698080253	-0.30743423960519	0.758512869818085	NA	SCARNA17	Intergenic
chr18	50088127	50088365	67.1733131765603	7.75520578086103	3.91255801679068	1.98213182975938	NA	NA	MIR4320	Intron
chr18	50191665	50191937	46.6834099972794	-0.679805664055253	2.78542570623947	-0.244058085100766	NA	NA	MYO5B	Intron
chr18	50307046	50307578	124.651424333877	6.16589655405171	3.14575093525938	1.96007143634317	NA	NA	LOC124904301	Promoter
chr18	50493861	50494265	17.8201402609351	-2.70328380297687	4.0912775343964	-0.660743198243013	NA	NA	MAPK4	Intron
chr18	50873883	50874231	65.0133324589908	-0.393287250308022	2.70728289060396	-0.145270097806544	NA	NA	ME2	Intergenic
chr18	51016431	51017141	47.3039078102661	-0.808305881369204	2.7941718220625	-0.289282811810964	0.77236496448102	1	LOC107985152	Intron
chr18	51452365	51452646	81.5153055913081	-1.41152672102142	2.90124887998064	-0.486523831430427	NA	NA	LINC01630	Intron
chr18	52053682	52053922	32.7448731757627	-1.09400348870708	4.08345188166524	-0.267911443653632	NA	NA	NA	NA
chr18	52271889	52272134	44.8363080594435	-8.23081979539894	3.40384928845695	-2.41809172436368	NA	NA	LOC105372121	Intergenic
chr18	53265478	53265938	41.3464568737386	-9.01252439845378	3.83106980518296	-2.35248242834441	NA	NA	MIR4528	Intron
chr18	53490237	53490993	1.1786592696187	4.31910984455315	4.2749321136381	1.01033413624841	0.312335231644874	NA	NA	NA
chr18	53532999	53533440	36.372780765416	-8.01173139932832	3.89857042432147	-2.05504339471378	NA	NA	LINC01919	UTR
chr18	54616880	54617289	88.7190707941608	-0.577947405117674	3.01950206346051	-0.191404871720907	0.848208403547174	1	LOC124904308	Intergenic
chr18	55790502	55790832	42.7878583282012	0.0927879385691546	3.56256221892727	0.0260452822623528	NA	NA	LINC01415	Intron
chr18	56464814	56465294	59.9211740073714	22.8969127048823	4.06678356932685	5.63022652043229	NA	NA	LOC105372135	Intergenic
chr18	56581542	56582208	7.42681387998759	-0.288043970790807	4.04193722541315	-0.0712638407592696	NA	NA	NA	NA
chr18	56981740	56982113	55.7466910271134	9.49419695906969	2.84149394538048	3.34126946654409	0.000833962405968692	0.0372618780973083	LOC105372136	Intron
chr18	57234202	57234887	18.0561609676108	4.81373399834215	4.1240927672231	1.1672225311225	NA	NA	LINC02565	Intron
chr18	57377357	57377812	11.9910352209115	8.24901763649823	4.24887359141469	1.94145988554855	0.0522025205657999	0.108363870022031	ST8SIA3	Intron
chr18	57911000	57911542	28.65733868625	17.1351952903537	3.99009911433551	4.29442848394187	NA	NA	LOC105372140	Intron
chr18	58220294	58220856	46.7283217991934	1.08856609964967	2.91066430676618	0.373992320969193	0.708410029302205	1	LOC105372143	Intron
chr18	58380750	58381824	16.5695494543979	-8.1697183923423	3.86054332321774	-2.11620948357417	NA	NA	MIR122HG	Intron
chr18	58485123	58485949	9.49719004081878	0	4.40735632392303	0	1	1	MIR3591	Intron
chr18	58511768	58512197	51.2299350700888	-22.904851908815	3.62465453283452	-6.31918206309806	NA	NA	ALPK2-AS1	Exon
chr18	58536166	58536780	34.0050611460035	1.25726581426405	3.52197516001182	0.356977479154008	NA	NA	NA	NA
chr18	58723102	58723494	22.4052608458313	-20.830038639356	4.25058604981795	-4.90050981093492	NA	NA	MALT1-AS1	UTR
chr18	58727985	58728388	28.9544690375976	-3.68739942914646	3.64093353648271	-1.01276208208641	NA	NA	LOC105372146	Intron
chr18	59139461	59140108	50.1742470472043	-5.89840556110334	2.37912706979724	-2.4792309902161	0.01316660071762	0.0527900768789056	SEC11C	Promoter
chr18	59670923	59671440	93.0580598878442	5.15901777688953	3.85120367382272	1.3395858058498	NA	NA	NA	NA
chr18	59719602	59720292	53.8694133089583	3.52865710577674	3.45337061709962	1.0218008713876	NA	NA	NA	NA
chr18	59796802	59797725	106.312338002707	0.0846115120834829	3.52593708574806	0.0239968865086916	NA	NA	CCBE1	Intergenic
chr18	59888271	59888638	36.7126461706085	1.91758656956922	3.95776409638563	0.484512599252801	NA	NA	PMAIP1	Intron
chr18	61130009	61130279	140.403882883781	7.76973747256977	3.29483458476009	2.35815707061831	NA	NA	NA	NA
chr18	61244513	61244994	39.0862911569833	-0.577802692977083	3.23927929939937	-0.178373841701214	0.858429391152471	1	CDH20	Intergenic
chr18	62030924	62031553	16.9023214660671	1.39900478822148	3.65392157032846	0.382877618277866	NA	NA	LOC112268209	Intron
chr18	62172400	62172859	14.0577939961871	6.26672047208488	4.13948119427524	1.51389031088039	NA	NA	PIGN	Intron
chr18	62335007	62335726	13.6398547397127	2.56486806582475	3.67074519352379	0.698732254788452	0.484719372488836	0.805273538608905	TNFRSF11A	Intron
chr18	62985202	62986044	15.2577947568431	1.26928772820718	3.77863875274276	0.335911372127292	0.736937701141116	1	NA	NA
chr18	63007576	63007968	73.5511984714945	-0.654271794283356	3.64130841152087	-0.179680411638103	0.857403472397971	1	LOC105372161	Intron
chr18	63038620	63039073	18.7293006575893	-0.940873594846298	3.73005267199351	-0.252241369648931	NA	NA	NA	NA
chr18	63114216	63114943	40.3333187977754	-8.72025368349365	3.46432708360021	-2.51715657126445	0.0118306242460325	0.0523094634955363	NA	NA
chr18	63209699	63210339	9.8905906271049	-6.13247745174366	4.20993215157121	-1.45666895117417	NA	NA	BCL2	Intron
chr18	63521398	63521912	22.6748999522265	0	4.1987016887881	0	1	1	SERPINB12	Intergenic
chr18	63585502	63585877	43.9293222288325	-6.62116939486206	4.16727664473757	-1.58884805577361	NA	NA	SERPINB13	Promoter
chr18	63802243	63802731	42.9856568390523	0.292321389643663	3.35451035914626	0.0871427893631726	0.930558013736689	1	SERPINB7	Intron
chr18	63837000	63838289	59.5060586941965	-5.37109040274995	2.81071004372805	-1.91093720774765	NA	NA	SERPINB2	Intergenic
chr18	64138484	64139452	20.9053398594231	-8.73835635909277	4.10232110973183	-2.13010052732415	0.0331633148142401	0.0795384606726842	LINC00305	Exon
chr18	64956550	64956763	59.0536580020093	-0.950347863183075	2.97505374317826	-0.319438889251061	NA	NA	LOC101927404	Intron
chr18	65777013	65777556	77.2605142612338	22.200542233796	3.88159847413161	5.71943295571362	NA	NA	CDH7	Intron
chr18	65841824	65842239	60.5884717902804	-3.36294989790736	4.07437440901859	-0.825390491964486	NA	NA	NA	NA
chr18	66416337	66416638	58.3319292529865	-6.81103498899837	2.72820432892489	-2.49652671421513	NA	NA	NA	NA
chr18	66657139	66657762	39.755873369782	0	4.40735632387868	0	NA	NA	NA	NA
chr18	66778185	66778664	19.2448999980689	1.0135010684378	4.08510650053032	0.248096608572195	NA	NA	CDH19	Intergenic
chr18	66993482	66994073	22.9973671271474	-5.38983068337505	3.85973484785931	-1.39642511618755	NA	NA	NA	NA
chr18	67209358	67209720	16.2674543291701	1.71354587957675	4.08707690286935	0.419259514880611	NA	NA	MIR5011	Intergenic
chr18	67445364	67445696	53.0623841421176	8.54252317378438	3.40501734681152	2.50880459736384	0.0121140475551528	0.0523094634955363	DSEL-AS1	Intergenic
chr18	67520814	67521267	17.2931984227769	2.77110698563233	3.809500721862	0.727419992265517	NA	NA	NA	NA
chr18	68532258	68532649	76.7375709783708	-0.690424780222589	3.4645638432649	-0.199281875427053	NA	NA	TMX3	Intron
chr18	69526376	69527369	48.7439463972894	21.6389622174027	3.68147404326227	5.87779839355537	NA	NA	LOC105372179	Intron
chr18	70025971	70026371	24.3084052812862	-6.09416491994464	4.25006815507948	-1.4338981629415	NA	NA	CD226	Intron
chr18	70622565	70623659	93.8744888524078	21.7818371445494	3.62971226881263	6.00098176698585	NA	NA	LOC124904322	Intron
chr18	70829243	70829865	18.1619086319067	7.09876497201416	4.24948890783726	1.67049852958129	NA	NA	LOC105372185	Intergenic
chr18	71002789	71003531	8.77804833242782	-7.49226558896849	4.24905174862694	-1.76327944026325	0.0778533711334661	0.150538053726951	NA	NA
chr18	71035495	71036043	28.6885958928145	-7.84298937403788	4.24775965218489	-1.8463825678093	NA	NA	LOC105372188	Intergenic
chr18	71122941	71123343	28.9501089607259	-8.236640537991	3.53773087170703	-2.32822700105976	0.0199000531559688	0.0620295971283042	NA	NA
chr18	71172781	71173772	35.6690444171823	-0.507934685122943	3.9335754674214	-0.129127987839499	NA	NA	NA	NA
chr18	71270828	71271039	53.3057760201032	1.54336032185175	2.94457820057832	0.524136299572084	NA	NA	LOC105372187	Intergenic
chr18	71823718	71824384	23.7389806033327	20.3913892305059	4.24967678393723	4.79833885428193	NA	NA	LINC01899	Intergenic
chr18	72097812	72098212	121.447194703965	8.48969063021477	3.30572039626097	2.56818170097425	NA	NA	NA	NA
chr18	72235215	72235676	9.70176698435798	6.95019731582676	4.24948038330993	1.63554051058196	NA	NA	LOC105372189	Intergenic
chr18	72280418	72280780	80.0714370817748	0.0735233411522501	3.80764826529539	0.0193093836482678	NA	NA	NA	NA
chr18	72907496	72908261	34.5828269782141	9.77373093470027	4.04214627227289	2.41795577803387	0.0156079735271825	0.0568397923366738	NETO1	Intergenic
chr18	72956706	72957422	11.5464769405497	-0.654257597312918	4.33402348322893	-0.150958480000086	0.880008468634709	1	NA	NA
chr18	73341982	73342472	69.7503553066246	-1.23198822452058	3.28310092327768	-0.375251402046644	NA	NA	LINC02582	Intron
chr18	73596133	73596594	84.8583763297796	-0.84488553345447	3.83525910037243	-0.220294251664099	NA	NA	LOC105372190	Intergenic
chr18	73754480	73755073	14.5399578779297	-0.592202595941561	4.0865133702083	-0.144916348557395	NA	NA	LOC105372191	Promoter
chr18	73772639	73772985	15.168391366561	-0.213632557937994	4.08594126619841	-0.0522847843421792	NA	NA	NA	NA
chr18	74157732	74158256	23.70827623521	1.56253956139261	4.08479280839886	0.382526026333534	NA	NA	TIMM21	UTR
chr18	74296917	74297467	44.350084387651	1.69160286560745	3.40936953884096	0.496162955155198	NA	NA	CYB5A	Exon
chr18	74363880	74364205	67.0114563388425	-0.153083044598158	3.16400879171438	-0.0483826230189491	NA	NA	LINC01922	Intergenic
chr18	74497261	74497841	69.9658769092407	6.68546455462432	3.25902639028237	2.05136864634136	NA	NA	CNDP2	Promoter
chr18	74554702	74555366	36.8002832217988	0.330068984888021	3.75024618396182	0.0880126180248067	NA	NA	CNDP1	Intron
chr18	75004151	75004658	36.8185712370364	8.72878474837048	3.84354680152127	2.27102340601541	NA	NA	NA	NA
chr18	75073004	75073369	38.9869378893107	21.6040799821778	4.12841329166329	5.23302258177591	NA	NA	LOC105376874	Intergenic
chr18	75578027	75578324	85.5367546627585	3.14526659705428	3.79217018090053	0.829410719195987	NA	NA	LOC105372202	Intergenic
chr18	75818637	75819071	17.396681818738	-4.88851849594632	4.15478296575789	-1.17660020661382	NA	NA	LINC01898	Intergenic
chr18	76156983	76157636	40.0849950421615	0	4.40735632387852	0	NA	NA	LOC339298	Intergenic
chr18	76179061	76179933	9.33431727987926	-2.18116406263835	4.21768571937953	-0.517147129435528	NA	NA	LINC01893	Intron
chr18	76466606	76466979	94.091771503539	-2.24701417331333	3.22567599381026	-0.696602565671542	NA	NA	ZNF516-AS1	Intron
chr18	76553360	76553957	31.9043215552945	-6.18996431507446	3.61227262430917	-1.71359278738223	NA	NA	LINC00683	Intron
chr18	76989383	76989991	20.1761686629665	-1.4369615850615	3.6473370858171	-0.393975536467199	NA	NA	MBP-AS1	UTR
chr18	77170226	77171100	26.4722435501738	8.47072846225994	3.6201955664428	2.33985383021262	NA	NA	MBP	Intron
chr18	77756193	77756609	76.9097582537585	8.65051803970503	3.26038719555901	2.65321801394875	NA	NA	LOC107985129	Intergenic
chr18	78558582	78558768	61.3935039179711	-9.1542869954159	3.51439795523776	-2.60479522012372	NA	NA	LOC105372221	Intergenic
chr18	78771766	78772130	63.1695830906158	-6.51764399750112	3.24443678474051	-2.0088676186127	NA	NA	LOC124904330	Intergenic
chr18	79181811	79182358	19.3030901130096	-7.6478521039109	3.51450981857312	-2.17607931083143	0.0295493306480481	0.074231741681889	LOC124904331	Intron
chr18	79264930	79265610	31.131675206411	19.3905447354385	4.25216352352757	4.56015969944453	NA	NA	LOC124904332	Intron
chr18	79346793	79347220	60.0081842480081	1.84538901396656	3.77690755825823	0.488597876834875	NA	NA	NA	NA
chr18	79462642	79463191	65.0552627968503	7.23986794791859	2.71697253099618	2.66468205523744	0.00770611421880911	0.0475635659068218	LOC101927897	Promoter
chr19	427923	429028	44.13341548626	0.718389846493394	3.46011329978084	0.207620324611595	NA	NA	C2CD4C	Intron
chr19	621715	622347	15.5896988116686	0.226686972561247	4.3378739139746	0.0522576213732187	NA	NA	LOC105372234	Exon
chr19	774363	775264	110.28208437902	-5.00897281684428	2.85376070311633	-1.75521823233968	NA	NA	LINC01836	Intron
chr19	1395464	1396675	60.5971247729845	8.72459532693248	2.68096993265125	3.25426824847103	0.00113684875723967	0.0372618780973083	GAMT	UTR
chr19	1562963	1563335	97.7634819253962	1.43911276141106	3.60892718900958	0.398764698216592	NA	NA	MEX3D	Intron
chr19	1853570	1854169	31.325145682755	1.81932449523424	3.74413197208429	0.485913559884872	NA	NA	REXO1	UTR
chr19	2587394	2588056	21.5458561247354	-0.65426083209017	3.93595606940964	-0.166226660194483	0.86797857950569	1	MIR7850	Intron
chr19	2775763	2776013	95.1428713505281	7.13523613126583	3.25712769229911	2.19065287128159	NA	NA	SGTA	Intron
chr19	3750670	3751253	35.7344859272919	-7.35144777360404	4.17703159812246	-1.75996939475116	NA	NA	APBA3	UTR
chr19	3839601	3840589	24.1373221257262	-4.76397789298773	3.19195409441366	-1.49249574150372	0.135569232800423	0.247261301311143	ZFR2	Intron
chr19	4375296	4375551	85.9934830481933	-1.67244066727233	3.33305195551951	-0.501774556650035	NA	NA	SH3GL1	Intron
chr19	4437773	4438006	57.1898029457329	-2.51941676861003	3.15630580726862	-0.798216941719684	NA	NA	MIR4746	Intron
chr19	4548693	4549151	23.152215340552	0	4.4073563238947	0	NA	NA	PLIN5	Intron
chr19	4817057	4817472	70.4517996314064	0.976210536263981	3.83004234316017	0.254882439617759	NA	NA	TICAM1	Exon
chr19	5302864	5303383	39.9285959150493	7.18742295996613	3.41824691628333	2.10266348101647	NA	NA	LOC105372253	Intron
chr19	5460035	5460552	43.3075278472965	-8.595366834524	3.2782980453394	-2.62189914267973	NA	NA	NA	NA
chr19	5505168	5505532	92.5199973155866	7.71303833605712	3.08902462410087	2.4969170772804	NA	NA	ZNRF4	Intergenic
chr19	5843512	5844042	54.3150463522086	22.8115189187315	4.24746584666801	5.37061856227199	NA	NA	FUT6	UTR
chr19	6280829	6281266	69.5328707470736	8.6387346798786	4.13422333428006	2.08956652347447	NA	NA	MLLT1	Promoter
chr19	6539501	6539858	78.1325460222658	-1.25239036879892	3.09474092707144	-0.404683428536314	0.685710224716123	1	TNFSF9	Intergenic
chr19	7121119	7121617	26.4460282860014	19.5378742292318	4.25190634384602	4.59508574489414	NA	NA	LOC124904625	Intron
chr19	7594051	7594553	8.60962224650834	-3.28723068136107	4.11128174358616	-0.799563466184078	NA	NA	CAMSAP3	Promoter
chr19	7620871	7621266	49.5974877709131	-0.654746436199546	3.59230569721367	-0.182263563122535	0.855375892106542	1	MIR6792	Exon
chr19	8215543	8216179	50.1242971605565	0.552361398112431	3.8260708144148	0.144367792679476	NA	NA	CERS4	Intron
chr19	8513520	8514211	51.3151581527324	-7.93212095623248	3.31517946202036	-2.39266713826661	NA	NA	ZNF414	Promoter
chr19	8679153	8679826	12.0781200720573	-3.27003508418121	4.10241377591533	-0.797100259213027	NA	NA	ACTL9	UTR
chr19	10363215	10363704	229.673443929924	6.64478739832717	2.78534463092199	2.38562486112451	NA	NA	TYK2	Intron
chr19	10380313	10380814	52.3934499105173	-2.55900136993307	2.70693286846763	-0.945350880231357	NA	NA	NA	NA
chr19	10654194	10654765	21.8278220067532	7.10298118777361	3.12723983977528	2.27132601005877	NA	NA	ILF3	Promoter
chr19	11256012	11256468	70.5577454192951	-6.44882247717158	3.1696498388745	-2.03455359581974	NA	NA	DOCK6	Intron
chr19	11373743	11374098	82.8955470420111	-7.95115412626499	2.48494162809963	-3.19973476895941	0.00137554108104469	0.0372618780973083	SWSAP1	Promoter
chr19	12762205	12762868	15.8435637562235	-6.42491969564106	4.25123972589065	-1.51130496276472	NA	NA	BEST2	Intergenic
chr19	13229868	13230672	73.9104226954106	-3.02139647573179	3.1921013770501	-0.946522719314114	NA	NA	IER2	UTR
chr19	13395404	13395708	17.6072447379814	-6.97366459892068	3.62612252114416	-1.92317401253178	NA	NA	CACNA1A	Intron
chr19	13829768	13830143	83.9371697647132	-7.85202400837026	4.16619685506175	-1.88469827075751	NA	NA	C19orf53	Exon
chr19	14423231	14423431	99.3505078342554	1.55072643509144	3.0536217664064	0.507831864493285	NA	NA	DDX39A	Intergenic
chr19	15209933	15210230	135.238919322289	7.07541601210348	2.93285951738354	2.41246332126252	NA	NA	NOTCH3	Intergenic
chr19	15388998	15389193	28.4260322970174	2.66035909531083	3.44947418332331	0.771236122935055	NA	NA	AKAP8	Intron
chr19	15702677	15703194	46.6547603850067	9.24027529241023	3.41063913106362	2.70925035963234	0.00674354321398985	0.0475345008264353	OR10H2	Intergenic
chr19	15820852	15821257	70.6586196385941	6.46926088674701	3.41381964986361	1.89502128122247	NA	NA	OR10H1	Intergenic
chr19	15920095	15920744	43.2109180406753	-3.68063332864615	3.54414136939435	-1.03851199628505	NA	NA	CYP4F11	Intron
chr19	17333651	17334341	19.6635757767288	7.09970314568211	4.12503504489366	1.72112553430807	NA	NA	ANO8	Promoter
chr19	17635637	17635895	113.045687756628	0.231594630631898	3.88326865203808	0.0596390956650266	NA	NA	UNC13A	Intron
chr19	18281293	18281654	7.16291883641084	-1.90588518644716	3.39085311797681	-0.56206657148993	NA	NA	JUND	Promoter
chr19	18522109	18522504	53.7201325045287	1.42229602645609	2.38807869794074	0.59558172336722	0.551454689265069	0.886130638612146	ELL	Promoter
chr19	18842915	18843271	119.989242536288	1.19639564494801	3.42553864353443	0.349257669945182	NA	NA	UPF1	Intron
chr19	19502412	19502787	40.5652137414853	16.0901812293084	3.52047935359182	4.57045180875502	NA	NA	TSSK6	UTR
chr19	19735197	19735634	22.2845277634551	-1.11345949209007	3.98180951177996	-0.279636554384623	NA	NA	ZNF14	Promoter
chr19	20765162	20765646	18.9268383333993	7.93493751167381	3.42930543074834	2.31386141360476	0.0206753253073287	0.0633574962725376	NA	NA
chr19	20797040	20797861	4.22024344481371	-3.58498400474887	4.27693100778888	-0.838214130230327	0.401910452489227	NA	ZNF626	Intron
chr19	21384139	21385034	58.3926583942921	-7.81944419601549	3.05375904840947	-2.56059632474547	NA	NA	ZNF493	UTR
chr19	21502235	21502492	41.8873772448041	10.0452216074091	3.73995605017609	2.68591969334404	0.00723304711779023	0.0475345008264353	ZNF429	Exon
chr19	22735442	22735966	28.8270621889012	0.408660313644604	3.52055377715339	0.116078418201307	NA	NA	ZNF99	Intergenic
chr19	27657966	27658550	64.8341415760388	3.27101719996972	2.9718021409555	1.10068471749536	NA	NA	LINC02987	Intergenic
chr19	28285982	28286420	51.9742311261356	-3.76040346095877	3.34467639666386	-1.12429515295099	NA	NA	LOC105372349	Intron
chr19	28390358	28390825	34.2863413978689	19.6362181902233	3.86248290960245	5.08383302911349	NA	NA	NA	NA
chr19	28805354	28805596	6.53126332445799	4.10847768090154	4.26363831471268	0.963608396782692	NA	NA	LOC100420587	Intron
chr19	30214208	30214541	68.9952300380338	0.302974748477223	4.04907756445488	0.0748256222940526	NA	NA	NA	NA
chr19	30308947	30309396	135.624510291873	7.46418012873606	3.52118049753846	2.11979480573461	NA	NA	ZNF536	Intron
chr19	30749408	30749661	45.1874242375038	-23.8196295462672	4.2474455585763	-5.60798937096944	NA	NA	LOC105372354	Intron
chr19	30784323	30784782	24.7178256746177	0.676345099179672	4.08387638709844	0.165613509095512	NA	NA	NA	NA
chr19	32270122	32270649	42.1548572654896	1.03135621155622	4.16441070007961	0.247659581591341	NA	NA	ZNF507	Intergenic
chr19	32502090	32502491	28.8575914640907	8.02477297524282	4.11764324563762	1.94887524161899	NA	NA	PDCD5	Intergenic
chr19	33275794	33276381	33.1247579343578	0	4.40735632387869	0	NA	NA	CEBPA	Intron
chr19	34357079	34357709	8.88944462289076	-5.05941889536662	3.89613826895612	-1.298572726661	NA	NA	PDCD2L	Intron
chr19	34595085	34595498	75.9629728765026	1.73901868613589	3.05810021128744	0.568659810334918	NA	NA	ZNF807P	UTR
chr19	34755417	34755852	19.5438532298559	7.30821784910877	4.18106278710866	1.74793305463911	NA	NA	ZNF181	Intergenic
chr19	34776190	34776825	79.9807956451837	2.74352478213367	3.41149850558183	0.804199321103254	NA	NA	ZNF599	Intergenic
chr19	35013828	35014040	55.1489741744921	0.337427431575072	2.79820274074339	0.1205871992983	NA	NA	SCN1B	Intron
chr19	35145301	35145681	43.0447352965902	-5.5411851334941	3.59260029723341	-1.54238843039713	NA	NA	FXYD7	Promoter
chr19	35854949	35855267	38.2607293140502	0.565333696706673	3.69072711612096	0.153176780325296	NA	NA	KIRREL2	Promoter
chr19	36916078	36916311	36.9241849269048	1.11966088235341	3.09420473925739	0.361857400109255	NA	NA	ZNF829	Promoter
chr19	37217707	37218249	50.5502373593182	-0.252944809030726	3.32381976303411	-0.0761006393438818	NA	NA	ZNF383	Promoter
chr19	38130771	38131135	64.0691938540502	1.20123059449486	3.11985401617497	0.385027821259278	NA	NA	DPF1	Exon
chr19	38234146	38234621	36.2048603177249	0.403985469920042	3.36005441670968	0.120231823601132	NA	NA	NA	NA
chr19	38686400	38686937	32.8931039026782	5.38924147819941	4.25390945802631	1.26689143983329	NA	NA	LOC107985291	Intron
chr19	39452258	39453285	3.96942621766957	-2.98725306729447	4.29218337135307	-0.695975173668493	0.486444377470083	NA	SUPT5H	Intron
chr19	40348066	40348390	50.8085474231744	-22.3942996805418	4.14296795623423	-5.40537602924092	NA	NA	PLD3	Promoter
chr19	40450159	40450638	45.6942777346619	6.42154003470604	3.37041590471059	1.90526635770117	NA	NA	SERTAD3	Exon
chr19	40474693	40475279	30.33729978803	5.38404811716474	3.66278381311924	1.46993335994342	NA	NA	SPTBN4	Intron
chr19	40502033	40502472	72.4118851187506	-0.844371195758198	3.36796657715076	-0.250706524668817	NA	NA	NA	NA
chr19	40808298	40809018	2.89615880590629	1.26925271295366	4.40735632388786	0.287985045836734	0.773358185676893	NA	CYP2T1P	UTR
chr19	40875155	40875379	45.1055701771341	1.62827834401646	3.06710166856511	0.53088502435533	NA	NA	CYP2A7	Intron
chr19	42355923	42356802	46.0039289805492	-7.99191606933755	3.39118972087884	-2.356670291884	NA	NA	MIR8077	UTR
chr19	42772793	42773274	4.75932799603631	-6.57690932859837	4.25082134355667	-1.54720906785875	NA	NA	PSG8	Intron
chr19	43225538	43225970	70.8033397992681	-6.2654388042264	3.67023954624416	-1.70709260942871	NA	NA	PSG4	Intron
chr19	43474122	43474395	53.427696059743	-0.195055057170319	2.47697727672097	-0.078747212985552	NA	NA	LYPD3	UTR
chr19	43882548	43882836	55.7637731815707	0.911488030724716	3.46864291868637	0.26277943624993	NA	NA	ZNF404	Promoter
chr19	44023182	44023973	117.827009779029	-4.60974068744419	3.07001144786433	-1.50153859870815	NA	NA	ZNF222-DT	Promoter
chr19	44304659	44305092	31.6195965758529	-5.1744525391862	3.49605291194773	-1.48008416048354	NA	NA	ZNF235	Promoter
chr19	44432914	44433456	42.5481330835273	-5.77559390454242	3.65696949616318	-1.5793388242921	NA	NA	ZNF229	Intron
chr19	44967390	44967895	19.3382815264329	20.651543703962	4.12629734291633	5.00486077170729	NA	NA	CLPTM1	Intron
chr19	45105467	45106064	42.645633874059	-1.22423278257122	3.97460067047739	-0.308014033124031	NA	NA	PPP1R37	Intron
chr19	45834955	45835500	76.8733806683014	-23.2297429749644	3.72257517369822	-6.24023475444999	4.36914682723075e-10	2.08089630902452e-07	RSPH6A	Exon
chr19	45918389	45919170	3.94118210595906	0	4.40735632392393	0	1	NA	NANOS2	Intergenic
chr19	46213676	46214543	16.8920860120658	0.582166517685691	3.73297714573282	0.155952339100486	NA	NA	LOC93429	Exon
chr19	46221572	46222116	37.2273564690499	-3.00916164878241	2.8605502167094	-1.05195204447205	NA	NA	IGFL1	Intergenic
chr19	46349934	46350603	118.992314277057	-0.376008957380248	2.95000116946077	-0.127460612989851	NA	NA	PPP5C	Promoter
chr19	48294925	48296235	47.9607186667587	-8.91674937999329	3.86414872258949	-2.3075585387971	NA	NA	ZNF114-AS1	Intergenic
chr19	48554440	48554775	25.9587586962086	8.26641206719208	3.81580728123493	2.1663599490058	NA	NA	SULT2B1	Promoter
chr19	48774352	48775218	22.6206088364141	21.8180586100344	4.24805028412962	5.13601703151796	NA	NA	FGF21	Intergenic
chr19	48929913	48930243	46.1261911585168	-8.49439772181137	4.13898776286742	-2.05228867744383	NA	NA	DHDH	Intron
chr19	49129633	49130438	5.61937672484124	-0.654244701467116	3.91251135456488	-0.167218607737402	0.867198043699457	1	PPFIA3	Exon
chr19	49188699	49190165	44.8434832861158	2.73760590878495	3.7240326670418	0.735118661287034	NA	NA	TRPM4	UTR
chr19	49463883	49464528	23.0200109657914	-8.87150258945908	3.75382438989267	-2.36332381806298	0.0181118361737017	0.0599255075735189	FLT3LG	Promoter
chr19	49872485	49873112	28.697589214415	-2.63345014126672	3.33507893418801	-0.789621533173061	NA	NA	TBC1D17	Exon
chr19	50471656	50472068	42.4670627480947	2.73582798406807	3.54965522174074	0.770730624008726	NA	NA	EMC10	Intron
chr19	50739886	50740596	10.9031945462604	1.51999197896398	4.08973958985045	0.371659844244401	NA	NA	CLEC11A	Exon
chr19	50948165	50948613	26.1768374410525	-6.90138490425997	3.78880890581584	-1.82151833882842	NA	NA	LOC105372442	Promoter
chr19	51016143	51016772	19.7303188339312	-4.07407485985279	3.95416302979833	-1.03032546436523	NA	NA	KLK10	UTR
chr19	51137485	51137800	36.4660618573998	-15.2213556782452	4.10708006076485	-3.70612587362384	NA	NA	LOC124904749	Promoter
chr19	53755692	53756231	16.9118347599078	4.26167098599484	4.10368910196641	1.03849752749367	NA	NA	MIR516A1	Promoter
chr19	54190807	54191192	46.1952367613607	-6.55262867479172	3.07784754182992	-2.12896466954172	NA	NA	LILRB3	UTR
chr19	55227710	55229115	72.7481169111728	-6.38827314579345	3.3230505087931	-1.92241229222652	NA	NA	TMEM86B	Promoter
chr19	55230530	55230952	24.8783135148793	-7.0246318054561	3.834753247001	-1.83183411108649	NA	NA	MIR6804	Promoter
chr19	55958073	55958829	74.8380567788882	10.8883891076882	3.96991222628255	2.74272792118736	0.00609311481721858	0.0469937533794141	NLRP8	Intron
chr19	56162246	56162901	18.7242004169694	-5.39689738336443	4.15907116590345	-1.29762083121078	NA	NA	GALP	Intergenic
chr19	56832444	56832821	28.5287094537595	20.8080131175226	4.24874494984104	4.89744933225544	NA	NA	NA	NA
chr19	56839161	56839741	45.2498302800852	-3.88052847824636	2.34831744345972	-1.65247185343446	0.0984383983641806	0.184596755081321	PEG3	Promoter
chr19	57821709	57822204	31.8696127867909	0.204910013099297	3.28639547687022	0.062350990482266	NA	NA	ZNF587B	Promoter
chr19	58033579	58034074	53.9895986249492	-9.8962282490087	3.57443617350887	-2.76861238210165	NA	NA	ZSCAN1	Promoter
chr19	58361973	58362814	28.3447402115359	5.87577878383149	2.27422069046131	2.58364494196894	NA	NA	A1BG	Promoter
chr2	840285	841089	85.3984402294245	-3.68257322902878	3.22403418262081	-1.142225243417	NA	NA	LINC01939	Intron
chr2	2069462	2069691	72.3982757609866	9.11902183272722	3.93622861091201	2.31669009453553	0.0205206195501193	0.0631195294412909	LOC107985838	Intron
chr2	2546501	2547620	51.4761234779607	1.82155408316607	3.91791123362398	0.464929901303856	NA	NA	LOC107985839	Intergenic
chr2	3303403	3304346	69.2333150600539	-2.21741418975929	3.49788406650346	-0.633930155374146	0.526126404707054	0.861217807522943	EIPR1	Intron
chr2	4220769	4221360	19.2391238226616	-8.29221182599365	4.07153639588303	-2.03662966991487	NA	NA	LOC107985841	Intergenic
chr2	4501525	4501889	35.6145082913594	-3.58193141901206	2.91992246629112	-1.22672141481956	NA	NA	LINC01249	Intron
chr2	7234003	7234355	3.52161247435954	5.68791960160102	4.25786567867804	1.33586168067354	0.181594487812771	NA	LOC105373406	Intron
chr2	7882089	7883036	68.4451970948058	-7.89366114724803	2.81517148185813	-2.80397169341808	NA	NA	LOC105373409	Exon
chr2	8509824	8510502	11.64969584561	-0.279006002169592	4.02051117131964	-0.0693956540053623	NA	NA	LINC00299	Intron
chr2	8538288	8538497	55.2486053125183	1.55656823821606	3.09176447657909	0.503456278771383	NA	NA	NA	NA
chr2	9135443	9135900	40.2048258046908	8.36017122814424	3.50479596800066	2.38535175926756	NA	NA	LOC105373417	Intron
chr2	9592352	9593495	70.3738794176382	7.18864286635651	3.62391522406738	1.98366750375804	NA	NA	ADAM17	Intron
chr2	10532778	10533314	45.359881204163	-1.44500077820305	3.08187264578411	-0.468871022357057	NA	NA	ODC1-DT	Intergenic
chr2	10621705	10622432	56.4853919142037	13.8333649403437	4.40735632387837	3.1386990122393	NA	NA	NOL10	UTR
chr2	10747481	10748026	45.2913470043446	-2.6721270004715	3.21327040908038	-0.831591077090909	0.405639800333949	0.690497346665862	LOC105373428	Intron
chr2	10750138	10750647	69.5581077809917	-8.48778339665611	2.69954032769571	-3.14415877013445	0.00166565042032335	0.0372618780973083	NA	NA
chr2	10863124	10863689	20.9168331497073	-7.77522529310583	3.71569654741534	-2.09253505874002	0.0363906789796775	0.0847902820226487	LOC124905973	Intron
chr2	11616140	11617736	68.2743397023013	6.10825771902677	3.78495806256645	1.6138244118047	NA	NA	NTSR2	Exon
chr2	14146640	14147123	26.3289577679178	-8.15045296613626	4.15387302256014	-1.96213339258814	NA	NA	LINC00276	Intron
chr2	14571032	14571633	17.9712445260215	0	4.40735632388081	0	NA	NA	NA	NA
chr2	14745712	14746346	53.1112782973974	-2.08296754845305	3.57081772785395	-0.583330684230949	0.559670710188807	0.894705149049687	LRATD1	Intron
chr2	15135169	15135720	67.7687739804335	0.949226637382108	3.94252469878279	0.240766186620257	NA	NA	NA	NA
chr2	15340170	15340872	14.1336888643054	6.37723447858041	4.07219647977792	1.56604292308808	0.117338568820731	0.2156993020531	NBAS	Intron
chr2	15654046	15654543	42.5299396048545	21.1076876736592	4.24837719926315	4.9684118626096	NA	NA	LOC124905976	Intergenic
chr2	16413758	16414107	153.336824095854	-7.13491246129344	2.80290393599729	-2.54554298834891	0.0109107928583243	0.0508442947197912	LOC107985855	Intron
chr2	16442995	16443409	78.2005516250489	3.1033449423523	2.74503261110782	1.13053117467332	0.258252469990828	0.454993009511251	LOC105373444	Intron
chr2	17645280	17645941	49.8901321896452	9.33833220687239	3.16236793190538	2.9529556357618	0.00314747193624925	0.0388003015522799	LOC124908054	Promoter
chr2	19079415	19079803	95.151070817368	1.19488612540538	3.07696901066734	0.388332193552458	NA	NA	NA	NA
chr2	19250549	19251043	6.88831744870469	-6.85994447715801	4.25015041620469	-1.61404745841532	NA	NA	LINC01376	Intron
chr2	19319184	19319696	55.8381549909395	9.14156698622333	3.6389935755164	2.51211407674059	NA	NA	NA	NA
chr2	19981435	19981807	35.9337016208643	2.61480729434091	4.08480096508282	0.640130894183701	NA	NA	WDR35	Intron
chr2	20071728	20072285	21.8893306974153	8.01030888202585	4.12228564571918	1.94317171842379	NA	NA	LAPTM4A-DT	Exon
chr2	20230127	20230599	37.4246751603874	-1.4202793450294	3.64996714533344	-0.389121131362857	0.697186542365518	1	SDC1	Intergenic
chr2	20623392	20624233	62.677870378396	-3.011898431698	2.8102512729702	-1.07175413838161	NA	NA	LOC105373466	UTR
chr2	20712894	20713611	29.8909761124733	0	4.39505315108454	0	NA	NA	GDF7	Intron
chr2	21272471	21273159	7.99664351085425	-5.12877077439734	4.25732586073492	-1.20469302613166	NA	NA	LOC105374318	Intron
chr2	22948490	22948999	72.5939666636881	6.48839677013092	3.79336136606545	1.7104610249302	NA	NA	LOC107985858	Exon
chr2	23306959	23307934	38.3025835581433	-4.27544599651177	3.08778179240096	-1.38463346310081	0.1661645738477	0.297818043896262	LOC102723389	Intergenic
chr2	23372158	23374182	87.3496504053849	-0.0644513078441541	2.98577414999337	-0.0215861296288258	NA	NA	LINC02923	Intergenic
chr2	23548556	23549633	2.82405820830812	-5.03901228540723	4.25798437058876	-1.18342667488713	0.236640090728643	NA	LOC105374325	Intron
chr2	24090035	24090560	27.5150488094751	-7.16502252293597	4.13906967063991	-1.7310707702652	NA	NA	TP53I3	Intron
chr2	24260873	24261185	60.8233508365208	-5.85337233855241	3.14533922815281	-1.86096694631885	NA	NA	LOC124900541	Exon
chr2	24615439	24615857	93.1103973571275	-9.27813157754075	3.70712008214109	-2.50278689979259	NA	NA	NCOA1	Intron
chr2	24916256	24916712	29.0058950371798	-15.2153706363345	4.40735632387951	-3.45226696418806	NA	NA	ADCY3	Intron
chr2	25199446	25199926	23.6177675084869	-4.80571241220949	3.40205388705391	-1.41259150259113	NA	NA	LINC01381	Intergenic
chr2	25300367	25300570	64.2842213530427	1.45050184356511	2.70854593234735	0.535527873550972	NA	NA	NA	NA
chr2	25316288	25316664	114.043286811351	7.73490544902657	3.58927764284524	2.15500337914653	NA	NA	MIR1301	Intron
chr2	25609730	25610308	29.9695156970807	2.11013003269942	3.65957335994186	0.576605474232915	0.564206000339052	0.90041094574657	DTNB	Intron
chr2	25614413	25615072	14.2188847280655	-0.852444377904008	4.34862494325853	-0.196026189663818	NA	NA	NA	NA
chr2	26649100	26649784	13.287468180999	0	4.40735632392286	0	1	1	CIB4	Intergenic
chr2	27200599	27201002	75.4374531522862	2.55540712719607	3.34032050817135	0.765018542665243	NA	NA	ATRAID	Exon
chr2	27522013	27522436	29.9940999854523	-6.11106859666577	4.09245696838091	-1.49325176633036	NA	NA	SPATA31H1	Intron
chr2	28320224	28320714	36.5523264249194	-6.66440939070073	3.31517185767964	-2.01027568910569	NA	NA	BABAM2-AS2	Intron
chr2	28351805	28352436	66.594209405974	4.40559286614922	3.33120990836827	1.32252034165785	NA	NA	LOC105374383	Exon
chr2	29021927	29022327	56.2031352865904	0.3740381942092	3.591415643839	0.104147843441863	NA	NA	PCARE	Exon
chr2	29556754	29557316	32.344627348457	-7.75093650439634	4.17411678449705	-1.8569045631842	NA	NA	LOC105374389	Intron
chr2	29749816	29750388	52.2524517821606	0.169276732743924	3.81378478156641	0.0443854969378734	NA	NA	NA	NA
chr2	29766937	29767514	8.24852027247601	5.42406017548173	4.26003455614666	1.27324323406145	NA	NA	LOC124907748	Intron
chr2	30985051	30986548	50.0707317215132	8.29313055011618	3.6533933478467	2.2699801966312	NA	NA	NA	NA
chr2	30986952	30987831	42.5887591933832	0.976258975630824	3.09993960350228	0.31492838587173	NA	NA	LOC124907750	Exon
chr2	33461791	33462014	50.0706984533552	0.192705993798936	2.83736439814306	0.0679172523363776	NA	NA	RASGRP3	Intron
chr2	34645660	34646143	49.2944465568739	-2.00665198633127	2.60438769335786	-0.770488968078356	NA	NA	LOC124907752	Intron
chr2	35055096	35055741	16.3379317836967	-6.38030649988309	3.89778159097725	-1.63690713575448	NA	NA	LOC105374461	Intron
chr2	35608754	35609074	75.2824539903999	-6.98005950651051	3.09323536753398	-2.25655621934623	NA	NA	LOC107985866	Intergenic
chr2	36457255	36457874	10.2088948542118	-7.70984489370263	4.24877208414626	-1.81460542975956	0.0695845674777132	0.137691755603458	LOC124907753	Intron
chr2	37888221	37888619	26.1834402963286	0.28711917467379	3.91498579504849	0.073338497175884	NA	NA	PIRAT1	Intron
chr2	38104579	38106004	37.4374971266956	22.3813611933616	4.0326556801483	5.55003029481023	NA	NA	CYP1B1	Exon
chr2	38514755	38515461	19.6137501698627	-8.45130068505235	4.24808158292577	-1.98943935517164	NA	NA	LINC02613	Exon
chr2	38886335	38886835	40.7398454406014	6.85292851955728	4.15238086417997	1.6503612610956	NA	NA	ARHGEF33	Intron
chr2	39286320	39287378	60.9278023584157	0.0463907249409316	2.87995551878687	0.0161081393925392	NA	NA	CDKL4	Exon
chr2	39356508	39356956	90.6157136487743	-0.286649673821699	3.8360157644904	-0.0747258852466627	NA	NA	MAP4K3-DT	Intron
chr2	39943697	39943930	69.6758724798434	7.54269062683534	3.05870773056364	2.46597298312167	NA	NA	SLC8A1-AS1	Intron
chr2	41041220	41041863	99.3971094930589	8.51391896719085	3.6988760464406	2.30175838830386	0.0213488014055061	0.0645273405790099	LOC105374497	Intron
chr2	41933829	41934461	52.1617352013387	9.2435025294128	4.14157056882964	2.23188338235292	NA	NA	LINC01914	Promoter
chr2	42000368	42001313	11.2674685998008	6.49830615532107	3.68519935611339	1.76335267847614	NA	NA	LOC105374517	Intron
chr2	43073882	43074295	41.5766203920742	-7.50939988389856	3.856387919066	-1.94726257873904	NA	NA	LOC124907756	Promoter
chr2	43318777	43319272	29.4659048498061	-1.35413732167118	4.08407989887176	-0.331564845742921	NA	NA	LINC01126	Intron
chr2	43754034	43754469	52.5932319561901	21.6866972495563	3.85234218944309	5.62948361881927	NA	NA	DYNC2LI1	Intron
chr2	44840691	44841044	92.1140685503352	-6.23949487719888	3.05946827792736	-2.03940499145356	NA	NA	LOC105374573	Intergenic
chr2	45766161	45766575	70.374916620378	8.52179287348897	3.41538529118576	2.49511904132209	NA	NA	NA	NA
chr2	45804311	45804939	25.6032454227245	0.49854364501816	4.21231484875007	0.118353841751904	NA	NA	PRKCE-AS1	Intron
chr2	47014611	47014893	15.0715200375401	8.57249229683661	4.1429402933917	2.06918074839514	0.0385291285734421	0.0875832873913367	MCFD2	Intron
chr2	47203808	47204255	38.67987030037	-23.0733587623332	3.84591393719316	-5.99944750172248	NA	NA	CALM2	Intron
chr2	47262806	47263347	19.9260562945461	8.95854944955451	3.53822111976926	2.53193600577985	0.0113434691703618	0.0511552465296046	LOC107985882	Promoter
chr2	47674331	47674747	85.3523576590252	5.19550889907677	4.08648142153161	1.27138933550553	NA	NA	LOC105374589	Intergenic
chr2	48164851	48165260	11.8724417159192	-0.783867837820969	4.00633603269817	-0.195657037109055	NA	NA	LOC102724008	Exon
chr2	48219738	48220141	72.1071761487916	1.44246163886197	3.80880704282824	0.378717436363189	NA	NA	NA	NA
chr2	49481113	49481733	14.5689662461113	-7.18867162161565	3.72488008200602	-1.92990685964425	NA	NA	LOC107985810	Intron
chr2	49636105	49636824	7.87500522610121	4.51293273212073	4.27143662663014	1.05653744316022	0.290722743608597	0.507403739781296	LOC124906005	Exon
chr2	51071079	51071636	53.04152952639	0.307532145127973	3.26589851504127	0.0941646360753761	0.924978376238203	1	NRXN1	Intron
chr2	52025880	52026334	44.8261685653306	-7.05477312700664	4.13150856692974	-1.70755379366169	NA	NA	LOC105374597	Intron
chr2	52536385	52536732	24.2118069429278	-4.51040036685947	4.10367745482857	-1.09911181288196	NA	NA	NA	NA
chr2	52550484	52550852	44.4670962431804	-22.2295822604292	3.91310206196532	-5.68080819473045	NA	NA	LOC105374598	Intergenic
chr2	54465951	54466147	63.2686238708777	-0.364104375817048	2.43010756542854	-0.149830559353384	NA	NA	SPTBN1	Intron
chr2	54830884	54831468	31.3610997533702	13.8947644889468	4.2030506250899	3.30587607153782	NA	NA	EML6-AS1	Intron
chr2	54991975	54992428	20.3972067804281	6.44758787522501	3.66873659105976	1.75744093782502	NA	NA	NA	NA
chr2	54993635	54993866	50.7286136566244	0.161976776860314	3.68499993346247	0.0439557068616058	NA	NA	LOC105374662	Intron
chr2	55197188	55197445	27.2590822369776	1.17767840991786	4.10796459384039	0.286681733256346	NA	NA	RPS27A	Intron
chr2	55206037	55206641	23.4353233604926	-4.54477432851449	3.83615512107714	-1.18472120784271	NA	NA	NA	NA
chr2	55588598	55588909	78.5709047021071	0.6071263391398	3.54931483738343	0.17105451811296	NA	NA	LOC124900537	Exon
chr2	56021971	56022245	56.3894911448528	0.661087033099183	2.79558474954429	0.236475404012326	NA	NA	MIR216B	Intron
chr2	57012933	57013737	13.1955091143331	20.1748065610973	4.25007953672699	4.74692447206154	NA	NA	LOC101927213	Intergenic
chr2	57019935	57020527	29.2486892511753	-7.4099369564167	3.54741885208296	-2.08882493592934	NA	NA	NA	NA
chr2	57445603	57446260	29.8039566830517	21.9311799716595	4.04292090094804	5.42458794247415	NA	NA	LOC124900539	Intron
chr2	58438120	58438458	51.5865614775975	-23.011616923727	4.24775409205561	-5.41736089826025	NA	NA	LOC124907771	Intron
chr2	58806796	58807574	21.4390161775842	13.5421285891253	4.28440171654412	3.16079804954626	NA	NA	LINC01793	Intron
chr2	59435235	59435713	32.8512191693224	-2.27227523367273	2.84987795842972	-0.797323698353997	NA	NA	NA	NA
chr2	59972013	59972334	25.6299550270852	2.14934811855524	4.06795087645346	0.528361375009793	NA	NA	LOC105374754	Intron
chr2	60402140	60402602	92.0912626907421	8.48730289255979	3.68420416718134	2.30370047571309	NA	NA	MIR4432	Exon
chr2	61431728	61432228	25.4647505762917	-8.22744272418221	3.84462197371376	-2.1399874371094	NA	NA	SNORA70B	Intron
chr2	61720028	61720701	25.7161288505007	-6.8096861848606	3.76704246246313	-1.80770093587105	NA	NA	LOC107985767	Intron
chr2	62293374	62293685	68.669677880186	-6.24753944192261	3.61540165735043	-1.72803467886364	NA	NA	LOC105374764	Exon
chr2	62476060	62476583	46.0718265592461	5.06967762803908	3.61809542271505	1.4012006416997	NA	NA	TMEM17	Intron
chr2	67204164	67204638	39.3393682719413	5.96073402523516	3.59106793113603	1.65987782451932	NA	NA	LOC101927661	Intron
chr2	67555963	67556236	55.5640079196794	-0.96966217705099	3.80188203974283	-0.25504793860374	NA	NA	LOC124906017	Intron
chr2	67812086	67812513	21.2446755606399	-0.653513191978728	3.43595843779714	-0.190198223817197	0.849153802906043	1	LINC01812	Intron
chr2	68441029	68441359	61.5271270153422	-0.0852476253115996	3.06118336410688	-0.0278479317218134	NA	NA	FBXO48	Intergenic
chr2	69037835	69038035	63.2001070889963	-6.79686778242986	3.24047406093864	-2.09749180354836	NA	NA	ANTXR1	Intron
chr2	70894104	70894682	10.0946410896277	1.17217018977357	4.08959335351763	0.28662267576441	NA	NA	VAX2	Intron
chr2	70958974	70959487	30.4199091123692	-4.54849147433771	3.81221779518231	-1.19313526107713	NA	NA	ANKRD53	UTR
chr2	71789457	71789782	115.94810652616	-0.254365385247152	2.82222845509213	-0.0901292681633204	NA	NA	LOC124907827	Intergenic
chr2	73021263	73021687	53.1470095160572	14.2964529354803	3.76529629838871	3.79689984599571	NA	NA	LOC105374800	Intron
chr2	73234273	73234763	51.8427839341805	-0.797602172760176	2.81316373589288	-0.283524973176516	0.776774440878583	1	CCT7	Promoter
chr2	73402012	73402639	5.46254768674192	6.8094105639319	4.25201796497443	1.60145385556311	NA	NA	ALMS1	Intron
chr2	73612855	73613513	81.5426424192008	-8.72647096279072	3.27085815191507	-2.66794540071431	0.00763166590738261	0.0475635659068218	LOC124905592	Intron
chr2	74270797	74271404	89.5328739688293	-2.62043123233907	3.1535279269078	-0.830952283624944	0.406000585807824	0.690497346665862	MTHFD2	Intron
chr2	75352430	75352627	60.3845996110555	-0.802766325520331	3.44223800922948	-0.233210580839535	NA	NA	LOC105374810	Intron
chr2	75724929	75725491	25.8496586594633	-6.10904146971135	3.3037363398222	-1.84913105688093	NA	NA	GCFC2	Exon
chr2	76635189	76635667	10.9474193327522	-4.57568094167026	4.26211641679538	-1.07357014548904	NA	NA	LOC105374814	Intron
chr2	77557337	77557804	5.71257205497386	-5.43914164280706	4.25533953312404	-1.278192163156	0.20118167869506	0.35714538008342	LRRTM4	Intron
chr2	77830820	77831441	23.3175705684147	-4.09971446173431	4.07512783449292	-1.00603333888897	NA	NA	LINC01851	Intron
chr2	78699393	78699935	47.0758694934466	-9.19320718620545	3.57532414170049	-2.57129334903688	NA	NA	NA	NA
chr2	78778046	78778414	58.3369777882641	-1.2452063280912	3.76539868208996	-0.330697074393211	NA	NA	NA	NA
chr2	78864405	78864870	13.8886578719658	0	4.40735632392284	0	1	1	LOC105374821	Intergenic
chr2	79230527	79231123	46.4992287156955	8.95988776726647	4.1029091787849	2.18378895969615	NA	NA	CTNNA2	Intron
chr2	79632485	79632991	66.7310628071385	10.7174067093433	3.45513218881609	3.10188036916052	0.00192295651997685	0.0372618780973083	MIR4264	Intron
chr2	80493366	80493873	33.7000203091619	-9.422361702098	3.20071209086436	-2.94383294548479	0.0032417492799771	0.0388003015522799	LRRTM1	Intron
chr2	80992021	80992483	4.94336027159366	-6.44363669992594	4.25118579494662	-1.51572690791014	NA	NA	LINC01815	Intergenic
chr2	81048006	81048507	59.9724172803883	-24.2076881228116	3.97067827203285	-6.096612836481	NA	NA	NA	NA
chr2	81718023	81718634	87.834122201419	5.0352716848655	3.21490296284198	1.56622820130606	NA	NA	LOC105374828	Intron
chr2	82517119	82517615	29.7767580956987	1.0321809909862	4.08345270390236	0.252771628773805	NA	NA	LOC124906132	Intron
chr2	82637487	82637966	54.5260461976553	9.6524005992037	3.83289445914303	2.51830586573516	NA	NA	LOC105374831	Intergenic
chr2	84262653	84262982	64.1547441425266	2.29739232258677	3.30941464353121	0.69419899590926	NA	NA	NA	NA
chr2	84287940	84288328	80.2138688032459	-3.88640358057129	3.52097682943649	-1.1037856165595	NA	NA	NA	NA
chr2	84290252	84290625	34.7483652372851	7.71742432411126	4.13432838625578	1.86666940869215	NA	NA	FUNDC2P2	Promoter
chr2	84295942	84296394	74.3762657237672	1.09942340509628	3.61998679025049	0.30370923122076	0.761349424521487	1	NA	NA
chr2	85369562	85369913	61.3326886180305	-8.48695812288688	4.19696392270037	-2.02216608939213	NA	NA	ELMOD3	UTR
chr2	85418598	85419085	62.4485548802413	-6.83509396430939	3.07489369836062	-2.22287162901063	NA	NA	SH2D6	Promoter
chr2	85538976	85539463	81.1295324211158	-6.7403588578833	2.27919055858128	-2.95734765682732	0.00310298039815767	0.0388003015522799	PARTICL	Promoter
chr2	85943461	85943985	32.6886198534439	-5.63510944224766	3.81408643237019	-1.47744670766306	NA	NA	LOC124906031	Intergenic
chr2	86224394	86224885	80.3896706649222	0.712377374330564	2.91021781337536	0.244784899280211	NA	NA	MRPL35	Exon
chr2	88891438	88891751	78.1117727220889	-0.725741387261676	3.15121387707434	-0.230305341234239	0.817854510455396	1	MALLP2	Intergenic
chr2	88899792	88900327	15.175078399015	-6.75758410497014	4.25037802609443	-1.58987837399007	NA	NA	NA	NA
chr2	90234090	90234751	1.74437647855704	4.96978113539097	4.26483269756323	1.16529333922771	0.243900274357737	NA	KMT2CP4	Intergenic
chr2	95195713	95196175	41.0494807867361	4.38760177513191	4.08062936671545	1.07522673118033	NA	NA	ZNF892	Intergenic
chr2	95343769	95344381	11.1936734505585	13.9555023104082	4.40735632388508	3.16641117369571	NA	NA	KCNIP3	Intron
chr2	96125117	96125824	80.6852875756925	-1.52180029225453	3.22989082214522	-0.471161527139108	NA	NA	ADRA2B	Intron
chr2	96696139	96696421	47.2616051837329	0.300271110642269	3.78767716340298	0.0792757929697723	NA	NA	LMAN2L	Intron
chr2	96802903	96803386	32.3127154147436	-7.41890019928064	3.81037148634741	-1.94702805903903	NA	NA	MIR3127	Intron
chr2	99380242	99380805	24.6930232436803	7.42656898187242	3.50615814962885	2.11815002773294	NA	NA	TXNDC9	Intron
chr2	100112017	100112719	50.7235681221976	-0.138546684153861	3.46365700855389	-0.0400001165853617	NA	NA	AFF3	UTR
chr2	100953794	100954105	67.4139380018809	-7.36924408809056	3.10657946404105	-2.37214086212513	NA	NA	NPAS2-AS1	Intron
chr2	101443503	101443971	24.7434063203826	0.414395201200395	4.02318394237995	0.10300180333173	NA	NA	LINC01870	Intron
chr2	102252054	102253096	70.4063920107142	0.133089481336181	3.71242284158265	0.0358497636221425	NA	NA	CFAP144P2	Promoter
chr2	104508781	104509281	127.758386563782	15.0625426229618	3.39489380317122	4.4368229159014	NA	NA	LINC01103	Promoter
chr2	104575342	104575558	46.334877864559	0.564791672859605	2.62762603078301	0.214943704409605	NA	NA	LOC105373524	Intron
chr2	104782853	104783226	37.665395338095	-0.457434544635851	3.72476970433046	-0.122808812610356	0.902258495636039	1	LOC124900520	Intron
chr2	105365829	105366632	15.8998601482231	0	4.4073563239228	0	1	1	C2orf49	Intron
chr2	106900291	106900885	1.49225789397232	0	4.40735632392641	0	1	NA	ST6GAL2	Intergenic
chr2	107274882	107275233	47.0309573375942	0.307522534657934	3.87352401589747	0.079390894027201	0.936721711294591	1	LINC01789	Intron
chr2	107820867	107821553	21.2573624095981	-7.80120637979704	4.12608697366375	-1.89070332971434	0.0586639577305997	0.118088139535462	RGPD4-DT	Intron
chr2	108088684	108089394	35.0388789191201	7.23564515819605	3.4866519738792	2.07524158201135	NA	NA	LINC01593	Intergenic
chr2	108883072	108883777	41.689163403531	0.732768206740539	2.73643056531918	0.267782495937392	0.788866745043397	1	CCDC138	Exon
chr2	108927101	108927512	42.8333024120999	2.30095601145496	3.4213268345105	0.672533237177315	NA	NA	EDAR	Intron
chr2	109394240	109394674	115.587774728831	-0.988854993201878	2.6516666820041	-0.372918285662704	0.709209262146185	1	MIR4266	Intron
chr2	111006835	111007210	42.6537161718923	0.237806475254792	2.91308468556513	0.0816339038934113	NA	NA	ACOXL-AS1	Intron
chr2	112339189	112339694	40.7338403519173	-8.2913234183993	3.89938599728799	-2.12631512350044	NA	NA	ZC3H6	UTR
chr2	112633607	112633994	63.5385050816485	-7.19032300262674	3.25543637451408	-2.20871249670791	NA	NA	LOC107985934	Intron
chr2	113196670	113197462	171.408816400846	0.250406100575852	2.94258411619245	0.0850973466477706	NA	NA	PAX8-AS1	Exon
chr2	114652300	114652638	21.3549035258614	-1.95154848284251	4.08673577853684	-0.477532335976274	NA	NA	DPP10-AS3	Intron
chr2	115238893	115239460	88.686968429259	-0.681633118319978	2.88148283591192	-0.236556369458386	0.813000971638258	1	DPP10-AS1	Intron
chr2	116142829	116143157	39.3596517322555	-6.64600507103279	4.04912801354537	-1.64134229611912	NA	NA	LOC105373576	Intergenic
chr2	117438747	117439752	36.1556989540925	-2.17718668990076	3.09936052881546	-0.702463191893607	NA	NA	LOC124907878	Intergenic
chr2	118484959	118485167	94.8848851008462	-9.09351207759813	3.42145542090222	-2.65779060631461	NA	NA	LOC105373579	Intron
chr2	118495328	118496182	43.6498769546788	2.62112973772523	3.30130912955802	0.793966767382413	NA	NA	NA	NA
chr2	119187612	119187966	52.206304228666	7.58265473794149	3.73472584208534	2.03031094076442	0.0423249428133406	0.0924194830936926	C1QL2	Intron
chr2	119473318	119474495	48.2400914198612	2.70703792160187	4.08383626059154	0.662866419920999	NA	NA	SCTR-AS1	Promoter
chr2	121863531	121863842	65.4886620956411	2.81277248648161	4.08307972731316	0.688885026580791	NA	NA	LOC105373595	Intergenic
chr2	122274611	122274874	3.51687625897473	-5.25441004584369	4.25647012477136	-1.23445246690788	0.217034348572734	NA	LOC105373592	Intron
chr2	122363633	122364334	14.4793379202392	6.61635048004201	4.24997362911087	1.55679800804463	NA	NA	LOC105373593	Intron
chr2	122937467	122938288	13.5506004547367	20.0341508744903	4.25039450364194	4.71348032690238	NA	NA	LOC105373596	Intergenic
chr2	123302875	123303123	98.9765340307736	-5.51501114290727	3.03053273439429	-1.81981573085022	NA	NA	LINC01826	Intron
chr2	123784297	123784547	39.7837613352903	-6.26907511222991	3.82642392294967	-1.63836397599074	NA	NA	CNTNAP5-DT	Intron
chr2	124615757	124616240	44.5877349568211	9.37173301255656	3.75366479298792	2.49668884394353	NA	NA	CNTNAP5	Intron
chr2	127183101	127183483	52.9665470337645	0.0176870938477767	3.53785910700459	0.00499937767808734	NA	NA	LOC124907883	Intergenic
chr2	127198568	127199270	35.416223245108	1.06887173138284	3.65544755802359	0.292405160904772	NA	NA	NA	NA
chr2	128033166	128033807	111.63405863267	4.23974526761621	3.1997082566091	1.32504119988405	NA	NA	SAP130	Intergenic
chr2	128268850	128269429	62.3200535453715	1.74851262391493	3.16735045295479	0.552042677274236	0.58091911403659	0.920776554901534	NA	NA
chr2	128278718	128279052	25.9729427081602	21.8016332636037	4.24790475345173	5.13232629471937	NA	NA	NA	NA
chr2	128314114	128315001	15.7209174237701	-6.52636449934037	4.086187263815	-1.5971770450009	NA	NA	HS6ST1	Intron
chr2	128631051	128631752	64.1891941213884	-10.358733402819	3.6877920439904	-2.80892557911435	0.00497071356384325	0.0458683667475437	LOC105373611	Intron
chr2	130135124	130135649	121.783529511679	-10.0401899786029	3.32223826728125	-3.02211616712827	NA	NA	POTEF	Exon
chr2	131317379	131317801	54.371476538564	-24.0592995909291	4.24738391367677	-5.6644984489057	NA	NA	LOC440910	Intron
chr2	131608477	131609003	40.5515313183347	-16.6472856137025	3.76542739314877	-4.42108793386706	NA	NA	LINC01087	Intron
chr2	132161948	132162450	29.9970058177498	-7.30953805766929	3.52483080379004	-2.07372735446189	NA	NA	MIR663B	UTR
chr2	132934133	132934853	19.5443390916407	7.67975032597151	3.8714169275909	1.98370531245015	NA	NA	NA	NA
chr2	133014488	133014959	36.3639572091664	14.4059781561107	3.972867194291	3.62609104497931	NA	NA	NCKAP5-AS1	Intron
chr2	134555863	134556179	41.0715172114203	9.10061234900436	3.50654224862978	2.59532374166047	NA	NA	LOC124906076	Intron
chr2	134918168	134918906	15.7607378882804	1.47415485753122	2.91766230924037	0.505252048142275	NA	NA	CCNT2-AS1	Promoter
chr2	135432805	135433181	33.8218269849863	2.49539169523554	3.66914271963712	0.680102107198036	NA	NA	ZRANB3	Intron
chr2	136287144	136287586	32.5503208452292	-5.98993141087638	3.48564733984155	-1.71845595003557	NA	NA	CXCR4	Intergenic
chr2	136693047	136694344	64.700425393308	-4.99424128126907	3.01057817808193	-1.65889772191565	NA	NA	THSD7B	Intergenic
chr2	137723927	137724233	113.990117633155	5.75228608917312	2.73546488966901	2.102855025081	NA	NA	HNMT	Intergenic
chr2	138325070	138325453	152.988747881663	5.19333861396497	3.15786916164271	1.64457054682513	NA	NA	SPOPL-DT	Intron
chr2	138541933	138542261	79.9868308603636	7.95035611303167	3.2993791859402	2.40965213907844	NA	NA	LINC02631	Intron
chr2	138649941	138650396	96.6785386685618	-0.886534097018986	3.70946888909365	-0.2389921909375	NA	NA	LOC124905958	Intergenic
chr2	139267928	139268479	37.8255076437396	-0.654267461491152	4.16325703737758	-0.157152790619738	0.875124433520063	1	LOC105373641	Intron
chr2	139444137	139444508	31.2947852828532	-0.329869590705336	3.720819159098	-0.088655098944745	NA	NA	LOC105373645	Intron
chr2	139982823	139983238	11.2763663571156	6.05049386231161	4.25136486588159	1.42318856489325	NA	NA	NA	NA
chr2	140009669	140010019	52.8742447561919	6.49599290414763	3.85803817598323	1.68375547566792	NA	NA	LINC01853	Intergenic
chr2	141215162	141215491	146.678333204271	9.29683137920822	3.29575133522309	2.82085340597425	NA	NA	LOC105373648	Intron
chr2	141650997	141651456	22.0510292309066	-8.81488088027385	4.0410083012111	-2.1813567860358	0.0291570372949958	0.073843366192761	NA	NA
chr2	142426892	142427244	27.0801294340241	-6.44618532602395	4.24941412286345	-1.51695860644437	NA	NA	LRP1B	Intergenic
chr2	142831816	142832164	57.8138664428997	9.2880456070133	3.84060944554299	2.41837805658475	NA	NA	LOC105373652	Intergenic
chr2	144008073	144008551	49.4753531701829	2.48417055505687	2.74470041762707	0.905078943808576	NA	NA	QTMAN-AS1	Intron
chr2	145547701	145548424	48.1768420680611	0.337372929059448	3.36377762420402	0.100295847927605	0.920109453746643	1	LOC124908059	Intergenic
chr2	145801634	145802188	7.86315676560608	-7.14498957394734	4.21949269010362	-1.69332905605102	NA	NA	LOC105373665	Intergenic
chr2	147724934	147725483	25.8381643604865	2.95260833883843	3.71470575865469	0.7948431263928	NA	NA	ACVR2A	Intron
chr2	149533130	149533557	99.021676040763	8.22961627515758	2.80351511595958	2.93546349306584	0.00333049798732017	0.0388003015522799	MMADHC-DT	Intergenic
chr2	150878643	150879144	62.1481284838562	4.19228280106297	2.82590324812869	1.48351958045241	NA	NA	LOC105373686	Intron
chr2	151406295	151406678	16.5018052131156	-8.38890332156083	3.83191606793365	-2.18921896326517	0.0285809289902711	0.0730999138957922	RIF1	Intergenic
chr2	151745570	151746045	55.1624441619529	-18.7497024836662	3.71721467583382	-5.04401927754156	NA	NA	NEB	Intergenic
chr2	154166676	154167012	40.5724404619714	-7.77695260099572	3.44501766817298	-2.25744926443878	NA	NA	GALNT13-AS1	Intron
chr2	154360630	154360937	132.226882658743	0.863172634413104	3.24374038501452	0.266104105741878	NA	NA	NA	NA
chr2	154616976	154617271	45.007124736335	-7.82664105203999	3.70647277116011	-2.11161433936295	NA	NA	NA	NA
chr2	154874746	154875303	20.9050346166828	18.794921305028	4.25482055236907	4.41732408539839	NA	NA	KCNJ3	Intron
chr2	156215184	156215483	35.6931354133843	-21.9405563775214	4.17567259532504	-5.25437660081045	NA	NA	LINC01876	Intron
chr2	156623565	156624184	42.7102477900609	5.06830705528432	4.10647898632649	1.2342220847009	NA	NA	LINC01958	Intergenic
chr2	157118933	157119660	12.7301584458863	-8.01960188572607	4.14413191698411	-1.93517051251649	0.0529693749665815	0.109476937160892	LOC105373709	Intergenic
chr2	157444292	157445241	5.38354554811861	0	4.40735632392353	0	1	1	LOC105373712	Intron
chr2	158330437	158331015	17.0922493326645	-3.66155646054224	3.66687823841914	-0.998548689776186	NA	NA	CCDC148	Intron
chr2	158459674	158460169	42.0603126829388	8.41624561089337	3.64443155681377	2.30934385231025	NA	NA	PKP4	Promoter
chr2	158968968	158969350	31.0002838899862	-21.4575683828069	4.17388184211204	-5.14091418839711	NA	NA	TANC1	Promoter
chr2	159045170	159045747	29.9458223811091	8.75549752312346	3.58811191969212	2.44014058621525	NA	NA	NA	NA
chr2	159462646	159463166	113.371140344967	-5.37472462997832	2.96110349017125	-1.8151086741205	NA	NA	BAZ2B-AS1	Exon
chr2	160161676	160162362	3.06839747573565	-2.32743111940367	4.13206219527005	-0.563261395742753	0.573256901291305	NA	PLA2R1	Intron
chr2	160192999	160195184	102.621577767242	6.11725745701538	3.81378797162682	1.60398467416792	NA	NA	LINC02478	Intron
chr2	161826855	161827278	20.2813320505884	-7.71464320950984	3.35311067829661	-2.30074219125653	0.0214062077562665	0.0645273405790099	DPP4-DT	Intron
chr2	162467529	162468080	14.4271748064411	-0.504156975916976	4.08643948550931	-0.123373165736269	NA	NA	NA	NA
chr2	162560085	162560294	49.2876817921026	0.479860662505096	3.21706651858051	0.149160938927936	NA	NA	LOC124906084	Intron
chr2	162787235	162788063	46.9927492134646	-7.75367278684308	3.08040476511966	-2.51709543974228	NA	NA	KCNH7-AS1	Intron
chr2	164126150	164126821	14.5333456461999	3.08245270318042	4.22633578425543	0.729344013474658	NA	NA	FIGN	Intron
chr2	164943118	164943573	27.3737853319638	5.67096699998672	4.11578249503394	1.37785876849159	NA	NA	NA	NA
chr2	165048785	165049205	43.1626283793764	3.02228785645652	3.71261593674271	0.814058849057288	NA	NA	SLC38A11	Intron
chr2	166438992	166439441	63.4562193298714	-9.19739239213707	3.73216101064788	-2.46436109425527	NA	NA	SCN7A	Intron
chr2	169187108	169187519	44.4708391167598	4.60151475157209	3.88488855271695	1.18446505971296	NA	NA	DHRS9	Intron
chr2	169520155	169520377	56.106128759659	1.39613122958607	2.63838526467038	0.529161244296326	NA	NA	KLHL41	Intron
chr2	169539672	169540216	4.261166017479	1.15576285621528	4.10204555832556	0.28175280839325	0.778133058864607	NA	NA	NA
chr2	169584835	169585321	51.6591702785157	0.33912334768326	3.73233164094981	0.090860989940583	NA	NA	NA	NA
chr2	169634195	169635319	51.1468311807666	19.5604470782112	3.4963293129551	5.59456656606488	NA	NA	PPIG	Intron
chr2	170295649	170296724	40.2321997109284	-2.86305425383981	4.08566953716906	-0.700755219626402	NA	NA	LOC124906090	Intron
chr2	170616900	170617734	60.4129837234152	-7.41368975100149	3.34734742439396	-2.21479542188357	NA	NA	LOC100130256	Intron
chr2	171219368	171219957	25.9523506687839	-1.37792180839727	3.67368060945472	-0.375079369951486	NA	NA	TLK1	Intron
chr2	171316979	171317987	71.4454893533663	9.69933802958856	3.70543816467648	2.61759543636465	NA	NA	LOC107983995	UTR
chr2	172065499	172065850	25.9050170715192	-7.38574008368974	4.18751745714603	-1.76375147310393	NA	NA	DLX2	Exon
chr2	172102722	172103241	55.752833312243	8.60867847609587	3.01326590425071	2.85692625531385	0.00427765209954609	0.0440377898567808	DLX2-DT	Promoter
chr2	172659061	172659599	29.2664360582029	-0.0648362841780003	3.67360006314105	-0.0176492495273324	NA	NA	LOC124906146	Intergenic
chr2	173995087	173995698	37.5847139252911	0.30752404683131	3.89013114595458	0.0790523597517039	0.936990976275465	1	LINC01960	Intergenic
chr2	174295183	174295625	9.15699954037781	-21.5754587710806	4.2067080857418	-5.12882242630724	NA	NA	LINC01305	Intergenic
chr2	174431298	174431690	12.203257072542	2.85308218866463	4.09496454051874	0.696729400324236	NA	NA	SCRN3	UTR
chr2	174884565	174885165	22.8190331490761	0	4.27775591780798	0	1	1	CHRNA1	Intron
chr2	176590353	176590938	22.2903694787959	20.2464367574934	4.24993377083106	4.76394171044559	NA	NA	MIR1246	Intron
chr2	176991165	176991832	17.3476541235853	1.07656515050486	3.70843441458437	0.290301790499784	0.771585369181702	1	LOC105373756	Intron
chr2	177351634	177352133	93.7511487322086	-5.14054379512656	3.03974797784368	-1.69110854998352	NA	NA	LOC124906145	Intron
chr2	177873904	177874417	61.1125760206849	-0.182318432199632	2.990772966994	-0.0609603049819186	0.951390822266424	1	PDE11A-AS1	Intron
chr2	179050869	179051646	31.4516267690782	-4.47755366471422	4.03840637695725	-1.10874271847992	NA	NA	CCDC141	Promoter
chr2	179397124	179397515	13.8314972463506	1.84440474892766	4.08861356537651	0.45110762350998	NA	NA	SESTD1	Intergenic
chr2	180042735	180043334	42.5170861982873	-0.53998884224346	3.69742152961723	-0.146044706538873	NA	NA	CWC22	Intergenic
chr2	180062185	180062872	26.3894616027041	-1.59591589023713	3.69178324268012	-0.432288621874382	NA	NA	NA	NA
chr2	180602705	180603213	17.350491913169	0.597082853579423	4.08527578835995	0.146154845966745	NA	NA	SCHLAP1	Intron
chr2	181079844	181080237	13.945352062824	-0.398386985199934	4.00363863415722	-0.0995062296085059	NA	NA	LOC107985831	Intron
chr2	181255400	181255654	82.1642959136909	-8.03701389238462	3.69457934995218	-2.17535289707301	NA	NA	MIR4437	Intron
chr2	182791463	182792118	29.3181641038658	5.9576820431565	4.12037314743021	1.44590837528202	NA	NA	FRZB	UTR
chr2	183691182	183691890	5.34047127785617	6.20134072017478	4.25462654063014	1.45755230475677	0.144963984316236	0.261834173222348	NA	NA
chr2	184103105	184103475	39.6367874298574	0.307535532775062	3.58770572618384	0.0857192747249592	0.931689579509017	1	LOC105373777	Intron
chr2	185013062	185013622	39.4654813895045	-4.81511655219666	3.80589879125849	-1.26517199124059	NA	NA	LOC105373781	Intron
chr2	185901388	185901851	32.9593865567233	-6.93014205024716	3.95011195328593	-1.75441661709924	NA	NA	NA	NA
chr2	185905472	185905718	37.8960017414113	-7.55997711357393	3.81684605085564	-1.98068693702728	NA	NA	FSIP2-AS2	Intergenic
chr2	186176016	186176245	36.5073188896208	-20.7964172086409	4.25065542536819	-4.89252012396171	NA	NA	LINC01473	Intron
chr2	186351593	186352024	19.0652114997436	-8.57825038285894	3.28550397376485	-2.61093897659455	0.00902940042522792	0.0489267511413513	NA	NA
chr2	186486201	186486584	84.3380031737154	7.37517934189866	2.73001282991821	2.70151819840334	NA	NA	LOC105373785	Promoter
chr2	186799742	186800281	47.4834747969462	-2.16397832805144	3.3887008800922	-0.638586409548358	0.523092024743364	0.858312970177491	ZSWIM2	Intergenic
chr2	188354614	188355016	58.4202497766096	1.00995559470087	3.02518376969435	0.333849336631512	NA	NA	LINC01090	Intron
chr2	188802767	188802962	57.4572457824723	-0.211034563318437	2.82790136850354	-0.0746258570644957	NA	NA	DIRC1	Intron
chr2	190596839	190597173	41.1622217310586	1.17132706688754	3.87110773855547	0.302581882498736	NA	NA	NAB1	Intron
chr2	190814991	190815415	11.1529388970733	-5.64256557740338	4.1819670116048	-1.34926113997205	NA	NA	LOC124907946	Exon
chr2	191219272	191219817	9.12577709942821	7.05418285464432	4.24956543983628	1.65997746228755	NA	NA	MYO1B	Intron
chr2	193867315	193868017	20.0032275562961	19.963291671543	4.25052121836132	4.69666910149888	NA	NA	LINC01821	Exon
chr2	194770302	194770713	73.810181957508	0.282730047019656	2.64159296506306	0.107030133241177	NA	NA	LINC01790	Intergenic
chr2	195255471	195255862	121.627870940947	-8.39358322229787	3.42339436443941	-2.45183064781739	NA	NA	LOC105376755	Intergenic
chr2	197537534	197538027	53.9607890169213	13.781951268384	4.30334457174701	3.20261392937656	NA	NA	NA	NA
chr2	197571684	197572131	41.2701675202675	-21.6989108235374	4.0594484578059	-5.34528546157855	NA	NA	HSPD1	UTR
chr2	199260689	199261458	37.3594439644417	-15.2064853785838	4.13253110540052	-3.67970258196278	NA	NA	SATB2-AS1	Intergenic
chr2	199457929	199458343	10.7462918044116	-5.87300340446741	3.9357419872844	-1.49222266689278	NA	NA	NA	NA
chr2	203238839	203239253	69.9707642481237	7.59239130885938	2.85960669141967	2.65504739922472	0.00792972653881484	0.0480945474015377	CYP20A1	Promoter
chr2	203469254	203469528	77.3799461067143	-1.30943502538863	3.4692215375058	-0.377443472903738	NA	NA	RAPH1	Intron
chr2	203754777	203755404	5.14177442817691	5.17667330738868	4.2624603756599	1.21448010096451	NA	NA	CD28	Intergenic
chr2	204191672	204192165	42.0666477659447	1.26927497792178	3.70787079777572	0.342319095552949	0.732110766528364	1	LOC124907966	Exon
chr2	204952769	204953194	28.6993295060255	7.50218842317602	4.21965640011003	1.77791452948169	NA	NA	LOC124907968	Intron
chr2	206326674	206327527	17.6126149633011	-6.72223017955616	3.70917078284136	-1.81232695206519	NA	NA	ADAM23	Intergenic
chr2	206393421	206393852	17.1758711487439	-4.49639943114471	3.56594867659784	-1.26092656931748	NA	NA	NA	NA
chr2	206926986	206927539	27.6074994536539	-8.10849758097868	3.48709597074695	-2.32528661356051	NA	NA	CPO	Intron
chr2	207506875	207507862	51.0218588025869	-6.25760509863889	3.5494130073783	-1.76299717323145	NA	NA	CREB1	Intron
chr2	207529795	207530262	119.940404974821	-0.219329433132485	2.56723999409358	-0.0854339421468556	NA	NA	MYOSLID-AS1	Promoter
chr2	209303155	209303966	1.20300423117443	0	4.40735632391681	0	1	NA	MAP2	Intron
chr2	211562573	211563004	7.01343155208824	0	4.40735632388433	0	NA	NA	NA	NA
chr2	212112782	212113296	68.8522711701892	6.84311877305571	3.23688256230193	2.11410783102034	NA	NA	MIR548F2	Intron
chr2	212871438	212871890	13.4079110887686	-8.09399126976654	3.7638090762151	-2.15047870544642	0.0315173686222878	0.0779156168593428	MIR4776-1	Intron
chr2	212881555	212882053	51.4524929281985	-2.86867882651237	2.81283362182766	-1.01985371770707	NA	NA	NA	NA
chr2	214252361	214252914	27.9473299167528	6.92778202062619	3.57695752229045	1.93678062360385	NA	NA	LOC101928084	Intron
chr2	215069331	215069609	48.5075096889926	1.82763068376213	3.2084443530255	0.569631410948022	NA	NA	LOC124906117	Intron
chr2	215388259	215388877	2.48366445612419	-2.22631645913188	4.14110840137031	-0.537613663625705	0.59084379514681	NA	FN1-DT	Exon
chr2	215688388	215688733	35.3799886299161	-9.48828395569121	3.47471456765519	-2.73066571971525	0.00632065463399588	0.0471268009510733	LINC01614	Exon
chr2	215843728	215844099	34.6992596429915	19.7264280273115	4.2507407234213	4.6407036586871	NA	NA	LOC105373870	Exon
chr2	216707498	216707803	45.0948980282025	0.251331673668813	3.09073329275341	0.0813178135616198	NA	NA	IGFBP5	Intron
chr2	216827243	216827874	56.4886506370064	21.9264436271302	3.8563083291874	5.68586372131468	NA	NA	LOC105373874	Intron
chr2	216973425	216974052	155.431326329509	-4.83169102827536	2.89574854393663	-1.66854647596815	NA	NA	LOC105373876	Intron
chr2	217434302	217434703	117.859177780494	2.28879124121443	2.83368805315778	0.807707552235281	0.419258954990013	0.710453356455804	LOC124907981	Intron
chr2	217701991	217702394	36.1449315814307	7.27537950222563	3.83386813317133	1.8976603392479	NA	NA	DIRC3	Intron
chr2	217971958	217972490	38.9296359639619	7.44127888173597	3.85062065331893	1.93248817572361	NA	NA	TNS1-AS1	Intron
chr2	218001379	218001645	87.4467394143133	-0.220349083628777	3.42355522922282	-0.0643626490228399	NA	NA	LOC124907982	Intron
chr2	218162293	218163075	25.2577149359914	-3.00470057337828	4.06610257328008	-0.738963299431579	NA	NA	CXCR1	UTR
chr2	218246702	218248087	79.452632051486	7.62664277245963	3.49983906230356	2.17914099382611	NA	NA	GPBAR1	Intron
chr2	218350339	218351099	1.38008064999482	5.04080866673015	4.26398022119088	1.18218387638822	0.237132748857393	NA	CATIP	Intron
chr2	218644856	218645626	18.0890327185154	1.83582506961825	3.58609202066255	0.511929158270474	NA	NA	BCS1L	UTR
chr2	219004306	219004760	39.2921298685715	-0.544573249543881	3.72697714387511	-0.146116605635436	NA	NA	CFAP65-AS1	Promoter
chr2	219037250	219037855	97.2122875618448	-6.25889691977579	2.91417852801377	-2.14773970078	0.0317344396177406	0.0781314057192593	CFAP65	Intron
chr2	219245074	219245775	54.7320873245188	-4.78672978360613	2.72296026120713	-1.75791393352326	0.078762154661271	0.151353253905783	GLB1L	Promoter
chr2	219263877	219264366	18.8774653754899	-1.15727353915231	4.08576021510823	-0.28324558423007	NA	NA	TUBA4B	Intron
chr2	219855423	219855825	51.1341660901325	0.307497070983017	3.54567147003479	0.0867246369500781	NA	NA	LINC01803	Intergenic
chr2	220220086	220220462	38.0544500137251	8.76135010686747	3.83363909998883	2.28538729868782	NA	NA	LOC105373895	Intron
chr2	220747094	220747451	50.7761890965322	10.3220243920388	2.97929901002383	3.46458155334876	0.000531057092108023	0.0372618780973083	LOC107985990	Intron
chr2	221517706	221518852	21.9725580138875	8.15762338253153	4.04055721048577	2.01893525015843	0.0434939498403146	0.0940622041566236	EPHA4	Intron
chr2	222193520	222193964	17.0770654209604	6.87857102100702	4.2517848242666	1.61780788664288	NA	NA	CCDC140	Intergenic
chr2	222756663	222757327	6.4743840562563	0	4.40735632392334	0	1	1	LOC105373903	Promoter
chr2	222982085	222982657	40.140774185827	-0.653227198134846	3.45944631921072	-0.188824204181865	NA	NA	ACSL3-AS1	Intergenic
chr2	223309891	223310773	72.2873632866106	-4.36496545967306	2.97672065659572	-1.46636717489809	0.142548283898111	0.258976609343156	NA	NA
chr2	223358611	223358966	49.2955852098601	0.711561289486795	4.08217127555519	0.174309513603155	NA	NA	LOC105373907	Intergenic
chr2	224071818	224072373	30.5830749654705	0.30752557629108	3.90865273834307	0.0786781525189789	0.937288623364403	1	SERPINE2	Intergenic
chr2	224983254	224983863	12.7249175807104	6.37299604025725	3.2933466534315	1.93511242845235	0.0529765007076846	0.109476937160892	MIR4439	Exon
chr2	225134434	225134768	83.5376088291491	-8.89268944250999	3.45110870349026	-2.57676306559583	NA	NA	DOCK10	Intergenic
chr2	225226577	225227272	26.7519350983111	6.41089819082267	3.89406413025964	1.64632578621535	NA	NA	NYAP2	Intergenic
chr2	225801834	225802027	42.949980997045	-0.466966955268707	2.94024841571966	-0.158818878286654	NA	NA	NA	NA
chr2	225829310	225830061	7.52271053255482	-6.99374068512461	4.24987622773236	-1.64563396917004	NA	NA	LOC105373914	Intron
chr2	226219259	226220673	17.6101791702853	-8.46032877982969	4.24807517107287	-1.99156757805041	NA	NA	LOC646736	Intergenic
chr2	226551695	226552167	39.1369304873212	-23.0555530215095	4.24774939138495	-5.42771027600393	NA	NA	NA	NA
chr2	226624510	226625164	24.4533825634755	-6.54737916057728	3.41033215753979	-1.91986553160281	0.0548748867235915	0.112156566724533	MIR5702	Intron
chr2	227217159	227217594	52.4745593845967	9.41287246085597	3.42899361760378	2.74508310908837	0.0060495575217025	0.0469937533794141	COL4A3	Intron
chr2	227426981	227427438	41.1718378749952	7.70651835628248	3.18232582885157	2.42166225922366	NA	NA	SCYGR1	Intergenic
chr2	227750895	227751620	33.1808743364001	8.73319629914817	4.09032110038675	2.13508819596643	NA	NA	SCYGR8	Intergenic
chr2	227794750	227795509	59.7778809992196	2.05552406735846	3.46170313124336	0.593789816580881	NA	NA	CCL20	Intergenic
chr2	229120514	229121153	30.3218528207449	-8.29814158031663	2.73085072455364	-3.03866538939911	0.00237628628822756	0.0372618780973083	PID1	Intron
chr2	229238311	229238797	19.1216946377177	-7.311385751898	3.66514535392505	-1.99484196283461	NA	NA	NA	NA
chr2	230398245	230398697	44.7641064646283	10.1401740595779	4.03572074886339	2.51260547758012	0.0119843273449321	0.0523094634955363	LOC105373925	Promoter
chr2	230989147	230989704	72.9076638715058	7.78511831742302	3.27093961136973	2.38008622671054	NA	NA	SPATA3	Promoter
chr2	231532319	231532917	25.4635854791276	-9.01911899001287	3.71423696710312	-2.42825621248588	0.0151716211140932	0.0556690979462002	LOC105376787	Promoter
chr2	231925129	231925656	22.5530966559245	7.12706236951423	3.57627899480937	1.99287090852209	NA	NA	NPPC	Promoter
chr2	232502723	232503262	38.1811849661837	4.30144865714395	3.7991400489715	1.13221639678917	NA	NA	LOC124906124	Exon
chr2	232697185	232697761	91.8853571055266	-4.26928199312242	2.53475718979304	-1.68429623567652	NA	NA	GIGYF2	Promoter
chr2	232981128	232981572	113.165049677924	0.261633825224967	2.93978131813159	0.0889977168067901	NA	NA	NGEF	Intron
chr2	233294444	233294781	49.5265887027354	-4.93110679037209	3.58062585557482	-1.3771633756972	NA	NA	DGKD	UTR
chr2	235138585	235139403	6.80680932282297	6.00379243221408	4.25573891544132	1.41075205775199	NA	NA	LOC124907998	Intergenic
chr2	235691187	235691779	28.7758444286051	9.27237301188768	3.80151197275134	2.43912766245395	NA	NA	LOC105373942	Intron
chr2	236332499	236333494	81.8624003163801	0.0729489275114621	2.66851345328884	0.0273369157729205	NA	NA	IQCA1-AS1	Exon
chr2	236706613	236707074	57.3666525499686	0.176897997756113	4.08187047583108	0.0433374843233103	NA	NA	LOC105373949	Intergenic
chr2	236847122	236847514	111.926930160777	-7.76969199372911	2.97008891199344	-2.61597959655501	NA	NA	LOC105373948	Intron
chr2	237074517	237074762	38.0985180314852	-0.577424555954345	2.90888360234541	-0.198503836828937	NA	NA	LOC105373950	Intron
chr2	237085938	237086411	36.14587653782	-7.68985156649617	3.84800204034447	-1.99840111462305	NA	NA	COPS8	Promoter
chr2	237475983	237476543	19.133420445867	0.786333266244613	3.66638294694271	0.214471122526989	NA	NA	MLPH	Intron
chr2	238137419	238138052	6.35412362839882	-0.654296298059622	4.4073563238829	-0.148455502568302	NA	NA	KLHL30	Promoter
chr2	238502383	238502858	27.2737029521531	-7.46123007286046	3.71143233784362	-2.01033708651563	0.0443955242269158	0.0957792328228832	LINC01937	Intron
chr2	238746425	238746673	42.7866079212135	2.02122160613778	2.66027790172452	0.759778369330334	NA	NA	LOC105373963	Intergenic
chr2	238990866	238991480	37.8963559752069	5.90788459048991	3.84826351596055	1.5352079102658	NA	NA	LINC01940	Intron
chr2	239026879	239027131	43.3842736655764	0.5121553561515	3.08669259962849	0.165923667362647	NA	NA	MIR4440	Intergenic
chr2	239422533	239422743	69.8541158754186	1.37756409019706	2.73500817369582	0.503678235204522	NA	NA	HDAC4	Intergenic
chr2	239473764	239474110	70.2187097914128	8.62534468773237	3.6133665119256	2.38706609453128	NA	NA	LOC124908011	Intron
chr2	240225059	240225667	54.4606182503931	-7.00324430524577	4.03498542798244	-1.73563063119846	0.0826291662295744	0.156843957079355	LOC105373968	Intergenic
chr2	240964972	240965681	2.66411847821689	0	4.40735632389324	0	1	NA	UICLM	Promoter
chr2	241031935	241033360	13.961766855951	0	4.40735632388014	0	NA	NA	LOC107985787	Intron
chr2	241200440	241201157	18.6305834417118	-16.1400661722763	4.3654802180122	-3.69720291153343	NA	NA	ANO7	Intron
chr20	316567	317087	27.6484917132668	6.50782705276475	3.51900078705533	1.84933947065424	NA	NA	SOX12	Exon
chr20	388910	389420	15.4175912505741	-4.49556261514856	4.0492821900265	-1.11021223124959	NA	NA	RBCK1	Intron
chr20	452240	452731	54.9191432912134	-0.708710352674522	3.68247059741945	-0.192455128676699	NA	NA	TBC1D20	Intron
chr20	993986	994502	47.0029482751261	-4.69157361303261	3.1688235906187	-1.48054111529655	NA	NA	NA	NA
chr20	1036586	1038242	51.9718608345158	-4.24420495202109	3.81366985785286	-1.11289259695139	NA	NA	RSPO4	Exon
chr20	2202527	2203077	27.5134378726636	-8.17241304512672	4.0159974668797	-2.03496469121939	0.0418544258789318	0.0920007663187841	LINC03086	Intergenic
chr20	2335423	2335886	88.9803614080797	-6.42677366256562	3.00825129614095	-2.13638191424035	NA	NA	LOC105372503	Intron
chr20	2557995	2558935	31.52460793618	-3.50850939132456	3.78644602727981	-0.92659696349748	NA	NA	TMC2	Exon
chr20	2943069	2943437	30.6697355922346	-21.5348168465019	4.07772048121352	-5.28109195951881	NA	NA	PTPRA	Intron
chr20	3213585	3213995	53.8105649816528	8.67211577453513	3.70270703432073	2.34210152036132	NA	NA	DDRGK1	Exon
chr20	3235119	3235686	37.0975727419382	-7.55149532748715	3.85127523807413	-1.96077788801804	NA	NA	SLC4A11	Intron
chr20	3258810	3259554	118.689220751296	1.8421404797168	3.15361396803669	0.584136326889635	NA	NA	NA	NA
chr20	3655052	3655568	54.0133374524311	-9.08123017614959	3.55658059202503	-2.55335987507567	NA	NA	GFRA4	Intergenic
chr20	4412124	4412547	38.6852755502669	-9.62576538695477	3.39351265448791	-2.83651966767376	0.0045608169229805	0.0447440144443982	LOC105372510	Intergenic
chr20	4570951	4571425	33.4756973614562	-7.67045019665336	4.06532164526292	-1.88680032380495	NA	NA	NA	NA
chr20	4789760	4790159	49.7807581559321	-9.04260703065284	3.41189810424757	-2.6503156760149	NA	NA	LOC107985392	Intron
chr20	4896241	4897501	159.145990465106	8.72445972659327	3.04302597303571	2.86703426257312	NA	NA	RASSF2	Intron
chr20	4987721	4988299	6.01942345786253	0	4.40735632388432	0	NA	NA	SLC23A2	Intron
chr20	4999879	5000924	17.8599071853551	2.26520627822526	3.00361000728885	0.754161250205019	NA	NA	NA	NA
chr20	5370735	5371526	24.8853035265301	1.26927971113223	3.92085896856111	0.323724908574825	0.746146311183616	1	LOC124904863	Intron
chr20	6206997	6207306	15.0286232047516	0	4.40735632388281	0	NA	NA	FERMT1	Intron
chr20	6278924	6279471	29.9791446050958	-7.17457996100891	3.8922761399524	-1.84328647378463	NA	NA	NA	NA
chr20	6909262	6909653	59.9713612693185	-16.1287438737934	4.30528913353667	-3.74626264892553	NA	NA	LOC105372517	Intergenic
chr20	7021119	7021453	80.8156531764947	-4.9698014112342	2.66099008467117	-1.86765123247287	NA	NA	LINC01428	Intergenic
chr20	7720197	7721227	208.177489058098	4.40659801690369	3.01246486257686	1.46278818772156	NA	NA	HAO1	Intron
chr20	8329949	8330470	11.7806291313069	-6.4513947898502	4.25116364496915	-1.51755973861059	NA	NA	PLCB1-IT1	Intron
chr20	8451198	8451984	5.46690861979504	-6.50291728694157	4.25101952503283	-1.52973122062791	NA	NA	LOC124904868	Intron
chr20	9064167	9064743	39.2557021645535	2.93640183737401	4.04619777854326	0.725718810124797	NA	NA	PLCB4	Intergenic
chr20	9178072	9178450	36.0201166666399	-3.54537688808102	3.43493904977603	-1.03215132399866	NA	NA	NA	NA
chr20	9209165	9209881	3.32986646900338	2.92495846804644	4.13510280250287	0.707348428260608	0.479349977186968	NA	NA	NA
chr20	10705980	10706857	23.881933621546	-21.7453513232626	4.24888927657857	-5.11789079633845	NA	NA	JAG1	Intron
chr20	10990136	10990387	65.3188990581776	9.72995667420822	3.37306624422275	2.8846029012544	0.00391907656217906	0.0419836707580561	NA	NA
chr20	11014643	11015131	115.419185351954	0.017434625163381	3.09847489783735	0.00562684086146701	0.995510454241391	1	LINC02871	Intron
chr20	11837052	11837399	66.1742961411893	-7.52130975081776	3.70335873402034	-2.0309427984182	NA	NA	LINC00687	Intron
chr20	11887690	11888324	41.4407443458493	-19.281649537471	3.76034939499834	-5.12762180107987	NA	NA	BTBD3	Promoter
chr20	12058886	12059339	58.7597320314043	-0.450917212957622	2.9930819578445	-0.150653145923994	0.88024933540387	1	BTBD3-AS1	Intergenic
chr20	12503441	12504141	25.5074021392408	-20.2232529687916	4.25157872308416	-4.756645539453	NA	NA	LOC124904871	Promoter
chr20	13460646	13461131	60.8590375612903	8.34361000262957	3.34359890850325	2.49539799208888	0.0125815924583692	0.0527900768789056	TASP1	Intron
chr20	13846120	13846467	92.4882976166059	-8.24657782114722	3.13946816123146	-2.62674357490935	NA	NA	NDUFAF5	Intergenic
chr20	14050534	14050982	16.4010933261947	-6.42190845844195	3.90346095897126	-1.64518321713519	NA	NA	MACROD2	Intron
chr20	15898610	15899032	14.9519986215658	2.4803998982714	4.1162003143873	0.602594555372266	NA	NA	LOC613266	Intron
chr20	15938769	15938992	89.7490049918732	9.45507401967566	3.98065308838087	2.37525697661876	NA	NA	NA	NA
chr20	16529272	16530046	50.6004519725694	7.67242763665628	3.637865278107	2.10904666613952	NA	NA	KIF16B	Intron
chr20	16646097	16646694	94.7961793827556	-6.77983665403196	3.71371884401613	-1.82561926166172	NA	NA	LOC105372541	Intergenic
chr20	17191574	17192143	44.7085314285452	-6.14062950963474	3.01912916604428	-2.03390751833262	NA	NA	PCSK2	Intergenic
chr20	17562861	17563486	15.1380898729105	7.59081361065981	3.12602096107085	2.42826702225935	0.015171168885694	0.0556690979462002	BFSP1	Exon
chr20	17860489	17860897	53.5562788713439	21.3700890203388	4.13406072162205	5.16927313345171	NA	NA	LOC105372548	Intergenic
chr20	17887360	17888009	52.0457777016434	-3.99489162108403	3.67124443554349	-1.08815735133491	NA	NA	NA	NA
chr20	18441684	18441917	45.6804020212697	6.57746864600516	4.19888760253362	1.56647885550361	NA	NA	POLR3F	UTR
chr20	18519404	18520428	88.0382122767782	3.90488752013434	2.69259357452835	1.45023280047689	0.146993611170978	0.264986548571279	SEC23B	Intron
chr20	18553612	18553974	55.1452924497528	7.38428692018881	3.57878155605196	2.06335223442221	NA	NA	SMIM26	Intron
chr20	19006297	19006930	23.437578451337	0	4.28145662520678	0	NA	NA	LOC102724734	Intron
chr20	19033583	19034188	191.565823974237	-1.01340600667407	2.98189098072229	-0.339853473257628	NA	NA	LOC107985442	Intron
chr20	19521251	19521841	1.3291371134146	-4.76795474723149	4.26024000686382	-1.11917514965112	0.263065424779384	NA	RIN2	Intron
chr20	20687621	20687885	52.7362083364435	-7.89298247558073	3.63695455315885	-2.17021751584037	NA	NA	RALGAPA2	Intron
chr20	20698577	20698832	70.7846331537456	-6.05913207000421	3.86599581168905	-1.56728883453109	NA	NA	NA	NA
chr20	20921643	20922256	34.2378841334173	21.3309471792799	3.90848969295944	5.45759330457094	NA	NA	LINC03083	Intergenic
chr20	21312824	21313268	57.0386945604609	-10.1897021349497	3.96751456816579	-2.56828348324389	0.0102203537063448	0.0492306709468289	NA	NA
chr20	21327277	21327628	49.0747518405269	8.85020517787166	4.1216689321698	2.14723824827255	NA	NA	XRN2	Intron
chr20	22346186	22346624	18.7360088161453	-8.4248360863583	4.09136219407198	-2.05917630528169	NA	NA	LINC01427	Intergenic
chr20	23064634	23065075	21.0732288233201	-3.05903198103421	3.91971062486329	-0.780422912250289	NA	NA	LOC124904964	Intergenic
chr20	23634527	23635156	69.5344712726952	-2.47338229278723	2.9698420515203	-0.83283294191389	0.404938953314306	0.690497346665862	LOC107985383	Promoter
chr20	23765050	23765331	44.6543365204644	-7.48991604523153	4.1374876362041	-1.81025702160239	NA	NA	CST1	Intergenic
chr20	24016817	24017391	27.6405919814687	-1.42260631345496	3.41156152817449	-0.416995648973738	NA	NA	LOC107985438	Intron
chr20	24757675	24758295	36.1995750939185	-7.61667248163959	2.9679509534227	-2.56630672176569	0.0102787891520967	0.0492306709468289	NA	NA
chr20	24759755	24760127	41.5933636391747	-6.58702266656038	2.78319713858853	-2.36671077849014	0.0179469516122816	0.0599255075735189	NA	NA
chr20	24855585	24856024	50.1128476473132	6.97913048931958	3.41198964209657	2.04547235525343	NA	NA	LINC02967	Intron
chr20	24868295	24869511	74.0221575434086	-5.28105869518449	4.07437484414719	-1.29616417173071	NA	NA	NA	NA
chr20	24980973	24981317	24.0675965916861	0.0470252227754937	4.0407495931739	0.0116377473266184	NA	NA	NA	NA
chr20	25016108	25016619	46.0763825594747	-8.1862399989599	3.7031984559897	-2.21058636101966	NA	NA	APMAP	Intron
chr20	25147298	25147997	21.7453543738164	19.9058978422216	4.25074385017067	4.68292104720033	NA	NA	ENTPD6	Exon
chr20	25193158	25193862	24.0326526296639	2.8204990140791	3.72036321533615	0.758124637522592	NA	NA	NA	NA
chr20	25239544	25239991	70.0667569463545	-5.66645072017086	2.9931566774393	-1.89313535201191	NA	NA	PYGB	Exon
chr20	25513384	25514155	5.16200009288873	-5.97928298687803	4.2527536822916	-1.40597914517732	NA	NA	NINL	Intron
chr20	25524992	25525266	74.8917363308595	0.495808966512679	4.09441249743353	0.12109404385207	NA	NA	NA	NA
chr20	25963912	25964563	14.8230959015896	-5.66971367391569	4.25411673952693	-1.33275930611772	NA	NA	LINC01733	Intron
chr20	26247161	26247664	13.1573893617646	20.7998905298569	4.24927087002541	4.89493166382508	NA	NA	MIR663AHG	Intron
chr20	29808920	29809635	41.5271161324222	-0.396989973278951	3.45201023949453	-0.115002548004342	0.908443102430301	1	NA	NA
chr20	29884101	29884593	29.1986516943334	-1.43463946643051	3.77188852787439	-0.380350441384594	NA	NA	LOC124904968	Intergenic
chr20	30417568	30418063	41.0256936825291	-0.692696290406782	3.85819458416388	-0.179538972256605	0.857514519011161	1	MLLT10P1	Exon
chr20	30723898	30724800	30.6766530346322	0	4.40735632388229	0	NA	NA	LOC124904986	Exon
chr20	31563763	31564304	99.8980341394434	8.09999329463101	2.99734769513615	2.70238694956044	0.00688435912635416	0.0475345008264353	LOC107985416	UTR
chr20	31786963	31787498	22.4742704096403	-4.02882872140981	3.61308957833347	-1.11506472066715	NA	NA	MYLK2	Intron
chr20	31820446	31820940	19.2174694429291	-7.01329323434477	4.19263011818961	-1.67276698316835	NA	NA	NA	NA
chr20	31977780	31978256	57.2359617146002	0.220370253792111	2.84906386626888	0.0773483025077659	0.938346466126814	1	XKR7	Intron
chr20	32233112	32233733	26.9486471203117	-4.32295001132422	4.25732681713625	-1.01541417819366	NA	NA	NA	NA
chr20	32241587	32242394	26.971831995208	22.0597795679053	4.24787173293156	5.19313692946215	NA	NA	MIR1825	Intergenic
chr20	32284840	32285481	4.1148430644626	-6.39864998940516	4.25131660782306	-1.50509843882968	0.132298770335609	NA	KIF3B	Intron
chr20	32535940	32536404	47.9017047789077	21.2917232524607	4.12628230358821	5.16002582614026	NA	NA	LOC105372592	Promoter
chr20	32585077	32585821	85.3935458254555	-3.05821793219361	2.56513203893399	-1.19222632042931	NA	NA	NOL4L	Promoter
chr20	32686611	32687352	20.642897447298	-7.68531237205266	4.12835008597095	-1.86159415069208	NA	NA	COMMD7	Intron
chr20	32744538	32744762	55.9456214725579	-2.15147329610799	2.61392918276965	-0.823080177645955	NA	NA	C20orf203	Promoter
chr20	32781985	32782965	22.0688551092246	-3.0701685578585	3.56285379840797	-0.86171612184322	NA	NA	DNMT3B	Intron
chr20	33020281	33020799	60.9886292355264	-4.17876806053779	2.9972612881843	-1.39419545336644	NA	NA	BPIFB6	Exon
chr20	33787264	33787673	36.2230328765107	-6.20647383012302	3.37475681819195	-1.83908772231126	NA	NA	CHMP4B	Exon
chr20	34040882	34041383	63.1342407111142	1.33291422579028	3.42126269866448	0.389597158473272	0.696834453650641	1	MIR4755	Intron
chr20	34844944	34845254	93.6027677280476	6.94756754757725	3.62217361046047	1.91806586175587	NA	NA	NCOA6	UTR
chr20	34912835	34913200	61.6397547326387	-6.95838868496714	2.90738973816606	-2.39334568517683	0.0166955027594774	0.0588924518890918	GGT7	UTR
chr20	34980898	34981549	31.7452312770969	1.00238404323415	3.71410567183188	0.269885709186015	0.787248181777728	1	MIR499A	Exon
chr20	35235631	35236118	117.283324214065	7.09240575269261	3.58530179187663	1.97818933088483	NA	NA	MMP24	Exon
chr20	35362113	35362714	58.146426931427	-2.10160371506697	3.08773002507785	-0.680630656824989	NA	NA	UQCC1	Intron
chr20	35585482	35586314	14.3596754894948	17.8695803284318	4.2623718851137	4.19240291792491	NA	NA	FER1L4	Intron
chr20	36097788	36098366	44.0268173976414	-0.59463790221688	3.5053227004644	-0.16963856198977	NA	NA	EPB41L1	Intron
chr20	36362210	36363472	51.4007531226278	0.165714038835773	4.08547431452239	0.0405617624976174	NA	NA	DLGAP4	Intron
chr20	36434729	36435152	61.2457192802811	-9.31314104529916	2.94801468103651	-3.15912302106471	0.00158244677269882	0.0372618780973083	MYL9	Intron
chr20	36532851	36533418	4.40634405794712	-6.49732792374937	4.25103491227442	-1.52841085943308	0.126410560285129	NA	NA	NA
chr20	36885938	36886664	17.2333689256903	1.26923610089927	4.21414377929369	0.301184811760741	NA	NA	TLDC2	Intron
chr20	37184901	37185719	8.75115735124465	-3.32433963107454	4.11176466726517	-0.80849462459281	NA	NA	RBL1	Intron
chr20	37200043	37200440	19.860020765089	7.15179856281396	3.44481938583584	2.07610262303452	0.0378844606338662	0.0868055761304796	NA	NA
chr20	37299099	37299537	21.6392605308873	-5.34129003843348	4.1676786902747	-1.28159832736084	NA	NA	NA	NA
chr20	37363277	37363990	85.6752273649005	1.36928585415178	4.08113964796682	0.33551555993286	NA	NA	NA	NA
chr20	37425828	37426748	72.6450041666254	2.59226395025064	3.45982094377396	0.749248008026395	NA	NA	NNAT	Intergenic
chr20	37451369	37452336	22.7652179697739	-15.1504511193289	4.4073563238947	-3.4375371551399	NA	NA	NA	NA
chr20	37542697	37543328	3.65427043721985	4.94258117988726	4.25635924297074	1.16122274877286	0.245551325789852	NA	BLCAP	Intergenic
chr20	37799103	37799736	48.2162980784662	20.5312917260463	4.03723963862359	5.08547759454923	NA	NA	LOC124904895	Intron
chr20	38112024	38112463	23.9760224221865	20.1306911358046	4.11741230810149	4.8891608683918	NA	NA	TGM2	Intron
chr20	38142858	38143580	78.4317864893572	-8.95245151537482	2.57472357755947	-3.47705345669017	0.000506956730986179	0.0372618780973083	NA	NA
chr20	38281798	38282637	78.5679784622799	8.13780805980019	3.47342420733308	2.34287768324401	NA	NA	KIAA1755	Intron
chr20	38851603	38852275	2.7670140848405	-0.794909838356473	4.11334508590961	-0.193251434478342	0.846762058968379	NA	PPP1R16B	Intron
chr20	38876769	38877039	61.8790647178536	-7.91274834209777	3.16221512848964	-2.50228021199719	0.0123396216462119	0.0524676631957742	NA	NA
chr20	38919763	38920047	63.1465677836435	0.42020646914121	3.74943075126195	0.11207207094031	NA	NA	FAM83D	UTR
chr20	38967683	38968600	43.3320619805228	-8.92497722252645	3.79507212722776	-2.35172795755163	NA	NA	DHX35	Intron
chr20	39294139	39294622	72.2669991686805	8.90843661070457	2.83226491467023	3.14534017088646	0.00165893812720106	0.0372618780973083	NA	NA
chr20	39316547	39316909	60.8145422403176	1.14973393819841	3.47536117924109	0.3308243025404	0.740777202779652	1	NA	NA
chr20	39330552	39331453	15.7200388234018	0	4.40735632388255	0	NA	NA	LINC01734	Intron
chr20	39549252	39550208	61.9907359453675	3.46206708546977	3.22013493290999	1.07513106053017	NA	NA	LOC102724950	Intron
chr20	39744779	39745290	46.9078157247249	-0.873898593972522	3.9830210881888	-0.219405967134839	NA	NA	LOC105372614	Intron
chr20	39783273	39783831	24.4069742192148	-8.96723907092501	4.24777254274726	-2.11104501963879	0.0347684424622983	0.0820359199363596	LOC105372613	Intron
chr20	39803384	39803777	3.10516805246075	-5.67305613958451	4.25410040863435	-1.33355012685412	0.182351337086075	NA	NA	NA
chr20	39819440	39819908	86.5565112269106	3.82000698823327	2.6834988016871	1.42351730726753	NA	NA	NA	NA
chr20	39940094	39940552	9.39823431570728	5.01638530889951	4.25589476589903	1.17869110606165	NA	NA	LINC01370	Intergenic
chr20	41116144	41116548	63.3537623900654	1.66949629384732	4.08211948495065	0.408977811649603	NA	NA	PLCG1	UTR
chr20	41381539	41382001	84.6735099703278	-3.89182189044913	3.29055874638037	-1.18272372275078	NA	NA	EMILIN3	Intergenic
chr20	41548832	41549293	24.7421299343561	8.31796657276764	3.57168042983673	2.32886640789077	0.0198661440101808	0.0620295971283042	CHD6	Intron
chr20	41849969	41850317	43.762729806357	21.5639338291582	4.2481152425937	5.07611790116888	NA	NA	LOC124900463	Intergenic
chr20	42306362	42307597	129.45837706599	-5.59642585114255	3.33649231795622	-1.67733814971607	NA	NA	LOC105372622	Intron
chr20	42344867	42345236	75.4668051342554	-15.1091053650271	4.05598289449341	-3.72514030706094	NA	NA	LOC105372624	Intron
chr20	42551791	42552494	64.5090761758656	-0.176480190475334	3.54554446524878	-0.0497752015818961	NA	NA	NA	NA
chr20	42562202	42562738	69.767092754344	8.5989430574917	3.70772944439429	2.3191937778773	NA	NA	NA	NA
chr20	42672882	42673281	32.426144358755	18.048776223173	4.05422399036996	4.45184485762119	NA	NA	NA	NA
chr20	42757644	42758162	53.2921976014345	-2.60354657184559	3.7998108864145	-0.685177933763511	0.493231646495059	0.815056550591127	NA	NA
chr20	42799856	42800516	85.4706395319774	-4.6542196598896	3.16901587171114	-1.46866404218307	NA	NA	LOC101927159	Intron
chr20	43007600	43008575	6.39484294695142	-3.29824892602519	4.1226721069731	-0.800026982608323	NA	NA	PTPRT-AS1	Intron
chr20	43636317	43636877	36.5431404767034	-23.3471208190582	3.60934646561787	-6.46851751181539	NA	NA	MYBL2	Intron
chr20	44431770	44432270	93.5560927233994	-0.533091940903287	2.86761370914254	-0.185900890068868	NA	NA	LINC01430	UTR
chr20	44462669	44463146	137.744314232573	-1.02902229857612	2.7601830928773	-0.372809434718854	0.709290280391212	1	LINC01620	Promoter
chr20	44601927	44602422	33.3357570956213	-5.27366699448369	3.61834219487613	-1.45748155106823	NA	NA	ADA	Intron
chr20	44781916	44782598	40.5310830103391	0.307526018075719	3.2545346516941	0.0944915482511888	NA	NA	RIMS4	Intron
chr20	45300639	45301181	42.4624975565279	0.399293803852922	3.12334422180975	0.127841754061152	0.898274206187466	1	RBPJL	UTR
chr20	46085675	46086164	52.9631643113201	6.35336257757447	3.62498255698973	1.75266017910179	NA	NA	NCOA5	Intron
chr20	46429275	46429829	20.5027751981088	0.599635066279346	4.08454859299587	0.146805712461737	NA	NA	ELMO2	Intron
chr20	47024501	47024952	19.6739271912824	-2.7045398618338	3.80525218268245	-0.710738666452134	NA	NA	EYA2-AS1	Intron
chr20	47202265	47202738	73.5555256109703	1.81960134198694	3.58334318986756	0.507794326575287	NA	NA	MIR3616	Intron
chr20	47370121	47370750	51.126106463684	1.68167841182532	4.08252959757068	0.411920690746738	NA	NA	ZMYND8	Intergenic
chr20	47637781	47638363	27.1456949965633	-1.91864254873242	3.63312796930798	-0.528096605718481	NA	NA	NCOA3	Exon
chr20	47708906	47709277	44.8488542226405	0.922903168638301	3.56089154967047	0.259177555891504	NA	NA	NA	NA
chr20	47767463	47768050	51.6364780819335	0.128390302286585	3.11317122997021	0.0412410024384728	NA	NA	SULF2	Intron
chr20	48250086	48250395	47.4672385872036	2.38685022101306	3.48172214690801	0.685537248609207	NA	NA	LOC124904924	Intergenic
chr20	49278134	49278931	142.455526567508	5.33498464156278	2.42234841337423	2.20240185602837	0.0276369348984613	0.0719823849895932	SNORD12C	Promoter
chr20	49290888	49291950	61.9784080884762	7.4040342228353	4.17316691277286	1.7742003561309	NA	NA	SNORD12	Exon
chr20	49346668	49347203	96.4526961438129	-0.179272031754107	3.1608895929897	-0.056715689200819	0.954771675957882	1	LOC124904925	Intron
chr20	49482714	49483241	12.0483733756958	-21.8229210317122	4.15355213363341	-5.25403806900627	NA	NA	KCNB1	Promoter
chr20	49601130	49601706	29.5764794533228	-17.9098979034965	4.27728221620737	-4.18721445024899	NA	NA	LOC105372651	Exon
chr20	49735833	49736329	35.3544062714465	-8.53543353126936	3.66982141060745	-2.32584438757649	0.020026853708155	0.0622167588533349	B4GALT5	Intergenic
chr20	49823791	49824475	55.9446578332992	2.18221746410819	2.93749327396803	0.742884241964717	NA	NA	SLC9A8	Intron
chr20	50087680	50088170	22.8463953693094	0	4.23739928854603	0	1	1	UBE2V1	Intron
chr20	50443659	50444093	30.6830421187649	20.2560188165178	4.24979343738702	4.7663537334116	NA	NA	LOC124904928	Intergenic
chr20	50456414	50456859	53.7085422544504	-1.6218603702124	3.11775204255403	-0.520201846739482	NA	NA	PTPN1	Intergenic
chr20	50879098	50879799	43.2936425356938	1.8399505212652	4.08422214802531	0.45050206736546	NA	NA	ADNP-AS1	Intergenic
chr20	50980875	50981332	139.894326584437	-7.79109898290759	3.29699368111262	-2.3630918759536	NA	NA	DPM1	Intergenic
chr20	51151652	51152117	15.0919798801523	-22.1955534723135	3.81882031577645	-5.81214920760174	NA	NA	LOC105372662	Intergenic
chr20	51183383	51184129	2.94231025842097	5.62073043577118	4.25838111981253	1.31992188524888	0.1868610998225	NA	NA	NA
chr20	51265012	51265591	38.1369128431823	19.4066994079492	3.84529639789829	5.04686697716104	NA	NA	LOC105372663	Intron
chr20	51910462	51911029	28.9247255897326	-9.19486082598789	3.5771535724885	-2.57044061420918	0.0101569239289833	0.0492306709468289	LINC01429	Intron
chr20	51971705	51971968	92.5806588134886	-6.69759526616907	3.01745839395644	-2.21961478560349	NA	NA	LOC105372664	Intron
chr20	52530744	52531337	19.3910668768606	0	4.24624192084524	0	1	1	LOC124904931	Exon
chr20	52918327	52918611	90.1073109909946	-0.158511032247318	2.93621509931502	-0.0539848161275025	0.956947261574852	1	LOC105372668	Intergenic
chr20	53044008	53044742	61.5756866400654	-8.47884612728029	3.86312328057128	-2.19481634715691	NA	NA	TSHZ2	Intron
chr20	53197423	53197865	56.8725001419902	2.20275549889377	2.775610024099	0.79361130698064	0.427421747928873	0.721661357010343	LOC105372670	Intron
chr20	55444257	55444676	16.7885843044083	-22.1144307009166	4.24844934477563	-5.20529466312478	NA	NA	LINC01441	Intron
chr20	56581157	56581405	62.0658308648938	-0.51574722392766	4.05596684668961	-0.127157652767453	NA	NA	LINC01716	Intron
chr20	56946086	56946578	72.3721867451263	-6.95645408455277	2.59038659295778	-2.68548876197266	0.00724238102720367	0.0475345008264353	NA	NA
chr20	57032112	57032940	73.8646423618366	-9.44733395875493	3.20316248787872	-2.94937705923604	NA	NA	LOC105372683	Intergenic
chr20	57595902	57596664	59.1587752140618	-8.69818099825441	3.62104093258251	-2.40212169931227	NA	NA	ZBP1	Intron
chr20	57660011	57660531	116.124041148783	-1.03303372482606	3.24913363072647	-0.317941285965232	0.750529474553755	1	NA	NA
chr20	57667806	57668415	28.4263454524009	13.2662347397679	4.28542408390344	3.09566439167536	NA	NA	NKILA	Intron
chr20	57796267	57796639	28.3661462525489	2.53254013342965	4.08577198650709	0.619843726422605	NA	NA	PMEPA1	Intergenic
chr20	57882851	57883384	77.4899692124962	0.245483481560761	2.7867676393269	0.0880889666208604	0.929805965650134	1	LOC105372693	Intergenic
chr20	57946603	57947296	54.0993647507503	-7.58310360952833	3.85440644717059	-1.96738556596564	NA	NA	NA	NA
chr20	58457024	58457816	46.1916861078438	-23.192067319323	4.24768704920674	-5.45992843885573	NA	NA	APCDD1L-DT	Intergenic
chr20	59260755	59261028	30.3987624850227	6.27341972876358	3.44084100585257	1.82322278713054	NA	NA	NA	NA
chr20	59319832	59320414	30.8610670600052	21.9528769278458	4.24778121385046	5.16808089274126	NA	NA	EDN3	Intron
chr20	59340518	59341441	80.0116550428625	-6.99740291929748	3.13482057704039	-2.2321542006413	NA	NA	NA	NA
chr20	59380383	59380891	53.3876021154208	-1.21989122058506	3.61140567388193	-0.337788476494747	0.735522594432307	1	NA	NA
chr20	59440728	59441324	43.6290009390627	19.4420469061362	3.85201915382957	5.04723526278613	NA	NA	PHACTR3	Intron
chr20	59646897	59647533	77.4786648921194	-0.624002611394562	3.16261902951904	-0.197305652552612	NA	NA	PHACTR3-AS1	Intron
chr20	60059324	60059677	43.6358186637208	2.60906427167333	3.5389397640902	0.737244611549378	0.460973608529288	0.771323883571448	MIR646HG	Intron
chr20	60077579	60078029	23.7346703525516	1.08232282791339	3.96015922926289	0.273302856086127	NA	NA	NA	NA
chr20	60113650	60114595	38.9323400813196	-9.62823119897505	3.23884942974197	-2.97273195553957	0.00295162091979881	0.0388003015522799	LOC105372698	Intron
chr20	60275426	60275880	36.137321279965	1.22232873145442	4.00524331782479	0.305182141123515	NA	NA	MIR646	Intron
chr20	60642556	60643119	97.122768187862	-1.09551454208707	3.38194770150878	-0.323930065978941	NA	NA	MIR548AG2	Intron
chr20	61170618	61171322	12.8546323299546	-1.30288091742497	4.08861113959338	-0.318661000751112	NA	NA	LINC01718	Intergenic
chr20	61206143	61206560	41.2139064511374	20.6616960628621	4.07279131259592	5.0731045312736	NA	NA	NA	NA
chr20	61277352	61278776	81.3835443944293	-6.99234437498609	2.82575718819507	-2.47450290640591	NA	NA	LOC105372703	Intron
chr20	61789602	61790503	7.56533535087876	0	4.40735632389395	0	NA	NA	CDH4-AS2	Intron
chr20	61804457	61805054	23.6845706039001	8.07499483358176	3.7548867845107	2.15052950914311	NA	NA	NA	NA
chr20	61839041	61839911	70.2902599655727	-5.47261923665646	3.19885034717421	-1.71080814752426	NA	NA	MIR1257	Intron
chr20	62039980	62040370	39.4854794785	-19.1429475771602	4.09535257370082	-4.67431002158171	NA	NA	LOC105372705	Intron
chr20	62470521	62471271	29.8055214012202	20.4921595932932	4.24922447709885	4.82256461237467	NA	NA	GATA5	Intron
chr20	62545718	62546255	7.83986512681468	6.00898520271048	4.25570761726979	1.41198262266088	NA	NA	MIR1-1HG	Exon
chr20	62561095	62561473	44.6874508445055	6.40884506488979	3.78038730810036	1.69528795400338	NA	NA	MIR133A2	Intron
chr20	62563744	62564145	48.4387159147458	2.04299924574298	3.92405938934732	0.520634129873041	NA	NA	NA	NA
chr20	62657563	62658850	11.5182918186433	5.27313293780935	3.41989905517857	1.54189724688644	NA	NA	SLCO4A1-AS2	Exon
chr20	62717498	62718153	31.7721273836209	22.1030847918586	4.24782122538955	5.20339336781566	NA	NA	NTSR1	Intron
chr20	62764512	62764857	44.4450227399383	-2.42369412913738	3.22961581680166	-0.750458960638111	NA	NA	LINC00659	Intergenic
chr20	62965925	62967432	44.9466134133783	-1.86725103472269	2.88980219576847	-0.64615184992831	NA	NA	SLC17A9	Exon
chr20	63296826	63297312	61.8908840750611	1.02665497739575	2.96463265115566	0.34630090746506	NA	NA	COL20A1	Intron
chr20	63372788	63373128	56.282042476901	-0.729784770928416	3.7958347702359	-0.192259361932938	NA	NA	CHRNA4	Exon
chr20	63539237	63540143	69.7341324586512	-1.55875744946323	2.7667665394231	-0.563385969597656	0.573172088988435	0.911597929926999	PTK6	Promoter
chr20	63894831	63895369	25.8312149784002	8.92493372631357	3.82626001042682	2.33254763188924	NA	NA	DNAJC5	Promoter
chr20	64017660	64018436	15.831593324482	4.35856352259202	3.15819760022147	1.38007942324013	NA	NA	C20orf204	Intron
chr20	64077403	64078194	10.4438545306571	0.30754388983138	3.53032326540938	0.0871149372763507	0.93058015229531	1	MIR6813	Promoter
chr20	64109298	64110358	59.5130353670209	1.05466597443139	3.44823794559412	0.305856495715139	NA	NA	NPBWR2	Promoter
chr21	9779271	9779756	5.05196710307769	0	4.40735632388319	0	1	NA	NA	NA
chr21	9790566	9790927	34.9295122637664	-6.01214322232108	3.87127285969747	-1.55301458724635	NA	NA	LOC124904997	Intron
chr21	13035581	13036046	17.5594093860834	-6.11837549470609	3.81826936379718	-1.60239493649068	NA	NA	ANKRD30BP2	Promoter
chr21	14057346	14057662	76.252586000128	0.21004797259826	2.86677732621294	0.0732697202107903	NA	NA	LOC105377134	Intron
chr21	16038574	16039338	38.8571058025885	-2.53905391541499	3.81164624862594	-0.666130524659861	0.50532767529074	0.833567067913221	MIR99AHG	Intron
chr21	17172000	17172368	35.0338727949219	8.48047101537778	3.88386938584053	2.18351086838685	NA	NA	LOC107985511	Intergenic
chr21	18850895	18851313	70.7439561556434	-1.70487060623253	3.19155246933516	-0.534182227180392	NA	NA	NA	NA
chr21	18917564	18918251	6.80460102969638	0	4.40735632388857	0	NA	NA	MIR548XHG	Exon
chr21	19035353	19035707	21.2996313881523	-8.09510793039313	4.24836940942783	-1.90546234337079	NA	NA	LOC107985490	Intergenic
chr21	23287968	23288450	144.796454808122	0.98154111561548	2.60667035364377	0.376549767500682	NA	NA	LOC105372747	Intergenic
chr21	23885607	23886166	59.5904988851565	22.9856396139403	4.24741402941134	5.41167860132672	NA	NA	LOC105372750	Intron
chr21	24137791	24138484	17.4792137745576	20.1717025561149	4.24965050814869	4.74667328935303	NA	NA	LINC01684	Intron
chr21	25413426	25414247	17.7776161313927	4.88599685219628	3.56301042172605	1.37131141194623	NA	NA	LINC00158	Intron
chr21	26117663	26118130	70.7468683001129	23.3589815333943	4.24739066568788	5.49960749363073	NA	NA	APP-DT	Intron
chr21	26220726	26221122	62.0692602039863	8.42108059032804	3.93844494891955	2.13817400002969	NA	NA	APP	Intergenic
chr21	26358557	26359525	12.2974570623527	-21.8842383699743	4.19279644482458	-5.21948505203187	NA	NA	CYYR1-AS1	Intron
chr21	28067100	28067528	20.5832204548192	-2.14074970287154	4.08757239121628	-0.523721538845835	NA	NA	LINC01697	Intron
chr21	28504182	28504684	63.5649511029111	1.17074986207749	2.90693985327562	0.402743063554706	NA	NA	LINC00161	Intron
chr21	28851917	28852370	57.7664528925019	21.9709088342753	4.24790247412254	5.17217826165222	NA	NA	HEMK2	Intergenic
chr21	31042561	31042799	48.7470086106478	5.5812081271007	3.14577574948137	1.77419135105891	NA	NA	KRTAP19-8	Intron
chr21	31199371	31199583	40.9549921391028	1.94851432470568	2.72707958757651	0.714505852187936	NA	NA	NA	NA
chr21	31279095	31279502	25.4318157701954	-8.14964230461718	3.55989911566857	-2.28929024104848	NA	NA	LOC105372775	Intron
chr21	32025255	32025812	92.872536117182	-8.73828983794726	3.36371587018289	-2.59780854721007	NA	NA	HUNK	Intron
chr21	32315976	32317380	90.6059127096145	-5.82727315266034	3.37176802378576	-1.72825446814624	NA	NA	MRAP-AS1	Exon
chr21	32977065	32977588	20.8702118652626	-0.57790304666802	3.10199912712053	-0.186300196417033	0.852209353441752	1	LINC01690	Intron
chr21	33040059	33040525	66.7834248988365	1.26924685660057	3.53775621606495	0.358771712656999	NA	NA	OLIG2	Intron
chr21	34153098	34153793	27.6988579877754	-2.62553607776098	3.3274293299508	-0.789058404374828	NA	NA	KCNE2	Intron
chr21	34803144	34803540	66.7639715902222	10.7248027458677	3.6179108758475	2.96436344451284	0.0030330982621238	0.0388003015522799	RUNX1-AS1	Intron
chr21	35412160	35412801	20.4318481984211	1.89931854476785	3.72501850009834	0.509881640780497	NA	NA	NA	NA
chr21	35470089	35470449	19.703711404947	7.98675390346351	3.50041178702866	2.28166124141729	0.0225093480294619	0.0661674543998784	NA	NA
chr21	35636314	35637069	67.8704138134113	-0.467715637422244	3.14557600833137	-0.148689981161941	NA	NA	LOC100506403	Intron
chr21	36547487	36547750	46.7333932194142	-1.32774281610074	3.59150581938983	-0.369689729843264	NA	NA	CLDN14	Intron
chr21	36646629	36647291	124.638387880182	7.29955760706651	2.75897366654245	2.64575109780382	0.00815097673181466	0.0480945474015377	LOC105369308	Intron
chr21	37779583	37779987	40.9510210299096	8.98683015877356	3.34938069742194	2.6831318893343	NA	NA	LOC101928368	Intron
chr21	38250389	38251371	29.4364264559371	-2.47765078463903	4.08630209003655	-0.606330792498229	NA	NA	DSCR10	Intron
chr21	41056376	41056904	86.4156809167137	-16.1340558229201	3.51668486167591	-4.58785943510198	NA	NA	MIR3197	Intergenic
chr21	41143409	41143977	41.7099754452302	-0.606703436799883	3.52820064278586	-0.171958314797208	NA	NA	NA	NA
chr21	42007312	42008134	84.4600586981289	-8.31683106150847	3.30259493150609	-2.51827161186726	NA	NA	ZNF295-AS1	Promoter
chr21	42102905	42103434	26.970442912998	7.84910026141214	3.94528022459937	1.98949119316593	NA	NA	UMODL1-AS1	Exon
chr21	42347345	42347816	12.1734587514563	-21.5927172858042	4.24909767644227	-5.08171826821444	NA	NA	TFF2	Exon
chr21	42364948	42365528	32.9378442535185	-0.654266222227547	3.95247792307293	-0.165533175633496	0.868524339621754	1	TFF1	Promoter
chr21	42704999	42705466	27.5750977402187	-6.55379655106444	3.58026516480596	-1.8305338429925	NA	NA	PDE9A-AS1	Intron
chr21	43024726	43025472	36.1123297259534	0	3.95193274787968	0	NA	NA	PKNOX1	UTR
chr21	43971689	43972288	51.8434336073119	8.77998318854192	4.13096620515528	2.12540668514423	NA	NA	TRAPPC10	Intron
chr21	44012005	44012709	47.95890141002	-1.92431230153004	3.78640026724631	-0.508216819594066	NA	NA	NA	NA
chr21	44658614	44659259	57.5696564444031	-0.5424848878217	3.26530839729033	-0.166135881153484	0.868050017436535	1	KRTAP12-3	Promoter
chr21	45169286	45169550	46.1532805264787	-0.877090092350102	3.57574698031193	-0.245288634005527	NA	NA	LINC00334	Intron
chr21	45325927	45326692	50.5583989335794	1.47693999357542	2.48838204461163	0.593534259248333	NA	NA	LOC124905040	Exon
chr21	45908808	45909340	28.7855688036846	-9.19208038916582	3.48371679178249	-2.63858428757711	0.008325300158216	0.0481936630276852	LOC124905044	Intron
chr21	46346278	46346979	74.8742768284477	-2.48213871991817	2.52327912470558	-0.983695658405524	NA	NA	NA	NA
chr21	46381525	46382034	88.0422605474357	-0.606803358408573	2.66759401931945	-0.227472154313564	0.820056619371497	1	LOC128092249	UTR
chr21	46635389	46636108	3.39418716274096	-4.47855336209682	3.68002910828904	-1.21698857001135	0.22360856470952	NA	PRMT2	Promoter
chr22	16473716	16474098	6.72601524179588	0	4.40735632392328	0	NA	NA	CCT8L2	Exon
chr22	17219235	17219552	99.7481290292629	7.60511000001251	3.01889788249736	2.51916768834898	NA	NA	ADA2	UTR
chr22	19472796	19473432	27.8516951717797	7.65011674637231	3.67859942450783	2.07962756026252	0.0375597070787374	0.0865228460299886	UFD1	Intron
chr22	19669270	19669570	38.4873277825476	0.901062782530569	3.37874930025248	0.26668530348293	NA	NA	SEPTIN5	Intergenic
chr22	20026167	20026650	27.7438281522826	6.08662952733815	3.34201669635311	1.82124450005891	NA	NA	MIR185	Intron
chr22	20227166	20227647	41.2465360723892	-7.39682181553881	3.30501333444482	-2.23806111111541	NA	NA	LOC105372863	Intron
chr22	20390689	20391129	37.1025680850865	-1.77090585798954	3.61017192725963	-0.490532277595373	NA	NA	ZNF74	Promoter
chr22	20445857	20446396	37.8155985928629	-9.58948867631924	3.71562689151051	-2.58085350233344	0.00985563949659954	0.0492306709468289	SCARF2	Promoter
chr22	20636726	20636984	25.228233164989	-0.177784261616284	2.70104149708703	-0.0658206331920548	NA	NA	LOC124905084	Exon
chr22	21759131	21759489	69.9965811806429	7.643234718246	3.67034889580367	2.0824272937607	NA	NA	YPEL1	Intergenic
chr22	21920612	21921157	29.1253611659664	-0.577801876902727	3.23700905435531	-0.178498690365203	0.858331349617811	1	PPM1F-AS1	UTR
chr22	22294336	22294621	4.45261504345529	0	4.40735632392372	0	NA	NA	BMS1P20	Exon
chr22	22318258	22319206	55.6177218256921	7.43028765724116	3.18203217628781	2.33507621720828	0.0195394394928562	0.0615228297545337	NA	NA
chr22	22789933	22790199	53.8793416640472	2.71027973357797	3.11778447633383	0.869296692619677	NA	NA	MIR650	Intergenic
chr22	23036915	23037375	48.2082812949295	6.19042795481469	3.12440359240948	1.98131508037371	NA	NA	GNAZ	Intergenic
chr22	23201291	23201525	30.9261874090556	-23.3064517955759	3.64748927299408	-6.38972456153232	NA	NA	BCR	Intron
chr22	23450750	23452036	74.5392446349398	7.12079449414114	3.25776341030988	2.18579239720291	NA	NA	LOC124900476	Intron
chr22	23732202	23732582	30.9588143551233	7.68967379497888	4.16603305363037	1.84580239666556	NA	NA	GUSBP11	Intergenic
chr22	24304118	24304727	116.20175897059	1.20971952172832	2.99478238343307	0.403942379393042	0.686255091378946	1	SPECC1L-ADORA2A	UTR
chr22	24588979	24589552	22.6208138101035	5.05641094248909	2.85401177835822	1.77168538014857	NA	NA	LRRC75B	UTR
chr22	25154747	25155754	36.179298689878	2.73792682243486	3.00858586329149	0.910037787467193	0.362802581919746	0.622710877254517	KIAA1671-AS1	Intron
chr22	25980320	25980907	35.2514195596972	-7.4896448439263	3.33296283495829	-2.24714322205157	NA	NA	MYO18B-AS1	Intron
chr22	26684230	26685006	41.7429017850944	-15.2660446238318	3.97457169160043	-3.84092823286945	NA	NA	LINC01422	Intron
chr22	27122023	27122795	21.0922421176441	9.05145363728156	3.78808501012746	2.38945367199587	0.0168734518042984	0.0588924518890918	LOC107985534	Intron
chr22	27536495	27536861	41.7018028044584	0.0397200193010393	4.08241737114099	0.00972953416811912	NA	NA	LOC105372981	Intron
chr22	27631539	27631916	117.728947970251	-0.272097033621805	2.93974997274104	-0.0925578828624329	NA	NA	LOC124905098	Intergenic
chr22	27758234	27758796	82.8088079750625	-0.706395054281581	2.85306146219119	-0.247591951187431	NA	NA	MN1	Intron
chr22	27903954	27904385	25.3148281625186	-8.04436945469574	3.54798833406157	-2.26730437004761	0.023371638700307	0.0668170775113072	TTC28-AS1	Intron
chr22	28386878	28387430	10.3182822116655	-4.7386332167258	4.03267063643444	-1.17506080806925	NA	NA	MIR5739	Intron
chr22	29267718	29268407	22.5526394294636	-1.25855844048105	2.15021216579037	-0.585318258590742	0.558333740033698	0.894101453112383	EWSR1	Promoter
chr22	29483340	29484619	49.8440584708233	9.33192611425237	3.09230501555383	3.01778966412245	0.0025462556694965	0.0372618780973083	NEFH	Exon
chr22	29568088	29569443	53.18851135801	6.83864602497944	3.20710262758843	2.13234399365689	NA	NA	NIPSNAP1	UTR
chr22	30034933	30035660	1.38061080502663	3.82965391763139	4.28613297884517	0.893498623708878	0.371590208831402	NA	MIR6818	Intron
chr22	31012461	31012867	26.6629164646819	17.4329449471107	4.27000057574359	4.08265634579567	NA	NA	TUG1	Intergenic
chr22	31554930	31555928	33.2014115392172	-6.66350371704811	4.08356981690377	-1.6317839576208	NA	NA	EIF4ENIF1	Intron
chr22	32281255	32282242	21.8629933799297	-8.68966490899543	3.75199671804646	-2.31601079691771	NA	NA	LOC107985561	Intron
chr22	32562428	32563027	45.9681901270488	2.70264402710201	3.06305219671586	0.882336915446535	NA	NA	SYN3-AS1	Intron
chr22	33036715	33036996	59.7245594104379	6.01539419661882	3.12841326564243	1.92282594588204	NA	NA	SYN3	Intron
chr22	33579074	33580160	2.66237339930535	0	4.40735632388969	0	1	NA	NA	NA
chr22	33655200	33655662	57.7603179608845	22.7581328226346	3.80990659136737	5.97340965634192	NA	NA	SNORA50B	Intron
chr22	34511753	34512707	47.0985581512683	-9.90454519628434	3.32219569746907	-2.98132503266736	0.00287003997754027	0.0388003015522799	LOC105373013	Intergenic
chr22	35225533	35225789	56.9057553063266	-7.50296946814504	3.73714396324455	-2.00767472217769	NA	NA	LINC01399	Intron
chr22	35567870	35568300	121.129418214077	2.69363526796374	3.34872335983444	0.804376766463298	NA	NA	LOC107985590	Intron
chr22	35691377	35691836	39.436534304617	4.13452901089479	4.08968010422678	1.01096636057712	NA	NA	APOL6	Intergenic
chr22	36066046	36066618	25.0702294046806	0	4.2311869075168	0	NA	NA	APOL3	Exon
chr22	37125107	37125678	16.7923225627323	8.72146854112318	3.82746019814712	2.27865688723433	0.0226874694502506	0.0661674543998784	TMPRSS6	Intron
chr22	37634504	37634710	42.4039736360488	-2.16455619827787	3.58431045366537	-0.60389752122737	0.545911776915646	0.881917892662174	SH3BP1	Promoter
chr22	37751412	37752541	94.5519679247035	-0.370847643555672	3.03315945287314	-0.122264473502832	NA	NA	LOC102724378	Promoter
chr22	38019412	38020103	13.6017170442361	-22.014251813612	4.24855048451673	-5.18159120242068	NA	NA	MIR4534	Intron
chr22	38201467	38202070	68.7623648814322	3.13860191683834	3.136171255136	1.00077504112646	NA	NA	MAFF	Promoter
chr22	38448917	38449483	27.7291002702423	0	4.24050985215693	0	NA	NA	KCNJ4	Intron
chr22	39036708	39037588	7.35631507178098	-4.04465732381706	4.26880075307354	-0.947492646712289	NA	NA	APOBEC3F	Intron
chr22	39302406	39303010	17.3335784202599	21.3961055618509	4.24834375735555	5.03634046204615	NA	NA	LOC124905119	Intergenic
chr22	39409468	39409736	37.0895221263641	-2.01498351383606	3.97600387176002	-0.506786104547757	NA	NA	TAB1	Intron
chr22	39649067	39650079	30.6000749993168	0.64572893680513	4.08319724251103	0.158142969455972	NA	NA	CACNA1I	Exon
chr22	39886011	39886727	20.888055477212	-6.93695296393822	4.24998950684708	-1.63222825674328	NA	NA	ENTHD1	Intron
chr22	40286660	40287088	35.1209170232622	4.32338622073962	4.09206391581837	1.05652949457291	NA	NA	LOC124905121	Intron
chr22	40370578	40371100	16.8290496268332	-7.19099128055286	4.10333744920181	-1.7524737776445	NA	NA	SGSM3	UTR
chr22	41284453	41285358	11.0476502066705	-5.04180669479348	3.63945652743273	-1.38531856522819	NA	NA	RANGAP1	Promoter
chr22	42463007	42463414	55.484030298207	6.33503253446611	4.12710786542482	1.5349810911264	NA	NA	NFAM1	Intergenic
chr22	42554204	42554454	74.9972911009045	6.23612477653461	3.308984551787	1.88460377464344	NA	NA	SERHL2	Promoter
chr22	42614689	42615005	93.7574793276717	-1.39088615902889	2.53218803569726	-0.549282335838025	NA	NA	RNU12	Promoter
chr22	43420281	43421110	20.1858111901781	-1.67206331482863	3.72970450407498	-0.448309862886396	NA	NA	MPPED1	Intron
chr22	43484885	43485392	33.9895972774723	-8.47304265409215	3.46620736499341	-2.44447078950462	0.0145064827435737	0.0545245698534271	EFCAB6-AS1	Intron
chr22	44032731	44033941	34.7346817380279	-0.141000366360044	3.18265434625322	-0.0443027583331621	NA	NA	NA	NA
chr22	44063277	44063670	107.614041226075	-7.50036055451823	3.1459793046445	-2.38410994740024	NA	NA	PARVB	Intron
chr22	44197540	44198072	12.3572339468434	-5.33639818135961	3.99620814564976	-1.33536542313712	NA	NA	PARVG	Intron
chr22	44880276	44880976	3.42217729598189	-0.814763473285466	4.1072261147123	-0.19837317219204	0.842753105824485	NA	LOC101927551	Intergenic
chr22	45012869	45013561	4.80730962132192	2.75480166042775	4.11525146732914	0.669412715674372	0.503232242484948	NA	PHF21B	Promoter
chr22	45824641	45825115	33.5026203841083	21.4084877874506	4.24812120905321	5.03951905652474	NA	NA	LOC105373071	Intron
chr22	46942166	46942730	1.03617530702793	-2.98526831333193	4.29224515727974	-0.695502750645278	0.486740287989885	NA	TBC1D22A-AS1	Intron
chr22	47286443	47286915	16.015784891046	-21.9132783170755	4.24863683355195	-5.15771979944813	NA	NA	LOC339685	Intergenic
chr22	47642975	47643425	12.0249986655811	-5.98147173902004	4.2499767064533	-1.40741282886035	NA	NA	LINC00898	Exon
chr22	48211642	48212186	12.5499395743484	20.496302527603	4.12741792875176	4.96588978422197	NA	NA	LOC107985581	Promoter
chr22	48349704	48350031	94.1396573563718	8.4048886803385	3.7147590544371	2.26256630838527	NA	NA	LOC105373080	Intron
chr22	48732166	48732549	33.9060279392391	-7.29413394527218	3.5859179733576	-2.03410507420014	NA	NA	MIR4535	Intron
chr22	49637466	49637933	19.9583321460115	-5.31334962352813	4.25609359581387	-1.24840995713866	NA	NA	MIR3667HG	Intron
chr22	49829026	49829876	24.1612618571352	20.7503929901881	4.07873262830307	5.08746095446348	NA	NA	BRD1	Promoter
chr22	50268779	50269263	62.1412277250291	-7.65842303396021	3.62389757462747	-2.11331111772592	NA	NA	MAPK11	Promoter
chr22	50561041	50561636	80.3533340076161	-0.361903223313444	3.27559133012951	-0.110484851997436	NA	NA	SYCE3	Promoter
chr22	50619014	50619568	42.5675123407296	8.2199353318155	3.43484850964185	2.39309981466186	0.0167066953962305	0.0588924518890918	ARSA	Intergenic
chr22	50713943	50714309	94.0059759372729	1.74364023620361	2.51551530018672	0.693154295692095	NA	NA	LOC105373100	Intron
chr22_KI270733v1_random	88582	88996	26.9826305843645	21.5919910019991	4.24821627134946	5.08260164333402	NA	NA	LOC107987392	Intergenic
chr22_KI270733v1_random	139040	139447	2.92141074237837	4.56281998729201	4.25916155034832	1.07129535551871	0.284036647502811	NA	NA	NA
chr22_KI270733v1_random	143880	144978	78.795457449036	7.08591735044568	3.82268036140493	1.85365154303444	NA	NA	NA	NA
chr22_KI270733v1_random	148054	149150	111.809419993609	0.381412003848713	2.75569377695846	0.138408703839978	0.889917418554578	1	RNA5-8SN4	Intergenic
chr3	1544780	1545239	54.2807764508222	-9.25826827450369	4.05038475193592	-2.28577501682491	NA	NA	LOC105376923	Intergenic
chr3	1875924	1876613	17.8286850486008	7.85384160071496	4.08200180517691	1.9240171796971	0.0543524301016019	0.111554235606404	CNTN4	Intergenic
chr3	1958558	1959523	43.2281880609587	-0.145990535841925	3.53988412520897	-0.0412416143235499	NA	NA	NA	NA
chr3	2567555	2568047	57.6382040129714	0.762004539395816	2.7986776176348	0.272273067320915	0.785412063371314	1	LOC105376926	Intron
chr3	2569230	2569489	100.686414238532	1.781543698391	2.96493652481317	0.600870771931031	0.547926061884489	0.881981156608538	NA	NA
chr3	2660423	2660861	59.3937947315763	3.60409873558323	3.58913022564038	1.00417051179584	NA	NA	NA	NA
chr3	3207783	3208033	46.3994499886182	-16.0557719651674	3.6074025296534	-4.45078469430193	NA	NA	CRBN	Intergenic
chr3	3539499	3540440	25.3879326126513	5.82846714191657	4.1466115947657	1.40559756049346	NA	NA	NA	NA
chr3	3712803	3713893	31.9914699708028	-8.37720169881664	3.27745306729752	-2.55600965957514	0.0105880179592227	0.0500915367410944	LRRN1	Intron
chr3	3869376	3869703	51.1929807754481	3.19026188440254	3.67680438753983	0.867672453615941	NA	NA	LOC102723512	Intron
chr3	4841761	4842303	13.1634302384408	-7.10541473991355	4.14757233254273	-1.71315028894444	0.0866848943083288	0.163874891471323	LOC124906209	Intron
chr3	4966298	4966595	48.2677847471295	2.7687513402101	2.94037736567936	0.941631292815504	NA	NA	BHLHE40	Intron
chr3	5004382	5004960	33.6404306952966	-5.40041448901595	2.96527092402702	-1.82122127366421	NA	NA	BHLHE40-AS1	Intron
chr3	5440682	5441088	41.3996013941265	5.98600189249903	3.35402931553726	1.78471961016243	NA	NA	LOC105376936	Promoter
chr3	5974543	5975167	48.3346984324318	1.58840007757096	3.58317289348583	0.443294288271342	NA	NA	LOC124909341	Intron
chr3	6592376	6592859	49.3242310586073	1.49685374917119	3.67212266311292	0.407626293153912	NA	NA	LOC105376944	Intron
chr3	7958952	7959399	60.389174263351	-7.7461225985015	3.46376601293472	-2.2363296393507	NA	NA	LOC124909342	Intron
chr3	8212619	8213156	16.2886266122467	-1.58929694652658	4.0876022099377	-0.388809102476438	NA	NA	LOC107986010	Intron
chr3	8580811	8581464	65.7230741674431	-6.43118741040487	3.45034929898818	-1.86392357790871	NA	NA	LOC107986009	Intron
chr3	10280652	10280929	77.0644494505989	2.76658886761869	3.58944012868508	0.77075776957789	NA	NA	LINC00852	UTR
chr3	10878539	10878868	22.5102804162516	7.21369275504632	3.23432543248437	2.23035464600892	0.025723908002379	0.0698304243087222	SLC6A11	Intron
chr3	11117893	11118423	59.5801060807658	8.73732468762821	2.58532841177764	3.3795801909826	0.000725966255384719	0.0372618780973083	HRH1	Intergenic
chr3	11738414	11738726	58.1798129162404	-22.8811083001953	4.15787567385967	-5.50307659366718	NA	NA	VGLL4	Intron
chr3	12288434	12288907	20.8157292761739	7.12253304726159	4.17318861451204	1.70673643230344	NA	NA	PPARG	Promoter
chr3	13017177	13017376	103.114397550493	3.64342984248537	3.15509695624166	1.15477587314001	NA	NA	LOC124906214	Intron
chr3	13314284	13314856	19.3225942062704	2.05761523821958	4.08678440573035	0.503480250960746	NA	NA	IQSEC1	Intergenic
chr3	13480027	13480496	12.7395093525629	-2.06972536738949	3.59019134761768	-0.576494444721697	NA	NA	HDAC11-AS1	Promoter
chr3	13867008	13867582	34.5416592431704	4.55167339855689	3.00387361852954	1.51526794285874	NA	NA	WNT7A	Intron
chr3	14062386	14062924	17.3453113824288	-15.2800725383028	4.40735632388016	-3.46694739781114	NA	NA	LOC112268445	Intron
chr3	14235267	14235907	25.6011834983586	21.8568267272681	4.24801456585644	5.14518638964731	NA	NA	LOC105376958	Intergenic
chr3	14304054	14304322	39.2467761151784	2.64270682277928	2.92926762358123	0.902173226339897	NA	NA	LINC01267	Intergenic
chr3	14437020	14437956	104.577226691795	7.07484346421493	3.27818895005422	2.15815609533365	NA	NA	LOC105376959	Intron
chr3	14915072	14915685	95.0080915204571	-3.91175986019847	2.61834779482611	-1.49398023743376	NA	NA	NR2C2	Intron
chr3	15087253	15087819	31.3053691201225	9.6339590066168	4.24773971258647	2.26802009032484	0.0233279822014407	0.0668170775113072	RBSN	Intron
chr3	15410524	15410975	21.2585481876904	8.09940461982212	4.24826254154314	1.90652167577197	NA	NA	EAF1	UTR
chr3	15606090	15606691	43.9704401209629	-8.05571545449329	3.85988619887271	-2.08703444594973	NA	NA	HACL1	Exon
chr3	16686881	16687386	106.012356673693	5.95938607879535	2.72547721633136	2.18654775137582	NA	NA	NA	NA
chr3	17171383	17171941	21.1721604748512	8.10538508144237	4.24825624131967	1.90793224820274	NA	NA	DAZL	Intron
chr3	17454646	17455023	24.3784008910231	-8.95443261947804	3.74510055551784	-2.39097254846336	0.0168038092412385	0.0588924518890918	LOC105376975	Intron
chr3	18552612	18553204	54.689734745703	-0.692546665792596	3.84107198912952	-0.180300360876481	0.856916772375314	1	SATB1	Intron
chr3	18732418	18732785	57.5657272905762	7.94118666302936	3.82151318220217	2.07802152822961	NA	NA	LOC107986066	Intron
chr3	18784945	18785449	44.2346137435874	10.0111523559423	3.7861574341118	2.64414582070616	NA	NA	NA	NA
chr3	18942503	18943068	41.5118158323674	-8.68571826771442	2.9557625485449	-2.93857105402135	0.00329729068098228	0.0388003015522799	NA	NA
chr3	19849805	19850368	15.0441707343395	8.5772507959966	4.24849973481449	2.01888933302973	0.0434987231668506	0.0940622041566236	EFHB	Intergenic
chr3	21272061	21272512	102.060253427116	11.33895371573	4.24725182752389	2.66971542451264	0.00759155574084372	0.0475635659068218	LOC105376988	Intergenic
chr3	22063384	22063835	35.8249237755707	4.07427394856912	3.89845452019849	1.04509977670887	NA	NA	ZNF385D-AS2	Intron
chr3	22645907	22646305	28.4639203380466	-1.39375377716338	3.65166354023133	-0.381676395376527	NA	NA	ZNF385D	Intergenic
chr3	24556920	24557259	35.874519694393	2.93014196304655	3.2465777980363	0.902532495854205	NA	NA	LOC107986011	Intron
chr3	25205508	25205831	16.1874899708539	-19.3266652161259	4.25756654846228	-4.53936890853912	NA	NA	NA	NA
chr3	25449876	25450145	36.6677818766951	-0.382335641486999	3.08992657604629	-0.123736157503204	NA	NA	RARB-AS1	Intron
chr3	25723062	25723575	5.99488125313202	-3.66726628307484	4.2752804069456	-0.857783802231313	NA	NA	MIR4442	Intron
chr3	25867626	25867845	41.6433934047945	2.38894682013255	3.34416830859593	0.714362017602986	NA	NA	LOC124909357	Intron
chr3	26324086	26324650	79.9444832852754	-0.690907656784975	3.59195942093987	-0.192348402589746	NA	NA	LOC105377002	Intergenic
chr3	26381469	26381793	90.1594824473003	7.24280545425585	2.8317835509774	2.55768328471149	NA	NA	LRRC3B	Intergenic
chr3	26435059	26436256	136.143096681696	-8.11161288056425	3.03759102996836	-2.67040980847535	NA	NA	NA	NA
chr3	28839074	28839575	51.0112396340892	8.28772794375767	3.81314620390176	2.17346188700484	NA	NA	RBMS3	Exon
chr3	28883773	28884068	43.5129749361202	1.39489621330824	3.91913123286081	0.355919751197008	NA	NA	NA	NA
chr3	29684990	29685595	26.5429565418822	4.92655134466516	4.11667204179225	1.19673155759095	NA	NA	RBMS3-AS2	Intron
chr3	29741151	29741364	40.5701133106719	2.09915536663804	3.11795020057945	0.673248522778819	NA	NA	NA	NA
chr3	29908308	29908656	78.3533496572323	-6.92582549789902	3.25235543188278	-2.12947989325068	NA	NA	RBMS3-AS1	Intron
chr3	31637675	31638422	9.96849249318418	-21.7177545802471	4.24897024556929	-5.11129834408554	NA	NA	OSBPL10-AS1	UTR
chr3	32542190	32542904	32.6272849124641	-7.35507610133531	3.44903479009485	-2.13250272872227	NA	NA	DYNC1LI1	Intron
chr3	33479696	33479973	39.3515831268104	-0.673512318404368	4.0827105994778	-0.164966950753383	NA	NA	LOC124909363	Intergenic
chr3	34429621	34430227	39.7117518374715	4.95507319355124	4.09573182001472	1.20981387729957	NA	NA	NA	NA
chr3	34436971	34437474	40.1675754116323	-3.15571686596527	3.58268973125059	-0.880823376481369	NA	NA	LOC124909365	Intron
chr3	36559793	36560461	1.91041352782351	4.51301010289613	4.27143662668987	1.05655555667075	0.290714472889219	NA	LOC124906227	Intergenic
chr3	37402027	37402316	109.586999599983	0.623135903743279	2.85965921429464	0.217905651354677	0.827502623806916	1	APRG1	Intron
chr3	37690571	37691175	12.1243135110739	7.42768662372703	4.25028228611653	1.74757489590502	NA	NA	CTDSPL	Intron
chr3	38291244	38291939	11.6765421790396	4.85583370479619	4.12940944396337	1.17591480590397	NA	NA	SLC22A14	Intron
chr3	38526866	38528142	69.210885344872	-1.60543259691092	3.98093789694329	-0.403279990412216	NA	NA	EXOG	Exon
chr3	38532862	38533412	49.2449065909684	7.4154857026553	3.63046256842562	2.04257324318622	NA	NA	NA	NA
chr3	39291319	39291674	39.7425649968057	2.43248104090179	4.00978300595854	0.606636577911354	NA	NA	CX3CR1	Intergenic
chr3	39350746	39351425	30.0981071029426	20.4980529460466	3.83768727860425	5.34125150330165	NA	NA	CCR8	Intron
chr3	39583591	39584179	67.1653145164178	2.4171514753361	2.93542351682213	0.823442158000044	NA	NA	MOBP	Intron
chr3	39657137	39657567	57.9241854661658	2.41379558242661	4.08290368417255	0.591195817766588	NA	NA	LOC105377039	Intergenic
chr3	39967199	39967670	50.3272541122188	-7.12912544992372	2.98239688161194	-2.39040132246602	0.0168299710750327	0.0588924518890918	MYRIP	Intron
chr3	41084925	41085213	50.5128247291847	1.87225760007047	2.74518458777872	0.682015194317193	NA	NA	CTNNB1	Intron
chr3	41905931	41906863	5.70670061200083	-3.25114360127698	4.28467414252428	-0.758784330647277	NA	NA	ULK4	Intron
chr3	42189070	42189729	21.6797720666559	-0.577772254468492	3.33618803287162	-0.173183360402853	NA	NA	CCK	Exon
chr3	42413250	42414132	58.4876129256401	-5.50082638184991	3.20248870769464	-1.71767237418606	NA	NA	NA	NA
chr3	42427797	42428626	12.2093723542192	0	4.40735632387981	0	NA	NA	LYZL4	Intergenic
chr3	42536806	42537195	80.0617086188581	-1.0980738991127	3.07424933305586	-0.357184398580057	0.720953764721834	1	VIPR1-AS1	UTR
chr3	42732315	42732565	16.6970328649322	-4.62051241498815	2.5057153687863	-1.84398933436171	NA	NA	CCDC13-AS1	Promoter
chr3	44103124	44103377	53.0264166946778	0.416658448909243	3.06030382110904	0.136149373808986	NA	NA	MIR138-1	Intron
chr3	45293326	45293579	58.1995637700939	-0.832653339759038	2.72314995045359	-0.30576845010696	NA	NA	LOC124906378	Intergenic
chr3	46153253	46153655	26.0218881756108	-22.2668283233137	4.24829607399273	-5.24135510696323	NA	NA	CCR3	Intron
chr3	46503102	46503746	34.2931225224361	-23.3438811875541	3.55498574064191	-6.56651893724304	NA	NA	RTP3	Intergenic
chr3	47479402	47479797	113.569911191372	-6.54282120468692	3.30845408032201	-1.97760677520122	NA	NA	SCAP	Promoter
chr3	47852066	47852797	99.9253220728282	5.42998893684628	3.21831695686127	1.68721384799277	NA	NA	MIR1226	Promoter
chr3	48331290	48331917	9.54203828007298	2.30334115656291	4.02144592101194	0.572764423991884	NA	NA	SPINK8	Promoter
chr3	48596960	48597637	76.9754263300183	-0.619720338374733	2.79502138224527	-0.221722932894669	NA	NA	COL7A1	Promoter
chr3	49120377	49120962	26.7047005932254	-2.96297848123324	2.40327259896414	-1.23289321507279	NA	NA	USP19	Promoter
chr3	49173701	49174249	40.0993706634185	6.62682884148887	3.81893415662582	1.73525611327741	NA	NA	KLHDC8B	Promoter
chr3	49480326	49480517	67.0115853177594	-0.51170225109822	2.59858714386279	-0.196915563253952	NA	NA	DAG1	Intron
chr3	49648638	49648851	71.521811298596	-6.95867687056952	3.25275108176718	-2.13932043849754	NA	NA	APEH	Intron
chr3	49827141	49827560	71.6396720219696	7.47256508680608	3.50541034223009	2.13172335255112	NA	NA	UBA7	Intergenic
chr3	50705701	50706077	92.3520023615107	7.14358864745439	2.86505089603988	2.49335488501387	NA	NA	MIR4787	Intron
chr3	51806334	51806607	57.5555261520296	-0.948060135737459	3.60551217964943	-0.262947422862302	NA	NA	IQCF3	Intron
chr3	52406264	52407442	88.6176305332569	-16.6989318088864	3.2770165339927	-5.0957728274079	3.47321423099939e-07	4.66333755785765e-05	BAP1	Promoter
chr3	52482828	52483688	17.3049983343272	14.7349488107825	3.98803608975304	3.69478823139111	NA	NA	STAB1	Intron
chr3	52738181	52738398	78.5063286934055	2.18101462526989	2.79128390160444	0.781366103253142	NA	NA	GLT8D1	Intron
chr3	52931698	52932092	20.2944603112062	-8.68218755163642	3.81171282357015	-2.27776539144008	0.0227405593399033	0.0661674543998784	STIMATE-MUSTN1	Exon
chr3	53176929	53177431	101.347352627939	1.04548126475399	2.61680533850811	0.399525807047628	0.689505812102092	1	NA	NA
chr3	53190024	53190612	48.4826632649739	-6.80362191053278	3.42414252524591	-1.98695640160135	0.0469272284951801	0.0994004021761543	PRKCD	Intron
chr3	53624202	53624550	48.4772120379842	7.730509184278	3.3614709967781	2.2997399625603	0.0214629566303574	0.0645273405790099	CHDH	Intron
chr3	53836698	53837069	74.763000460432	-7.13634462163164	3.2941001391968	-2.16640184574707	NA	NA	NA	NA
chr3	53916491	53916687	34.2130681607416	1.14747243263468	3.3015122724816	0.347559644772173	NA	NA	SELENOK	Intergenic
chr3	54393747	54394003	76.4654207671279	6.88378887912631	3.25640988743973	2.11391965909381	NA	NA	LOC107986088	Intron
chr3	54439613	54440332	124.968814379581	1.98731928294833	3.37744920779169	0.588408340342657	NA	NA	NA	NA
chr3	54972926	54973517	55.1034644193945	-23.2345893145289	4.24766508653717	-5.46996734468783	NA	NA	LRTM1	Intron
chr3	55049841	55050213	18.4986710032298	21.6149924124764	4.24823814597121	5.08798981360657	NA	NA	NA	NA
chr3	56659493	56660017	27.055845456107	8.44910350695755	3.54079128047307	2.38621902215843	0.0170226096997801	0.0589779637181973	TASOR	Intron
chr3	56964706	56965125	7.44098595322686	-7.12959710939969	4.24962263800591	-1.67770122590112	NA	NA	ARHGEF3-AS1	Intron
chr3	57325350	57325758	42.0528327208186	-23.4299927697856	4.24757837963678	-5.51608250058687	NA	NA	LOC124909384	Intron
chr3	58075985	58076598	238.375229031498	6.76993645296452	2.74856153486374	2.4630834591448	NA	NA	FLNB	Intron
chr3	58906552	58907353	56.6802787979157	1.53738865225987	3.63710276975648	0.422695961478924	0.672517102487517	1	CFAP20DC-AS1	Intron
chr3	59154459	59154661	65.9504793370703	3.4299545377179	3.61476063440765	0.948874596306421	NA	NA	CFAP20DC-DT	Intron
chr3	59416786	59417338	82.0942263788525	-5.28261883558646	3.59505682519004	-1.46941177635133	NA	NA	LOC339902	Intron
chr3	59420316	59420891	13.5187962717761	0	4.40735632392285	0	1	1	NA	NA
chr3	59477950	59478310	41.7795638257332	7.88555092060339	4.19798721613599	1.87841232348049	NA	NA	NA	NA
chr3	59720726	59721367	90.1069626812388	2.82308015105124	2.90350447314422	0.972300947755767	0.330900852486422	0.572169934169472	NA	NA
chr3	60793953	60794389	82.3938933932834	-6.38090852275178	3.60260813300257	-1.77119139445057	NA	NA	LOC124906379	Intron
chr3	61420633	61421169	12.9491918735488	1.26927265773328	4.30116218244634	0.295099929715127	0.767917543413369	1	LOC105377114	Intron
chr3	62053512	62054070	44.2142431656344	10.1209133323692	3.03268699109777	3.33727594113022	0.000846039057699207	0.0372618780973083	CEP15	Intron
chr3	62330348	62330920	40.4260433786801	3.95886018859696	3.58757884508766	1.10349078293225	NA	NA	NA	NA
chr3	62686268	62686960	17.9045117939235	8.81981802929941	4.07114467033944	2.1664221597323	0.0302789421251376	0.0754349697135798	CADPS	Intron
chr3	63644937	63645465	54.6499599547115	-7.21590615400074	3.65615332780767	-1.97363335369953	NA	NA	SYNPR-AS1	Promoter
chr3	65327854	65328204	52.0760459068724	7.93836313641023	3.36073096328365	2.36209420603366	0.0181720237509803	0.0599255075735189	LOC105377127	Intergenic
chr3	65506166	65506559	50.7873525481512	-0.577707974418737	3.42894881766433	-0.168479614347889	0.866205979820683	1	NA	NA
chr3	65682846	65683631	5.41585839453617	-5.87925587489563	4.25316260365811	-1.3823256768596	0.166871725395881	0.298511416639081	MAGI1-AS1	Intron
chr3	66311809	66312726	32.451089763377	0.658307020467533	3.89150418079103	0.169165183919632	NA	NA	LOC107986095	Intron
chr3	66472468	66472708	44.4924287114984	0.557756157883036	3.22962411330475	0.172700022762805	NA	NA	LRIG1	Intron
chr3	66714724	66715431	35.4875535910707	-8.54096009377825	4.0752775374491	-2.09579838803431	0.036100079422862	0.0843239950428755	LOC105377142	Intron
chr3	67787769	67788212	24.1905145186448	-4.38930174352637	4.25478292096013	-1.03161590733656	NA	NA	SUCLG2	Intron
chr3	68038605	68039027	58.4795961372164	3.56230603116983	3.95669030988842	0.900324703772504	NA	NA	TAFA1	Intron
chr3	69128079	69128476	6.91490626373771	1.26922660967698	4.40735632388164	0.287979123176306	NA	NA	LMOD3	Intergenic
chr3	69338690	69338971	20.4003274161091	9.01645616473581	3.99410639851594	2.25744015434491	0.0239805850267877	0.0681399550151406	NA	NA
chr3	69376781	69378740	109.370040254464	9.03698467074891	2.64480117836068	3.41688620856948	0.000633417491883225	0.0372618780973083	NA	NA
chr3	69450360	69450713	117.777868985695	-5.73374594774832	3.0650834903902	-1.87066550249774	NA	NA	FRMD4B	Intron
chr3	70436938	70437370	54.4458386350652	-0.458857645529243	3.62493106179874	-0.126583826756019	0.899269798336695	1	MDFIC2	Intron
chr3	71223819	71224206	30.7449896012979	-8.33509922924797	4.01915569053206	-2.07384333204185	0.0380938633448135	0.0868055761304796	FOXP1-AS1	Intron
chr3	71316561	71317055	100.155245033987	15.0989348025227	3.29564384034695	4.58148256728286	NA	NA	NA	NA
chr3	71370526	71370828	73.5966533816501	8.5502810736688	3.48494888682065	2.45348822934081	NA	NA	NA	NA
chr3	71643344	71643833	31.8491454856991	1.33057474290489	3.68662221940323	0.360919742712416	NA	NA	LOC105377155	Intron
chr3	71935593	71936142	114.675658083242	0.112357412556753	3.08970827886634	0.0363650553436646	NA	NA	PROK2	Intergenic
chr3	72090529	72091043	43.3527635481531	0.307528423489317	3.45865451935201	0.0889156236243373	0.929148966876371	1	LINC00870	Intron
chr3	72152341	72152719	66.2508449047555	7.16272271086327	3.22004820753618	2.2244147445059	NA	NA	LOC124909393	Promoter
chr3	74215290	74215596	55.0794393151293	-6.7533980445766	2.58638551272925	-2.61113357283313	0.00902426388223769	0.0489267511413513	LINC02047	Intergenic
chr3	75434757	75435255	105.056274770157	-6.20361395211228	2.49554326763401	-2.48587713648173	NA	NA	MIR1324	Exon
chr3	75946952	75947383	82.9833897262854	-8.16729143161412	3.52459772992295	-2.31722654823155	NA	NA	ROBO2	Intron
chr3	76551805	76552280	27.4366231836552	8.10061957565303	3.83819440486234	2.11052873335205	NA	NA	NA	NA
chr3	77355035	77355656	3.56345325840762	6.49997505248733	4.25320883850794	1.52825203259184	0.126449974427854	NA	LOC105377171	Intron
chr3	79039827	79040034	41.1282485621021	-0.378922934389566	3.65362142931388	-0.103711602781114	NA	NA	NA	NA
chr3	79276006	79276330	26.4445326757445	-6.99340222868577	3.84687657367625	-1.81794297132922	NA	NA	LOC101927374	Intron
chr3	80224037	80224501	55.1650665426946	-16.5420017559798	3.71414538011518	-4.45378413148351	NA	NA	NA	NA
chr3	80258706	80258995	65.9655780604558	-6.63514521338371	2.84596048259789	-2.33142563080389	0.0197309273256509	0.061916580025275	ROBO1	Intergenic
chr3	80910616	80911378	14.8443183441771	18.5262037699767	3.8806844375183	4.77395265403859	NA	NA	LINC02027	Intergenic
chr3	81561513	81561904	46.2066827879838	7.91361305978926	4.11867749427805	1.9213966305406	NA	NA	LOC124906198	Intron
chr3	81563129	81563605	46.2191929754134	8.75689758848584	4.24770261379049	2.06156089177616	NA	NA	NA	NA
chr3	84094373	84094793	38.6465787776378	-23.2155403930664	4.24760810014421	-5.46555610727794	NA	NA	LOC105377188	Intergenic
chr3	84231352	84231958	28.4956694203685	-1.58152256668247	3.89638602548314	-0.405894733309021	0.684819947975537	1	NA	NA
chr3	87880818	87881492	159.745284215716	-1.81870377692653	2.72985587726301	-0.66622703127829	NA	NA	LOC105377198	Intron
chr3	88010767	88011376	99.4641689805355	-5.67933352078986	3.22509825662272	-1.76097999778065	NA	NA	LOC128031834	Intergenic
chr3	88928724	88929349	8.26774033885892	7.66707735304014	3.61868731667616	2.11874546819992	0.0341119835262399	0.0811029812409582	EPHA3	Intergenic
chr3	89406150	89406512	36.4205576147555	7.04953792681473	3.44610273699845	2.04565518350009	NA	NA	NA	NA
chr3	89978839	89979323	44.3107058067342	-15.2543428685598	4.40735632387841	-3.46110950592172	NA	NA	LOC124906381	Intergenic
chr3	90217033	90217510	38.9712653935273	0.207178574368455	4.31924629799395	0.0479663719257403	NA	NA	NA	NA
chr3	94604668	94604865	57.1396587783821	1.27559891748002	2.86012336295465	0.445994370033839	NA	NA	NA	NA
chr3	94696882	94697226	28.812328630172	9.51013939063841	4.01551951023821	2.36834595533425	0.0178678193929909	0.0599255075735189	LOC105373992	Intergenic
chr3	95935539	95935778	71.0682266754061	9.50357909479448	3.61025897721203	2.63238154237165	NA	NA	MTHFD2P1	Intergenic
chr3	97097887	97098220	30.1807226406139	2.39312860949541	4.08514002227852	0.5858131169175	NA	NA	NA	NA
chr3	97107223	97107747	18.3603679737446	-21.4511177304075	4.24933603584291	-5.04811046936945	NA	NA	LOC107986103	Intron
chr3	98329148	98329469	74.7016215813017	8.36517696575338	4.24791055461432	1.96924508136516	NA	NA	LOC105373999	Intron
chr3	100509232	100509741	25.0297631120813	-6.95818650762724	4.00935322457274	-1.73548852343105	NA	NA	TMEM45A	Intron
chr3	100551953	100552531	16.7263664444196	0.922057263910293	4.0856892457537	0.225679734421456	NA	NA	ADGRG7	Intron
chr3	100614548	100614946	71.9322742746112	-2.67820827951035	3.00219344392052	-0.892083847872545	NA	NA	NA	NA
chr3	100914315	100915123	34.1072970034998	-5.70021255116402	4.13672406974847	-1.37795329228005	NA	NA	ABI3BP	Exon
chr3	101985995	101986571	19.9958153071615	-8.67350316141931	4.15271717089556	-2.08863325010617	NA	NA	RDUR	Intron
chr3	104358510	104358798	5.64637618264376	6.55137159119177	4.2529927799861	1.54041446343889	NA	NA	NA	NA
chr3	104441990	104442679	21.8064951329789	-22.7459405069659	4.02772528093547	-5.6473415936856	NA	NA	LOC105374020	Intron
chr3	105600476	105600799	88.455019447032	-7.52833866706318	2.8349944789627	-2.65550381947048	0.00791900367361779	0.0480945474015377	ALCAM	Intergenic
chr3	107390239	107390750	17.1787366354514	5.11783176403704	3.34689583536662	1.52912788917927	NA	NA	LINC01990	Intron
chr3	107431244	107431674	33.7373380064789	-0.784682921853329	3.49947183006269	-0.22422895795657	NA	NA	CCDC54-AS1	Intron
chr3	107729120	107729614	63.0270091435124	7.20936580480288	3.66747732111391	1.96575606979165	NA	NA	LINC00636	Intron
chr3	108538987	108539376	35.2493638390115	4.33234481950036	4.04150953477792	1.07196204344435	NA	NA	MYH15	Intergenic
chr3	110969535	110970072	39.6481379592044	-6.7162001485172	3.60902059353172	-1.86094813660923	NA	NA	LOC105374037	Exon
chr3	111203675	111204176	39.9679931182976	-3.43689983711694	3.74074928489074	-0.918773105430756	NA	NA	LOC105374038	Intron
chr3	111824640	111825020	35.0732285505632	8.57796765098841	4.24791649917188	2.01933527946245	NA	NA	LOC105374040	Intron
chr3	111935843	111936610	24.6930433257551	0	3.89302685268322	0	NA	NA	ABHD10	Intron
chr3	112335534	112336043	38.620709807772	-7.12075420730691	3.4561994781837	-2.06028449811844	NA	NA	CD200	UTR
chr3	112781770	112782113	71.6829875316316	22.2953094499363	3.90508295353835	5.70930495336464	NA	NA	CD200R1L-AS1	Intergenic
chr3	112801975	112802337	26.6251765455945	9.39599932701131	4.0669317185578	2.31034105739628	0.0208692795539062	0.0635626423014397	NA	NA
chr3	112900310	112900980	3.53917143609291	-0.779811084637246	4.1068817527397	-0.189879117926158	0.849403856254666	NA	CD200R1L	Intergenic
chr3	113887570	113888584	41.9282638138791	-5.45643001399619	3.9174077867914	-1.39286750600589	NA	NA	ZDHHC23	Intron
chr3	113965219	113965732	5.19917061302543	0	4.40735632392357	0	1	NA	NA	NA
chr3	114481999	114482347	34.2637576757648	-5.42655564367829	3.77743263431317	-1.4365724472185	NA	NA	ZBTB20-AS5	Intron
chr3	115908355	115908712	84.0040576510162	0.408835837190375	2.74636345091147	0.148864432730012	0.88166060700794	1	LOC124909412	Intron
chr3	115938445	115939946	27.7450012949795	-3.25553932645873	3.23050434992894	-1.00774955666918	NA	NA	NA	NA
chr3	116048956	116049540	69.6610978443622	-5.48556659404444	3.16305080359717	-1.73426446006052	NA	NA	LOC105374052	Intron
chr3	116706509	116707654	39.6060763934959	-0.577401643290387	4.08265622232199	-0.141427936090586	NA	NA	TUSC7	Promoter
chr3	117750792	117751537	62.0524379006261	-0.0123387360176603	4.34333322550855	-0.00284084489423802	NA	NA	LOC101926953	Intron
chr3	119209480	119210113	44.105245760467	10.1284884195884	3.95894147935174	2.55838295979229	0.0105160212634137	0.0500047541709265	B4GALT4-AS1	Intergenic
chr3	119651535	119652233	71.0910875943717	1.33026465798652	3.28835220135523	0.404538375615081	0.685816864036782	1	LOC105374063	Intron
chr3	121109141	121109487	21.0049766197107	9.05310464446875	4.05721510100583	2.23135929919623	0.0256573385984064	0.0698304243087222	MIR5682	Intron
chr3	121314890	121315328	27.3676195550632	6.202880176006	4.13092853885612	1.50157043813777	NA	NA	POLQ	Intron
chr3	121662414	121662967	47.7426921743403	9.27636139614226	3.7386127673352	2.48123086648373	0.0130929541624884	0.0527900768789056	HCLS1	Promoter
chr3	121940893	121941173	64.1229238271519	-1.09611161652421	3.29644164335724	-0.332513581343998	0.739501486138206	1	SLC15A2	UTR
chr3	122055411	122055763	64.0413727226182	22.6826283805043	4.24755496461778	5.34016123851275	NA	NA	CD86	Promoter
chr3	122911885	122912740	46.0164209582872	9.41366919299195	3.98049956747986	2.36494666898104	NA	NA	LINC02035	Exon
chr3	123374243	123375281	14.5531655584033	-21.4735789929156	4.17354519826505	-5.14516507496844	NA	NA	LOC124909420	Intron
chr3	123642228	123642843	53.7374938897861	-1.17676674465379	3.40577072132043	-0.345521422592285	0.729702407911507	1	MYLK-AS2	Intron
chr3	123970234	123970882	71.7597198184599	-6.3673273202899	2.8406729357577	-2.24148554384404	NA	NA	CCDC14	Intron
chr3	124033271	124033692	48.6744542475295	7.37380602100372	3.86207753654949	1.90928482176247	NA	NA	KALRN	Promoter
chr3	124604720	124605297	85.8950549820693	-6.16288645901008	4.10936320093691	-1.49971812119332	NA	NA	LOC105374076	Intron
chr3	125475962	125476389	43.1478323673171	20.4637348687936	3.84289324188222	5.32508544493696	NA	NA	SNX4	Intron
chr3	125647036	125647530	44.4012868776045	-6.15818238879289	3.91656144497146	-1.57234412770403	NA	NA	OSBPL11	Exon
chr3	125738753	125739335	29.7688013498658	-8.33776016782151	3.83532599493072	-2.17393780315984	NA	NA	LOC112267908	Intergenic
chr3	126125770	126126004	131.710981925463	-0.500261592739193	3.49394702004569	-0.143179501540539	NA	NA	SLC41A3	Intron
chr3	126192850	126193166	36.4437262340808	-2.02624593423699	3.35124309450106	-0.60462517254024	NA	NA	ALDH1L1	Intron
chr3	127014312	127015127	39.6241018732601	18.4349419794542	3.49582252195252	5.27342045074923	NA	NA	PLXNA1	Exon
chr3	128216401	128217000	32.755328127549	-18.0525188979395	3.97918023546609	-4.53674320580882	NA	NA	RUVBL1	Intron
chr3	128463622	128464157	71.2990679570018	-5.47682917354578	3.96560886344065	-1.38108153429785	NA	NA	DNAJB8-AS1	Promoter
chr3	128603432	128603732	40.7867614355781	-2.00580331821241	3.24954695581437	-0.617256296181059	NA	NA	LOC124909430	Intron
chr3	129856966	129857533	41.3395002065382	-6.9739763983927	4.16094645161666	-1.67605531084955	NA	NA	TMCC1	UTR
chr3	129968066	129968642	40.7374643238433	9.04961866505648	4.05761243706539	2.23028167559578	0.025728748914504	0.0698304243087222	TRH	Intron
chr3	130111533	130112251	43.7094765071463	-7.13147845552886	2.60265025529797	-2.74008328280451	0.00614236178640746	0.0469937533794141	LINC02021	Promoter
chr3	130773671	130774250	48.3625101957066	-7.95961129847901	3.13990545005491	-2.53498438888974	0.0112452337289535	0.0511552465296046	PIK3R4	Intron
chr3	132199234	132199716	39.380869354858	6.41598883197183	3.91935081165045	1.6370029477586	NA	NA	CPNE4	Intron
chr3	133302716	133303206	10.1399863117338	-7.67637747930988	3.89885341167661	-1.9688807628212	0.0489667851141609	0.103251230150222	TMEM108-AS1	UTR
chr3	133358738	133358936	64.1387011609257	0.911927199050078	2.55710348635753	0.35662506578843	NA	NA	LOC101927432	Intron
chr3	133398037	133398514	57.841612676141	0.417482241350869	3.49331461549906	0.119508915543591	NA	NA	BFSP2	Promoter
chr3	134220945	134221363	28.33767485571	1.34270043191614	4.08385404047215	0.328782669167312	NA	NA	RYK	Intron
chr3	134320169	134320560	12.2287865044354	-18.2215870824857	4.27215230126397	-4.26520072261811	NA	NA	LINC02004	Intron
chr3	134996237	134996766	6.88191856117926	3.25898348338203	4.11203357856941	0.792547877129896	NA	NA	KY	Intron
chr3	135059579	135060202	21.1234935472378	7.74631940136777	4.24837898403391	1.8233588459221	NA	NA	LOC102724019	Intron
chr3	135197747	135197975	42.4648233707127	1.78560363165841	3.19081545619216	0.559607302952363	NA	NA	NA	NA
chr3	135540599	135541064	48.3937654488853	10.243643645808	3.21661104112336	3.18460749989547	0.00144950462225681	0.0372618780973083	LOC105374122	Intergenic
chr3	136639877	136640190	12.1682877227769	8.27108111266815	4.24884570935605	1.94666544244124	0.0515748572308311	0.107534154226252	STAG1	Intron
chr3	137024427	137025449	11.6789208135795	-15.2571398354052	4.30048585175061	-3.54777119640899	NA	NA	IL20RB-AS1	Intergenic
chr3	137119480	137119751	41.0200444101409	0.365545807801536	3.45162807789637	0.105905329181446	NA	NA	NA	NA
chr3	137202994	137203512	27.003824335298	1.99780123520687	3.4399783118977	0.58075983453069	NA	NA	NA	NA
chr3	137985613	137985893	60.8221754719116	2.26345140905542	3.42325006802003	0.661199551327131	NA	NA	CLDN18	Intergenic
chr3	138251383	138251673	122.266510397438	9.17137869138855	3.01191861997289	3.04502871710097	0.00232658093855729	0.0372618780973083	ARMC8	Intron
chr3	138540444	138541169	16.9928896151526	4.83668604978596	4.26654688336813	1.13363011868927	NA	NA	CEP70	Intron
chr3	139147565	139148367	3.44206649595432	0.571416209185691	4.10592021412868	0.139168853603005	0.889316720182582	NA	BPESC1	Intron
chr3	139237812	139238349	2.25668086324895	0	4.40735632389384	0	1	NA	LOC124906290	Intron
chr3	140353347	140354704	62.0254488005307	4.7723745599465	3.11494491804822	1.5320895506996	NA	NA	LOC124900599	Intron
chr3	141247456	141248683	78.9146305906699	9.15133959334385	3.83618501080314	2.38553134626527	NA	NA	NA	NA
chr3	141328693	141329482	28.141342034535	0	4.40735632392263	0	1	1	ZBTB38	Intron
chr3	141603871	141604420	35.3203408567553	8.84868238184047	3.85541086341583	2.29513343592145	NA	NA	NA	NA
chr3	141619238	141619686	58.2641815086551	-6.05089858212164	4.24949816016885	-1.4239089779677	NA	NA	LRRC78P	Intergenic
chr3	142205716	142206047	83.7589040621345	-9.77284532116431	3.0361290662666	-3.21885042034183	0.0012870560432641	0.0372618780973083	GK5	Intron
chr3	143150046	143150764	23.8847789205662	7.31656860776667	4.24914466763825	1.72189209359948	NA	NA	LOC105374137	Intron
chr3	143395043	143395524	43.9622755228613	-5.23955573547507	3.10890204762519	-1.68533960067266	NA	NA	NA	NA
chr3	143435809	143436713	28.2318768244441	-0.654262153060033	3.89473679725699	-0.167986230422764	0.866594111671338	1	SLC9A9-AS1	Intron
chr3	143438205	143439007	15.651748068473	3.21541426883147	4.30669690516988	0.746607978140185	NA	NA	NA	NA
chr3	143600148	143600368	108.918610215416	0.479155990717197	3.26232307683442	0.146875701588128	NA	NA	LOC102724120	Intron
chr3	144134738	144135021	45.5279499601891	-6.8065323104599	3.59908294782862	-1.89118517386946	NA	NA	DIPK2A	Intergenic
chr3	144906866	144907374	35.1844319021363	-6.15611503887367	3.37418771327476	-1.82447319532764	NA	NA	NA	NA
chr3	144913968	144914733	5.79990009036102	2.35141134373155	4.1042944524381	0.572914875133953	NA	NA	NA	NA
chr3	144916694	144917495	45.0707599704847	6.2596239086516	3.93011934167244	1.59273125431042	NA	NA	LOC105374141	Intergenic
chr3	145636167	145637044	82.1535734069151	9.36581938394519	3.38981409233004	2.76293009847849	NA	NA	LOC105374142	Intergenic
chr3	146622126	146622522	57.846299605325	9.36060670993908	4.18130548572832	2.23868041736936	NA	NA	PLSCR5	Intergenic
chr3	147903554	147904007	33.2306294160583	-4.91472764817437	3.15131595326783	-1.55957946491463	NA	NA	LOC124906206	Intergenic
chr3	148357673	148359108	20.1845831633138	0.708945047769933	3.92031329723046	0.180838875370184	NA	NA	LOC105374148	Intron
chr3	149850816	149851655	37.3726445689906	-1.16627424130754	3.46081059861022	-0.336994530060641	NA	NA	RNF13	Exon
chr3	152077647	152078124	13.7453926763977	2.7470122181806	4.10579211813161	0.669057794243773	NA	NA	LOC107986047	Intron
chr3	152344419	152344919	1.70540568588284	-4.5756453966499	4.26211678723682	-1.07356171242233	0.283019165598975	NA	TMEM14EP	Intron
chr3	153161188	153161634	72.7742357603129	0.426251224517206	3.47567983392211	0.122638230471362	NA	NA	LOC124909451	Promoter
chr3	153848809	153849309	26.7642764491023	-5.9499324914045	3.32847522282924	-1.78758503310924	NA	NA	LINC02006	Intron
chr3	154486824	154487573	70.1214030844114	-8.48782830086478	2.93618791106415	-2.89076467786034	NA	NA	GPR149	Intergenic
chr3	154665476	154665672	71.946674243155	0.94618161336057	2.74275337879105	0.344975097169556	NA	NA	NA	NA
chr3	154849020	154849954	33.0534583208213	-8.46807750220823	3.87264205890042	-2.18664089616705	NA	NA	LOC105374170	Intron
chr3	157274352	157274885	41.546809630659	19.3812345223585	4.25244844469309	4.55766478404827	NA	NA	CCNL1	Intron
chr3	158038897	158040010	14.1240494372314	-22.0621031253514	4.24851845410091	-5.19289332592066	NA	NA	RSRC1	Intron
chr3	158950574	158951175	6.82919519770385	-6.51641088026757	4.25098262242372	-1.53291872940008	NA	NA	IQCJ-SCHIP1	Intergenic
chr3	159753043	159753515	46.9393833027101	-6.47466553732585	3.26714293116611	-1.98175154063887	NA	NA	IQCJ-SCHIP1-AS1	Intron
chr3	160203676	160204425	48.2669010713289	4.36374616039425	4.26332785875765	1.02355397120827	NA	NA	IL12A-AS1	Intron
chr3	160501758	160502055	69.7054181774518	5.90265577401465	3.07318076506659	1.92069917953126	NA	NA	SCARNA7	UTR
chr3	160755138	160755658	109.914089240407	-0.161822612362851	2.69930742864693	-0.0599496784417648	NA	NA	PPM1L-DT	Promoter
chr3	161017080	161017521	3.87857882177809	-3.66725966025032	4.27528053607541	-0.857782227225904	0.391012725374926	NA	NMD3	Intron
chr3	163009633	163010024	21.789702421046	0.702940943227846	3.44330274060132	0.204147295832921	NA	NA	NA	NA
chr3	163618122	163618705	4.20225110478848	-3.66725317550815	4.27528066251267	-0.857780685058656	0.39101357709519	NA	LINC01192	Intergenic
chr3	163773805	163774212	46.8235554111732	10.209730645805	3.33659960601948	3.05992083298992	0.00221395505106838	0.0372618780973083	LOC102724419	Intergenic
chr3	164804824	164805319	42.4481761074729	9.10897201937993	4.04952229676215	2.24939421290831	0.0244874264698463	0.0689494908456094	LINC01324	Intron
chr3	166512247	166512698	43.0794229695794	4.13020519488414	3.86409029986295	1.06886870501723	NA	NA	LOC124909498	Intergenic
chr3	166646291	166646871	16.3385877188991	20.0736673077418	4.25035092558893	4.72282586995106	NA	NA	NA	NA
chr3	166845539	166846104	24.7113719762795	7.15458486183769	3.37386997674386	2.12058701466101	NA	NA	NA	NA
chr3	167060625	167061282	19.7862113310579	0	4.21908788352254	0	1	1	LOC105374193	Intergenic
chr3	167893835	167894514	78.7027788344099	1.88216758613182	3.4694306657078	0.542500417931781	NA	NA	LRRC77P	Intron
chr3	168110803	168111204	59.6840691899572	-6.98684489019625	3.03584241999551	-2.30145176316713	NA	NA	GOLIM4	Intergenic
chr3	171206814	171207809	22.8757520234172	21.206607078269	4.24831672628726	4.99176696197086	NA	NA	MIR569	Intron
chr3	171715260	171718176	85.5328632262223	3.47162427186694	3.62736536298729	0.95706495609472	NA	NA	PLD1	Intron
chr3	172100861	172101978	37.5425330373576	0.73615217329007	2.86711064773465	0.256757503890446	0.797365977453062	1	FNDC3B	Intron
chr3	172883622	172883911	76.013824554436	9.05804062385076	3.01021619389095	3.00909969265115	0.00262023121658556	0.0375700845208884	LOC107986052	Intergenic
chr3	173673707	173674217	46.1402820214068	15.4911723310937	3.50824708834157	4.41564460569871	NA	NA	NLGN1-AS1	Intron
chr3	174441165	174441611	78.5378261028514	7.80851439987159	3.43134879756139	2.27563994818043	NA	NA	NAALADL2	Promoter
chr3	175037530	175037737	55.3278315929302	1.77466392834622	2.87204513053444	0.617909485292797	NA	NA	NAALADL2-AS3	Intron
chr3	176680257	176680913	50.6479385715969	-9.05292640493213	3.44856393843382	-2.62512934849152	0.00866160557741306	0.0487403174916465	LINC01208	Intron
chr3	176777016	176777351	58.5715100268754	-10.2212070493316	3.2241646031561	-3.17018772531842	0.00152340481478375	0.0372618780973083	LINC01209	Intron
chr3	177785523	177786280	10.5656034282345	-2.98985486936903	4.05317702644936	-0.737657114371882	NA	NA	LINC02015	Intron
chr3	178037280	178038188	15.5723218270144	8.62628897423824	4.24845082631074	2.03045517693543	0.0423102929208083	0.0924194830936926	LOC105374234	Intron
chr3	178735684	178736127	84.3908447166328	1.5366160685858	2.95668632015806	0.519708857212712	NA	NA	LOC124909461	Intron
chr3	180367853	180368321	21.4022287836192	-8.77202798656081	3.69568859899629	-2.37358417831611	0.0176163770146867	0.0599255075735189	LINC02053	Intergenic
chr3	181808462	181808993	15.9961198203749	-15.0645665389551	4.40735632387951	-3.41805051189843	NA	NA	SOX2	Intron
chr3	182806612	182807303	21.1138630153602	16.8521833919221	4.27950878320086	3.93787797750878	NA	NA	ATP11B	Intron
chr3	182925011	182925697	5.48619231143082	2.97188720982062	4.11449189456738	0.72229750014688	0.470111589520678	0.785204303643857	DCUN1D1	Intergenic
chr3	183500953	183501356	99.4535953820222	1.42047673893241	2.7136926202618	0.523447913122663	NA	NA	SNORA63E	Intron
chr3	186199262	186199768	36.2072021282394	-6.84954844978693	2.74526980103848	-2.49503653418542	0.0125944162179288	0.0527900768789056	ETV5	Intron
chr3	186769129	186769492	60.989598282206	8.77654193060588	2.95801617881173	2.96703648664002	0.00300685274228884	0.0388003015522799	EIF4A2	Intron
chr3	186920366	186920626	94.1904932447512	-0.627965041329771	3.15353583158669	-0.199130460177398	NA	NA	ST6GAL1	Intergenic
chr3	187201208	187201445	54.8712618166769	-0.106835512386223	2.85869537891754	-0.0373721219735826	NA	NA	NA	NA
chr3	187276764	187277271	17.3706728404947	2.14974504858917	4.0877980335237	0.525893165699304	NA	NA	RPL39L	Exon
chr3	189104014	189104501	75.3836118786188	21.4049450666628	3.65119262382426	5.86245297686958	NA	NA	LOC107986167	Intron
chr3	189214322	189214977	30.29587550494	-2.59293353443519	4.28103317987421	-0.605679382870697	NA	NA	TPRG1-AS2	Intron
chr3	189779780	189780115	26.9051280468684	7.68729358425383	3.99722878363812	1.92315576624492	0.0544604905589202	0.111554235606404	MIR944	Intron
chr3	190797005	190797627	122.218707962788	-0.152008777083526	3.20670327280447	-0.0474034433970512	NA	NA	GMNC	Intron
chr3	193073167	193073503	64.4582524977819	6.2702201315172	2.9636386391159	2.11571682483789	NA	NA	MB21D2	Intergenic
chr3	194485813	194486692	44.1634404020396	1.67113758371411	3.31602598423432	0.503957927850792	0.614290942160655	0.960602614251225	ATP13A3-DT	Promoter
chr3	194521988	194522189	54.1812017398868	-0.981219673889064	3.24708972171965	-0.302184342898111	NA	NA	ATP13A3	Intron
chr3	194548839	194549228	71.2103481976538	9.44915523504053	4.20403639095688	2.24763878242496	NA	NA	TMEM44-AS1	Intergenic
chr3	195020261	195020925	106.403687372828	0.616607717336098	3.72311674098194	0.165616004072296	NA	NA	LOC105374295	Intron
chr3	195064978	195065370	39.8869503328619	-21.3728563134287	3.43414858679658	-6.22362596528345	NA	NA	XXYLT1-AS1	Exon
chr3	195141183	195142033	46.070293601308	5.27979348756327	4.08340823039447	1.29298693387147	NA	NA	XXYLT1-AS2	Intron
chr3	195294654	195295065	30.322212806054	9.36397988445055	3.48780761402258	2.68477534334264	NA	NA	XXYLT1	Exon
chr3	195387202	195387581	45.9581317256022	-1.5833984875525	3.07627551238551	-0.514712834132548	NA	NA	ACAP2	Intron
chr3	195793626	195793912	37.5116379925567	0.0434976592795493	4.01938413111775	0.0108219711927491	NA	NA	LOC107984010	Intron
chr3	196406650	196406995	61.5659104050665	-1.71119764410273	3.05800568543414	-0.559579614993355	NA	NA	UBXN7-AS1	Intron
chr3	196789087	196789623	98.7678169272106	0.44281920971186	3.47646318098193	0.127376355410381	NA	NA	PAK2	Intron
chr3	196948599	196949121	4.85410789095108	0	4.40735632392361	0	1	NA	NCBP2AS2	Exon
chr3	197906138	197907167	21.1555330966295	-17.7732376991708	3.80420663992466	-4.67199586706014	NA	NA	RPL35A	Exon
chr4	1548152	1548485	27.1223998516102	-7.19762461829866	3.6847588863593	-1.95335023003642	0.0507781093444861	0.106110309213141	LOC105374348	Intergenic
chr4	1754065	1755136	237.653001880397	8.43810158675501	2.88402763385691	2.92580469330332	0.00343566552995525	0.0390492716331499	NA	NA
chr4	1768412	1768965	77.1689889419291	8.74416852559004	3.51866626579659	2.48508038701717	0.0129522183044022	0.0527900768789056	LOC124900648	Intergenic
chr4	1786523	1787036	77.0863823100383	5.40947068238712	3.64919493657191	1.48237372253641	NA	NA	FGFR3	Intergenic
chr4	2697941	2698416	53.0314836524691	-8.09542874575054	3.32209625992677	-2.43684352058148	NA	NA	TNIP2	Intron
chr4	3073631	3074243	21.134946866305	-7.73520245366618	3.10870974773113	-2.48823566089168	NA	NA	HTT-AS	Promoter
chr4	3173367	3173970	5.1528783137521	3.69645360690292	4.28988924332295	0.861666443406742	NA	NA	MSANTD1	Intron
chr4	3497709	3498816	61.102955894134	-1.12310905266444	3.13045808614977	-0.358768276640872	0.71976844643418	1	LRPAP1	Intron
chr4	3941138	3941719	42.6096433301037	-4.22427886301123	3.49094460864761	-1.2100675709798	NA	NA	LOC105374359	Promoter
chr4	5651254	5651762	12.7382031312247	2.00141482813266	4.08985115679857	0.489361287587619	NA	NA	EVC2	Intron
chr4	6126464	6126972	15.2946643257383	-3.63327690307768	3.99522707142911	-0.909404356278062	NA	NA	LOC128125818	Intron
chr4	6600650	6601175	65.9017416458444	-7.65560994993591	3.64350334592387	-2.10116726213537	NA	NA	MAN2B2	Exon
chr4	6663267	6663467	51.6931954635212	0.171955623036119	2.55373559036464	0.0673349361950058	NA	NA	MRFAP1L2	Promoter
chr4	7499501	7500897	29.5353179841882	4.50394821121212	4.09590580309061	1.099622019582	NA	NA	MIR4274	Intron
chr4	8121696	8122292	69.8422868904953	-1.12294891918343	3.16713463068979	-0.354563051504653	NA	NA	NA	NA
chr4	8132543	8133238	8.48350031920642	-3.91604012886247	4.21976331231572	-0.928023644699028	NA	NA	NA	NA
chr4	8161237	8161726	50.9435889631981	7.87815836610611	2.93723755024238	2.6821658893255	0.00731471774742365	0.0475635659068218	ABLIM2	Promoter
chr4	8248443	8248863	49.3336501199124	0.609361450382467	2.90531605127994	0.209740158945534	NA	NA	HTRA3	Intergenic
chr4	8455183	8455674	34.7866405965317	7.46574192283599	3.65999526793163	2.03982283481342	NA	NA	NA	NA
chr4	8489962	8490554	26.143138310053	13.3652879248281	4.40735632387943	3.03249543324053	NA	NA	ACOX3	Intron
chr4	9520388	9520790	24.0505401295141	-16.8771049748148	4.31451857521788	-3.91170061748141	NA	NA	LOC124900660	Intergenic
chr4	10108853	10109285	53.070161723822	-5.75719113334038	2.86262489789127	-2.01115805901827	NA	NA	WDR1	Intron
chr4	10523059	10523420	71.4316107036308	-5.40397144096142	2.79001120213111	-1.93689954966262	NA	NA	ZNF518B	Intron
chr4	10769708	10769944	47.174587270567	1.46929713643392	2.60683408969458	0.563632776724222	NA	NA	NA	NA
chr4	10963914	10964358	106.420602503445	-0.397328061083049	2.52442464484295	-0.157393512178997	0.874934726262807	1	LINC02498	Intergenic
chr4	11413370	11413746	77.3432956183211	-8.58224945120149	3.0443402999623	-2.81908348134004	0.00481609907190002	0.0453460517836746	NA	NA
chr4	11466364	11466899	19.9662495193948	21.3628634010093	4.24820643737941	5.02867827067919	NA	NA	HS3ST1	Exon
chr4	11480890	11481250	44.7235523929282	8.24081142255185	4.11810082773197	2.00111939150612	NA	NA	NA	NA
chr4	11651036	11652183	77.2943576347296	-3.68176082324771	3.21821020785574	-1.14403988100604	NA	NA	LOC105374489	Exon
chr4	11904542	11904861	28.5069941955445	20.7355748138565	4.24906476946957	4.88003265161925	NA	NA	LOC107986179	Intron
chr4	14071951	14072767	52.6393288857664	22.573208827859	4.13645843304723	5.45713421112027	NA	NA	LINC01085	Intron
chr4	14089443	14089642	54.2312753239081	0.804703018929802	2.65909453766499	0.302622944589412	NA	NA	NA	NA
chr4	14956384	14956782	92.8382015205922	5.3853249753864	3.36432929765425	1.60071280155045	NA	NA	CPEB2-DT	Intron
chr4	15252380	15252862	38.2896780252017	-6.97367864724616	3.64373948391328	-1.91387959485968	NA	NA	C1QTNF7	Intron
chr4	15708217	15708605	47.1540615318402	0	4.08555761023578	0	1	1	BST1	Intron
chr4	16754965	16755295	91.8913515000996	-5.82341976391979	3.21476173993201	-1.81146232132368	NA	NA	LDB2	Intron
chr4	16969484	16970238	54.1720476010959	5.20731251569167	3.16123971970427	1.64723746928588	NA	NA	NA	NA
chr4	17511511	17512394	11.7405678135582	-21.864757936459	4.13302178145424	-5.29025954679719	NA	NA	QDPR	Promoter
chr4	19924204	19924537	66.9952888194737	-0.0132248542666189	4.35746200080773	-0.00303499015348096	NA	NA	LOC105374513	Intron
chr4	20561371	20561828	39.0667713772513	2.27650866402898	3.46525379574505	0.65695293857676	NA	NA	MIR218-1	Intron
chr4	20913617	20914419	105.044135267205	-6.54164831986824	3.09781593597301	-2.11169690358428	NA	NA	PACRGL	Intron
chr4	20931251	20931716	29.3255561872064	13.9405666345627	4.40735632389335	3.16302236762377	NA	NA	NA	NA
chr4	21605020	21605787	41.3649391833372	-1.11808732000495	3.91897673969892	-0.285300830872204	NA	NA	LOC124900677	Intron
chr4	22459721	22460226	8.94127880370747	-7.03767707298868	4.24979159106703	-1.65600522335771	NA	NA	ADGRA3	Intron
chr4	24215860	24216226	16.7023846380728	-6.1649658694022	3.9042650333227	-1.57903365083685	NA	NA	LOC124900679	Intergenic
chr4	24696114	24696710	4.81248200810939	-6.62537980980178	4.25069691701907	-1.55865730705826	0.1190775115647	NA	LINC02473	Intergenic
chr4	25145788	25146522	7.00503898865863	5.00457586441591	4.26440921862924	1.17356839079918	NA	NA	SEPSECS	Intron
chr4	25164953	25165457	22.868731929165	-4.50413499509587	3.39196252267599	-1.32788465821328	NA	NA	PI4K2B	Intron
chr4	25246701	25247531	21.9861173562049	-6.97800486301222	3.06768364255928	-2.27468203246364	0.0229250111004248	0.0663065027110369	PI4K2B-DT	Intron
chr4	27198556	27199248	80.4234065934813	8.98511878863177	3.54460472838479	2.53487186220793	NA	NA	LINC02261	Intron
chr4	27325642	27325842	98.8687948343957	0.657785108901611	3.5205779170181	0.186840093986259	NA	NA	LOC124900842	Intergenic
chr4	27643724	27643953	57.1004083483621	1.52788452971589	3.52381660010992	0.433587982322414	NA	NA	LOC105374548	Intergenic
chr4	27942183	27942682	76.3982409372721	-5.45707293838067	3.52233134580798	-1.54927870283279	0.121314737107058	0.222569557054682	LOC105374552	Exon
chr4	28285315	28285711	11.0102656867812	3.40385218452821	4.10186501927018	0.829830374363181	NA	NA	LOC107986269	Intron
chr4	28640955	28641349	1.64793089858153	0.0296623433614701	4.13293236918568	0.0071770696231631	0.994273576117576	NA	LOC105374558	Intron
chr4	30082567	30083018	2.93970480226139	-5.57651524756078	4.25458764306362	-1.31070639869232	0.189956976044166	NA	LOC105374562	Intergenic
chr4	32482831	32484066	12.4777489942131	5.23934477783813	4.1386076899486	1.2659679704754	NA	NA	LINC02353	Intergenic
chr4	33038410	33038896	21.6577741621322	8.13563608349747	4.05017880486484	2.00871034970738	0.0445678604793869	0.0959289745191421	LOC105374391	Intron
chr4	33332179	33333313	43.1689681369074	9.13075255519133	3.68939377793397	2.47486527727178	0.0133286443742683	0.0527900768789056	NA	NA
chr4	33901767	33902361	46.8704042584552	7.81286659873585	2.90374784146299	2.69061469015144	0.00713205152997312	0.0475345008264353	LOC105374392	Intron
chr4	34741570	34742358	39.5917664735933	-9.55847744747361	3.34110621595484	-2.86087206740955	NA	NA	NA	NA
chr4	35276020	35276490	11.5599332041692	7.09645486026704	4.25111959717634	1.66931432956641	NA	NA	LOC124900893	Intergenic
chr4	37081262	37081571	9.18287945393132	-6.57755056249517	3.86063012651417	-1.70375051402144	0.0884277066013216	0.166158513210548	LOC105374402	Intron
chr4	37535301	37535859	36.7422049720356	20.9784731013561	3.72166487552898	5.63685173248554	1.73187099271185e-08	3.22820753041489e-06	PGCKA1-AS1	Intron
chr4	37973613	37974624	9.42503309746662	0	4.40735632392304	0	1	1	PTTG2	Intron
chr4	38527633	38528270	37.7069036356942	-7.36036619720111	3.20424645925464	-2.2970661872599	NA	NA	LINC01258	Intron
chr4	38691831	38692083	35.5753113588456	15.362076602446	3.54767162562754	4.3301856044043	NA	NA	KLF3-AS1	Intron
chr4	38844003	38844510	22.7786068178915	2.49879551066205	4.08697376178198	0.611404833089151	NA	NA	TLR6	Intron
chr4	39939041	39939583	15.9066116937757	21.4025959146168	4.24851347430917	5.03766694963748	NA	NA	PDS5A	Intron
chr4	41566656	41567041	16.36195004273	-7.45428765902802	3.83366148845651	-1.94443032632733	NA	NA	LIMCH1-AS1	Intron
chr4	41759771	41760320	69.9128420375324	8.09296112538869	3.87196099275085	2.09014531410323	NA	NA	PHOX2B	Intron
chr4	41794914	41795624	108.367129938	9.20462003279793	3.32602378423476	2.76745466356179	NA	NA	NA	NA
chr4	42836455	42836687	38.7532862423585	-17.9845511021465	3.30109110596036	-5.4480626328895	NA	NA	NA	NA
chr4	42918275	42918783	28.0320231403588	-15.0734683632116	4.40735632387994	-3.42007027694597	NA	NA	GRXCR1	Intron
chr4	46674715	46675211	41.5320458109788	5.84507967372271	3.80112412647034	1.53772396776486	NA	NA	GABRA2	Intergenic
chr4	47368483	47369067	1.61507808767426	-2.72353344401215	4.30117527583746	-0.633206802641138	0.526598603988457	NA	LOC107986277	Intron
chr4	47843577	47843808	71.5389068088137	13.4300474458318	3.83805000573111	3.49918511373681	NA	NA	CORIN	Exon
chr4	52275250	52275771	8.47321020382263	-3.4122023666953	4.11412287645715	-0.829387567936155	NA	NA	NA	NA
chr4	52298491	52298902	34.4203271829137	3.84538445526081	3.52648152684255	1.09043090853897	NA	NA	SPATA18	Intron
chr4	53054112	53054515	20.5563260513078	7.65706298156497	4.24846487983993	1.80231288197761	NA	NA	LOC124900701	Intron
chr4	53687415	53687989	41.8352909615439	7.51777991434672	3.09381354428625	2.42993955735658	0.0151013409887961	0.0556690979462002	LNX1	Intron
chr4	54327531	54327993	10.9936962763587	2.86673960140011	4.13719697489127	0.692918325812963	NA	NA	LINC02283	Intergenic
chr4	54868960	54869755	110.510866969097	-7.32826863540527	2.79563187159316	-2.62132819054931	NA	NA	LINC02358	Intergenic
chr4	55916650	55916884	79.5172511093946	-17.6421667027442	3.70700762478325	-4.75913957791651	NA	NA	EXOC1-AS1	Intron
chr4	57224101	57224683	92.6763142373386	-7.50342123666865	3.33107577210678	-2.25255195318569	NA	NA	IGFBP7	Intergenic
chr4	57935829	57936307	50.5800235704044	8.47268739734255	3.40703220680489	2.48682339439586	0.0128889364783053	0.0527900768789056	LOC105377670	Intergenic
chr4	58283735	58284610	95.6487547979107	-4.04106398570908	2.64282445043484	-1.52907015259533	NA	NA	NA	NA
chr4	58412422	58412837	23.8726696330897	-5.47410081015063	3.88073287303461	-1.41058428633096	NA	NA	LINC02494	Intergenic
chr4	58840894	58841349	11.9411579073793	-6.184114537506	3.87370114042848	-1.59643563437678	NA	NA	NA	NA
chr4	58961205	58961647	15.8996153153539	-3.65561142690496	3.92596890319872	-0.931136113667768	NA	NA	LOC105377246	Intron
chr4	60049214	60049612	19.4026616849369	21.6532069140266	4.24821634708996	5.09701134426901	NA	NA	LINC02496	Intergenic
chr4	62341510	62342051	35.2472939100034	20.6106142302314	3.88293519463679	5.30799851068835	NA	NA	ADGRL3-AS1	Intergenic
chr4	62735202	62735650	36.3996547082558	-0.224228980457164	2.93699535297908	-0.076346385849648	NA	NA	NA	NA
chr4	63020266	63021022	9.75700507131778	-21.6854359093248	4.24895377453097	-5.1037118923984	NA	NA	NA	NA
chr4	63222792	63223391	127.467152234474	6.73149884038987	2.87427870326095	2.34197847019943	NA	NA	LOC105377253	Intergenic
chr4	63397825	63398058	27.7200358982876	0.39240820857889	3.76302410799675	0.104280014508807	NA	NA	NA	NA
chr4	64350086	64350784	80.6149480514465	9.29905891108763	3.18639671908651	2.91836194011445	NA	NA	TECRL	Intron
chr4	66307872	66308663	27.0551819375256	-4.04257381521094	4.25688055547106	-0.949656388647155	NA	NA	MIR1269A	Intron
chr4	66807723	66808201	59.4128691583386	4.84286784204658	3.45433526074822	1.40196809993411	NA	NA	LOC105377262	Intergenic
chr4	67282466	67283289	101.103430607051	5.67557030744918	2.92338687044407	1.94143661409652	0.0522053408153344	0.108363870022031	LOC101927237	Intergenic
chr4	67596323	67596791	49.011644804705	-8.14904470374196	2.95436629895973	-2.75830546354775	0.00581018763641373	0.0469937533794141	STAP1	Intron
chr4	68268276	68268821	51.0308479357184	-1.32445985868733	3.24195066003007	-0.408537944459355	NA	NA	TMPRSS11B	Intergenic
chr4	69197630	69198127	19.9077600378776	1.71597886627035	3.92881014161191	0.436768081026769	NA	NA	LOC105377267	Intron
chr4	70064065	70064499	18.9228557438476	7.72949599767194	4.24839438987275	1.81939228996662	NA	NA	CSN2	Intergenic
chr4	70203474	70203900	17.7513282150528	0.24092554851189	4.0850662488426	0.0589771459838992	NA	NA	ODAM	Intron
chr4	70618733	70619205	51.3075168445626	8.02766237780975	3.34485846063	2.40000061954722	NA	NA	ENAM	Intergenic
chr4	72546268	72547194	15.2187706633647	-17.4391580241834	4.29219069250233	-4.06299702728641	NA	NA	ADAMTS3	Intron
chr4	73110371	73110583	46.3181092678769	-0.841083996521207	3.62010668962624	-0.23233679795444	NA	NA	NA	NA
chr4	73119020	73119876	35.5864636893956	-7.324072775853	4.11263951985952	-1.78086913294632	NA	NA	LOC124900713	Intron
chr4	74522707	74523241	5.09391621288171	-6.06219660394317	4.25243553791963	-1.4255822457238	0.153988964081536	NA	LOC124900716	Intergenic
chr4	75317329	75318181	21.086793575084	2.94862640677419	4.08601715956627	0.721638282862031	NA	NA	NA	NA
chr4	75375038	75375619	34.2095034598775	8.46812413257406	3.42085542015889	2.47544052363976	NA	NA	LINC02483	Intron
chr4	75477647	75477880	41.804346714403	0.327654694458544	3.3963755097567	0.0964718693552279	NA	NA	THAP6	Intergenic
chr4	75932322	75932717	31.8808295280952	-2.37341468848189	3.72724133974052	-0.636775156783145	NA	NA	NAAA	Intron
chr4	77490434	77491050	14.926363559941	6.53360488596083	4.2501479302983	1.53726528890543	NA	NA	LOC105377295	Intron
chr4	77509725	77510871	62.396413210074	-7.07753843861018	3.43339277685173	-2.06138327264146	NA	NA	CXCL13	Promoter
chr4	78085381	78085903	93.0682562861755	7.87739561932335	3.70916993730375	2.1237623922536	NA	NA	LOC107986293	Intron
chr4	78202444	78202831	52.2459077704681	8.888009698959	4.24764470552785	2.09245601153793	NA	NA	NA	NA
chr4	78338012	78338457	65.8195274040515	-19.8581398279784	3.45194225034902	-5.75274393016586	NA	NA	ANXA3	UTR
chr4	80530410	80530624	51.8101793946997	-0.49676490406894	2.77656186849668	-0.178913680874651	NA	NA	CFAP299	Intron
chr4	81603694	81604298	0.825786301585839	3.21546425643997	4.30669687298115	0.746619590668842	0.455293219483426	NA	PRKG2	Intron
chr4	82268374	82268735	63.0744626743016	-23.1639080221064	3.8793980989533	-5.97100566408904	NA	NA	VAMP9P	Exon
chr4	82482715	82482943	66.6638288091331	-2.82248028434486	3.33491912266542	-0.846341449530868	NA	NA	ENOPH1	Intergenic
chr4	82720306	82720511	94.1825247971249	-0.370311951726557	2.95577411980604	-0.125284252692103	NA	NA	MIR575	Intron
chr4	83088562	83089433	4.86963186675816	-5.16036785857734	4.25221658755102	-1.21357126391094	NA	NA	PLAC8	UTR
chr4	84975772	84976340	30.7040118589775	-1.49015252562152	4.0840987427113	-0.364866919116714	NA	NA	WDFY3	Intron
chr4	85362692	85363134	67.9863140983876	-1.67041402273212	3.5101444201737	-0.47588185065316	NA	NA	ARHGAP24	Intergenic
chr4	87577952	87578370	46.2498691412109	0.307525627017289	3.6462470725273	0.084340315096677	0.93278585975857	1	DSPP	Intron
chr4	88605893	88606304	45.389429720034	-8.89508574025405	3.33582359485048	-2.66653361226457	0.00766379424544356	0.0475635659068218	PIGY-DT	Exon
chr4	91046636	91046902	59.4338922917625	0.0172703062631449	3.67605360073959	0.0046980561599184	NA	NA	NA	NA
chr4	91414992	91415378	15.6937437687104	4.50293206794452	3.30879506591465	1.36089784294325	NA	NA	NA	NA
chr4	91686639	91687001	30.2838222502169	14.46746157419	3.66170504288886	3.95101773756635	NA	NA	LOC124900733	Intergenic
chr4	92354574	92355730	89.0594980894564	-1.58084458300556	3.64621377722649	-0.433557843722491	0.6646095530465	1	GRID2	Intron
chr4	92576496	92576907	53.6130778194393	10.4032597996348	4.02234281123975	2.586368265421	0.00969932386979364	0.0492306709468289	NA	NA
chr4	93603752	93603949	52.8577623195856	14.7444288417649	3.57758890521357	4.12133121842985	NA	NA	NA	NA
chr4	93671908	93672289	39.7427927686872	0	4.40735632387868	0	NA	NA	ATOH1	Intron
chr4	93836851	93837144	46.4767682519017	-1.5057879517578	2.88497319740694	-0.521941747365704	NA	NA	NA	NA
chr4	93994377	93994881	46.66890211019	-20.8550441563273	4.12354130994237	-5.05755674280339	NA	NA	LOC124900734	Intergenic
chr4	94132858	94133576	79.1869060454454	8.30554862619652	4.13112409095823	2.01048151624756	NA	NA	NA	NA
chr4	94631866	94632090	74.6915476770761	-0.654269348473681	3.63966229095463	-0.179761004228245	0.857340198961742	1	BMPR1B	Intron
chr4	95665521	95665737	0.245767079919432	2.10643709346583	4.37442077413494	0.481535088238599	0.630136247905514	NA	UNC5C	Intron
chr4	96245278	96245690	98.6596725425861	7.53215523556869	3.40788099497596	2.21021662630617	NA	NA	LINC02267	Intron
chr4	97982090	97982843	78.2423349894714	-7.00169331064035	3.15461409000292	-2.21950866599783	NA	NA	STPG2	Intron
chr4	98250108	98250623	24.6706988235323	1.15514008842201	2.99498642213425	0.385691260529604	NA	NA	RAP1GDS1	Intergenic
chr4	99355198	99355570	63.894056935283	22.5028505221746	4.14892054492528	5.42378439849826	NA	NA	ADH1C	Promoter
chr4	101316877	101317579	15.0355676971051	-6.14912447654225	4.25212102863683	-1.44613110377848	NA	NA	MIR1255A	Intron
chr4	101487854	101488319	44.2702565854129	-8.67150504949404	3.28056614067209	-2.6432952964995	NA	NA	BANK1	Intron
chr4	101816838	101817328	29.3663826354129	-1.85562419649042	3.39346940460887	-0.546822138419808	NA	NA	LOC124900741	Intron
chr4	102928410	102929224	13.468075238103	-4.6561398043465	4.12642501098174	-1.12837136067056	NA	NA	CISD2	Intron
chr4	102932630	102933255	36.119335783296	-15.0804699073562	4.22877720038651	-3.5661538058751	NA	NA	NA	NA
chr4	103102574	103103113	76.4032822542477	-3.74369355930295	3.56599057405054	-1.04983271311639	NA	NA	BDH2	Promoter
chr4	103111394	103111844	6.82123918796764	-6.6793535417078	4.25056319051342	-1.57140436274775	NA	NA	NA	NA
chr4	103563167	103564033	10.2868782093276	4.87271456289457	4.0988284940884	1.18880664802695	0.234515761379176	0.414741346499794	TACR3-AS1	Intron
chr4	103714776	103715243	53.893819759221	7.53932983254391	3.65037422501974	2.06535806133771	NA	NA	TACR3	Intron
chr4	105401849	105402224	66.2968117378478	-1.27283743868748	3.76494270560903	-0.338076177571362	NA	NA	TET2-AS1	Intron
chr4	106161489	106162048	63.2047023645498	-4.35266185680947	2.94660545371667	-1.47717837531295	NA	NA	LOC101929577	Intron
chr4	107517290	107517781	23.1591494378555	21.2768827219882	4.24844962641338	5.00815228918003	NA	NA	PAPSS1	Intergenic
chr4	107763541	107764196	44.8887395456386	-6.01397049968878	2.86309554234835	-2.10051338166523	NA	NA	NA	NA
chr4	109012056	109012542	33.6478956658033	-6.41973641981871	3.78591112169394	-1.69569126518382	NA	NA	LOC124900754	Intron
chr4	109613347	109613975	36.0615510822633	6.58938215057159	3.4489013531941	1.91057425996514	NA	NA	LOC124900755	Exon
chr4	110238718	110239173	58.4203820674199	-0.541544886727991	3.40941504570185	-0.158838064438855	0.87379645840936	1	LOC124900759	Intergenic
chr4	110494428	110494639	88.0252199830814	0.446389347163238	2.86452257344008	0.155833768357132	NA	NA	LOC124900892	Intron
chr4	110920071	110920656	2.44515949026603	-4.83897893927098	4.25960753626213	-1.13601520752244	0.255950199761219	NA	MIR297	Intron
chr4	112183395	112183878	2.42234721828139	-4.3961140483004	4.26410871113849	-1.03095731044968	0.30256083924966	NA	FAM241A	Intron
chr4	112455991	112456391	48.6747377465873	22.7245677618133	4.24755215155365	5.35003855185186	NA	NA	LOC124900760	Exon
chr4	112967602	112967904	46.4630881198332	0	3.98723225422097	0	NA	NA	LOC124900761	Intron
chr4	113065277	113066127	58.2307240486983	1.07998346263124	3.41315819587032	0.316417640394735	NA	NA	ANK2-AS1	Intron
chr4	113385100	113386741	27.4937433308027	0.348719008332569	3.32669352199669	0.104824506984721	NA	NA	MIR8082	Intergenic
chr4	113773640	113774273	121.57031709834	1.64857999486928	3.20735060390539	0.514000556366337	NA	NA	CAMK2D	Exon
chr4	114620493	114620885	42.8830665688494	0.716404964705829	3.96811541269342	0.180540354853126	NA	NA	UGT8	Intron
chr4	115893603	115894691	34.5078962810905	-7.67742947644448	3.11524348355583	-2.46447172330852	NA	NA	LOC124900835	Intergenic
chr4	117645816	117646263	38.6829132603191	0	4.40735632387852	0	NA	NA	NA	NA
chr4	117744436	117744806	97.7607556987614	-0.535172090124816	3.13837274699145	-0.17052534331298	NA	NA	LINC02264	Intron
chr4	117924025	117924483	1.7441432036376	0	4.40735632389191	0	1	NA	LOC102723914	Intron
chr4	118754338	118754618	22.1124726818647	-6.00840946535901	4.14836249366392	-1.44838101167294	NA	NA	METTL14-DT	Intron
chr4	120636470	120636817	55.0544417631413	-9.16863299927532	3.02869121300207	-3.02725908798978	0.00246782338861128	0.0372618780973083	PRDM5	Intergenic
chr4	121533253	121533602	46.6811527114536	-7.94241807572017	3.55828916440247	-2.23208899242283	NA	NA	LOC107986310	Intergenic
chr4	122223724	122224015	34.6829024947944	1.8857966461477	3.23818634358357	0.582361990959659	NA	NA	BLTP1	Intron
chr4	122465658	122466485	39.0460849635215	-5.88979645944586	3.31380837956552	-1.77734973928036	NA	NA	IL2	Intergenic
chr4	122851843	122852184	31.7793025025695	-16.0653651479961	3.93092997908272	-4.08691206240842	NA	NA	FGF2	Intron
chr4	124411057	124412130	87.2336097843246	8.63981993796756	3.79646807172174	2.27575203445588	NA	NA	LOC105377407	Intergenic
chr4	124606431	124606793	9.60511880735286	0	4.40735632388112	0	NA	NA	LINC02516	Intron
chr4	125686776	125687354	46.2756255062694	8.82486931504004	3.8394482190538	2.29847332521517	NA	NA	MIR2054	Intron
chr4	127415979	127416447	31.5490507646762	9.63343873021716	3.47367003365324	2.7732739831036	0.00554953753351002	0.0469937533794141	LOC102724210	Intron
chr4	128047336	128047876	77.9888779516659	1.40540941404514	3.64311271089134	0.385771598513428	NA	NA	LARP1B	Intergenic
chr4	128536995	128537328	59.2923461837187	-1.0447151138343	2.75358520470178	-0.379401774839014	NA	NA	LOC101927259	Intron
chr4	128845833	128846385	31.1315735011368	0.910254052065172	4.08326257807209	0.222923222462698	NA	NA	JADE1	Exon
chr4	129130594	129130992	69.4414795576986	6.88808456823171	3.62112363683807	1.90219535675571	NA	NA	SCLT1	Intergenic
chr4	129871806	129872314	20.8796854993975	-17.664340503648	4.28468019457902	-4.122674202382	NA	NA	LINC02466	Intron
chr4	130206666	130207155	73.265290070699	21.2873182881182	4.24835178518601	5.01072400886081	NA	NA	LINC02479	Intergenic
chr4	132177679	132178105	26.5880796419979	0.560357603292701	4.05486956078356	0.138193743323378	NA	NA	LOC105377428	Intron
chr4	135538571	135539194	39.4406316250182	9.96755535978072	3.95510969200991	2.52017166045157	0.0117297614743218	0.0523094634955363	LOC124900883	Exon
chr4	135885751	135885961	55.2177036874124	-1.39230067321469	3.0669631480481	-0.453967200127849	NA	NA	NA	NA
chr4	135972171	135972499	32.4268288531524	-0.415993746934068	3.65723610318145	-0.113745390015207	NA	NA	NA	NA
chr4	136172435	136172909	20.7786800543479	1.26925080115077	3.93768972406183	0.322333878516335	NA	NA	LINC00613	Intron
chr4	137483144	137484083	18.4921832920479	-1.39160190835396	4.06638585515942	-0.342220821614433	NA	NA	PCDH18	Intergenic
chr4	138662851	138663084	78.6411322628987	-6.14414715884974	3.43785061407989	-1.78720597506072	NA	NA	SLC7A11	Exon
chr4	138960627	138961221	43.7808804016772	1.67368012795925	3.1335673771663	0.534113336817021	0.593263123050984	0.935568918246222	LOC105377448	Intron
chr4	139132469	139132836	71.7996814638504	7.9680734777143	3.41087060745058	2.33608201387327	NA	NA	ELF2	Intron
chr4	139177895	139179032	2.49940686724975	-1.26050238439803	2.68174883195638	-0.470029992882845	0.638333589281491	NA	LOC105379412	Promoter
chr4	139359172	139359700	38.2237048798	21.0994208516121	4.24832596009376	4.96652588568001	NA	NA	NDUFC1	Intron
chr4	140066231	140066714	42.3136046616753	15.1698997565623	3.42692559612516	4.42667905416883	NA	NA	NA	NA
chr4	140074626	140075050	34.3811024780616	4.25627935005902	4.09183490375211	1.04018843628225	NA	NA	MAML3-AS1	Intron
chr4	140565550	140566277	53.7982499614262	-0.347513604435757	3.09420703839186	-0.112311038053991	0.91057679007653	1	UCP1	Promoter
chr4	141208407	141208889	24.7869381942648	-21.5558361957367	4.24915700103767	-5.07296769464454	NA	NA	RNF150	Intron
chr4	141707323	141707593	42.0508030063909	7.57832984595454	3.8870666023159	1.94962696071104	NA	NA	IL15	Intron
chr4	142746595	142747335	33.5989687354759	3.79010243939911	3.6549004852869	1.03699196589797	NA	NA	LOC124900788	Intron
chr4	143365302	143365838	58.2841949759957	9.56147371918399	3.71493089837425	2.57379584728436	0.0100589607480763	0.0492306709468289	MIR3139	Intron
chr4	143494405	143494775	50.9027777345448	-17.1070245351731	3.96138522099709	-4.31844508443621	NA	NA	SMARCA5	Intergenic
chr4	143960627	143961359	0.541281250288326	0	4.40735632393335	0	1	NA	LOC105377460	Intron
chr4	145288569	145289113	41.1129559698848	22.3569795524456	4.24768331153689	5.2633348375391	NA	NA	LINC02266	Intergenic
chr4	146900977	146901330	29.4267463365828	-18.3467055109342	4.26964776098867	-4.29700681132672	NA	NA	TTC29-AS1	Intron
chr4	147711782	147712360	13.6451266213273	-4.65310415156772	4.07991440389309	-1.14049063066806	NA	NA	ARHGAP10	Intergenic
chr4	148212221	148212632	48.9037065472778	10.2752644508793	3.97920352301578	2.58224149417013	0.00981608700785071	0.0492306709468289	LOC107986195	Intron
chr4	148971073	148971487	25.2651913839826	-1.53934591205188	3.97323725337099	-0.387428641656338	NA	NA	LOC105377480	Intron
chr4	150194548	150195030	13.8840112844445	-8.15361904989526	4.15246955918618	-1.96355901799633	NA	NA	DCLK2	Intron
chr4	151085911	151086466	51.0978919022833	-0.805552865004696	3.09764256068198	-0.260053524325075	NA	NA	LRBA	Intron
chr4	151346691	151347121	42.7082875290344	5.22758128196699	2.81055694385848	1.85998056128701	NA	NA	FHIP1A-DT	Intron
chr4	152002307	152002950	12.9574897791708	1.21459846368777	4.00634554608246	0.303168673225266	NA	NA	LOC102724700	Exon
chr4	152690879	152691487	4.27008957703258	6.60682321240706	4.25276844818416	1.55353466639549	NA	NA	TMEM154	Intron
chr4	153094766	153095241	16.0133500997777	-6.80331372704884	4.25027434461951	-1.60067637414071	NA	NA	TRIM2	Intergenic
chr4	153182579	153183157	27.5589022678735	21.6439863413373	4.24812533558327	5.0949500383245	NA	NA	NA	NA
chr4	153496473	153497080	64.5961917035296	1.15884379278248	3.96601244875411	0.292193685157624	NA	NA	TMEM131L	Intron
chr4	154306689	154307407	44.7331354579072	1.92050042509939	3.99764780624242	0.480407609219722	NA	NA	NA	NA
chr4	154350762	154351001	48.4246317104116	3.11835388403451	3.59629361370525	0.867102138754926	NA	NA	PLRG1	Intron
chr4	154833535	154833865	63.4716463562018	-1.13560823693891	3.26318481145512	-0.348006105247997	NA	NA	NA	NA
chr4	154889355	154890053	53.8753891344958	1.17117380026624	3.59853355556048	0.32545862979561	NA	NA	LOC105377500	Intergenic
chr4	155579782	155580217	21.4156146506146	4.16072674057679	4.09563358613458	1.01589330516835	NA	NA	LOC105377504	Intron
chr4	157555410	157555842	47.0052411941843	3.7593747009578	3.39836051555662	1.10623186791059	NA	NA	LINC02433	Intergenic
chr4	158671719	158672633	101.36080343755	-0.65084835760378	2.98720002559663	-0.217879068032542	NA	NA	C4orf46	Promoter
chr4	159023943	159025150	64.0653465357939	-7.75930647970524	3.49718383995478	-2.21872993665828	NA	NA	SPMIP2	Intron
chr4	159926655	159927146	19.8816925234988	-4.5754972701141	4.10991256631768	-1.11328335975127	NA	NA	NA	NA
chr4	160089595	160090305	64.5564364094407	7.18423039650886	3.90252346640653	1.84091920480472	NA	NA	LINC02233	Intergenic
chr4	160449685	160450083	97.4271705436797	-3.09194110221088	3.26546453771839	-0.94686102589595	NA	NA	LINC02477	Intergenic
chr4	161489329	161489641	35.2431776798224	21.5252074112857	3.83842831007688	5.60781801102717	NA	NA	LOC105377515	Intron
chr4	162407854	162408155	73.107336097184	5.57862763345752	2.80439721451806	1.98924303753319	NA	NA	LOC124900803	Intergenic
chr4	163070597	163071006	23.7777141042169	2.42592135173106	4.08647226448569	0.593646841265513	NA	NA	MIR4454	Intergenic
chr4	163762929	163763336	49.3590453609266	6.66679496318201	3.6089235951778	1.84730842517422	NA	NA	NA	NA
chr4	163905862	163906174	48.020906282545	20.6158641090384	4.06496908425458	5.07159185758455	NA	NA	TMA16	Intron
chr4	164452075	164452270	49.1753511035809	1.67250569982585	3.212799453175	0.520575816885496	NA	NA	MARCHF1	Intergenic
chr4	165218167	165218615	25.3926348557149	9.32225729775246	3.74313027356134	2.49049768948676	0.0127564325220522	0.0527900768789056	TMEM192	Intron
chr4	166031654	166032230	14.3036645649542	0	4.40735632392284	0	1	1	TLL1	Intron
chr4	167298197	167298490	10.0562950912875	7.99596030581378	4.24922580565696	1.88174520995538	0.0598706181482813	0.120257362315082	NA	NA
chr4	167332589	167333070	43.743597196982	1.32764807104885	3.17199657231126	0.418552807603277	0.675542985414996	1	SPOCK3	Intergenic
chr4	167393865	167394770	135.254822921622	5.30071504581484	3.2371733224271	1.63745172650829	0.101536117674468	0.188885552240727	NA	NA
chr4	167663034	167663988	82.3780891752475	-7.92606586136736	3.23006663330838	-2.45383973805182	NA	NA	NA	NA
chr4	167955699	167956272	45.9864902008405	21.3643314276779	4.13796090739924	5.16300948843561	NA	NA	ANXA10	Intron
chr4	168241290	168241934	38.1488737098477	22.2720288085561	4.24771057221611	5.24330187518789	NA	NA	LOC105377524	Intron
chr4	170073568	170074074	90.8095928871907	-2.27887636936069	3.49902943338752	-0.651288139395399	NA	NA	AADAT	Intron
chr4	170208881	170209325	45.8599763254701	-0.654270987963791	4.19308000541914	-0.15603589416806	0.876004728270634	1	LINC01612	Intron
chr4	171694988	171695444	53.6289443513398	-21.4998092724272	4.24924862609436	-5.0596731714869	NA	NA	LINC02174	Intergenic
chr4	171890976	171891573	31.9994493240508	-18.9714822868864	3.99615428237168	-4.74743489523808	NA	NA	GALNTL6	Intron
chr4	172308090	172309249	41.0765699662092	0.0748202014179818	3.9969517677423	0.0187193155598784	NA	NA	LOC124900811	Intron
chr4	172958023	172958354	105.118591749226	-6.64830208773016	3.30588550424037	-2.01105031592974	NA	NA	GALNT7	Intron
chr4	174061260	174061654	24.2438464506438	19.6897634642444	4.25125189405705	4.63152124478188	NA	NA	LOC105377543	Intergenic
chr4	174285586	174285815	47.5673593831927	7.96547147511795	3.69992292592254	2.15287497458662	NA	NA	CEP44	Promoter
chr4	174721876	174722099	29.8977840445467	8.59769189000128	3.71744752001007	2.31279442244231	0.0207339445956266	0.0633574962725376	GLRA3	Intron
chr4	175912470	175912947	66.2788021681601	-23.193949744834	4.15969328144839	-5.57587980062748	NA	NA	GPM6A	Intron
chr4	175985990	175986504	12.844268197533	-6.3118533704316	3.81482504505526	-1.65455906781701	NA	NA	NA	NA
chr4	176296728	176297355	52.9931952746222	-1.2271712139608	2.93169641119139	-0.418587412146846	0.675517690758459	1	ASB5	Intergenic
chr4	177342616	177343045	51.5043990498075	-0.372763755343236	3.59914009231287	-0.10357022671593	NA	NA	LOC105377558	Exon
chr4	177463005	177463230	102.27089558196	-2.31538306210797	3.57578236749447	-0.647517892351582	NA	NA	AGA-DT	Intron
chr4	177855334	177855808	20.2008376182248	-1.73973613644509	3.73041164610605	-0.466365726222493	NA	NA	LOC105377560	Intron
chr4	178603669	178604009	21.1392696742353	-1.27523087407622	4.08538653600998	-0.312144484453529	NA	NA	LOC124900186	Intergenic
chr4	179028289	179028703	53.6522728617573	18.1791991481933	4.25729456132872	4.27012951213776	NA	NA	LOC105377563	Intergenic
chr4	179283254	179284113	17.2690521884735	-18.8340595830391	4.07987961772475	-4.61632728113247	NA	NA	NA	NA
chr4	182137274	182137608	25.242795081477	1.61540299766604	3.7817042656711	0.427162698133236	NA	NA	TENM3-AS1	Intron
chr4	183036236	183036711	55.6705543411222	21.4304293561111	3.6546816288202	5.86382933799605	NA	NA	LOC107986328	Promoter
chr4	183207571	183208017	22.7030018666011	-7.95136648338346	3.80664000640573	-2.08881493127879	NA	NA	WWC2-AS1	UTR
chr4	183658799	183659419	53.32890411213	-6.29546192837429	2.35823638097042	-2.66956356842553	NA	NA	RWDD4	Promoter
chr4	184001209	184001778	43.0479396300117	1.26926966802644	3.89602371313668	0.325785919563759	0.744586332614708	1	LOC105377584	UTR
chr4	184100464	184101199	41.8311398218697	5.71181041399234	3.35435833388698	1.70280269591042	NA	NA	NA	NA
chr4	184697166	184697372	56.1150661007511	-1.39047145147252	3.1272778479478	-0.444626770974311	NA	NA	CENPU	Intron
chr4	185541190	185541476	81.9417788478479	-2.90118622959346	3.38001084152716	-0.858336368022607	NA	NA	PDLIM3	Intergenic
chr4	185729169	185729788	49.7440320826462	-1.40338489669346	3.53650699611706	-0.396827971281923	0.691494322586089	1	SORBS2-AS1	Intron
chr4	185758703	185758958	73.7706254350341	-7.58512700106368	3.12625599142739	-2.42626548237352	NA	NA	LOC101928929	Intron
chr4	187848611	187849145	35.4076365408921	0	4.17071058975915	0	1	1	LOC124900880	Intron
chr4	188254534	188255201	20.2768214383925	4.8540104493929	4.25747556047518	1.14011469483365	NA	NA	LOC107986337	Intergenic
chr4	188575512	188575812	44.8697463624551	0.704228071415506	2.96902691763207	0.237191541522689	NA	NA	LOC105377609	Intron
chr4_GL000008v2_random	2308	2676	61.1784613971796	3.42682105430786	3.93214630836192	0.871488694868891	NA	NA	LOC124900509	Intergenic
chr5	185867	186412	47.2110670371363	1.06865434570722	3.97847605348875	0.268608967690056	NA	NA	LRRC14B	UTR
chr5	197372	197872	36.0431403325817	-15.0830928262645	4.16750614207821	-3.61921310060579	NA	NA	LOC124900929	Promoter
chr5	375997	376423	76.9669484331522	1.80530478799897	3.04711179525057	0.592464244604625	0.553539756952623	0.887950178106446	AHRR	Intron
chr5	460005	460678	69.0895904412837	-0.778994707317023	2.89581103665332	-0.269007437797911	NA	NA	SLC9A3-OT1	Intron
chr5	546603	547457	21.6399430651081	-22.6441699208055	4.11891063507735	-5.4976113654819	NA	NA	MIR4456	Intergenic
chr5	995054	995342	104.106146525003	9.57904385066557	3.9493317493307	2.4254847297366	NA	NA	LOC124900932	Intron
chr5	1366669	1367327	44.7828724325758	2.95730456036987	3.64148022176815	0.812116057281215	0.416725040229179	0.707445787784326	MIR4457	Intron
chr5	1637169	1637804	36.9735324829799	-6.17346124675919	2.81019046755162	-2.19681239333852	NA	NA	PDCD6P1	Intergenic
chr5	1703166	1704231	7.25757374967762	0.0866379305589362	3.79341550820781	0.0228390299906451	NA	NA	MIR4277	Exon
chr5	2382443	2382876	35.3348178736313	-19.606908367792	4.25574738831761	-4.60715981912241	NA	NA	LOC100506858	Intergenic
chr5	2888688	2889411	43.2085999865553	-9.77691529739094	3.47215127681574	-2.81580913904109	0.00486545619996509	0.0453460517836746	LOC105374620	Intergenic
chr5	3727170	3727785	14.7751573872045	-4.01757936426931	3.58795369307461	-1.11974114159387	NA	NA	LOC105374625	Intergenic
chr5	4875619	4876529	60.885687748568	3.97986046676225	3.51701741590728	1.13160101191468	NA	NA	LOC107986400	Intergenic
chr5	5274446	5274672	50.2450211305875	-3.79083076538925	3.27875483653548	-1.15617999953753	NA	NA	ADAMTS16-DT	Intron
chr5	6116824	6117539	16.0073176722323	17.6987013655032	4.26385280378215	4.15087062803951	NA	NA	LOC124900933	Intergenic
chr5	6310265	6310935	55.154192692882	-0.0821806895735084	2.85938758145586	-0.0287406611494291	0.977071426843131	1	NA	NA
chr5	6316979	6317425	28.2761799317564	21.4984043997631	3.60954972358631	5.95597956700348	NA	NA	NA	NA
chr5	9186209	9186632	78.7240691606794	3.28020736129502	3.03203477094651	1.08185017953176	0.279319105360629	0.490255002252554	LOC124901170	Promoter
chr5	9948597	9949399	246.550765475961	6.50384006172859	2.75195650667421	2.36335132693961	NA	NA	LOC107986405	Intron
chr5	10421427	10421703	70.6064026069269	7.56440434765466	3.38353791189377	2.23564935420536	NA	NA	ROPN1L	Intron
chr5	10637410	10638015	43.9206070130761	7.54623000664635	4.21963023072744	1.78836286452176	NA	NA	ANKRD33B	Intron
chr5	11260971	11261544	38.5443791383461	-0.0849922243183886	3.68617699147754	-0.023057011238172	NA	NA	CTD-2154B17.1	Intron
chr5	12415306	12415738	16.8128340774582	-7.11266008946876	4.2000674375252	-1.69346330630818	NA	NA	LOC105374656	Intron
chr5	13538284	13538933	16.6674514698598	8.57283742013844	4.24850416793092	2.01784841941523	NA	NA	LOC105374659	Intergenic
chr5	15595127	15595367	85.7427347788979	-0.286158256550829	3.13251987344237	-0.0913508191845454	NA	NA	NA	NA
chr5	15667553	15667978	37.8785294408855	-22.9939979025261	3.86708800597357	-5.94607566908403	NA	NA	CTD-2350J17.1	Intron
chr5	15901212	15901752	13.938313586637	-3.5075099984133	4.10216148848836	-0.85503947327676	NA	NA	LOC107986343	Promoter
chr5	16389832	16390719	4.87545541611187	0	4.40735632392364	0	1	NA	LINC02150	Intron
chr5	18119379	18120287	56.1115315502945	-4.15763369015861	2.90844345536055	-1.42950473473902	NA	NA	LOC124900199	Intergenic
chr5	19037986	19038179	47.3875586616255	-1.15354956383638	2.87878226244152	-0.400707472352579	NA	NA	LOC105374669	Intron
chr5	20671597	20672168	123.308567105559	-7.93736618599578	3.28557475395649	-2.4158227343443	NA	NA	LINC02146	Exon
chr5	22434555	22434986	32.6797441935896	-6.37526022392745	3.93142290766514	-1.62161649195703	NA	NA	LOC105374682	Intron
chr5	22626125	22626473	40.7528486825859	-9.65986595752518	3.757089968235	-2.57110317804372	NA	NA	LOC101929617	Intron
chr5	22651303	22651567	29.4528896236375	1.61068364580946	3.87249878166592	0.415928767604818	NA	NA	NA	NA
chr5	23409045	23409251	43.9868046302791	-17.3997276004337	3.49929422225937	-4.97235342194213	NA	NA	NA	NA
chr5	23541943	23542286	38.8609942517223	8.97187172319343	3.25410609644975	2.75709256467753	0.00583178401537244	0.0469937533794141	LOC124901158	Intergenic
chr5	25746357	25747173	51.2672578567901	0.307520283698335	3.90437418632052	0.0787630152805979	0.937221122151654	1	LOC124901176	Intron
chr5	29348052	29348783	23.709480705935	0	4.40735632392267	0	1	1	LINC02064	Intron
chr5	29942240	29942937	6.57416782717275	0	4.4073563239233	0	1	1	LOC105374705	Intron
chr5	30137628	30138158	27.3120295328299	-3.14121131251067	3.7518565484381	-0.837241848657129	NA	NA	LOC124901160	Intergenic
chr5	32235580	32236160	52.1553944008114	8.06607389740484	3.59879484025082	2.24132640382542	NA	NA	GOLPH3	Intron
chr5	33085711	33086420	9.94972056440935	6.25930401714072	4.2507818950423	1.47250651096471	NA	NA	LOC124900955	Intron
chr5	33445719	33446436	14.4086754398415	20.9718112503976	4.24891729059578	4.93580124442876	NA	NA	TARS1-DT	Exon
chr5	34469311	34469940	75.0020728614208	-20.1617308015757	4.14510445481666	-4.8639861845092	NA	NA	LOC105374721	Intron
chr5	34694904	34695337	27.3540232518745	21.9937717902375	4.24790535482133	5.17755692585636	NA	NA	RAI14-DT	Intron
chr5	35503922	35504690	92.2397238805927	1.10146055924749	2.48238152273419	0.443711230187655	NA	NA	LOC124901220	Intergenic
chr5	36241710	36242149	47.1747683857775	0.348182843640444	2.36969507011172	0.146931496812385	0.883186090858814	1	NADK2	Promoter
chr5	36866827	36867213	25.6014096779216	8.24435837764108	4.24798699079036	1.94076827342335	NA	NA	NIPBL-DT	Exon
chr5	37036395	37036690	22.8304213400254	-0.654250927812006	3.43951628829453	-0.190215970204465	0.849139897172524	1	NIPBL	Exon
chr5	37998817	37999404	42.515710206523	0.277115525046	3.13104324526982	0.0885058120690759	0.929474665106238	1	LINC02119	Exon
chr5	38344256	38344784	14.349389942709	3.13896869891478	4.09467429283035	0.766597896299351	NA	NA	EGFLAM-AS4	Intron
chr5	39240625	39241137	59.0166270543905	8.50059613045418	3.80420189368936	2.23452812653174	NA	NA	FYB1	Intron
chr5	39837092	39837571	69.5551644123958	10.7821299968304	3.38393017160577	3.18627437625701	0.00144117848667258	0.0372618780973083	LINC00603	Intergenic
chr5	40591419	40592048	16.2235188999689	20.2622728113387	4.13982968404849	4.89447014919789	NA	NA	LOC124900196	Intron
chr5	40924337	40924721	67.2150155052073	-7.96907036365816	3.12222691670243	-2.5523674531878	NA	NA	C7	Intron
chr5	41449951	41450381	9.13531552521047	3.44124837496651	4.10679462117297	0.83794021673858	NA	NA	PLCXD3	Intron
chr5	41661201	41661514	73.886709625571	-4.93125527669692	2.68567403190484	-1.83613320831768	NA	NA	NA	NA
chr5	42552780	42553075	35.1455083634303	7.38894090183737	3.18425089366921	2.32046441959951	NA	NA	GHR	Intron
chr5	43266476	43267042	7.34180790489599	4.5089410430871	4.14230396089153	1.08851042455046	NA	NA	HMGCS1	Intron
chr5	43344017	43344513	54.0325380162643	-0.642126593384032	4.08208011266468	-0.157303770543804	NA	NA	NA	NA
chr5	43759790	43760115	43.2223995807234	8.09425001997158	4.24814237167503	1.90536222936898	NA	NA	NNT-AS1	Intergenic
chr5	44190118	44190485	13.8698394960239	1.63408689878801	4.03573812998575	0.404904095894294	NA	NA	FGF10-AS1	Intergenic
chr5	50365275	50366070	1.34958845652509	-4.48340049600481	4.26310940977529	-1.05167380544454	0.292949233002951	NA	NA	NA
chr5	50471044	50471502	41.7240379923521	-8.7736892347532	3.40531153999005	-2.57647182400786	0.009981434007636	0.0492306709468289	EMB	Intron
chr5	50781442	50781749	86.901581381383	-1.19200940943726	2.82027763448762	-0.4226567607603	NA	NA	PARP8	Intron
chr5	51011262	51011477	45.8340890217756	0.316378018923112	2.95195082295796	0.107175911083129	NA	NA	LOC124901181	Intergenic
chr5	51378074	51378633	71.8652355363528	-8.44880367013896	3.73064402379091	-2.26470379276597	NA	NA	ISL1-DT	Exon
chr5	53118832	53119365	41.2803464101689	6.02972355570645	3.87647401305521	1.55546600735605	NA	NA	MOCS2	Intron
chr5	53153628	53154081	94.9959873232571	-6.98604065470066	3.29390495459912	-2.12089928245998	NA	NA	NA	NA
chr5	53536443	53536932	38.0751131399532	8.05125700058613	3.47227966427699	2.31872365680043	NA	NA	NDUFS4	Intergenic
chr5	53656564	53656816	47.4163803932323	1.0387601340429	3.86240721103809	0.268941123316646	NA	NA	NA	NA
chr5	53953543	53954130	23.4846264203542	-6.06671844139825	4.25241870686435	-1.42665124476224	NA	NA	MIR581	Promoter
chr5	54183465	54183900	44.2840314945084	5.87279159522901	4.10214898220848	1.43163781244904	NA	NA	ARL15	Intron
chr5	54720517	54720915	48.2693011178123	2.42028753029306	3.64722025449471	0.663597852997876	NA	NA	LINC02998	Intron
chr5	57105677	57106616	1.58080106422071	-1.45514117787613	4.14979730326079	-0.350653555230932	0.725848273193554	NA	GPBP1	Intron
chr5	60730986	60731384	63.4170936577869	-7.24185660319341	3.86403888511304	-1.87416763094545	NA	NA	DEPDC1B	Intergenic
chr5	61234039	61234251	65.7305393132948	-0.185243481040194	2.71327517992937	-0.0682730164675064	NA	NA	LINC02057	Intron
chr5	61989050	61989624	59.0305704811015	-6.72621308455048	3.2667947733218	-2.05896407680088	NA	NA	LOC105378995	Intron
chr5	62950615	62951199	21.7992314287043	18.8316169375037	4.25375495530214	4.42705730240308	NA	NA	IPO11-LRRC70	Intergenic
chr5	63846234	63847254	18.2361216716596	1.26927187607976	4.23920210042151	0.29941291922684	0.764625005941007	1	HTR1A	Intron
chr5	64066848	64067531	18.6864152208171	7.23196935709145	4.24927156792015	1.70193155261931	NA	NA	RNF180	Intron
chr5	64977284	64977582	28.467929243142	7.11028578758852	4.11301813368526	1.72872707011814	NA	NA	LOC107986419	Exon
chr5	65938935	65939589	19.2642371899668	-8.61267405066281	3.28947259181946	-2.61825378088924	0.00883810478121058	0.0487403174916465	LOC124900212	Intron
chr5	66325689	66326423	12.8186867344462	2.12821731984285	4.30728509636585	0.494097156846774	NA	NA	LOC124900988	Intron
chr5	67061047	67061476	33.0673910079493	1.65435567192983	3.70655519304786	0.446332399159413	NA	NA	MAST4-AS1	Intron
chr5	67142525	67143137	35.3387352385263	-1.20345125944839	3.72990509409444	-0.32264929779415	NA	NA	CD180	Exon
chr5	68768129	68768606	16.2652537415901	18.3141038905392	4.25670454144015	4.30241368933327	NA	NA	LOC105379011	Intergenic
chr5	71957922	71958277	20.2814986211979	1.26927249645747	3.96482596376368	0.320133218471105	0.748867344971784	1	LOC124901000	Intron
chr5	72063438	72064061	11.1330204208512	-7.81337910049795	3.89979667699042	-2.00353499109286	0.0451198957010721	0.0964489513610074	MAP1B	Intergenic
chr5	72370428	72370679	58.9353177704246	0.847144245637787	3.0350182312838	0.27912328067942	NA	NA	MRPS27	Intergenic
chr5	72435278	72435748	35.9945138712061	-0.497280099790533	3.28706471076882	-0.151283939790228	NA	NA	ZNF366	Intergenic
chr5	73398870	73399164	26.3184948231038	0.30754046675263	3.40401105852199	0.0903464946104384	0.928011873837958	1	LOC107986383	Intron
chr5	74349283	74349905	17.0648288173586	-5.12851130471244	3.85006247374904	-1.33205924311106	NA	NA	LINC01333	Intron
chr5	76611864	76612376	31.2023397027987	1.75378825899071	4.01591616326978	0.436709380298111	NA	NA	LOC101929109	Promoter
chr5	78051154	78051764	63.7203717372921	-8.59706359186535	2.92636077017218	-2.93780031481201	0.00330549853370146	0.0388003015522799	LOC101929154	Intron
chr5	79552527	79553325	47.0697356610113	8.60092277032632	4.1433287714215	2.07584848917879	NA	NA	LOC124901013	Intron
chr5	81117749	81118620	91.1146025576226	8.66518183652611	2.82393354663205	3.06847937227864	0.00215151181458577	0.0372618780973083	CKMT2	Intron
chr5	81296502	81296944	22.0024954445264	7.22103605764943	4.2507819159341	1.69875477040619	NA	NA	LOC124901017	Intron
chr5	81907644	81908596	35.8169947917933	-3.52821475733828	4.09066875252657	-0.862503167766665	NA	NA	ATG10	Intergenic
chr5	82860311	82861026	4.88338684806571	1.1763432689332	4.0996520501737	0.286937343593187	NA	NA	LOC124901020	Promoter
chr5	83139606	83140094	14.4284390326523	-21.9051148309834	4.24868406546805	-5.15574104674461	NA	NA	TMEM167A	Intron
chr5	84105138	84105376	51.5734947989343	-0.15809756145291	2.97018755766312	-0.0532281407768396	NA	NA	LOC107986386	Intron
chr5	84158253	84158606	35.9309459274085	2.85415314908787	4.0853556850298	0.698630270932468	NA	NA	EDIL3-DT	Intron
chr5	85330452	85330864	29.1385930836519	-8.24784561283081	3.77045730757457	-2.18749211037651	0.02870661854706	0.0730999138957922	LOC101929321	Intron
chr5	85631232	85631848	2.46022836817004	2.79460502614196	4.14961911616647	0.673460611181032	0.500654299485225	NA	LOC105379061	Intron
chr5	88276900	88277316	39.0991090410504	19.8211487460771	4.25022591014574	4.66355181233119	NA	NA	TMEM161B	Exon
chr5	88550455	88551119	3.77267564599047	-6.27420077176474	4.25170044812946	-1.47569210209178	0.140026567138134	NA	LINC02060	Intron
chr5	88864790	88865424	82.867585333848	-9.0418182942245	3.34614215492986	-2.7021620348386	0.00688901805846615	0.0475345008264353	MEF2C-AS1	Intron
chr5	89132080	89132516	1.65362545956445	-4.64361094419026	4.26142484031173	-1.08968505093958	0.275851903422124	NA	MEF2C	Intron
chr5	89627027	89627529	24.7123004200844	-22.6945933162982	4.24796915102828	-5.3424571858778	NA	NA	LINC02161	Intron
chr5	89747212	89747493	165.160201167277	-1.66313877214267	3.38343422666621	-0.491553451530048	NA	NA	LOC102724637	Intergenic
chr5	90726101	90726626	15.5257357041604	20.382880081406	4.24930634883104	4.79675467197445	NA	NA	LYSMD3	Intron
chr5	92825468	92825992	22.7361531308897	8.20152574805098	3.73462058991124	2.19608004363461	0.0280862147072078	0.0723689544578335	LOC105379082	Intron
chr5	93690149	93690784	28.6614339024477	-23.1338880814709	4.24768627739839	-5.44623274194341	NA	NA	NA	NA
chr5	93914720	93915074	34.1818842313449	-1.0425099246895	4.00918790589268	-0.260030197925427	NA	NA	POU5F2	Intron
chr5	94799847	94800269	91.0493972882981	-7.91336574764609	3.73628657425139	-2.11797612158046	NA	NA	MCTP1-AS1	Intron
chr5	96538700	96539316	71.4027682190591	0.761365061099572	3.14150338247843	0.242356912727214	0.808503617904953	1	PCSK1	Intron
chr5	96548008	96548582	31.9494719123959	9.66357793171517	3.99677008972881	2.41784684001448	0.0156126468220907	0.0568397923366738	NA	NA
chr5	96662988	96663370	60.0318817212466	9.54605467879038	3.25233819481306	2.93513592590548	NA	NA	NA	NA
chr5	96725008	96725275	46.9484300792253	2.41980158194484	3.57979120247023	0.67596165392972	NA	NA	LOC107986363	Intron
chr5	97200368	97200736	5.53642409350161	-6.48149727990043	4.25107881774696	-1.52467116178654	NA	NA	RIOK2	Intron
chr5	98506457	98507209	97.3517793163709	1.16678298627573	2.49280793382322	0.468059721105845	NA	NA	RGMB	Intergenic
chr5	99150042	99150335	99.078440572289	-6.59028086552412	3.90031623880115	-1.68967859579248	NA	NA	LOC100289230	Intergenic
chr5	101564848	101565331	16.8486151099512	1.74196430659389	4.08691022077936	0.426230137803639	NA	NA	ST8SIA4	Intergenic
chr5	102537730	102538126	73.981598068596	-0.769312879775049	3.83953534775371	-0.200366140716774	NA	NA	LOC124901036	Intron
chr5	102607746	102608643	57.5454664629658	-9.23225994218326	3.15967995396391	-2.92189717841553	NA	NA	LINC00492	Exon
chr5	105023981	105024280	42.0881077693009	0.526280505016846	2.89999024470258	0.18147664668121	NA	NA	RAB9BP1	Intron
chr5	105590983	105591712	94.9143892472478	-0.768919232451808	3.82499850528213	-0.20102471449073	NA	NA	NA	NA
chr5	106033973	106034589	94.0307485403821	-2.4877809431804	2.49301317973614	-0.997901239913907	0.31832725069055	0.552478580341886	LOC105379110	Intergenic
chr5	106416941	106417496	115.333245220909	0.211728115761935	3.15327115747351	0.067145546700011	NA	NA	NA	NA
chr5	106893343	106893939	15.8796959091411	0.0795102785055631	3.98375577274951	0.0199586227271876	NA	NA	NA	NA
chr5	107170966	107171357	4.91979633573996	-4.57567710528815	4.26211645677667	-1.0735692353063	0.283015792314787	NA	LINC01950	Intergenic
chr5	107765223	107765623	107.076581685897	8.18048361988284	3.63082297457692	2.25306595148337	NA	NA	LOC124901039	Intergenic
chr5	108515242	108515692	50.7065715930608	-3.52914638025964	3.77722263209807	-0.934323105625195	NA	NA	LOC105379114	Intron
chr5	109245098	109245414	105.131331667767	-1.67340673489841	3.00691482650823	-0.556519499703174	0.577855767916505	0.917481389605081	LOC124901040	Intron
chr5	109903343	109903812	41.3523236150232	22.2795095436613	4.24774677061277	5.24501829953654	NA	NA	LOC105379119	Intergenic
chr5	110368037	110368586	30.5485944154379	-0.604262989988775	4.08332108803863	-0.147983216837602	NA	NA	MIR548F3	Intron
chr5	112026851	112027442	25.8234835456833	17.5817978737702	4.26297218656486	4.12430508676102	NA	NA	NREP	Intergenic
chr5	113422476	113422843	39.0844571582499	-15.0826088292943	4.29174967015315	-3.51432632107737	NA	NA	TSSK1B	Intron
chr5	113511923	113512278	28.0493797125961	-17.4196391404993	4.29219017944854	-4.05844997826665	NA	NA	LOC124901046	Promoter
chr5	113781843	113782328	27.4911542762205	-5.64397798146743	3.77593777618879	-1.49472218982489	NA	NA	LOC105379127	Intergenic
chr5	114026657	114027264	7.04004141338272	-4.17234209900862	4.14522283124836	-1.00654229431427	NA	NA	KCNN2	Intergenic
chr5	114152825	114153240	65.7352897360412	7.59974299925567	3.29100804575299	2.30924473401487	NA	NA	NA	NA
chr5	115139020	115139601	35.4533267028815	21.7911885581079	4.24786891770037	5.12991078121703	NA	NA	TRIM36	Intron
chr5	115434235	115434832	24.5038189547258	0	4.40735632392266	0	1	1	LOC105379130	Intron
chr5	115554312	115554709	52.3895733096943	-8.52042961647702	3.66837926761577	-2.32266867597221	NA	NA	FEM1C	Intergenic
chr5	115578273	115578718	32.4166157542439	-0.343614980468862	3.76712570347687	-0.0912140999573554	NA	NA	TICAM2-AS1	UTR
chr5	116025437	116025847	47.3996565793081	-0.482708932417415	3.78700173112064	-0.127464671708659	NA	NA	ARL14EPL	Intron
chr5	116358743	116359374	38.4480823923297	7.6653785399578	3.54049610947292	2.1650577498019	0.0303832630002123	0.0754349697135798	SEMA6A-AS1	Intron
chr5	116555127	116555661	105.389604928775	0.977129366476727	3.24466169273365	0.301149845194951	NA	NA	SEMA6A-AS2	Intron
chr5	116738702	116738953	99.9629152949556	-0.887253589073916	2.94691419006013	-0.30107886821632	NA	NA	LINC02214	Intron
chr5	116751398	116751768	27.8881702171739	5.18547040626199	3.84049061223791	1.3502104105497	NA	NA	NA	NA
chr5	116784380	116784906	11.3375529980642	-6.88876005455169	4.1858436048878	-1.64572800725466	0.099819770114837	0.186064051494056	LOC105379133	Intron
chr5	117655301	117656288	55.2351085664133	-6.51461936394695	3.53794169563984	-1.84135859897736	NA	NA	LINC02147	Intergenic
chr5	117857980	117858587	39.4883813856548	-8.30614168044295	3.31526022947525	-2.50542675552129	NA	NA	LOC124901051	Intron
chr5	118221321	118221922	89.0321887173911	7.49544728991475	3.23129539827838	2.31964161924295	NA	NA	LINC02148	Intron
chr5	118783175	118783736	13.6144857870732	-21.2655853070897	4.24956636605811	-5.00417771491722	NA	NA	LOC124901052	Promoter
chr5	118829821	118830377	17.7648902909247	8.81059122614101	4.13640571168336	2.13001137708889	0.0331706740968171	0.0795384606726842	NA	NA
chr5	119518203	119518813	36.8512986033628	22.4902754583932	4.24765726065982	5.29474815840005	NA	NA	LOC107986444	Exon
chr5	120692378	120692926	31.4700174587807	-18.2989925238824	3.73774576899168	-4.89572958002942	NA	NA	PRR16	Intergenic
chr5	121667129	121667748	20.2911464173863	18.6055927972681	4.25608000704734	4.3715326700768	NA	NA	LOC105379150	Intergenic
chr5	122475487	122476216	12.3620899165258	0	4.4073563239229	0	1	1	LOC105379151	Promoter
chr5	124767879	124768470	17.8660186660814	1.13086648161541	4.01715176861543	0.281509523849825	NA	NA	ZNF608	Intergenic
chr5	124882721	124883159	38.7299210484788	0.00290917516810189	3.55335793555839	0.00081871154577191	NA	NA	LOC105379157	Intron
chr5	125376890	125377153	38.6941382598052	-0.299243411438333	3.71934911521237	-0.0804558545511117	NA	NA	LINC02240	Exon
chr5	126501487	126502226	49.2561814097753	4.37164826602597	4.04767780610332	1.08003859878228	NA	NA	LOC101927514	Intron
chr5	126934791	126935461	65.0064255585201	3.41034108949353	3.63648012530495	0.937813757254494	NA	NA	MARCHF3	Intron
chr5	127891330	127891982	117.162682092354	1.39556138699606	3.20220224196058	0.435813006658071	NA	NA	LOC105379164	Intron
chr5	129216168	129216695	50.2416951825987	21.893525582112	4.14372499113888	5.28353730735752	NA	NA	LOC102723654	Intron
chr5	129282107	129282635	42.1597669021615	-6.53480367766513	4.13007563573133	-1.58224794265977	NA	NA	NA	NA
chr5	129293897	129294252	28.3392637086383	6.76101859780329	3.78472660619181	1.78639550522415	NA	NA	MIR4460	Intron
chr5	129516294	129516699	43.003357874679	-0.0769634581785011	3.44827617319431	-0.0223194008579673	NA	NA	LOC105379169	Intron
chr5	129887799	129888196	94.6874775618046	0.0540636744359015	2.82395986272839	0.0191446327369779	NA	NA	CHSY3	Intron
chr5	130116966	130118172	82.8862282381361	8.70744906162863	4.21001714621546	2.06826926333449	NA	NA	CHSY3-AS1	Intron
chr5	130882266	130882772	38.3860109157328	-4.56342831742182	4.25390352210872	-1.0727625329781	NA	NA	LOC107986449	Intron
chr5	132232650	132233454	79.1917074661827	7.08432097734219	4.13663006265699	1.71258267479492	NA	NA	MIR6830	Intron
chr5	132574097	132574601	84.2936698129193	0.836752573186964	2.33460671847205	0.358412646792433	0.720034528697482	1	NA	NA
chr5	132585328	132585663	10.8484123179655	5.71983290736606	4.15009326726158	1.37824201506205	0.168128579195551	0.300183593506233	IL5	Intron
chr5	133244242	133244649	76.9795669076843	-0.542633675483874	3.24538209433527	-0.167201783861144	0.867211280860513	1	FSTL4-AS1	Exon
chr5	134153284	134154900	65.1809954373376	-1.22929867222097	3.23046838049503	-0.380532643391048	0.703550069859744	1	TCF7	UTR
chr5	134260578	134261102	32.1093609583302	2.14750750036892	4.08441103655779	0.525781436086503	NA	NA	PPP2CA-DT	Intron
chr5	134886303	134886908	15.3601965872492	7.63952788949843	4.09684248241174	1.86473556703629	0.0622184787495342	0.124436957499068	LOC124901071	Intron
chr5	134956551	134957057	101.261577087972	-5.23134269633621	3.8812128882183	-1.34786285808138	NA	NA	CATSPER3	Intron
chr5	135018253	135018873	28.2687787977568	-1.24507995807047	3.4312206357813	-0.36286793833267	NA	NA	PITX1-AS1	Intergenic
chr5	135236281	135236627	51.1293594593221	-6.78605574489524	3.71544444767008	-1.82644521818937	NA	NA	LINC02900	Exon
chr5	135647137	135647584	28.2938903374899	-1.89577047059109	4.08508288686566	-0.464071482291427	NA	NA	SLC25A48-AS1	Intron
chr5	135862120	135862707	55.641432308348	1.18096464632023	3.98562838320995	0.296305759788146	NA	NA	IL9	Intron
chr5	135932121	135932575	51.1032774616523	22.1637998570882	4.24767662683843	5.21786421241413	NA	NA	FBXL21P	Promoter
chr5	136344366	136344842	104.028758807285	0.168697129613396	2.73064799606234	0.0617791563968193	NA	NA	TRPC7	Intron
chr5	136993194	136994093	15.1838054907432	8.59067044345251	4.2484861850853	2.02205446109507	0.0431707258633553	0.0938693404989964	LOC105379192	Intron
chr5	137579911	137580292	133.692522380367	1.03247999704034	2.26534530120645	0.455771575525582	0.648554246068836	0.999095136092818	SPOCK1	Intron
chr5	138177727	138178400	10.9922353866728	8.11085562019096	4.24126811463455	1.91236568897975	0.0558293056565147	0.113857577400157	KIF20A	Promoter
chr5	138291462	138291936	14.805878359343	-1.53841882277126	4.08813630492681	-0.376312996442226	NA	NA	GFRA3	Intron
chr5	140772257	140772565	74.7330728270308	22.386708349285	4.15937939188948	5.38222322131462	NA	NA	VTRNA1-3	Intergenic
chr5	143055159	143055583	5.59693486539302	-6.01190774919807	4.25262631607096	-1.41369292817445	0.157452082639765	0.283292164131779	ARHGAP26-IT1	Intron
chr5	145776974	145777346	89.7920779529296	-5.86724610217706	3.07827978771576	-1.90601456228606	NA	NA	PRELID2	Intron
chr5	146369543	146369946	23.6745445009924	-2.0212960026336	3.63889606537516	-0.555469561735124	NA	NA	LOC105378213	Intron
chr5	146451821	146452066	81.6349274443762	11.0106394765302	3.24164323095663	3.3966228520715	0.000682229253930377	0.0372618780973083	TCERG1	Intron
chr5	148999864	149000273	15.7449186684165	-1.62758781631058	4.04122626623196	-0.402746025361294	NA	NA	MIR584	UTR
chr5	149801585	149802104	12.9070234123509	-6.75149107029405	4.25039209023414	-1.58843959026898	NA	NA	MIR378A	Intron
chr5	150103903	150104566	73.0041969076813	-4.80431984083517	3.347455488977	-1.43521545145426	NA	NA	CSF1R	Intron
chr5	150333217	150333613	19.2212633097698	-7.14592772652477	4.09980389727667	-1.74299256880835	NA	NA	ARSI	Intron
chr5	150748033	150748597	33.5861409755818	-15.1985015730287	4.1924477124165	-3.62520957101416	NA	NA	DCTN4	Intron
chr5	150750341	150750719	20.5521494154747	1.26928925902117	3.9240886275211	0.323460905067019	0.74634621070561	1	NA	NA
chr5	150774956	150775345	69.3473931043955	10.7758448203367	3.45322259697591	3.12051844841204	0.00180532989314678	0.0372618780973083	SMIM3	Intergenic
chr5	151602898	151603573	19.8045585712777	1.2692320458492	4.0077145699795	0.316697215753988	NA	NA	LOC105378231	Intron
chr5	151716475	151716968	37.8254457317656	-21.8813025208248	4.13306765418768	-5.29420380976692	NA	NA	SPARC	Exon
chr5	151791061	151791582	66.5470974489804	8.10725157836892	3.6661852873886	2.21135893110947	NA	NA	ATOX1	UTR
chr5	152176469	152176982	1.10591227632466	-3.83751324429111	4.27214817622898	-0.898263142098803	0.369045277565719	NA	LOC105378236	Exon
chr5	152751759	152752190	75.8946190543773	0.99842488762277	3.4717224530003	0.287587761158707	NA	NA	NMUR2	Intron
chr5	153212394	153212844	54.9741816548501	1.26927415364579	3.70950435456795	0.342168126068588	0.732224370790911	1	LINC01470	Intron
chr5	153716608	153717378	5.0299574696835	5.8804060017219	4.25190625338605	1.38300462223008	0.166663448614371	NA	LINC01861	Intron
chr5	154173902	154174225	63.7791710831894	-4.55196816537183	2.81959809489613	-1.61440319228884	NA	NA	LOC124901118	Intron
chr5	155021611	155022344	19.5852268231397	0	4.40735632387934	0	NA	NA	KIF4B	Intergenic
chr5	155385568	155386001	63.3572930489403	-6.08502202412559	3.12851188463002	-1.94502122687164	NA	NA	LOC105378239	Intergenic
chr5	156780938	156781367	8.46896450939582	0	4.40735632392312	0	1	1	LOC105377673	Intergenic
chr5	156859938	156860506	52.8125637729162	-5.73555335558703	3.03099942381293	-1.8922977386686	NA	NA	PPP1R2B	Intergenic
chr5	156908570	156909112	58.4120363263761	2.78716385901538	3.31139226160043	0.841689428140509	NA	NA	TIMD4	Intergenic
chr5	157164784	157165284	51.8515508361002	8.13985917068694	3.11103792660014	2.616444853047	NA	NA	GARIN3	Promoter
chr5	157270305	157270824	31.3722359401159	8.66854336514565	3.74053198512308	2.31746270306533	0.0204785400904568	0.0631195294412909	CYFIP2	Intron
chr5	158115418	158115833	37.7291025796709	-21.9072191545379	3.85893466278309	-5.6770121986824	NA	NA	LOC105377678	Intergenic
chr5	158340230	158340724	124.468065461474	-3.32411325693169	3.31812345390677	-1.0018051778688	NA	NA	NA	NA
chr5	158456107	158456394	54.198989147556	9.16520430102836	3.83051430030686	2.39268243961239	NA	NA	LOC124901122	Intron
chr5	158883232	158883969	100.805066232769	-3.55470966516934	3.32596000294786	-1.06877703340351	NA	NA	EBF1	Intron
chr5	159224165	159224760	11.982286160432	1.31305397846757	4.08848487272761	0.321159064871767	NA	NA	LINC01932	Promoter
chr5	159471450	159471750	70.4912950532885	8.01634920623238	3.11791583306882	2.57106016820931	NA	NA	LINC01845	Intron
chr5	159756327	159756599	34.2213119898613	6.86436287223592	3.56700700027806	1.92440409331992	NA	NA	LOC105377688	Intron
chr5	159972328	159973005	13.4214564624964	3.59289482090783	3.3308371551289	1.07867621669087	NA	NA	LOC105377687	UTR
chr5	160783502	160783933	53.8483881188137	-23.6779149073027	3.90015424587886	-6.07102012242777	NA	NA	ATP10B	Intron
chr5	161889482	161889743	22.7060543085357	-22.2248663696848	4.13694135366062	-5.37229427969021	NA	NA	LOC105377696	Intron
chr5	162329471	162329838	47.5129378668152	-2.97232745658831	3.92494212167766	-0.757292047740523	NA	NA	LINC01202	Intergenic
chr5	163660259	163660658	75.7470083131688	-6.26258040482403	3.03534932413954	-2.06321570799742	NA	NA	LOC102724458	Intergenic
chr5	164170021	164170932	116.308808840287	-1.95780483038644	3.46392332413387	-0.565198662668429	NA	NA	LINC03000	Intron
chr5	165016313	165016681	23.0044117652809	-19.635010470703	4.25561099358195	-4.61391102248663	NA	NA	LOC105377702	Intron
chr5	165246645	165247091	46.6470826487014	-0.849169786408511	3.89592978784778	-0.217963318809607	NA	NA	LINC01938	Intergenic
chr5	165751597	165752373	4.17153947241339	5.8799570485568	4.25651789140247	1.38140075962876	0.167155772463686	NA	LOC105377705	Intron
chr5	166538201	166538689	106.059965116362	8.66230436900552	2.94089766510421	2.94546269725389	NA	NA	NA	NA
chr5	168433090	168433809	35.1063530989736	0	4.40735632387895	0	NA	NA	RARS1	Intron
chr5	168684126	168684748	52.0805262786545	6.37422804371119	4.11026236128644	1.55080807097583	NA	NA	SLIT3-AS2	Intron
chr5	169845796	169846631	52.2508041518388	-0.140950749353628	3.81461640083882	-0.0369501765164732	NA	NA	INSYN2B	Intron
chr5	171604827	171605427	21.2764054047796	-3.59823054953844	3.41654240403805	-1.05317895228979	NA	NA	LOC105377722	Intergenic
chr5	172219538	172219941	16.0487520855978	8.67021547901356	4.24840840481458	2.0408149718346	0.0412692218414077	0.091992461970584	EFCAB9	Intron
chr5	172426859	172427483	14.1057142004508	2.38518239616247	3.64030971316996	0.65521413948196	NA	NA	SH3PXD2B	Intron
chr5	173018412	173018751	56.356106490697	21.7555239880624	4.14702378998042	5.24605719422824	NA	NA	SNORA74B	Promoter
chr5	173494003	173494679	31.9699810192774	22.2779470240142	4.24774029759691	5.24465844501314	NA	NA	LOC105377733	Intron
chr5	174904489	174904954	40.6181506177077	-7.79095484116898	4.18962704139098	-1.85958195424057	NA	NA	MIR4634	Intron
chr5	175558262	175558714	35.7806016797068	19.963936923619	4.25000681552938	4.69738939021731	NA	NA	SFXN1	Intergenic
chr5	175810972	175811686	25.3344451667203	-22.988876599419	4.24776318854038	-5.41199581498292	NA	NA	CPLX2	Intron
chr5	176157461	176157846	34.1688445794893	-21.9038407264241	4.2486592711816	-5.15547125065937	NA	NA	CEP192P1	Intron
chr5	176529852	176530347	3.79802367417931	1.26928362848836	4.40735632392398	0.287992060364723	0.773352816238238	NA	LOC124901143	UTR
chr5	176791359	176791706	133.366343041051	-0.219186022512414	3.37990313189625	-0.064849794197931	NA	NA	UNC5A	Intron
chr5	176814328	176814663	52.909458953589	-0.119933581728802	3.34034983550671	-0.0359044973235891	NA	NA	NA	NA
chr5	176895491	176896160	40.8472855917582	0.307526195499193	3.45269258281183	0.0890685133771012	0.929027460596971	1	HK3	UTR
chr5	178895257	178895620	31.4594061218683	1.02035134911648	3.90426764072801	0.26134257254101	NA	NA	ZFP2	Promoter
chr5	179386291	179387016	9.68313198066242	6.92293634523154	4.25164115347699	1.62829742570583	NA	NA	ADAMTS2	Intergenic
chr5	180333590	180334145	35.3077729682731	17.5058497563536	4.26728691252422	4.10233717938558	NA	NA	GFPT2	Intron
chr5	180629199	180629421	108.569328324084	1.52696074596646	2.79018552893251	0.547261366720176	NA	NA	FLT4	Exon
chr6	1526493	1527038	31.0490826054436	-5.61143884998495	3.45182195550442	-1.6256455061469	NA	NA	LOC102723944	Intron
chr6	2261547	2262433	22.3460182009337	8.18717245754613	4.14290177224791	1.97619275271975	NA	NA	GMDS	Intron
chr6	2513867	2514351	18.6090453190094	21.3298487416956	4.24836492419481	5.02071952911113	NA	NA	LINC02521	Intron
chr6	2837697	2838818	220.571463712676	0.779978435648578	2.56238537136125	0.304395445105988	NA	NA	SERPINB1	Exon
chr6	2852479	2853143	39.5881251781948	-21.6452738474507	4.24901877888139	-5.09418173321161	3.5025067494639e-07	4.66333755785765e-05	MIR4645	Promoter
chr6	2982385	2982894	54.2272668288298	10.422472615634	3.38630848191496	3.07782727749011	0.00208515733527174	0.0372618780973083	LINC01011	Intergenic
chr6	3170678	3171387	6.66455230473013	2.94501725583044	4.28410848588363	0.687428263204452	NA	NA	LOC105374889	Intron
chr6	3597363	3597936	55.2533988426494	6.46487529162096	3.57132237451849	1.81021890875718	NA	NA	LOC100507336	Exon
chr6	3620532	3621100	58.6933825305617	6.70129414407996	3.1261144131333	2.14364967447345	NA	NA	NA	NA
chr6	3750976	3751520	55.2344853592052	-10.1433875992872	3.9956140735616	-2.53863046143633	0.0111287302011044	0.0511552465296046	PXDC1	Promoter
chr6	4575644	4575849	84.6534109288261	-0.318762988850794	3.15479680219757	-0.101040735374383	NA	NA	KU-MEL-3	Intron
chr6	4977936	4978320	41.4117160899935	-1.30165616140028	3.61508789842454	-0.360062105811465	NA	NA	LYRM4-AS1	Intergenic
chr6	5048332	5049157	36.0352197886535	5.96897987015099	3.51871540759163	1.69635198608927	NA	NA	PPP1R3G	Intron
chr6	5110834	5111405	48.7338592895154	-4.2217359965314	3.5612129133884	-1.18547699876628	NA	NA	NA	NA
chr6	5269298	5269529	22.6371065727505	-20.1667929376851	4.08361935803356	-4.93846051004035	NA	NA	LOC124901250	Intron
chr6	7048379	7048573	51.7186347541942	-16.0607401989114	3.32933975272109	-4.82400157141815	NA	NA	LOC105374904	Intron
chr6	7778947	7779386	43.3920863615637	-1.65240864818877	3.6427045661754	-0.453621373397209	0.650101367253071	0.999825865148287	NA	NA
chr6	7813277	7813941	6.35016097361269	2.54792241328267	4.10456853676316	0.620752800315511	NA	NA	BMP6	Intron
chr6	9868968	9869418	88.0523660058131	18.0590819514002	3.9673860415225	4.551884228657	NA	NA	OFCC1	Intron
chr6	10507205	10507697	19.1051858589758	7.94955565937332	3.74714386406308	2.12149731842788	0.0338799733663121	0.0807573838961698	LINC02522	Intron
chr6	11530883	11531294	135.837878632865	-6.78936425616379	3.12521799645134	-2.17244501467515	NA	NA	TMEM170B	Intergenic
chr6	11701124	11701519	65.4176085042927	21.4784445205695	3.68675541486917	5.82583928240647	NA	NA	LOC124900221	Intron
chr6	11724634	11725001	109.707073766878	9.53089875955746	3.55021934157221	2.68459434265172	NA	NA	LOC124901258	Promoter
chr6	11798618	11799306	5.68641767478235	-5.405241840151	4.25141102445408	-1.27139949749862	NA	NA	ADTRP	Intron
chr6	11935392	11935745	66.7179006312863	-4.80102494049836	2.69425286748802	-1.78195038722352	NA	NA	LOC107986570	Intron
chr6	12662977	12664036	50.6991822705243	4.49882655933397	3.14657766351154	1.42975227069824	NA	NA	PHACTR1	Intergenic
chr6	13259940	13260483	14.0437460508054	5.87351836175676	4.25276609316972	1.38110543422317	NA	NA	LOC105374933	Intron
chr6	14408576	14408756	55.3133872206487	1.62456045904829	3.08098296357133	0.527286414192041	NA	NA	LOC105374943	Intron
chr6	15127221	15127842	27.4381949805783	-21.6345938911609	4.24903826211586	-5.09164487504232	NA	NA	LOC105374945	Intergenic
chr6	15648139	15649009	63.98852723642	-8.53821705748878	2.80739691267656	-3.04132879071542	0.00235536474917779	0.0372618780973083	DTNBP1	Intron
chr6	15816858	15817106	59.2780073331444	-3.35393836227981	3.09047996532322	-1.08524837562862	NA	NA	NA	NA
chr6	15842103	15842363	39.1597464222575	-0.475367945931043	3.39862128967083	-0.139870819786774	NA	NA	LOC102724520	Intron
chr6	16423371	16423942	117.491163822844	8.81819494879537	3.12138300175255	2.82509225681189	NA	NA	LOC127903862	Intron
chr6	16547754	16548209	43.2774622472467	-20.319438581182	3.84994797395325	-5.27784757577318	NA	NA	ATXN1-AS1	Intron
chr6	17825969	17826464	53.0312192031007	8.50311724475239	3.52550194075335	2.41188840274341	NA	NA	LOC105374953	Exon
chr6	18575897	18576236	42.8544219329997	-0.543696349361723	3.10625588858563	-0.175032698162315	NA	NA	MIR548A1	Intron
chr6	18983246	18983719	16.5139346216804	-2.02311538527413	4.08883801246205	-0.494789810481127	NA	NA	LOC105374958	Intron
chr6	20162150	20162504	46.8723452171825	-20.4598515434549	3.61723275316308	-5.65621648912799	NA	NA	LOC101928573	Intron
chr6	20239116	20240746	52.5793136421977	8.56126885963945	3.23597707904323	2.64565188520147	0.00815336747794308	0.0480945474015377	MBOAT1	Intron
chr6	20306759	20307745	70.0521129149349	-8.72679306761141	2.71371415139951	-3.21581146013882	0.00130076259234382	0.0372618780973083	NA	NA
chr6	20355740	20356405	76.6313980190212	8.51895614634794	3.66354753052434	2.32532977267765	NA	NA	LOC124901272	Intergenic
chr6	21714650	21714936	71.6501894075254	1.7661415681674	3.49207341816808	0.505757284190749	NA	NA	LOC124901274	Intron
chr6	22451530	22451709	71.6868456983346	0.127183519483621	2.67469593684019	0.0475506459376733	NA	NA	LOC105374973	Intron
chr6	23118130	23118810	22.7509467929661	-8.8486561088908	3.21385299945261	-2.75328588781065	0.00590003491837753	0.0469937533794141	LOC105374974	Intron
chr6	24121288	24121804	32.0984468545649	1.26927868029208	3.89218057394996	0.326109916067939	0.744341194852547	1	NRSN1	Intron
chr6	24281752	24282749	67.7803015299183	7.71434032661244	3.46361758886586	2.22724943752767	NA	NA	KAAG1	Intron
chr6	24402388	24402703	29.8602494842312	0.628137692136199	3.6737919887335	0.170978023269288	NA	NA	MRS2	Promoter
chr6	25050085	25051030	46.8567268299283	22.105386246139	3.83503861733145	5.76405831905825	NA	NA	LOC102724765	Intron
chr6	27194244	27194945	13.2021022832725	6.99622840291859	3.8901888874157	1.79842897231817	NA	NA	MIR3143	Intron
chr6	28353412	28353884	79.2557082379559	10.0093866198724	3.69296810081811	2.71039076066078	0.00672039817368604	0.0475345008264353	ZSCAN31	Promoter
chr6	28482768	28483098	65.9971812088926	8.70759331909102	3.67278807136943	2.37084012196879	NA	NA	LOC124901294	Intron
chr6	28547849	28548417	6.08645549312969	6.21966293771337	4.25453084115503	1.46189160918736	0.143770914689054	0.260689674105443	LOC124901295	Intergenic
chr6	29561429	29562079	93.0486592347537	-9.30990261512901	3.6702196824215	-2.53660636711169	NA	NA	OR2I1	Intron
chr6	31795288	31795935	34.2346634523164	2.22792727418622	2.83195305063275	0.78671052604083	NA	NA	EHMT2-AS1	UTR
chr6	32247344	32248071	77.3312224735446	-7.45929264523613	3.55971941373707	-2.09547208031354	NA	NA	TSBP1-AS1	Intergenic
chr6	34275201	34275476	75.869618372673	0.307526344002561	3.51976694590944	0.0873712233589666	NA	NA	SMIM29	Intron
chr6	34733472	34734012	16.3177681336762	-3.58490914386445	4.07065992538837	-0.880670262211214	NA	NA	SNRPC	Intron
chr6	35361199	35361423	58.1879552994626	-0.846412416084052	2.82652028815603	-0.299453861920176	NA	NA	PPARD	Intron
chr6	35797314	35797771	31.9955747803739	1.31627236064896	3.23984308194839	0.406276578017901	0.684539392952268	1	CLPS	Promoter
chr6	36322599	36324479	34.1593883037194	3.2911342535957	3.19251105447269	1.03089204624204	NA	NA	BNIP5	Exon
chr6	36424739	36425016	38.7188032466788	0.911502952627751	3.21630679517023	0.283400499602995	NA	NA	KCTD20	Intron
chr6	37056151	37056560	45.5196958334975	-6.61166865297464	2.97613776444803	-2.22156001377204	NA	NA	FGD2	Intron
chr6	37645574	37645773	63.5620474683047	-0.942071727863083	3.3234145769816	-0.283465004452949	NA	NA	MDGA1	Intron
chr6	38663295	38663835	10.6322597349098	20.3220804564148	4.24970419794617	4.7819988191734	NA	NA	LOC105375044	Intron
chr6	39167721	39168440	34.5896664203844	4.00111133166615	3.26122687204936	1.22687304154091	NA	NA	SAYSD1	Intergenic
chr6	39796221	39796731	39.9283194423339	0	4.18187302354357	0	NA	NA	DAAM2	Intron
chr6	39869677	39869914	54.9281998675506	-2.19180922930157	2.98704705003321	-0.733771243836684	NA	NA	DAAM2-AS1	Intron
chr6	40268117	40269110	1.50188496754293	-3.56803337048113	4.27728280687175	-0.834182244098716	0.404178295192685	NA	LOC105375050	Intergenic
chr6	40489876	40490454	23.5161733256752	5.94222905346567	3.8527593723339	1.54233069839138	NA	NA	LOC105375051	Intron
chr6	40750147	40750922	18.7599308944017	0.094663389582661	4.08481640594872	0.0231744539227767	NA	NA	LOC105375052	Intergenic
chr6	41072732	41073735	61.9255948205069	6.70498310143832	2.74233821687811	2.44498766059254	NA	NA	NFYA	Promoter
chr6	43132115	43132652	21.8225851928558	3.10845144781184	3.96664198025732	0.783648099143596	NA	NA	NA	NA
chr6	43138038	43139036	50.9711081588239	-10.0103795366862	3.13577519781388	-3.19231415047385	0.00141137737946516	0.0372618780973083	SRF	UTR
chr6	44222409	44223249	145.81734825801	6.83574770064739	3.70336568736799	1.84582033687999	NA	NA	SLC29A1	Promoter
chr6	45089333	45089790	29.8772451146546	-8.13349671185807	3.34490788462348	-2.43160559047013	NA	NA	MIR586	Intron
chr6	45729822	45730487	2.29866593805716	1.20030478168131	4.12074581032617	0.291283383380131	0.770834594872256	NA	RUNX2-AS1	Intergenic
chr6	46098920	46099424	64.1015750861386	4.33606278133722	3.61395112926566	1.19981223493144	NA	NA	CLIC5	Intron
chr6	47605436	47605865	92.5374598970317	-0.541637850816463	3.39485533730694	-0.15954666605798	0.873238194950315	1	ADGRF2P	Intron
chr6	48940825	48941303	107.902180896287	8.43910804306191	3.41177419255392	2.47352478996997	0.0133787521892468	0.0527900768789056	LOC107986602	Intergenic
chr6	49132330	49132705	16.0033951454157	7.74081078250567	4.24844921079615	1.82203208710481	NA	NA	MMUT	Intergenic
chr6	51384129	51385178	71.3294536396938	6.64023045198592	2.98428215456412	2.22506790848528	NA	NA	LOC124900230	Intergenic
chr6	52012302	52012537	94.7362222461404	1.94555497773582	3.61024531436514	0.53889827652278	NA	NA	PKHD1	Intron
chr6	52363027	52363480	50.3908095136753	-8.42940939532371	3.66359623055601	-2.30085655319184	NA	NA	EFHC1	Promoter
chr6	54006036	54006424	26.6864805643219	-8.1166356676312	3.56193697948074	-2.27871400150781	0.022684071885145	0.0661674543998784	MLIP	Intron
chr6	54339379	54340037	111.305994944456	-6.3549245719961	3.21202085896516	-1.97848172568952	NA	NA	TINAG-AS1	Intron
chr6	60483408	60483895	44.3517325011491	7.66686913590646	4.12877903871214	1.85693374821481	NA	NA	KHDRBS2	Intron
chr6	61855540	61856240	10.6261297989702	-5.18733898711526	4.25212102209883	-1.21994152098587	NA	NA	NA	NA
chr6	62196058	62196615	2.47168013579683	-5.4435386833592	4.25531434339318	-1.27923303523061	0.200815005896106	NA	NA	NA
chr6	62291848	62292242	6.82569489832934	0	4.40735632392328	0	1	1	NA	NA
chr6	63056098	63056535	19.1830356389356	8.92752195376039	4.24818425101053	2.10149123160955	0.0355978669025422	0.083569803408487	FKBP1C	Intergenic
chr6	63742653	63743071	24.1444001157047	8.13060073600212	4.08918951821539	1.98831594862116	NA	NA	NA	NA
chr6	63833861	63834145	43.1083817606578	1.24442326219312	3.98135406296171	0.312562822224207	NA	NA	SCAT8	Intron
chr6	63897827	63898281	58.4800416761102	7.99387186213815	3.46036858408255	2.310121499458	NA	NA	NA	NA
chr6	65673274	65673796	36.7624491608221	-21.1187558206144	4.24996657676197	-4.96915809552194	NA	NA	EYS	Intron
chr6	67036311	67036865	9.78167672401987	-2.22604542199128	4.09500243416228	-0.543600512522448	NA	NA	LOC124900229	Intergenic
chr6	68255934	68257168	26.1994698102218	-1.21740470035207	4.08438119142198	-0.298063438081848	NA	NA	LINC02549	Intron
chr6	70021973	70022420	5.15216869251784	3.61309857195978	3.74475079514666	0.964843528878474	0.334623189769605	NA	NA	NA
chr6	70078170	70078695	28.2672545177683	-15.088930138714	4.26553722514258	-3.53740439768631	NA	NA	LMBRD1	Intron
chr6	71448927	71449478	38.211931423489	-21.2902411274962	4.24953691358211	-5.01001439932186	NA	NA	LOC105377853	Intron
chr6	71754696	71755202	74.211899685488	-6.43065791464913	3.28613827628671	-1.95690423651791	NA	NA	RIMS1	Intergenic
chr6	71838495	71838864	61.9645504970924	-0.113626611309664	3.08736482748649	-0.0368037526041813	NA	NA	NA	NA
chr6	72353581	72353950	90.6661669149414	0.630440702820143	2.81461273558168	0.223988435371679	0.822766301870729	1	NA	NA
chr6	72427858	72428371	14.2345200640938	8.49727886834811	4.24858314739758	2.00002649672821	0.0454974028042376	0.0970333625024015	NA	NA
chr6	72494545	72494965	50.111237645648	-6.40912819600954	4.11258801744013	-1.55841727127311	NA	NA	KCNQ5	Intron
chr6	73363220	73363685	84.3291122827169	8.18728536451915	2.69783689256265	3.03475921286781	0.00240727792478788	0.0372618780973083	KHDC3L	Promoter
chr6	74168220	74168727	102.646634597868	4.70715899475151	3.83009144527545	1.22899389270665	NA	NA	NA	NA
chr6	74216379	74216760	27.9668412077542	4.01059013884598	4.09250837535935	0.97998336741188	NA	NA	LOC101928516	Intron
chr6	75433753	75434261	21.6430553201197	1.60289679875598	3.68323784174316	0.435186883830824	NA	NA	MIR4463	Intron
chr6	75464880	75465433	84.1356708374904	-8.54251018218148	3.06635939568256	-2.78588028337753	NA	NA	FILIP1	Exon
chr6	76305503	76305832	68.5553086849	-5.69179316577626	2.88442035896375	-1.97328837597758	NA	NA	IMPG1	Intergenic
chr6	77097810	77098043	24.9151075715628	-8.30554877596122	3.50925093529599	-2.36675829944908	NA	NA	NA	NA
chr6	77264950	77265930	74.2616352070118	9.6958367911886	3.86086005626511	2.51131526392803	NA	NA	LOC101928570	Intron
chr6	77339949	77340485	67.3862490770433	2.08061292790738	3.25741813946803	0.638730687564468	NA	NA	NA	NA
chr6	77556823	77557186	80.3431833535484	1.6838475038368	3.60530688544127	0.46704692758234	NA	NA	LOC105377864	Intergenic
chr6	77815394	77816036	35.2901555267373	22.4440783957203	4.24768955384785	5.28383209535379	NA	NA	MEI4	Intron
chr6	78418630	78419070	14.2774048537964	19.2290153330086	4.2527669602206	4.52153045602366	NA	NA	LOC105377865	Intron
chr6	79199079	79199540	22.8227254833806	7.93220433765309	4.24827491099574	1.86715890657695	NA	NA	HMGN3-AS1	Intron
chr6	79673190	79673983	105.624614389894	-4.99131979264411	2.72331111805632	-1.8328129164348	NA	NA	LOC124901349	UTR
chr6	81361649	81362470	1.65110566059197	0.655994358053509	4.13119021320158	0.158790644874502	0.873833819602205	NA	LOC105377871	Intergenic
chr6	82061057	82061532	32.4818434034977	-23.3009361685983	3.76240077807092	-6.19310316551266	NA	NA	LINC02542	Intron
chr6	82625021	82625648	29.6313582266007	-1.36256833124231	3.89898636153273	-0.349467324298787	NA	NA	LOC105377877	Intergenic
chr6	84668610	84669022	71.3343574388264	-0.170328058351764	3.49759481878113	-0.0486986249628312	NA	NA	TBX18-AS1	Intergenic
chr6	86201847	86202323	17.4678724230282	20.633856785312	4.24893137298102	4.8562461885176	NA	NA	LOC101928842	Intergenic
chr6	86210289	86210753	67.1638447234237	7.80187031535577	4.16765346863456	1.87200552398899	NA	NA	NA	NA
chr6	87092993	87093421	61.7704051459163	-1.22119085725359	3.34839385066716	-0.364709443308252	0.71532830873003	1	CGA	Promoter
chr6	87329111	87329366	105.692354390232	0.445837676439765	3.27918241438012	0.135960010789471	NA	NA	GJB7	Promoter
chr6	87913049	87914082	59.9853344106875	5.08890610907837	3.21325836872501	1.58372142078871	NA	NA	LOC107986541	Intron
chr6	89545636	89546441	8.15086375123178	-6.34241860309192	4.25148595329835	-1.49181219760856	NA	NA	MDN1-AS1	Intron
chr6	89856685	89857704	151.877286488271	1.03148876979896	3.01145114949858	0.34252216575743	NA	NA	MDN1	Exon
chr6	90753586	90753988	71.8249175214402	21.4615573183484	4.10519388136763	5.22790346535315	NA	NA	NA	NA
chr6	90878711	90879099	54.4707168742648	9.48946083514309	4.24750391931212	2.23412644588681	NA	NA	NA	NA
chr6	90970423	90970822	64.5415158245065	-23.2289051307949	3.46201317329412	-6.70965243863948	NA	NA	LOC107986623	Intron
chr6	92960123	92960798	24.6245305716854	-8.97470911150307	4.13591165300463	-2.16994700672176	NA	NA	LOC124901507	Intergenic
chr6	93061324	93061706	60.9961201762987	0.250461130675225	2.83498889677046	0.0883464238468599	0.929601342282681	1	NA	NA
chr6	95851991	95852487	28.0388288386031	-22.7760543342023	4.24790114479431	-5.36171948401242	NA	NA	LOC107986626	Intergenic
chr6	95904092	95904399	47.3651318934342	-7.53195326808098	3.61787893169873	-2.0818699050674	NA	NA	NA	NA
chr6	96001377	96002153	22.7646095814246	14.4009695140484	4.29969533334214	3.34929998466997	NA	NA	NA	NA
chr6	99486827	99487590	25.5920783416826	1.60432758613664	3.31296621458043	0.484257152721921	NA	NA	USP45	Intron
chr6	100618102	100618591	39.548046415311	5.75874719617751	4.12031533044512	1.39764720278227	NA	NA	SIM1	Intron
chr6	101087938	101088159	39.4438018051863	3.38932035652915	3.12179778972384	1.08569503370331	NA	NA	GRIK2	Intron
chr6	101402700	101403299	27.4156146903517	-2.82839258346658	3.16972968312956	-0.892313498693691	NA	NA	NA	NA
chr6	101711241	101711476	16.2577529274874	-4.74430421852464	3.4165390757078	-1.3886287009733	NA	NA	NA	NA
chr6	101879556	101880096	30.499894590141	20.2200260247271	4.11716786471205	4.91114928736123	NA	NA	LOC101927388	Exon
chr6	104924468	104924678	40.7592390794308	-6.60586585324256	3.08680032621161	-2.1400366577484	NA	NA	LIN28B	Intron
chr6	105036631	105037130	16.5246606970228	1.26926923114738	4.05226200539722	0.313224867853273	0.754109826521209	1	LIN28B-AS1	Intron
chr6	105354289	105354686	62.6420192237824	6.13657301619082	3.64718795114875	1.68254915797745	NA	NA	LOC105377921	Intron
chr6	106903343	106903570	101.741119119369	-0.229225439486997	3.2167158162482	-0.0712607058196247	NA	NA	CD24	Intergenic
chr6	107050461	107051013	55.9893097908198	5.29354233795285	3.87271364262012	1.36688194027469	NA	NA	MTRES1	Intron
chr6	107645682	107646254	22.6104497224816	6.21695764017659	3.18230678053015	1.95360097845151	NA	NA	SOBP	Intron
chr6	108086473	108086818	60.4891442580543	-0.135192399351635	3.49981026528177	-0.0386284938622954	NA	NA	NA	NA
chr6	108118362	108118724	28.5238009132909	-5.15581959512028	3.38471649526162	-1.52326482951765	NA	NA	OSTM1-AS1	Intron
chr6	108509619	108510095	46.2442963334286	9.98412321185412	3.73585331691168	2.67251478173873	NA	NA	LOC124901370	Intron
chr6	109031091	109031546	54.8583585917783	7.35329735276348	3.8889252826073	1.89083019559417	NA	NA	SESN1	Intron
chr6	109435572	109435823	54.4542582107988	1.47268127235352	2.5854730743304	0.569598379103183	NA	NA	SMPD2	Intron
chr6	110138712	110139130	74.6060903200086	8.45821448916336	3.49061810601631	2.42312800549137	NA	NA	WASF1	Intron
chr6	112169549	112169960	24.4928551254452	-19.8433432045899	4.25458864569995	-4.66398631149576	NA	NA	LOC107986633	Intron
chr6	112234970	112235546	20.0357167849356	4.23362052694013	3.86662833118532	1.09491271576193	NA	NA	LAMA4-AS1	Promoter
chr6	112315609	112315915	41.9394946326984	-22.7786936316023	3.89801387400777	-5.84366663841097	NA	NA	LOC107986632	Intron
chr6	112724033	112724491	28.9605798553187	9.5173895440445	4.01513860819877	2.37037633635121	0.0177699873591626	0.0599255075735189	LOC105377949	Intron
chr6	112876139	112876638	52.5124101090368	2.67123357582384	2.49713092863467	1.06972107276905	NA	NA	LOC105377950	Intergenic
chr6	114205537	114206257	73.4744945437014	8.63045122860231	3.42521031169937	2.51968505382679	NA	NA	LOC107986638	Intron
chr6	114239366	114240037	28.025073166272	0	4.40735632392263	0	1	1	NA	NA
chr6	114739866	114740216	85.9149920414663	0	4.40735632387815	0	NA	NA	NA	NA
chr6	114792968	114793680	19.7426907257796	-21.570131277555	4.24913845176709	-5.07635407092576	NA	NA	LOC107986639	Intron
chr6	114913585	114913817	66.5403828898424	-0.418111027220986	3.53209792239517	-0.118374698665619	NA	NA	NA	NA
chr6	115656413	115656806	104.097646848616	5.67460549077572	3.57733456873785	1.58626636165536	NA	NA	LINC02534	Intergenic
chr6	115728091	115728640	85.9388125950359	-6.23102877840412	3.40443249454312	-1.83026944678495	NA	NA	NA	NA
chr6	115761044	115761568	5.20245712745305	1.08599117072595	4.09783415355243	0.265015891329936	0.790997219875456	NA	NA	NA
chr6	116805814	116806211	64.5349466937921	-0.389532192789689	3.69874567535977	-0.105314673399868	NA	NA	GPRC6A	Intron
chr6	119391644	119392022	42.3623044428599	-22.6682040852458	4.24796928702962	-5.33624481571911	NA	NA	LOC105377975	Exon
chr6	120295258	120295549	88.9567963112998	7.644204475005	3.02651245334758	2.52574690930145	NA	NA	NA	NA
chr6	120443131	120443449	12.2078905166361	-5.91777123378205	4.25300178844856	-1.39143398666211	NA	NA	MIR3144	Intergenic
chr6	120670424	120670697	42.3355655440899	0.963185804139555	3.23280599108801	0.29794110961029	NA	NA	NA	NA
chr6	123136516	123136751	91.4956701139908	-13.8989491304962	3.61122437374156	-3.84881904086608	NA	NA	CLVS2	Intergenic
chr6	123255745	123256094	3.39322799408512	0	4.40735632392413	0	1	NA	TRDN-AS1	Exon
chr6	123587168	123587716	41.4006526647055	-0.591820144985129	3.25408405571333	-0.181869962438753	NA	NA	LOC105377981	Promoter
chr6	124074383	124074957	45.1513170560134	1.73215933152177	3.20760934258193	0.540015677260587	0.589186220873833	0.930714504837987	NKAIN2	Intron
chr6	124171595	124172053	133.065231782076	-8.65338133648085	3.95220192641249	-2.18950891113394	NA	NA	NA	NA
chr6	125924718	125925561	10.1957344869691	-5.66970798322168	4.25411676736344	-1.33275795970583	NA	NA	HINT3	Intron
chr6	126188484	126188871	60.4967969432455	1.94661762638628	4.08238415399292	0.476833524959263	NA	NA	CENPW	Intron
chr6	127373349	127373689	85.9906807743309	1.87333287993911	4.08176866346861	0.458951262158789	NA	NA	ECHDC1	Intron
chr6	127930298	127930663	32.0437206374628	1.26926916141933	4.16673205277755	0.304619818443386	0.76065572404456	1	LOC105377995	Intergenic
chr6	128400157	128400481	51.0196057641177	-7.92246370804449	3.658368901519	-2.16557266949076	NA	NA	LOC105377998	Intron
chr6	129951955	129952644	23.9229125004397	1.26927849807865	3.95161731140609	0.321204812625698	0.748055185285773	1	L3MBTL3	Intergenic
chr6	131752791	131753181	28.3140329790631	-5.76751647895748	3.91019803419904	-1.47499344752213	NA	NA	MIR548H5	Intergenic
chr6	132558567	132559196	28.438951814823	20.3622764405903	4.18335274966547	4.86745384840392	NA	NA	TAAR8	Exon
chr6	132668642	132669102	38.2911581865957	-7.65123481538962	3.89774841949908	-1.96298836967341	NA	NA	TAAR1	Intergenic
chr6	132674133	132674493	61.3339995837646	0.0415027157205697	3.77222493322739	0.0110021847729693	NA	NA	NA	NA
chr6	132781628	132782054	28.36353483052	18.8329808946651	4.25475695043196	4.4263353028316	NA	NA	VNN2	Intron
chr6	133636153	133637186	13.6429630842548	-21.6820694862587	4.24895362279206	-5.10291978004952	NA	NA	LINC01312	Intron
chr6	134186662	134188049	90.1864074228562	1.54908191086088	2.75219866345235	0.562852504592715	NA	NA	HMGA1P7	Intron
chr6	135258759	135259274	42.7046806550928	9.11481365182637	3.69148003073764	2.46914884434713	0.0135434871375463	0.0527900768789056	MIR548A2	Intron
chr6	135364018	135364624	67.8229290887256	4.80368427797048	2.8734214299618	1.67176461756755	NA	NA	LOC124901407	Intron
chr6	136248660	136249314	13.4867618626019	4.62489886071776	4.06509930555607	1.13770870354792	NA	NA	MTFR2	Promoter
chr6	137411268	137411530	107.294317358881	2.87638471077246	3.5813118053024	0.803165115786277	NA	NA	LOC102723633	Intergenic
chr6	137618034	137618380	106.548353139644	-6.30784959655938	2.91350173222379	-2.16504061995006	NA	NA	LINC03004	Intergenic
chr6	138241836	138242363	25.1929074283627	-3.90702441740041	4.03688403257926	-0.967831720175553	NA	NA	PBOV1	Intron
chr6	138255947	138256541	58.0132635543438	-6.49819733886715	3.91385934000272	-1.66030426092488	NA	NA	NA	NA
chr6	138481802	138483089	44.6853073075269	10.1450893627149	3.71038318956519	2.73424302677045	0.00625238778867741	0.0469937533794141	MIR3145	Intron
chr6	139163429	139164460	4.40000359289616	6.80456298170951	4.25203487026849	1.60030742675444	0.109530400106249	NA	HECA	Intron
chr6	139697684	139698521	46.5506088378943	0.229291785192218	4.02393268272134	0.0569820131874449	NA	NA	FILNC1	Intron
chr6	139855980	139856557	62.4116170860288	-2.10822590654041	3.65303854294854	-0.577115702928982	NA	NA	LINC02941	Exon
chr6	140416664	140417319	20.7035035107617	21.1288625057248	4.24860195595496	4.97313297992295	NA	NA	MIR3668	Intron
chr6	140595081	140596199	61.0288523499134	6.82849745464773	3.38557032510439	2.01694154867014	NA	NA	LOC105378026	Intron
chr6	140962561	140962948	23.2792713810329	-7.6475766396785	3.93678557464756	-1.94259415319137	NA	NA	LOC102723724	Intron
chr6	142701388	142701827	69.3764719103663	0.168675683066134	3.85750507214949	0.0437266263844844	NA	NA	LOC153910	Intergenic
chr6	143109829	143110091	47.3483199314981	1.1631093604971	2.89991342169785	0.401084167477015	NA	NA	LINC01277	Intron
chr6	144403129	144403480	34.4052228652265	0	4.22899554521883	0	NA	NA	UTRN	Exon
chr6	144895656	144896030	64.7341372615996	7.80410931738192	3.89647703980917	2.00286290350222	NA	NA	NA	NA
chr6	146329193	146329655	28.2375737879784	7.53136165755734	4.17060120574947	1.80582157967413	NA	NA	NA	NA
chr6	146361639	146362232	2.98850870212522	0	4.40735632389345	0	1	NA	RAB32	Intron
chr6	146367305	146367790	41.0386206658564	-0.270238403535551	3.45547540886375	-0.0782058534817972	NA	NA	NA	NA
chr6	147094826	147095346	61.5992438960659	-0.691541658038885	3.75255636422157	-0.184285481927022	NA	NA	NA	NA
chr6	147102194	147102918	27.2517158468322	4.94589565598932	4.2568309479312	1.16187269743305	NA	NA	LUADT1	Intron
chr6	147542974	147543503	35.8663674178434	-9.28775837950023	3.36671768258186	-2.75869830949938	NA	NA	SAMD5	Intron
chr6	147773143	147773417	42.0405748928154	0.750759160360709	2.70628871360984	0.277412811347572	NA	NA	LOC105378044	Intron
chr6	148585608	148585999	4.45052847945897	-5.48887807734526	4.24425349660159	-1.29324935038406	0.195924832215863	NA	UST	Intergenic
chr6	149475272	149475882	10.398996362405	-5.67310239540127	4.24731839260635	-1.33569039827033	NA	NA	ZC3H12D	Intron
chr6	149581350	149581836	34.3391930431717	8.90424217820904	3.81204645302798	2.33581680809168	NA	NA	RPS18P9	Intron
chr6	149682705	149683051	8.16397445956931	0.632199532634522	4.09074209249978	0.154543972301171	NA	NA	KATNA1	UTR
chr6	149780371	149780717	37.9801839874331	-23.1327814371401	3.88156476214047	-5.95965360742395	NA	NA	NUP43	Intron
chr6	149837951	149838338	47.3070888425242	-7.24933263314869	3.81252714924661	-1.90145075677198	NA	NA	LRP11-AS1	Intron
chr6	150169438	150170047	46.1557178668047	21.3435767881703	3.65546952138939	5.83880583965529	NA	NA	LOC124901527	Intron
chr6	150204802	150205580	10.0239628971456	4.62939632911469	4.12982084130607	1.12096783541114	NA	NA	NA	NA
chr6	151187368	151187861	50.8418208079414	8.77196200657449	3.8967407125485	2.25110230668583	NA	NA	LOC102723831	Intron
chr6	151363741	151363955	85.7066989265814	-0.810141775117681	3.18403730607844	-0.254438531097325	NA	NA	ZBTB2	Intergenic
chr6	152378263	152378872	28.411172557521	-8.05629677279861	3.78895806241247	-2.12625651698797	NA	NA	SYNE1-AS1	Promoter
chr6	152529357	152529836	67.0093997421964	22.2783592551827	3.39258156003904	6.56678663752637	NA	NA	SYNE1	Intron
chr6	153289375	153290058	35.5520544084619	-8.54166347769758	3.79325180778329	-2.25180502390354	NA	NA	LOC105378066	Intron
chr6	153916902	153917576	12.4353661533036	-15.2102763532596	4.40735632387989	-3.45111110505122	NA	NA	NA	NA
chr6	154047668	154047983	66.4222758690283	10.3203097985442	3.41208228973131	3.02463684114632	NA	NA	NA	NA
chr6	154156755	154157082	48.2097095701333	0.104485957636437	3.97828008684155	0.0262641029177488	NA	NA	OPRM1	UTR
chr6	155605144	155605437	37.9562460902333	-0.773288156049525	4.02644112999695	-0.192052517616248	NA	NA	LOC105378068	Intergenic
chr6	155768436	155769083	10.7158378140308	18.8133180994786	4.25463629307621	4.42183933091871	NA	NA	LOC105378069	Intergenic
chr6	156566873	156567212	39.3843283246153	1.13603667611992	4.26265524312218	0.266509161854674	NA	NA	LOC105378073	Intergenic
chr6	156621909	156622331	95.8353931792803	-3.72502530424523	3.17456723974261	-1.17339625307393	NA	NA	NA	NA
chr6	156670389	156670677	29.3870063646016	-4.51093170929428	4.09960389935046	-1.10033354929948	NA	NA	ARID1B	Intron
chr6	156863028	156863438	64.7754477259342	7.07863701043501	3.64497592166758	1.94202572597421	NA	NA	LOC124901444	Intron
chr6	157252754	157253271	26.0728308086746	7.98843432414583	3.53837641471802	2.25765531640941	NA	NA	LOC105378075	Exon
chr6	157490762	157491473	13.8419108128028	8.33340499301795	3.72896676628756	2.23477588171546	NA	NA	MIR3692	Intron
chr6	157518077	157518583	29.3207861275017	3.4550769235763	3.44398896435334	1.00321951067141	NA	NA	NA	NA
chr6	157657184	157658812	52.620598979303	9.55952764628869	3.51404915069494	2.72037391520212	NA	NA	SNX9	Intron
chr6	159440121	159440716	60.5091149067514	-7.85557592063298	2.83398093567178	-2.77192264131123	0.0055726278136047	0.0469937533794141	LOC105378084	Intron
chr6	159597008	159597736	50.2806290528135	9.11287465062444	4.24758189187272	2.14542647619365	NA	NA	LOC105378085	Intron
chr6	160093858	160095148	48.7375754287774	8.04295441816554	3.59889108236179	2.2348424095367	NA	NA	CHP1P2	Promoter
chr6	160193227	160193783	48.282237132	6.00553552771752	3.80836931563266	1.57693097228409	NA	NA	SLC22A1	Intron
chr6	160247303	160247989	7.79560327446241	3.18074694322106	4.10718732561926	0.774434349117858	NA	NA	LOC105378088	Intron
chr6	160493510	160493701	34.3806527699465	16.512371081007	3.75862460814525	4.39319506535007	NA	NA	NA	NA
chr6	160546985	160547252	47.4919135825136	2.9397851280854	3.77205377717888	0.779359283229538	NA	NA	LPAL2	Intron
chr6	160902672	160903109	98.4753775946684	-1.4557744733132	3.55251821548519	-0.409786631625864	NA	NA	LOC102724087	Intron
chr6	161088858	161089492	17.0120686506451	-1.20669309746692	4.08643123920809	-0.295292647014113	NA	NA	MAP3K4-AS1	UTR
chr6	162480504	162481116	8.17040086078983	7.69529201232856	4.24973302038729	1.810770694397	0.070176354463183	0.138275607525764	NA	NA
chr6	162493941	162494298	68.3096484927161	-23.2267001137889	3.93812651070779	-5.89790603492177	NA	NA	LOC105369171	Intron
chr6	162874557	162876953	63.3468665838368	-23.7611849623723	3.9121663000582	-6.07366434346587	NA	NA	PRKN	Intron
chr6	163925858	163926193	37.6443950306027	-9.57226614175611	3.27100010044533	-2.92640349978983	0.00342905869538995	0.0390492716331499	LOC105378102	Intron
chr6	164561462	164562215	26.8221327028	8.43557224907255	3.47355907864055	2.42850979588751	0.0151610155431645	0.0556690979462002	LOC107986667	Intron
chr6	165987655	165988591	5.20792889172371	-5.50652255481172	4.25111576152956	-1.29531230474666	NA	NA	PDE10A	Promoter
chr6	166572640	166573153	33.0391860831663	-6.44205485897195	3.90155157252008	-1.65115204534152	NA	NA	RAMACL	Intron
chr6	166665038	166665296	75.8348102616913	7.25274878614111	3.08648733310994	2.34983915480167	NA	NA	LOC107986671	Intron
chr6	166697419	166698113	31.3840230725032	4.0906429021893	4.09169129439622	0.999743775340932	NA	NA	NA	NA
chr6	167033245	167033709	3.96643321235362	-6.06668416174144	4.25241883426817	-1.42664314080565	NA	NA	CCR6	Intron
chr6	167720545	167721057	131.389254525023	9.65046328804554	3.03293454043792	3.18188973727476	NA	NA	LINC02487	Intergenic
chr6	168147779	168148244	19.1930599752357	7.94145569824576	3.29539971212624	2.40986113733737	0.0159585932704604	0.0576488718142212	FRMD1	Intergenic
chr6	168939228	168940656	39.4474320951608	0.400698442325384	3.19029204061059	0.125599298504564	NA	NA	LOC105378145	Exon
chr6	169728231	169728436	57.1781062501621	0.564836031079305	2.54861882652064	0.2216243657944	NA	NA	PHF10	Promoter
chr6	169929852	169930651	13.5961376992686	-8.00069184941793	4.06167058733604	-1.96980323179419	NA	NA	LOC107986674	Intergenic
chr7	173869	174147	38.7245454510617	-21.7728131354695	4.248857757337	-5.12439210229428	NA	NA	LOC124901806	Intergenic
chr7	222267	222679	109.586948669094	0.314206786183833	3.21338111498688	0.0977807408895274	NA	NA	LOC124901808	Intron
chr7	251327	252016	38.7599367522732	-16.5866185308904	3.74930349976012	-4.4239199445848	NA	NA	FOXL3	Intron
chr7	763038	763962	19.2208917325686	8.93059240631279	4.24818181012952	2.10221520769623	0.0355344282329546	0.083569803408487	PRKAR1B	Exon
chr7	1263525	1264190	48.524053728258	-0.832797449973706	3.25496790630777	-0.255854273819363	NA	NA	NA	NA
chr7	1274513	1274750	37.4517221510478	1.61485893406146	3.20917699421176	0.503200333597711	NA	NA	NA	NA
chr7	1283743	1284318	29.751462291466	5.18243553808622	3.85238698792221	1.34525310004782	NA	NA	UNCX	Intergenic
chr7	1296010	1296709	2.70375952138492	2.58524382249561	4.13714728270562	0.624885614612421	0.532046134419993	NA	NA	NA
chr7	1544006	1544651	66.2586635540662	4.63557878317763	3.87704076851267	1.19564870734025	NA	NA	LOC100128653	UTR
chr7	2045602	2046246	28.8182042346954	8.89616829731909	4.07388993760841	2.18370364284844	NA	NA	LOC124901573	Intron
chr7	2161928	2162265	71.2880031509073	-8.60648807825244	2.60312324781648	-3.30621613305157	0.000945651140880793	0.0372618780973083	MRM2	Intron
chr7	2398183	2398811	15.8441517859958	-8.34381292772088	4.24816108525382	-1.96409993883797	0.0495185033203573	0.103944245708498	CHST12	Intergenic
chr7	2826060	2826592	19.9585106669915	-1.90976026666228	3.1514585891301	-0.605992499234911	NA	NA	GNA12	Intron
chr7	2913762	2914127	46.5474347582213	-6.76613500118692	3.05747107957861	-2.21298413789721	NA	NA	CARD11-AS1	Intron
chr7	2935040	2935532	56.9025531792041	-0.577939447482116	3.02563800028494	-0.191014076180855	0.848514565009518	1	NA	NA
chr7	3183894	3184228	42.119381477112	-2.16306589624757	3.13843149362331	-0.689218770791239	NA	NA	LOC100129603	Intron
chr7	3350786	3351538	5.68785684755836	6.02528688558224	4.25144121397469	1.41723396427942	NA	NA	SDK1-AS1	Intron
chr7	3742420	3742671	92.489365610157	4.89294919580852	2.65728091463091	1.84133682248951	NA	NA	NA	NA
chr7	3942114	3942409	135.016235020863	0.676254429906296	2.55962075022514	0.264201026596152	0.791625020056005	1	LOC105375131	Intron
chr7	3984255	3984728	101.103538552432	-1.30434220666217	3.36012620473383	-0.388182504819189	NA	NA	NA	NA
chr7	4650693	4651115	40.1810302692129	0.041446190898045	2.57275761371059	0.016109636864807	0.987146925407011	1	FOXK1	Intron
chr7	4841200	4841641	48.8155752958372	-7.37178385924704	3.88458820827593	-1.89770021016431	NA	NA	PAPOLB	Intron
chr7	5470186	5470773	17.5701700199712	5.92406558716053	4.17049625344191	1.42047018559755	NA	NA	MIR589	Intron
chr7	5674789	5675377	1.81208398693392	3.42257840436564	4.29877928275413	0.796174490301552	0.425930622498627	NA	RNF216-IT1	Intron
chr7	6272731	6273236	58.4025901398202	-0.16698964874765	2.76344361454231	-0.0604281006020482	NA	NA	CYTH3	Promoter
chr7	6491685	6492077	23.9519320961406	-6.31567826009811	3.58852382814135	-1.75996553529067	NA	NA	DAGLB	Intergenic
chr7	6508740	6509452	88.5948891677009	1.62388379225516	3.75385105641007	0.432591428869352	NA	NA	NA	NA
chr7	6640773	6641059	70.7456274916001	1.2951356254953	2.73172653556381	0.474108813101967	NA	NA	NA	NA
chr7	6647481	6648278	27.9528183765036	-5.96941019691587	3.39271832266073	-1.75947710042559	0.0784965064265408	0.151154429730446	ZNF316	Intron
chr7	6686898	6687402	12.644062935666	-6.69247014099148	4.25053144055927	-1.57450197336051	NA	NA	ZNF12	Intron
chr7	6847288	6847677	83.6588466455136	0.0518898059537009	3.04986653485243	0.0170137956401465	0.98642561003596	1	CCZ1B	Intron
chr7	7078674	7079517	48.9843785966372	-5.15555066247368	3.52687967511186	-1.46178807824233	NA	NA	LOC100131257	Promoter
chr7	7359522	7360088	20.5353229199882	-4.61867904002092	4.25542503765987	-1.08536256640554	NA	NA	LOC107986764	Intron
chr7	7528530	7528825	20.0846245958222	1.4107056321567	4.08533500768489	0.345309657470693	NA	NA	COL28A1	Intron
chr7	8236680	8237496	94.7990010761306	-24.6362659704486	3.1785194700838	-7.75086206088243	NA	NA	ICA1-AS1	UTR
chr7	8449080	8449362	31.6931577756202	-8.25864963929707	4.13664827597704	-1.99645923180318	NA	NA	NXPH1	Intron
chr7	8662699	8663160	30.852649331719	0	4.40735632387978	0	NA	NA	NA	NA
chr7	8867920	8868474	108.294713187459	1.53259511885033	2.66478336643067	0.575129347532352	NA	NA	NA	NA
chr7	9471023	9471625	27.1599254155376	20.4026597828698	4.24963540831511	4.80103769442166	NA	NA	LOC105375148	Intergenic
chr7	9572648	9573002	101.965294943867	1.01936007143309	2.94613074324842	0.345999604318014	NA	NA	NA	NA
chr7	10380667	10380915	41.2750790250545	1.22053187962919	3.34292547941387	0.365108910487347	NA	NA	LOC105375150	Intergenic
chr7	10917995	10918193	59.369874231822	1.59156726223296	2.9430463294211	0.540789061430108	NA	NA	COXFA4	Intergenic
chr7	11252198	11252530	51.3813347110983	9.38502053129328	3.98412090948324	2.35560635445438	0.0184925025258804	0.0604737275583176	NA	NA
chr7	11328323	11329549	121.590121633216	1.47803619520898	3.57646754201109	0.41326705131451	0.679410967167258	1	PHF14	Intron
chr7	11819956	11820150	50.9942676881508	-5.99461600479214	3.82808784752992	-1.56595570518586	NA	NA	THSD7A	Intron
chr7	12032409	12032871	25.7861399856457	-6.2002758742168	3.00149459095266	-2.06572948453952	NA	NA	LOC124901589	Intron
chr7	12398442	12398947	13.4546133577722	21.0810708927182	4.24879080098721	4.96166365447318	NA	NA	VWDE	Intron
chr7	13944613	13945243	7.44664784351031	-7.25500565050276	4.24940881456551	-1.70729764235324	0.0877667441106424	0.16524970810327	ETV1	Intron
chr7	15442142	15442972	17.960978221578	-19.5888939908983	4.10616441169828	-4.7706063437427	NA	NA	AGMO	Intron
chr7	16139458	16139889	39.4427491791643	13.8823749219052	3.91681164169407	3.54430495817788	NA	NA	CRPPA-AS1	Intron
chr7	16574297	16574618	44.2659984483994	-0.493703432588625	2.82522448929293	-0.174748390600346	NA	NA	LOC105375169	Intron
chr7	17046971	17047285	55.4971392891202	-7.27580013027447	3.75455712824314	-1.93785841625455	NA	NA	LOC105375170	Intron
chr7	17528453	17528894	41.7694758224392	-0.913423308162422	4.08269096751733	-0.223730700028435	NA	NA	NA	NA
chr7	17533146	17533797	48.9393822987716	3.32220041638931	3.72788975654762	0.891174533944905	NA	NA	LOC105375172	Intron
chr7	18063217	18063713	67.1762221871671	0.683655812145509	3.06087110608114	0.223353348916675	NA	NA	HDAC9	Intergenic
chr7	18803362	18804249	44.7478427346628	7.67213131480347	3.52394712962518	2.17714143617686	NA	NA	NA	NA
chr7	18814508	18814768	20.4009762669932	1.28849821460857	4.08510100928725	0.315414040357691	NA	NA	NA	NA
chr7	18827851	18828299	3.0719564150629	-1.43099440596067	4.11595846976786	-0.347669787358516	0.72808818898901	NA	NA	NA
chr7	18864972	18865682	76.47770426868	-4.80011484420297	3.61399942448226	-1.3282002237426	NA	NA	HDAC9-AS1	Intron
chr7	19759763	19760223	47.8981216119033	4.89190425743871	3.4872520204126	1.40279630746616	NA	NA	TMEM196	Intron
chr7	19873690	19874366	62.6390703497734	-0.129414882055	3.51806764137549	-0.0367857856207681	NA	NA	LOC105379720	Intergenic
chr7	20880079	20880774	24.3253870811471	1.26926942203694	4.21837477353729	0.300890624986505	0.763497899424327	1	LINC01162	Intron
chr7	21370301	21370843	68.6182746448424	-7.33395018768507	2.89781078345234	-2.5308588916726	NA	NA	SP4	Intergenic
chr7	21454310	21454706	46.8348282005072	-8.7192842905222	3.62589484187099	-2.40472619057617	NA	NA	MIR1183	Intron
chr7	21684213	21684558	72.7255119623704	9.34063205714129	3.57922861863936	2.60967740604737	NA	NA	DNAH11	Intron
chr7	21823810	21824408	48.6834152619188	-6.48337081223865	2.94407519874072	-2.20217568322025	NA	NA	NA	NA
chr7	21841387	21841592	111.93863328568	0.266951327681752	3.13324369482549	0.0851996696339383	NA	NA	CDCA7L	Intron
chr7	21896226	21896788	11.9001457152715	20.8166976940236	4.24900214178657	4.89919679947982	NA	NA	NA	NA
chr7	21903370	21903752	85.156253478477	0.184046085972712	2.91926144519273	0.0630454275603813	NA	NA	NA	NA
chr7	23129849	23130092	40.2630588022428	8.07641130595982	3.17324325947596	2.54515983980805	NA	NA	KLHL7	Intron
chr7	23469888	23470379	48.1051222192809	-3.23432922927528	2.90517649764561	-1.11329870384688	NA	NA	IGF2BP3	Promoter
chr7	24414705	24415195	35.1247919018205	7.33282794200526	3.40018067773399	2.15659949779261	NA	NA	LOC107986777	Intron
chr7	24702223	24702737	68.5622300111421	13.3185716321138	4.05022608112726	3.28835264139305	NA	NA	GSDME	UTR
chr7	24716953	24717507	31.0649195070018	5.74471085801796	3.39344489263997	1.69288467612297	NA	NA	NA	NA
chr7	24951560	24951980	51.4757582949838	-3.25180489002965	4.07587499727118	-0.797817620070967	NA	NA	NA	NA
chr7	24990348	24991110	20.4490557492718	-20.420266316469	4.2519390642123	-4.80257736719281	NA	NA	OSBPL3	Intergenic
chr7	25332396	25333614	61.2139534375404	5.91357790022622	3.13905969422243	1.88386920806584	NA	NA	LOC105375194	Promoter
chr7	25384417	25385093	14.7669921175299	-8.10924208409397	4.24835658360394	-1.90879506569451	NA	NA	LOC124901604	Exon
chr7	25613737	25614602	26.958816278999	19.3071037642584	4.25118369435567	4.54158303954087	NA	NA	LOC105375196	Intron
chr7	25898395	25898932	24.8668950505906	4.355174841822	3.7329844926145	1.16667370315587	NA	NA	LOC100506236	Intergenic
chr7	25920688	25921207	31.7612898367716	-2.62674700496866	3.77159261286415	-0.69645565536674	NA	NA	MIR148A	Intergenic
chr7	27404178	27404542	30.9990367858858	-2.84440114521755	3.66047522457233	-0.777057887490516	NA	NA	LOC105375206	Exon
chr7	27778266	27778804	29.2949504724751	-23.169534929839	3.80467728579124	-6.08975037550933	NA	NA	TAX1BP1-AS1	Intron
chr7	28380360	28380677	119.670382574471	6.12230751726027	3.23928929051781	1.89001566954262	NA	NA	CREB5	Intron
chr7	29223863	29224291	15.1624393889682	-21.8802846069496	4.1311499172924	-5.29641505271011	NA	NA	CHN2-AS1	Intron
chr7	29335396	29335933	29.4332276703848	19.9213390746617	4.11795569052479	4.83767688916608	NA	NA	NA	NA
chr7	29571099	29571584	57.6155748947144	-7.11183372671389	3.2838986805062	-2.16566782919674	NA	NA	PRR15	Intron
chr7	30073726	30073965	102.821797093093	7.95614587900099	2.70834173709239	2.93764474772025	NA	NA	PLEKHA8	Intron
chr7	30204320	30205343	92.5377543284902	7.92707890315154	3.84894879053469	2.05954387406914	NA	NA	LOC105375217	Intergenic
chr7	30251590	30251976	118.510880683005	-8.99725682070729	3.85908874764834	-2.33144594723044	NA	NA	ZNRF2	Intron
chr7	30372699	30373163	26.2464937693652	-21.3588631813336	4.24948962615748	-5.02621845453166	NA	NA	DKFZP586I1420	Promoter
chr7	30556740	30557396	42.9903370798595	18.6898562560619	4.06094712909673	4.60233922331786	NA	NA	GGCT	Exon
chr7	30656686	30657359	63.0177556125463	-7.14376121658766	3.67361000583799	-1.94461611473047	NA	NA	LOC124901609	Intron
chr7	30742542	30743045	2.86421821966465	1.85952434656614	4.11992327437003	0.451349266170613	0.651737842498862	NA	INMT-MINDY4	Exon
chr7	31247104	31248363	46.9132883944515	-0.865237356924775	4.26971341853084	-0.202645300073206	NA	NA	NEUROD6	Intergenic
chr7	31513155	31514161	18.2072218853828	8.85236608923631	4.24824564504587	2.08376982615391	0.0371811092363784	0.0859870814101853	ITPRID1	Promoter
chr7	31775699	31776907	29.7553107870485	7.45092852200155	4.08931168741403	1.82204955052309	NA	NA	PPP1R17	Exon
chr7	31968429	31968917	6.46172920783754	0	4.40735632388232	0	NA	NA	NA	NA
chr7	32190309	32190744	50.5002283448949	20.6189715236199	3.64616128628406	5.65498065079658	NA	NA	PDE1C	Intron
chr7	32907693	32908374	104.8643661361	-9.28816166763786	3.80760636646103	-2.43937024306184	NA	NA	KBTBD2	Intergenic
chr7	33383430	33383708	37.0623850972525	20.5339635135126	4.24902465526661	4.83262988085066	NA	NA	LOC124901611	UTR
chr7	33609911	33610460	45.1233530464558	1.99660659204541	3.46413547269852	0.57636504339424	NA	NA	NA	NA
chr7	33697691	33698095	43.7453077231079	1.27575415781891	3.80756370503557	0.33505786288794	NA	NA	NA	NA
chr7	33711871	33712248	48.2645610686212	20.645187590328	4.07403446514666	5.06750440305489	NA	NA	FLJ20712	Intron
chr7	33813994	33814426	30.2078823658222	21.5370720420104	4.24826091646049	5.06962083203551	NA	NA	LOC124901612	Intron
chr7	34703656	34704147	24.3464924092735	9.26005986927657	3.72812416305195	2.48383891315895	0.0129974588472828	0.0527900768789056	NPSR1	Exon
chr7	35092894	35093244	54.3287646599206	-22.8280658467955	3.88451096405606	-5.87668977073996	NA	NA	DPY19L1	Exon
chr7	35233076	35233466	53.3478425528879	-4.87126772343458	3.17582763102667	-1.53385771817214	NA	NA	TBX20	Intron
chr7	35462007	35462589	80.2562146361822	6.71797481834172	3.00172612840215	2.23803722624015	NA	NA	NA	NA
chr7	35485559	35486257	132.869430729395	-8.62724081164463	3.66464783292677	-2.35418004811515	NA	NA	LOC105375230	Intergenic
chr7	36052672	36053297	27.4918455583041	-9.12022957755492	3.51083561233929	-2.59773757150597	0.00938401810942583	0.0492306709468289	LOC124901617	Intron
chr7	36317851	36318134	54.9435013101721	0.325041695881032	2.96298304998504	0.109700828657347	NA	NA	ANLN	Intergenic
chr7	36658988	36659650	23.5988293564986	-0.207709428660802	4.08397532084227	-0.0508596189601764	NA	NA	AOAH-IT1	Exon
chr7	36709372	36709778	5.08226302048952	3.69003207064742	4.13487905199165	0.892415962897401	NA	NA	AOAH	Intron
chr7	36953497	36953879	88.6858487259664	1.48957709685037	2.78409489657325	0.535031007270545	NA	NA	MIR1200	Intron
chr7	37772371	37772784	36.8437388260865	-6.11769177210482	3.78573514588676	-1.61598514855213	NA	NA	NME8	Intron
chr7	37960281	37961004	39.7226329750918	7.2420862350777	3.58590446121144	2.01959821111103	NA	NA	SFRP4	Intron
chr7	38084728	38085027	28.2576216207058	-2.34547615234504	3.22148100869467	-0.728073872239099	NA	NA	NA	NA
chr7	38184843	38185400	5.96051508755278	0.860746648591693	4.09501367754157	0.210193839720809	0.833516387362035	1	STARD3NL	Intron
chr7	38198946	38199570	59.3824831399184	-7.53292209873004	3.29404785825787	-2.28682837131394	NA	NA	NA	NA
chr7	38475590	38476496	118.248939701879	-7.83395252062521	4.1370388716637	-1.89361346693723	NA	NA	TRG-AS1	Intron
chr7	38538486	38539129	115.939494976724	1.95699223053805	2.8433623878616	0.688266905017984	0.491284718574862	0.813281274798884	NA	NA
chr7	38547183	38547692	19.2811275715175	6.59954484393789	3.73725497563096	1.76588027495333	NA	NA	AMPH	Intron
chr7	38816769	38817331	21.4124892136388	-7.80508974439723	3.75388048707385	-2.07920571027057	0.0375984470409285	0.0865228460299886	NA	NA
chr7	38890443	38890966	14.1003042285046	-21.7963746873832	4.24880377224134	-5.13000266799451	NA	NA	VPS41	Intron
chr7	39540170	39540820	20.3473679158684	-0.640500152001036	4.08481378650674	-0.15680033056018	NA	NA	LOC105375238	Intron
chr7	39783286	39783613	28.7975879063984	-1.35826118326769	4.3365650524935	-0.313211301300946	NA	NA	LOC101928688	Intron
chr7	40330201	40330857	18.1443448778677	-3.95252583100777	4.10235766935349	-0.963476651617915	NA	NA	LOC105375245	Intron
chr7	40558413	40558653	78.2367915165838	-7.97792547521089	3.01540641071811	-2.64572146787702	NA	NA	SUGCT-AS1	Intron
chr7	40843438	40844802	44.5864508685134	-4.39353589023697	2.74277120383013	-1.6018601493634	NA	NA	LOC105375242	Intron
chr7	40971067	40971597	32.3166555784316	21.5086675354196	4.2478192733089	5.06346107297195	NA	NA	NA	NA
chr7	41031116	41031502	56.6888738131171	9.5224645166984	3.43857961403097	2.76930174245273	0.00561765818639428	0.0469937533794141	LINC01450	Intergenic
chr7	41167688	41168027	45.7542470293802	-23.2375542620885	4.24765343964253	-5.47068036323701	NA	NA	LOC105375241	Intron
chr7	41519071	41519898	80.9596623827702	-4.07607229642044	2.80551675705061	-1.45287754428013	NA	NA	LOC105379725	Intergenic
chr7	41827024	41827411	33.4243573064506	-0.365560263136797	3.39739199548383	-0.107600260324019	NA	NA	INHBA	Intron
chr7	41985322	41985686	21.901982288349	-5.19995454456444	3.51174993420194	-1.4807303031234	NA	NA	GLI3	Intron
chr7	42402156	42402681	18.0282099679012	-6.52804590946695	4.25095107833871	-1.53566714581391	NA	NA	LOC105375249	Intergenic
chr7	42692617	42693383	29.6546012624349	-8.40258818456849	4.04137108014731	-2.07914294874951	NA	NA	NA	NA
chr7	42749328	42749783	42.959337903458	-4.94609223652153	3.63223211636645	-1.36172251058377	NA	NA	LINC01448	Intergenic
chr7	42965762	42966369	28.918492452342	1.25328874763686	3.20853764527056	0.39061057908553	NA	NA	NA	NA
chr7	43020826	43021530	40.6426255803095	-6.86985548600076	3.74341954388735	-1.83518181851098	0.0664787541398499	0.131825955017745	LOC105375253	Intron
chr7	43385891	43386460	26.9470343424927	-18.4906538958023	4.26699012915735	-4.33341848378118	NA	NA	LUARIS	Intron
chr7	43967072	43967381	49.3380520066594	19.9113347632948	3.87718583277885	5.13551210131807	NA	NA	SPDYE1	Intron
chr7	44209802	44211111	35.1220729273545	-23.0007451324902	4.24778768043977	-5.41475866093876	NA	NA	YKT6	UTR
chr7	44293787	44294406	31.6137654460452	22.2840962466775	4.24774662446575	5.24609827674932	NA	NA	LOC124901621	Intron
chr7	44355754	44356115	53.892300309996	-7.77257502134367	3.86090444119124	-2.01314876856821	NA	NA	CAMK2B	Intergenic
chr7	44590441	44591033	43.8314834548538	19.5833763208803	4.25083649034754	4.60694650696368	NA	NA	TMED4	Intergenic
chr7	44682726	44683031	42.1716700273796	1.92869705736473	3.75011473529687	0.514303479627284	NA	NA	LOC124901622	Intron
chr7	44708914	44709809	43.6723737840476	9.06957729101083	3.63915229318795	2.49222251786164	NA	NA	NA	NA
chr7	45254535	45255052	57.4679783748973	7.91223761971577	3.05698909204581	2.58824529021159	NA	NA	LOC124901624	Intergenic
chr7	45360475	45360673	65.4473306797827	1.09747547666018	2.55855563817011	0.428943369566551	NA	NA	LOC107986736	Intron
chr7	45363943	45364507	63.0967502519496	1.64662853731052	2.94480717922534	0.559163448434568	NA	NA	NA	NA
chr7	45778740	45779038	47.5512680455172	-2.27973556053232	3.51768517147182	-0.648078338283601	NA	NA	SEPTIN7P2	Exon
chr7	45980332	45980602	91.8463221890056	8.08309516035635	3.20547051200545	2.52165637777129	NA	NA	LOC102723446	Intron
chr7	46515233	46515920	33.4914563872008	-0.654270798076052	3.91964186006022	-0.166921066116484	0.867432157329509	1	LOC105375266	Intergenic
chr7	46873231	46873570	116.208021522455	0.496304415969573	2.68981275330825	0.184512626523597	0.853611322678726	1	LOC105375267	Intergenic
chr7	47088058	47088548	10.3209923043929	-3.48891542791078	4.10943347550748	-0.849001559145552	NA	NA	LOC105375268	Intron
chr7	47409925	47410559	180.293318032909	-7.06815868521825	2.88234371764134	-2.45222616649003	NA	NA	LOC124901628	Intron
chr7	47998496	47998827	46.8543072578552	2.00007280646438	4.08299833065879	0.4898539368596	NA	NA	HUS1	Intron
chr7	48117993	48118270	91.4478455420323	9.31957773557001	2.91091296024685	3.20159958846028	0.00136666824626231	0.0372618780973083	LOC105375271	Intergenic
chr7	49006282	49006820	33.5284055465881	-23.386289879899	3.73908439351202	-6.25454988940029	NA	NA	NA	NA
chr7	49018718	49019102	26.6306606796087	-7.36552584835635	3.84814886136308	-1.91404389843363	NA	NA	CDC14C	Intergenic
chr7	49044209	49044650	9.34697328468667	-6.63675050653762	4.24938423039363	-1.56181464106456	NA	NA	NA	NA
chr7	49387741	49388473	40.6325952061802	-3.48844512416561	4.02816163634792	-0.866014186890565	NA	NA	LOC124901804	Intergenic
chr7	49672523	49672973	81.6152018144901	-22.5183799628306	3.91932564925255	-5.74547306808382	NA	NA	VWC2	Intergenic
chr7	49747635	49748406	16.1888853868148	0	4.40735632388136	0	NA	NA	NA	NA
chr7	49788305	49789458	99.1662980722483	-7.3907363258055	3.45617206452815	-2.13841677665852	NA	NA	NA	NA
chr7	49854462	49855098	10.5914802106087	-18.0586478037328	4.27548052008061	-4.22377033854251	NA	NA	NA	NA
chr7	50262492	50263211	38.1256269285709	-0.169771097672337	3.74037404991761	-0.0453888021376035	NA	NA	IKZF1	Exon
chr7	50358891	50359436	54.9083351073787	9.47430821861332	3.44157502137197	2.75289893719545	0.00590701281025656	0.0469937533794141	LOC124901631	Intron
chr7	50712800	50713619	64.3132151822672	-2.78943792649238	3.78444426615315	-0.737079933093536	NA	NA	GRB10	Intron
chr7	50874303	50874921	129.327460313798	1.80434957244324	2.89738284017796	0.622751521622326	0.533447819940796	0.868273297104567	NA	NA
chr7	50897697	50898092	122.788759214434	7.25462938742847	3.05760822258555	2.37264844260978	NA	NA	LOC124900241	Intron
chr7	51277781	51278541	8.43246625151726	0.307473836261346	4.40735632388159	0.0697637798412793	NA	NA	NA	NA
chr7	51302526	51303104	32.6711868827206	-9.240104220215	3.7368444146109	-2.4727024181383	NA	NA	COBL	Intron
chr7	51536385	51537216	28.344959185869	-2.01089021785569	3.80753639886685	-0.528134207319501	NA	NA	LOC105375277	Intron
chr7	52220807	52221557	27.445281553171	4.66424820612396	3.27840781793878	1.42271750957954	NA	NA	LOC124900240	Intergenic
chr7	52644231	52644587	20.4908375198536	-15.0712403964089	4.29393849761428	-3.50988734579746	NA	NA	LOC101928257	Intergenic
chr7	53805976	53806476	34.2463697298467	-0.654268294073235	4.21364334065939	-0.15527377169299	0.876605491971991	1	LINC01446	Intron
chr7	54324128	54324614	21.3142967656911	-6.67943620013364	4.12476485106097	-1.61934957296185	NA	NA	VSTM2A	Intergenic
chr7	54419813	54420293	70.4053315262657	0.30753654834651	3.07439487212586	0.100031570809204	0.920319261259232	1	NA	NA
chr7	54691517	54692338	74.7475445782964	8.50820447709497	2.65287798943092	3.20716011478541	0.00134052362409119	0.0372618780973083	SEC61G-DT	Intergenic
chr7	55365649	55367142	155.890433589274	1.58978937236652	2.44648328992386	0.649826376870938	0.515804378883175	0.847847762114849	NA	NA
chr7	55456373	55456798	125.440000783948	-0.182224546512015	3.56395884747094	-0.0511298121866154	NA	NA	LANCL2	Intron
chr7	55607216	55607636	24.3561370902515	-6.94802471528347	3.66438575704085	-1.89609532837348	NA	NA	VOPP1-DT	Intergenic
chr7	56041349	56041872	42.1545051148861	-0.434219595533263	4.29505771977142	-0.10109749946652	NA	NA	PSPH	Intron
chr7	56051727	56052211	11.307266855927	-4.25242584841579	3.62566880645219	-1.17286660073535	NA	NA	CCT6A	Promoter
chr7	56083764	56084343	5.73960797654931	-6.85284908386993	4.25016567845085	-1.61237222318536	0.106880965551978	0.198432390227975	NA	NA
chr7	56090653	56091210	20.9958530241865	-5.3115666922155	3.55386101651164	-1.4945904377063	NA	NA	PHKG1	Promoter
chr7	56166554	56167084	74.6993570865036	0.194879301206108	3.45856204197581	0.0563469149435229	NA	NA	NUPR2	Intergenic
chr7	56493872	56494414	11.74760126632	6.63190779826792	4.24994296268579	1.560469836065	NA	NA	DKFZp434L192	Promoter
chr7	56704787	56705434	3.99804011027096	4.58424067885449	4.27026503609648	1.07352603178116	0.283035165278656	NA	LOC105375289	Intergenic
chr7	56777977	56778455	101.640288038386	6.48148910632855	3.45360666642779	1.87673054066479	NA	NA	LOC401357	Intergenic
chr7	56826114	56826853	7.14836225648844	-2.87575016067061	4.26051377848353	-0.674977317335232	NA	NA	NA	NA
chr7	57388291	57388647	50.155270539272	-23.3087252001233	4.10356516369612	-5.68011577014386	NA	NA	MIR3147HG	Intergenic
chr7	57417197	57417762	85.9181242702985	11.0852430966982	3.72444223474031	2.97634985268367	0.0029170188199689	0.0388003015522799	MIR3147	Intron
chr7	57436244	57436667	22.5251417917866	8.18791430001628	3.45796960566349	2.36783871281172	0.0178923339543651	0.0599255075735189	ZNF716	Intergenic
chr7	57746534	57746995	93.6632870418528	1.35072034329302	2.8334910550616	0.476698290922839	0.633576980063305	0.979259942651742	LOC102723842	Intron
chr7	64590061	64591226	58.5883901038299	2.47124651688301	2.85451773519061	0.865731708868854	NA	NA	LOC641746	Exon
chr7	64634062	64635053	101.064393776936	24.0273077692155	4.24726325222314	5.6571270350711	NA	NA	LOC124901656	Intergenic
chr7	64890799	64891455	26.9437210207081	14.7129634428769	3.96956318125141	3.70644395140693	NA	NA	LOC441239	Promoter
chr7	65400126	65400664	32.2226100444127	-2.60706428470151	3.38679373651656	-0.769773563884931	NA	NA	NA	NA
chr7	65402645	65403227	32.9474506156975	-21.9567566718811	4.13405036350066	-5.31119718950119	NA	NA	ZNF92	Intergenic
chr7	65761328	65761793	54.8342279080519	0	4.40735632392253	0	1	1	SNORA15B-2	Promoter
chr7	65812386	65813044	63.3631394237493	-8.98940672224315	3.43685247834724	-2.61559283643333	NA	NA	LINC03129	Intergenic
chr7	66493624	66494202	18.6740378921019	-3.28736788996406	2.3813041846572	-1.38049053587721	NA	NA	LINC00174	Promoter
chr7	67305065	67305548	29.7829781963494	-0.273475148906822	3.35975222571437	-0.0813974158015996	NA	NA	STAG3L4	Promoter
chr7	68992895	68993368	48.5113120025184	0.233973874677613	2.99867381390667	0.078025783795668	0.937807543008527	1	LOC105375342	Intergenic
chr7	69120682	69121247	46.7804561924619	3.54815249095095	3.73424371601861	0.950166288218041	NA	NA	NA	NA
chr7	69148614	69149102	12.6920677545228	1.26929055486909	3.99423242389	0.317780845019761	0.750651181582351	1	NA	NA
chr7	69156088	69157103	132.680583296278	8.31855626805427	2.91324492734776	2.85542632889008	NA	NA	NA	NA
chr7	69510308	69510500	34.4551522953635	-6.52390208735905	4.14303250998295	-1.57466833089994	NA	NA	LOC124901667	Intergenic
chr7	69589985	69590730	27.9720008071528	-18.9979542627632	4.26113847525317	-4.45842217357991	NA	NA	CT66	Exon
chr7	69637454	69638157	31.7096936303244	19.9959372925663	4.24994050142081	4.70499229009946	NA	NA	AUTS2	Intron
chr7	69691066	69691581	37.1126241402029	0.13134773792303	3.57299919304443	0.0367611999965535	0.970675411040513	1	NA	NA
chr7	70749424	70749936	47.5542409609075	3.9741259462201	3.84891596117626	1.0325312338089	NA	NA	LOC107986709	Intron
chr7	71036109	71036443	82.0979583122628	1.54647289318098	3.05554085913513	0.506120835713095	NA	NA	GALNT17	Intergenic
chr7	71233340	71233774	50.609677542539	1.35225796744673	3.59817905498999	0.375817308360852	NA	NA	MIR3914-2	Intron
chr7	71347481	71347722	84.4987262283732	3.16132870753638	3.12929409497627	1.01023700923845	NA	NA	NA	NA
chr7	71552181	71552872	45.5665257938762	-1.52774786920672	2.76309330893448	-0.552912152574339	NA	NA	NA	NA
chr7	71661017	71661328	135.836099955611	6.86355755503415	2.89166527446667	2.37356571510513	0.0176172578010201	0.0599255075735189	MIR3914-1	Intron
chr7	72109844	72110339	62.7609459400399	-6.81026041942378	2.71723335939746	-2.50632151113216	NA	NA	NA	NA
chr7	72227795	72228395	69.21485686314	9.74842079624038	3.89643520601403	2.50188192047798	NA	NA	CALN1	Intron
chr7	72260961	72261673	26.0641877876238	-2.94510667657391	3.76309145067515	-0.782629578679392	NA	NA	NA	NA
chr7	73710702	73711405	15.8086433307274	0	4.40735632387937	0	NA	NA	MIR4284	Promoter
chr7	73754066	73754708	24.4431877713632	0.378818754768513	3.71304114024994	0.102023850654941	NA	NA	ABHD11	Intergenic
chr7	73807311	73807814	13.4224167130174	0.0849514266108858	3.7060534740936	0.0229223423797636	NA	NA	CLDN4	Intron
chr7	73991464	73992012	29.6589300002889	-21.5310501942206	3.89875430675332	-5.52254604936892	NA	NA	ELN	Intron
chr7	74023609	74024300	47.6283973567125	-5.35184480217751	3.41364979543885	-1.56777792769732	NA	NA	NA	NA
chr7	74061609	74061849	57.2997857499983	0.30752388573255	3.63422854807481	0.0846187524159581	0.932564490266123	1	ELN-AS1	Promoter
chr7	74504425	74505337	31.831147298336	-3.6684263420369	3.41173730581293	-1.07523704588469	NA	NA	GTF2IRD1	Intron
chr7	74639507	74640201	18.8331903867638	-6.58364407397179	3.72908859468327	-1.76548341687521	0.0774825548597436	0.150132517940293	GTF2I	Intron
chr7	75025454	75026099	60.1704300629413	-5.80262406001059	3.31847476439817	-1.74858164427323	NA	NA	RCC1L	UTR
chr7	75688947	75689527	38.5142780021024	-0.65425445409554	3.58645391091594	-0.18242377299321	0.855250170663873	1	HIP1	Intron
chr7	76153587	76154019	44.3405838249359	0.940048381220869	3.21136920108207	0.29272510333104	NA	NA	NA	NA
chr7	76164694	76165365	85.3683947018932	7.52097091802943	3.41663370323029	2.2012810184828	NA	NA	LOC124901674	Intron
chr7	76383093	76383624	28.8384683048133	22.0886174126708	4.24784072665972	5.19996366013472	NA	NA	ZP3	Intergenic
chr7	78308311	78308914	26.1520994069872	-9.06258764234563	3.67256853274444	-2.46764289394304	0.0136005925853836	0.0527900768789056	RPL13AP17	Intron
chr7	78716229	78716784	20.3140860429527	-7.72917663996963	3.85215916620298	-2.00645308422917	NA	NA	MAGI2-AS2	Intron
chr7	79077501	79078213	8.88129591203582	-0.654306282483848	4.38211899701666	-0.149312760089194	NA	NA	LOC105375366	Intron
chr7	79264297	79264627	40.0974453677478	-0.420028125116059	3.57633288535949	-0.117446596438362	NA	NA	NA	NA
chr7	79922060	79923214	116.146661536678	-0.576326380072943	3.78817221541659	-0.152138378959512	NA	NA	GNAI1	Intron
chr7	80383767	80384365	24.7597467871597	-4.40761589527228	3.28714410152083	-1.34086482342926	NA	NA	LOC105375373	Exon
chr7	82625253	82625598	67.602572525491	0.163817154801208	4.07409817455895	0.0402094274075617	NA	NA	LOC105375376	Intron
chr7	84743015	84743534	28.6290408798755	-22.824081718014	4.00882317523036	-5.69346182666251	NA	NA	LINC03017	Intergenic
chr7	84889021	84889338	38.3516630446571	2.99953482993192	4.08541464743077	0.734205726661861	NA	NA	NA	NA
chr7	85191533	85191998	43.2038398309434	-7.34068745437128	3.86868255341364	-1.89746440888359	NA	NA	SEMA3D	Intergenic
chr7	85344200	85344504	37.2191115448478	1.23426929807136	4.08296612646178	0.302297217229415	NA	NA	LINC00972	Intergenic
chr7	85619193	85619606	68.2646167235338	-7.89004864936908	3.4003772431725	-2.32034509265442	NA	NA	NA	NA
chr7	86224908	86225434	20.7483857314149	-4.27768370584687	4.10381653898689	-1.04236718800858	NA	NA	NA	NA
chr7	86421842	86422547	3.92072978015004	-4.34149960465275	4.2561567984557	-1.0200516123438	0.307703983518117	NA	GRM3	Intergenic
chr7	87365672	87366377	21.1588363547441	1.18191619243169	3.34808787315496	0.353012297529081	NA	NA	CROT	Intron
chr7	87615061	87615607	76.8311745787502	-7.28197064981771	3.66098903864682	-1.98907196196067	NA	NA	NA	NA
chr7	87668968	87669235	7.05017705390209	-0.692112616765314	4.09311174909068	-0.169092040284283	NA	NA	RUNDC3B	Intron
chr7	87909531	87909909	37.9304962302959	-9.59157876881458	4.0628623048523	-2.36079346261853	0.0182358836570515	0.0599255075735189	ADAM22	UTR
chr7	88645607	88646128	88.4009296796777	-6.11172549278017	3.40970464974412	-1.79245011536082	NA	NA	ZNF804B	Intron
chr7	88817462	88817832	55.1948253760053	3.07678572652381	3.83417005470191	0.802464596673457	0.422284259735068	0.714281179805958	TEX47	Intron
chr7	89932766	89933153	73.9642601108396	23.0832024309488	4.11647298727418	5.60751947171987	NA	NA	DPY19L2P4	Intron
chr7	90107950	90108389	5.35497240373478	-6.7785868303724	4.25032999932598	-1.59483777293701	NA	NA	NA	NA
chr7	90247949	90249258	43.4191069626938	3.90270764652771	4.09383715898893	0.953312868822457	NA	NA	CFAP69	Promoter
chr7	90520553	90521103	11.6564711866386	2.68827597877943	4.3127501868258	0.623332180702544	0.533066254692049	0.868273297104567	NA	NA
chr7	90606880	90607275	49.2085721741322	21.1439293798674	3.42883974665995	6.16649681585842	NA	NA	NA	NA
chr7	90709812	90710505	15.2000754470637	-21.5885317383486	4.24911291627784	-5.08071500186441	NA	NA	CDK14	UTR
chr7	90834926	90835310	33.8120061743371	0	4.4073563238786	0	NA	NA	NA	NA
chr7	90931059	90931907	31.5966418986993	-6.56436732094869	4.0557067966481	-1.61855076071424	NA	NA	FZD1	Intron
chr7	91038613	91039378	46.6806635734266	-8.86177980208065	3.19464779589332	-2.77394578941452	0.00553809058780446	0.0469937533794141	NA	NA
chr7	91646454	91646765	16.2733791356725	-0.439257412653213	4.08570435506318	-0.10751081685802	NA	NA	NA	NA
chr7	91714428	91715068	69.3208347887348	5.06093205921516	4.04617626801079	1.25079376774241	NA	NA	LOC101927473	Intron
chr7	91772656	91773074	60.6991753522841	22.6355200872732	3.96412400871565	5.71009384103677	1.12913896731321e-08	2.63089379383977e-06	MTERF1	Intron
chr7	92277456	92277967	95.035621817545	0.714340847695564	2.40109166740334	0.29750669555573	0.766079696975324	1	NA	NA
chr7	92304281	92304595	39.2487535883676	5.74027799748842	3.81868662183552	1.50320740242603	NA	NA	KRIT1	Intron
chr7	92468897	92469969	65.7265292038024	1.35330678948827	4.02401560114052	0.336307540434163	NA	NA	ERVW-1	Exon
chr7	92589761	92590513	5.53191204892829	-0.529693823827138	3.30039247620565	-0.160494192022916	0.872491796418689	1	FAM133B	Promoter
chr7	92943345	92943696	118.430441043133	7.34213365800918	2.80751063978068	2.61517571971971	NA	NA	CDK6	Intergenic
chr7	93054624	93055163	25.1904354599941	8.35002870068567	3.72777129876936	2.23995197973713	0.0250940405405439	0.0698138680113041	SAMD9	Intergenic
chr7	93140580	93141274	9.52322843129341	-0.799034434507816	3.99477704872198	-0.200019782020988	NA	NA	SAMD9L	Intron
chr7	93870223	93870810	18.6456887418327	0.307529763708883	3.94956261224517	0.0778642583751987	0.937936030745245	1	TFPI2	Intron
chr7	93976464	93976968	23.0664930446758	0.378482866735518	4.3215255604296	0.0875808464957668	NA	NA	LOC130890646	Intron
chr7	94074699	94075097	40.5072347027554	-9.69525633243105	3.65606935327911	-2.65182506008411	0.00800580096586757	0.0480945474015377	LOC124901812	Intron
chr7	94491594	94492083	3.15557563579235	-6.01667820911292	4.25260793221626	-1.41482081231441	0.15712104033809	NA	CASD1	Intron
chr7	94794460	94795089	16.6817619771338	13.4265794468451	4.40735632388428	3.04640207420579	NA	NA	PPP1R9A	Intergenic
chr7	95552816	95553061	58.1214551755031	0.899591108519108	3.11142996964371	0.289124652425367	NA	NA	LOC124901699	Intron
chr7	97031517	97031939	25.513069068133	0	3.84459379174636	0	1	1	DLX5	Intron
chr7	97299312	97299836	53.5555017892641	3.32372928353203	2.99351582222258	1.11030957607041	NA	NA	SDHAF3	Intron
chr7	97863852	97864398	31.7029686318648	0	4.40735632388332	0	NA	NA	MIR5692A1	Exon
chr7	97881136	97881606	0.832596100004977	-4.09711375307706	4.26802623058248	-0.959955148288276	0.33707778877854	NA	NA	NA
chr7	97914800	97916137	40.4695659368642	4.72053458852962	3.87444834468857	1.21837592569815	NA	NA	NA	NA
chr7	99225288	99225568	73.8652214125813	8.14477504833768	3.3803697459218	2.40943318646247	NA	NA	MYH16	Intron
chr7	99400919	99401538	19.9372152376864	-21.7603411944645	4.15247814241726	-5.24032648653443	NA	NA	PDAP1	Intron
chr7	99633328	99633724	21.1390671993023	0.827316732647301	3.66913694116181	0.22547992781794	NA	NA	ZSCAN25	Intergenic
chr7	99695646	99695974	75.676675656991	-23.1362030578512	3.65399023031287	-6.33176379781128	NA	NA	CYP3A5	Exon
chr7	99960115	99960361	54.3875049321488	0.096557226806996	3.2475362906816	0.0297324550564854	NA	NA	LOC124900245	Intergenic
chr7	100171789	100172496	37.3781808285799	-8.35434350238335	3.41864464430728	-2.44375896637721	NA	NA	GAL3ST4	UTR
chr7	100683277	100683995	27.9887313663497	2.81920222846985	3.46074466051247	0.814623008925595	NA	NA	GNB2	Exon
chr7	101030893	101031320	24.1818761389555	-7.75089670325325	3.40715529576314	-2.27488800199147	NA	NA	MUC17	Exon
chr7	101548292	101548998	92.406016400533	7.04093251913236	3.67776021306757	1.91446209410689	NA	NA	LINC01007	Intron
chr7	101553267	101554385	125.63091207622	-5.54723187846599	3.06311609741203	-1.81097669890892	0.0701444586437225	0.138275607525764	NA	NA
chr7	101595485	101596091	81.9426759645797	-7.77502012437755	3.96122275158507	-1.96278286073824	NA	NA	LOC107986832	Intron
chr7	102106515	102106760	50.3947965250582	-15.2389829702399	4.40735632387904	-3.45762444658154	NA	NA	LOC124900244	Intron
chr7	102722923	102723268	40.0641074129513	-15.2344120735622	4.11637767771465	-3.70092670457296	NA	NA	RASA4DP	Intron
chr7	103381385	103381852	107.143211453351	-1.96725743355526	3.20739799149653	-0.613349961174404	NA	NA	DNAJC2	Intron
chr7	103488431	103488917	5.98155973070563	6.6899307005927	4.2524477411387	1.5731952766576	0.115673608684407	0.213480798601717	SLC26A5	Intron
chr7	103832714	103833246	51.8869628625883	9.39467411319478	3.47435406524098	2.70400596392388	0.00685090595403311	0.0475345008264353	RELN	Intron
chr7	104082391	104082929	1.9138979735834	4.83673387169994	4.26654680703306	1.13364134754762	0.256945021631033	NA	NA	NA
chr7	104407535	104408121	13.2552973692168	3.50548169649998	4.11591456874856	0.851689615502836	NA	NA	LHFPL3	Intron
chr7	104707104	104707321	79.9084538938051	9.57245561944953	3.92195174045213	2.44073773797788	NA	NA	LHFPL3-AS1	Intron
chr7	105828206	105828621	137.816173689734	-0.38869418565171	3.42094670902362	-0.113621818377477	NA	NA	ATXN7L1	Intron
chr7	105921175	105921987	19.6979396176583	8.89348525491193	4.24821162546833	2.09346568367613	NA	NA	CDHR3	Intron
chr7	106674276	106674583	58.9375457467275	1.32939415330971	3.24817320567073	0.409274404144714	0.682338297187621	1	CCDC71L	Intron
chr7	106959387	106959633	31.6301383299896	1.4147206670955	3.69126414776523	0.383261834012069	NA	NA	NA	NA
chr7	106984048	106984243	31.5997766915014	15.8004256218466	3.34606318418375	4.72209422001724	NA	NA	PRKAR2B	Intergenic
chr7	107821831	107822177	51.5907349324222	-0.423308010275808	3.47297094082696	-0.121886424472936	NA	NA	SLC26A3	Intergenic
chr7	108180587	108181006	63.2282795005501	-1.55278333667056	3.39262742857998	-0.457693445377966	NA	NA	LAMB4	Intron
chr7	108649852	108650479	18.2397761796549	-7.8463651118178	4.0402192595048	-1.94206418212548	NA	NA	LOC105375448	Intergenic
chr7	108823768	108824509	82.8236345052144	-0.0622207217406399	3.49669337620996	-0.0177941600953528	NA	NA	NA	NA
chr7	109246757	109247293	22.3655610604912	-20.6520933714429	4.25116432486624	-4.85798519964119	NA	NA	LINC02903	Intergenic
chr7	109700702	109701049	56.1669952165289	-5.54728474883509	3.88682399330405	-1.42720245588469	NA	NA	NA	NA
chr7	109920293	109921160	4.65037394198087	5.73821155536539	4.2574952017568	1.34779049263463	0.177725776656373	NA	EIF3IP1	Intergenic
chr7	109938755	109939034	42.0758698245448	-7.46632170187983	3.87756891315961	-1.92551618529352	NA	NA	NA	NA
chr7	110177919	110178470	82.1768001696881	-1.44482784862274	3.96504981866873	-0.364390843671126	NA	NA	NA	NA
chr7	110477604	110478247	36.1581384421768	-6.7926679494708	3.88302876001812	-1.74932208059131	NA	NA	LOC105375451	Intron
chr7	111333408	111333879	112.646936149697	6.54881581638518	3.41892778227482	1.91545894895383	NA	NA	IMMP2L	Intron
chr7	111901142	111901541	39.2340037550652	18.7044190760463	4.07628684229751	4.58859246163941	NA	NA	DOCK4-AS1	Intron
chr7	112286522	112286874	52.212471347302	9.40839676278281	3.97974235290991	2.36407182387161	0.0180753079284673	0.0599255075735189	ZNF277	Exon
chr7	112590101	112590547	61.5299598395997	6.12074826576316	2.8965847883076	2.11309135174302	NA	NA	LOC101928012	Intron
chr7	112885268	112885810	32.8957817066422	21.7096738095829	3.63746415687933	5.96835401622437	NA	NA	SAMTOR	Intron
chr7	112999200	112999805	66.88552631305	6.58489471777908	3.73048992408773	1.76515547603024	NA	NA	HRAT17	Intron
chr7	113373309	113373928	9.56479694826901	-0.654311620748032	4.40735632388039	-0.148458979185044	NA	NA	LOC124901813	Intergenic
chr7	113627784	113628446	22.9034446498748	9.17786039564584	3.66340815936239	2.50527923627359	0.0122354753669817	0.0523094634955363	NA	NA
chr7	113666170	113666473	13.8615023430835	-8.14292629700113	4.12959866527274	-1.97184447134727	0.048627363876702	0.102768034315388	NA	NA
chr7	113793705	113794280	21.7073787699139	2.29636041410046	3.68586666649303	0.623017765394472	NA	NA	LOC124901814	Intergenic
chr7	113942175	113942763	73.8348225776513	1.21880291066667	3.27936877287549	0.371657777785684	NA	NA	PPP1R3A	Intron
chr7	114456486	114456729	40.70402749357	7.46218567549059	3.82686605210618	1.94994692102789	NA	NA	NA	NA
chr7	114465620	114466000	28.0253272136213	-7.06457267211608	3.41140978545447	-2.07086603967601	NA	NA	NA	NA
chr7	114510324	114510555	37.9779842771614	-7.01494494842953	4.24884699546252	-1.65102319662747	NA	NA	MIR3666	Intron
chr7	115075637	115076103	68.2525611457815	-0.675840452829592	3.28056909074071	-0.206013174585204	NA	NA	LINC01393	Intron
chr7	115164084	115164566	4.43620709387529	3.21543279509328	4.30669690517758	0.746612279872222	NA	NA	LINC01392	Intron
chr7	115752586	115752975	37.3305495333113	-7.61910237688622	4.14257330854479	-1.83921968530297	NA	NA	LOC102724407	Intron
chr7	115856142	115857028	68.5237828694871	-7.6301788457698	3.64900003787077	-2.09103282175412	NA	NA	NA	NA
chr7	116207140	116207611	28.0644514051872	-19.4298442471139	4.25703276307961	-4.56417540772178	NA	NA	TES	Promoter
chr7	116308357	116309132	51.2979218866768	14.1793008838777	4.25383062374196	3.33330170805075	NA	NA	CAV2	Intron
chr7	116746065	116746498	42.1873981241288	10.0616976663337	3.97323364240677	2.53236999680666	0.0113294372727735	0.0511552465296046	COMETT	Intron
chr7	116768438	116768964	7.03393188663029	1.16511755664781	4.09356198471549	0.284621940744543	0.775933799932117	1	NA	NA
chr7	116861598	116862224	117.866695154037	-17.004269014599	3.81475198524228	-4.45750315626851	NA	NA	CAPZA2	Intron
chr7	117414537	117414876	42.1222561529575	1.68278288515613	3.48470684674367	0.482905150752819	NA	NA	NA	NA
chr7	117424585	117425063	22.2578502089144	-21.4967671964804	4.24927022404451	-5.05893154896123	NA	NA	ASZ1	Intron
chr7	118139674	118139988	26.9984499581732	-2.17241682211722	3.94216061488275	-0.551072631063216	NA	NA	LOC105375470	Intergenic
chr7	118425343	118425993	59.7075696822153	-0.410053833559993	3.9794382192322	-0.103043146034595	NA	NA	NA	NA
chr7	118608762	118609786	5.78210686392853	6.52283482952655	4.25311166515177	1.53366178531637	NA	NA	LOC105375473	Intergenic
chr7	118640454	118640867	33.9526047942768	-8.46659426244483	3.28893164700784	-2.57426884202578	0.010045218543615	0.0492306709468289	NA	NA
chr7	118884548	118884923	83.2571043379752	-1.14532495498877	2.97817532113116	-0.384572710297579	NA	NA	NA	NA
chr7	119782420	119782704	49.4403221926573	1.19113976774335	2.72179491093965	0.437630242806257	NA	NA	LINC02476	Intron
chr7	120130123	120130480	150.234162078875	2.66117299757704	3.61490572854132	0.736166638196364	NA	NA	LOC105375477	Intergenic
chr7	120278247	120278554	34.5772608355289	8.50855290847518	4.149401015648	2.05054967605883	NA	NA	KCND2	Intron
chr7	121419298	121419909	65.7826685062395	-0.0132975645166375	4.35684110885061	-0.00305211142302721	NA	NA	FAM3C	Exon
chr7	121541583	121542085	57.5319737888289	-5.53274036207272	3.46374091641508	-1.59733089038282	NA	NA	NA	NA
chr7	121605182	121605792	39.7091115712123	-7.99353203291546	3.23868938329749	-2.46813790607385	0.0135817983638932	0.0527900768789056	LOC124901737	Intergenic
chr7	121717154	121717931	98.4366095436031	1.48425704962206	2.99085008933975	0.496265946231266	NA	NA	PTPRZ1	Intron
chr7	122134773	122135765	11.7127936775899	-0.397565988703918	4.08771052319622	-0.0972588412138973	NA	NA	AASS	Intron
chr7	122161427	122161973	11.4485122676785	-5.93791046418556	3.89556569524608	-1.52427424633907	0.127440217721452	0.23334829649586	LOC102724527	Exon
chr7	122314715	122315166	108.436523401808	-1.20072009829091	3.0124000803497	-0.398592506394941	0.690193484049413	1	FEZF1	Intron
chr7	122560047	122560327	27.7963483301306	9.45804945345103	3.63310448962247	2.60329684446644	0.00923319709334529	0.0491733696628446	RNF133	Intron
chr7	122689504	122689994	79.9861339392378	0	4.18028967089952	0	1	1	NA	NA
chr7	122720404	122720826	16.9124949077825	3.14465027289317	4.08864110398763	0.769118685870034	NA	NA	RNF148	Intron
chr7	122909816	122910646	72.0745625491382	2.439816932683	3.30815584709647	0.737515717351828	NA	NA	CADPS2	Intergenic
chr7	123046815	123047256	29.5158842488768	-6.19921309787334	3.85757566357347	-1.60702307317303	NA	NA	TAS2R16	Intergenic
chr7	123172493	123173087	123.886590229668	0.601648769060791	3.35943294460752	0.179092358437022	NA	NA	SLC13A1	Intron
chr7	124307617	124308047	24.9275897352187	-18.2729561131477	4.27097816380568	-4.27840073452062	NA	NA	LOC105375484	Exon
chr7	125817690	125818111	10.5447091455316	8.06389021657912	4.2491251170388	1.89777659976245	0.0577255170033814	0.116956917059025	LOC105375487	Intron
chr7	126555408	126555967	28.5546221943827	-0.233662145553558	3.65833693376892	-0.0638711386577598	NA	NA	LOC101928357	Intron
chr7	127053752	127054171	33.1965890257046	-9.40761222079747	4.00833556800023	-2.3470121353864	0.0189246383975295	0.0605663766893987	NA	NA
chr7	127075687	127076618	74.885504409341	-6.96463134211713	3.2366737766802	-2.15178662499025	NA	NA	MIR592	UTR
chr7	127080041	127081227	28.0490059468436	-8.84828659309183	3.35231379426087	-2.63945654736738	NA	NA	NA	NA
chr7	127188203	127188704	30.2803919267532	6.30758688328657	3.61377630594712	1.74542814753262	NA	NA	GRM8-AS1	Intron
chr7	127409742	127410105	16.3619952486754	-1.8864341850187	4.088430823018	-0.461407876684133	NA	NA	ZNF800	Intron
chr7	127508202	127508563	34.3358351393937	8.80258686414351	4.00354024239515	2.19870073264888	0.0278992088330946	0.0722279517567892	LINC03012	Intron
chr7	128081950	128082678	46.4192662595357	0.375402931301997	3.95659038851898	0.0948804132950737	NA	NA	NA	NA
chr7	128102186	128102988	10.0604890031611	6.99576087183977	4.19248265951448	1.66864396110584	NA	NA	MIR593	Intergenic
chr7	128150716	128151089	39.0415966773003	-9.63918386752995	3.44738135388979	-2.79608864759153	0.00517252105273466	0.0469937533794141	NA	NA
chr7	128169598	128170172	25.8243385571277	0.345504597560578	4.0836402132012	0.0846070122543273	NA	NA	LOC124901744	Promoter
chr7	128386922	128387281	39.6363923938885	-7.79564937184916	3.90152187576909	-1.99810474478307	NA	NA	LOC107986845	Promoter
chr7	128501084	128501784	119.514000247565	0.382877135987384	2.96375101035233	0.129186674133556	NA	NA	LINC01000	Exon
chr7	128826226	128826931	11.009393187151	-5.90449776314182	4.25305672642686	-1.38829508820175	NA	NA	FLNC	Intron
chr7	128848480	128849244	110.740556456696	2.88919661847537	3.11119062693443	0.928646606692243	0.35307225985208	0.607127944985495	FLNC-AS1	Exon
chr7	128945192	128945859	60.8378161458266	-2.37202786248151	4.00601873343341	-0.592116018501124	NA	NA	IRF5	Exon
chr7	129038737	129039440	50.6623868918599	-24.0305604818735	3.9740567833773	-6.04685886280955	NA	NA	TNPO3	Intron
chr7	129348668	129348888	52.4966641928186	0.155164259692663	3.06893271194144	0.0505596812497412	NA	NA	LOC107986847	Intron
chr7	129445295	129446247	59.6822845553203	9.10986706947123	3.70289249600842	2.4602029573614	NA	NA	STRIP2	Intron
chr7	129528338	129528944	36.2430460180878	-4.75895727450908	3.35065617810449	-1.42030605993161	NA	NA	SMKR1	Intron
chr7	130018349	130018946	40.3932853663636	-9.68106393582229	3.75272146258301	-2.57974486845042	0.00988733328760456	0.0492306709468289	NA	NA
chr7	130059343	130060059	41.0560527102123	-9.71453638131694	3.67546674840806	-2.64307557278938	0.00821566956322875	0.0481572580687371	ZC3HC1	Intergenic
chr7	130739813	130740373	15.5635584630847	8.62606765419551	4.08329446616775	2.11252647235389	0.0346413178385305	0.0819434218921584	KLF14	Intergenic
chr7	131231175	131231536	58.7260021498578	0.399698190208419	2.95184108085161	0.135406405446836	NA	NA	NA	NA
chr7	131327826	131328300	51.8917537137163	8.38407074953688	3.05097857260435	2.74799397964311	NA	NA	MKLN1-AS	Promoter
chr7	131544229	131545269	4.93248717466667	-1.15026085554738	3.86883289496246	-0.297314690703007	NA	NA	NA	NA
chr7	131647618	131648991	99.7523081441519	-7.99082491871479	2.97159647693535	-2.68906797431522	NA	NA	PODXL	Intergenic
chr7	131870603	131871316	63.8163734538779	-0.446256009656709	3.13483124770916	-0.142354077267419	NA	NA	NA	NA
chr7	131961720	131962084	100.376236677197	9.89457588391015	3.29543627489689	3.00250863877492	NA	NA	NA	NA
chr7	132025657	132026183	118.205750522956	0.623117502756548	2.52558607234918	0.246721942910048	0.805123423449422	1	LOC101928782	Intergenic
chr7	132153084	132153719	90.0036111014058	8.08250222135708	3.05553256187494	2.64520245086097	NA	NA	PLXNA4-AS2	Intron
chr7	132179105	132179686	56.2013508446225	18.8015999602567	3.55715371464515	5.28557421706256	NA	NA	NA	NA
chr7	132511014	132511690	112.650844702835	6.38554363773716	3.28362378479166	1.94466359615016	NA	NA	LOC102724906	Intron
chr7	132575546	132576002	156.765382546738	4.02229153298943	2.26770918738706	1.77372458309968	0.0761087180908689	0.148396077951234	PLXNA4	Intron
chr7	133101573	133102119	77.4972764429581	6.97937931408442	3.66653312562019	1.90353641299882	NA	NA	LOC105375512	Intron
chr7	133355159	133355706	29.7763215500493	-2.52022285355355	3.68846999556549	-0.68327053129984	NA	NA	MIR6133	Intron
chr7	133392873	133393457	6.02375276167717	-6.65175926795948	4.25063093410644	-1.5648875122483	NA	NA	NA	NA
chr7	133672078	133672579	25.5705233131139	-0.654272569563558	4.00337464826819	-0.163430262477829	0.870179677179715	1	LOC101928861	Intron
chr7	134551710	134552121	56.7749822902362	-23.1121324203087	4.15409557914559	-5.56369779653995	NA	NA	AKR1B15	Promoter
chr7	134729280	134729597	46.9818304429187	-21.1909219900698	4.24981094337664	-4.98632110284717	NA	NA	CALD1	Intron
chr7	134927069	134927620	75.5720700068673	6.99133328894637	3.64765368122242	1.91666586247941	NA	NA	AGBL3	Intron
chr7	135195727	135196376	51.4981868966773	-5.97398370100952	3.17522509792046	-1.88143628145357	NA	NA	MIR6509	UTR
chr7	135456882	135457515	21.6356693792191	8.12420317291722	3.54169066374581	2.29387711808936	0.021797558107914	0.0651132184505638	CNOT4	Intron
chr7	135794543	135795357	17.4110075867535	-3.26110332933245	3.92424506973318	-0.831014187794899	NA	NA	FAM180A	Intron
chr7	135907771	135908138	18.6044667733649	-22.0726913803529	4.18483787058022	-5.27444361358081	NA	NA	MTPN	Intron
chr7	135966844	135967304	43.6109462379268	-8.63582445299104	3.98979088720053	-2.16448046956427	NA	NA	NA	NA
chr7	136487332	136487693	31.7363726860679	-9.33447852610952	3.73233061961193	-2.50097847094802	0.0123850707114488	0.0524676631957742	LOC105375524	Exon
chr7	136611811	136612293	110.632407677456	-8.63225799500001	3.13651396513418	-2.75218222872817	NA	NA	NA	NA
chr7	136984930	136985393	13.8704485979095	4.00944871324768	3.79591551355749	1.05625341210244	NA	NA	MIR490	Intron
chr7	137051012	137051364	10.5095692416005	-6.15190687417706	4.1928106220479	-1.46725130914028	NA	NA	LOC349160	Intron
chr7	137340175	137340883	113.991326334468	-6.61975758755139	3.02835120758026	-2.18592796336881	NA	NA	PTN	Promoter
chr7	137640435	137640961	25.0803806056591	-22.9382330210058	4.10709758835376	-5.58502264130521	NA	NA	DGKI	Intron
chr7	138154202	138154589	24.672861989417	-8.97247358788815	3.4254219161764	-2.61937764382135	0.00880903677389238	0.0487403174916465	LOC107986749	Intergenic
chr7	138294977	138295410	45.7062603184569	-21.5443515270876	4.24916063148221	-5.0702605515698	NA	NA	LOC124901754	Intergenic
chr7	138513291	138513782	108.960917083861	-0.0628231138909506	2.62686108321828	-0.0239156589940353	0.980919883784457	1	TRIM24	Intron
chr7	138557844	138558126	52.5448985544916	7.9032554033889	3.30940247667738	2.38812155943139	0.016934739384417	0.0588924518890918	LOC124900246	Intron
chr7	139548030	139548316	114.46216778279	22.9654590897083	4.1982948839055	5.47018723666795	NA	NA	CLEC2L	Intergenic
chr7	139745507	139746088	20.6285594319333	19.9632965128365	4.25056892392789	4.6966175281752	NA	NA	TBXAS1	Intron
chr7	141266038	141266247	86.7258495912773	-1.69888077552413	3.01539893145506	-0.563401663972981	NA	NA	TMEM178B	Intron
chr7	141482997	141483585	26.8131316141211	1.35212058717152	3.80190420682777	0.355642991936321	NA	NA	NA	NA
chr7	141530464	141531056	66.837197252053	10.7263424805091	3.75766156818098	2.85452595607261	NA	NA	NA	NA
chr7	141576537	141577397	67.8237947538093	-8.17809723915768	3.24893653301101	-2.51716127910276	NA	NA	AGK-DT	Intron
chr7	141838897	141839609	15.3145395135291	-4.49335123595704	3.66014206090689	-1.22764394419262	NA	NA	PRSS37	Promoter
chr7	141965804	141966115	56.5255387828181	0.410343377830068	2.946540599687	0.139262760497397	NA	NA	NA	NA
chr7	142052707	142053282	38.1446233915398	1.67521072502402	3.75532028252733	0.44608997342208	NA	NA	TAS2R38	Exon
chr7	142692706	142692927	47.1567828657987	-8.75801638367046	3.99970161581171	-2.18966743645278	NA	NA	NA	NA
chr7	142757470	142757956	33.0347166746415	7.49095445367179	3.80015978309176	1.97122091734186	NA	NA	LOC105375541	Intergenic
chr7	142872662	142873105	28.4099117821944	9.4892126055145	4.04357289858618	2.34673958983956	0.0189384858495841	0.0605663766893987	NA	NA
chr7	142882428	142883527	81.5016014575133	7.54331868639659	3.88181347048862	1.94324604820516	NA	NA	NA	NA
chr7	143284917	143285467	24.544934373815	-8.55769133463313	3.78550664235865	-2.26064623394798	NA	NA	TMEM139-AS1	Promoter
chr7	143451265	143451861	6.099602719595	-3.69148701051582	4.13550945114093	-0.892631743229941	NA	NA	NA	NA
chr7	143498837	143499424	15.6073279340582	-2.43033284206094	4.06947971533737	-0.59720972017659	NA	NA	LOC105375547	Intron
chr7	143989267	143989878	94.6708894600209	0.352182740988691	2.94367705730867	0.119640413718033	0.904768004119911	1	OR2A25	Intron
chr7	144093431	144093838	9.99254950715873	0	4.40735632388157	0	NA	NA	OR2A12	Intron
chr7	144452508	144452898	68.3153092376663	-24.4104010222825	3.38211912636486	-7.21748705774273	NA	NA	LOC124901817	UTR
chr7	144535527	144535781	48.3114059634253	-7.34871352372832	3.28403616230166	-2.23770785720517	NA	NA	NA	NA
chr7	145440507	145441019	28.2523410436645	-15.2101561259153	4.16953593474842	-3.64792541998635	NA	NA	LOC105375553	Intergenic
chr7	145805095	145805334	27.0952243813421	-1.35263997759438	3.23168166860472	-0.41855606965719	NA	NA	NA	NA
chr7	147442272	147442667	53.2126723261495	7.91874193347564	2.89148292406785	2.73864385210868	0.00616931643564135	0.0469937533794141	MIR548F4	Intron
chr7	147962995	147963246	79.6201327007803	-22.6675288266283	3.47973737722497	-6.51414930764266	NA	NA	LOC105375556	Intron
chr7	148031042	148032053	86.4905372959215	0.647620687780065	3.30427356058484	0.195994876303595	0.844614176341782	1	NA	NA
chr7	148881142	148881710	72.1262411408102	-8.56353343480732	3.26400343925615	-2.62362880253549	NA	NA	EZH2	Promoter
chr7	148995089	148996028	4.31864750795342	-5.62839554089396	4.2543217654834	-1.32298303963721	0.1858410181151	NA	GHET1	Intergenic
chr7	149195170	149195890	37.0602636204944	4.97040971006844	3.23864909102023	1.53471696697547	NA	NA	NA	NA
chr7	149203994	149204605	52.9325939796852	-8.70728824808083	3.67240437657858	-2.37100475743171	NA	NA	ZNF282	Intron
chr7	149308723	149309196	11.1358778405653	-0.616996366633907	4.08854291647165	-0.150908619339226	NA	NA	LOC124901770	Intergenic
chr7	149382149	149382499	97.4998840580615	1.37300233212676	2.91616077297456	0.470825321035461	NA	NA	LOC101928733	Intron
chr7	149843593	149844001	31.8034688147907	0	4.40735632387861	0	NA	NA	ZNF862	Intron
chr7	150003269	150003979	147.581925892179	0.892706254368607	2.95019553468334	0.302592232912597	0.762200634380844	1	LOC100134040	Intron
chr7	150409380	150409942	37.029176864716	-7.61131136952599	3.17242793119728	-2.39920702206574	NA	NA	LINC00996	Intron
chr7	151080977	151082126	106.252630378362	-0.245550267301789	2.68471862969305	-0.0914621981558876	NA	NA	FASTK	Promoter
chr7	151341691	151342119	16.4164034698625	-4.84828882244483	3.67459658995549	-1.31940709782881	NA	NA	NUB1	Promoter
chr7	151398092	151398588	82.1372367634436	2.78835219043805	3.48032055865687	0.801176829387846	NA	NA	WDR86-AS1	Intron
chr7	151553350	151553873	36.3144445877155	-7.30779484537077	4.11904137495766	-1.77414941490989	NA	NA	RHEB	Intergenic
chr7	151580135	151580559	33.4170162062145	19.796920201609	3.81257899485994	5.19252721800621	NA	NA	NA	NA
chr7	151649388	151650002	16.7103014166621	-2.16293895730241	4.08928437872009	-0.528928476717824	NA	NA	NA	NA
chr7	151877470	151877912	11.1593770612927	-4.57802210456462	4.18118610687426	-1.09490991014199	NA	NA	PRKAG2	Promoter
chr7	152281172	152281521	21.785503642138	0	4.40735632387952	0	NA	NA	LOC731075	Intron
chr7	153034836	153035250	77.6797720131773	-1.54966301954947	3.48859340172117	-0.44420855086893	NA	NA	ACTR3B	Intergenic
chr7	153144414	153144840	26.8656858903501	20.9918188325109	4.24849894266303	4.94099660040231	NA	NA	LOC105375577	Exon
chr7	153350341	153350811	65.2458597128704	1.60834103749995	3.35107204458576	0.479948212423096	0.631264217826447	0.978932198027035	NA	NA
chr7	153433408	153433840	106.101256318701	-8.5503376040604	3.32686775871114	-2.57008640685281	NA	NA	LOC105375578	Promoter
chr7	154155838	154156196	32.3420323311313	5.51482086661248	3.39221518566145	1.62572848854727	NA	NA	NA	NA
chr7	154301175	154301718	31.7231945148381	8.23352197650486	4.24804041206502	1.93819294965286	NA	NA	LOC101929998	Intron
chr7	154574346	154574789	29.9334568992153	-5.96676486031119	4.09324788333421	-1.45770914207397	NA	NA	NA	NA
chr7	154740794	154741193	69.1753092583728	-8.19389433209028	3.48002998410862	-2.35454704974017	NA	NA	LOC105375580	Intron
chr7	155113991	155114740	18.3731460636182	-19.5631684631561	4.25626809337026	-4.59631960064463	NA	NA	HTR5A-AS1	Intergenic
chr7	155252664	155253196	27.6048648696472	-15.255646148577	3.9650296472546	-3.84754907422697	NA	NA	LOC105375587	Promoter
chr7	155412149	155413146	10.6750296191327	0	4.36633954460539	0	1	1	LOC105375594	Promoter
chr7	155561504	155562311	37.4579221686557	0.104622543765901	3.18001693909074	0.0328999957452476	NA	NA	CNPY1	Intron
chr7	155901424	155901908	44.8692521813395	9.17867737672624	2.8603214174449	3.20896711843156	0.00133212725689393	0.0372618780973083	LOC389602	Intergenic
chr7	155957305	155958478	45.8254208489614	-0.928702995979254	3.63177363551777	-0.255716101603026	NA	NA	LOC124901788	Intron
chr7	156235106	156236249	129.883653461574	5.51211828870863	3.44417470453512	1.6004177376515	NA	NA	LOC124901791	Exon
chr7	156382600	156383085	57.406930652774	-8.54770868967104	3.67198232499331	-2.32781858221134	NA	NA	NA	NA
chr7	156470931	156471189	48.2479603697373	-1.61578158170135	2.72152507432495	-0.593704462598834	NA	NA	LOC105375599	Exon
chr7	156657365	156658183	53.6187370863236	0.198737963497669	3.08325578268359	0.0644571769276606	NA	NA	RNF32-AS1	Promoter
chr7	157064670	157065471	33.3714078976359	5.0331086172772	4.25729355475816	1.18223198671653	NA	NA	MNX1	Intergenic
chr7	157513198	157513898	15.0532246801212	0.307522905744215	3.82148366286186	0.0804721236238164	0.935861766440717	1	LOC105375610	Exon
chr7	157582259	157582796	14.0639500905757	2.37404239835737	4.09040462090956	0.580393046257968	NA	NA	MIR153-2	Intron
chr7	157840357	157841038	78.5769483319332	2.07733464128221	3.78659869826701	0.548601741777636	NA	NA	NA	NA
chr7	157868474	157869011	18.9963225430448	0	4.40735632392273	0	1	1	PTPRN2-AS1	Exon
chr7	157936154	157936779	13.4831677854579	-22.1993956260836	4.24836395340926	-5.22539873455731	NA	NA	LOC105375613	Intron
chr7	157955729	157956494	58.3989370080627	0.482674755513108	3.69036211043109	0.130793331675716	NA	NA	NA	NA
chr7	158028752	158029134	39.7476029688975	8.12350266667605	3.39532338448496	2.39255639206464	0.0167314567177705	0.0588924518890918	NA	NA
chr7	158131148	158131587	26.6690190767129	21.9091242704559	4.24159570261995	5.16530235470653	NA	NA	NA	NA
chr7	158262864	158263353	136.350998100619	-1.65111151350183	2.74444017215487	-0.601620516363966	0.547426769001977	0.881981156608538	NA	NA
chr7	158332470	158333559	63.8544124625282	7.59492287662858	3.41489608132405	2.22405680751603	NA	NA	MIR595	Intron
chr7	158553425	158553784	115.052994577396	-0.0153602984632363	2.61204166043853	-0.00588057177489945	NA	NA	NA	NA
chr7	159055317	159055767	32.3014167650783	4.43316074941365	3.88142714610512	1.14214709758553	NA	NA	LINC00689	Intron
chr7	159205742	159206210	83.7059456686341	-8.75697920075788	2.82457659281572	-3.10028031211162	0.00193337576407316	0.0372618780973083	VIPR2	Intergenic
chr8	579386	580198	109.137891949273	-1.24224598712372	2.95195245326428	-0.420821814304645	NA	NA	TDRP	Intergenic
chr8	984000	984786	11.1310600425897	13.9083581853285	4.40735632388018	3.15571448352598	NA	NA	LOC124902044	Intron
chr8	1253006	1255165	57.6712937859933	10.5112836032493	3.68570020628976	2.85190954633572	0.00434574648622117	0.0440377898567808	LOC105379585	Intron
chr8	1493960	1494152	45.2008079190308	0.262653266411745	2.90572601957835	0.0903916145713759	NA	NA	LOC105377775	Intron
chr8	1695451	1695735	79.1001676680886	-1.31726921462892	3.73085174638579	-0.353074660740676	NA	NA	NA	NA
chr8	1709680	1710416	13.1534023328724	19.5438683762648	4.22694104882815	4.62364346947375	NA	NA	LOC105377778	Intergenic
chr8	2353798	2354195	123.888921644708	2.76811366673189	3.01056994452079	0.919464990929652	NA	NA	LOC105377782	Intergenic
chr8	3602086	3602575	47.34102397777	2.72662890595309	4.08393363683725	0.667647701558807	NA	NA	LOC105377791	Intron
chr8	4904597	4905175	14.9075712815748	20.714687348893	4.24919682817434	4.87496536087574	NA	NA	CSMD1	Intron
chr8	5387469	5388519	1.34649561801813	-3.98981054961712	4.26964108944192	-0.934460406867273	0.350066450324967	NA	LOC105377793	Intergenic
chr8	5837933	5838181	45.2802549925145	8.60896750584575	4.1956181072757	2.05189492602217	NA	NA	LOC107986908	Intergenic
chr8	6141661	6142152	37.5793442010954	7.2877655945155	3.80922987750411	1.91318608455592	NA	NA	LOC105377796	Intron
chr8	6212746	6213012	103.947253475357	-7.60434099383368	3.85623785931526	-1.97195849199612	NA	NA	LOC105377797	Intron
chr8	6405758	6406512	12.8483271304588	0.969118842252652	4.03190314479964	0.240362629618875	NA	NA	MCPH1	Promoter
chr8	6637968	6638657	41.3694251499515	0	3.9063400165477	0	NA	NA	ANGPT2	UTR
chr8	8351344	8352013	105.547800423459	-0.145729313662465	2.63999590563951	-0.0552005832096788	NA	NA	LOC105379222	Intron
chr8	8884767	8885092	54.2502816857071	10.4225842588591	3.7421502878853	2.78518591105248	0.00534970406189621	0.0469937533794141	LOC105379227	Intron
chr8	9230870	9231378	7.60215437486475	20.0189023020799	4.25013930245865	4.71017556777472	NA	NA	LOC124901883	Intron
chr8	9804860	9805925	43.0413566369039	22.4778889030594	4.24756958388862	5.29194129940092	NA	NA	LOC124902057	Intron
chr8	11382272	11382798	5.37474270245462	5.51747964753363	4.2592211155495	1.2954198661794	0.195175428493991	0.347144082741221	LOC105379244	Intron
chr8	12013363	12014174	3.26888309151436	0	4.40735632392419	0	1	NA	LOC105379245	Intron
chr8	13093688	13094356	75.6843510038849	0.307483344350313	3.55855613243662	0.0864067708662986	NA	NA	LOC101930149	Intron
chr8	14315106	14315388	48.8795611950372	0.343773694000821	3.06006734876343	0.112341871867539	NA	NA	LOC105379292	Intron
chr8	15792438	15792913	106.264480186206	6.86294125314408	3.46942639381794	1.97811986020886	NA	NA	LOC124902060	Intergenic
chr8	16727413	16727766	42.6476912733183	8.57626517576964	4.1306204002547	2.07626563197161	NA	NA	LOC101929028	Intron
chr8	17397465	17398167	14.6901148939965	-8.21857714815068	3.87395127582454	-2.1214972938454	0.0338799754328352	0.0807573838961698	MTMR7	Intron
chr8	17729881	17730593	8.15252433629024	-3.25114839299662	4.28467401814808	-0.75878547101276	NA	NA	MIR548V	Intron
chr8	17773339	17774082	35.1429011167504	-2.32807225936232	4.08407962949936	-0.570035961724798	NA	NA	NA	NA
chr8	17778228	17778746	30.1114291794812	21.9821088925462	4.24779497036122	5.17494583564539	NA	NA	MTUS1	Intron
chr8	17879763	17880144	38.7940938644649	8.03425501612785	3.92392941419073	2.04750243138225	NA	NA	LOC124901893	Intron
chr8	17935287	17936110	33.9432425958735	6.50156421462483	3.56685358439091	1.82277294562262	NA	NA	PCM1	UTR
chr8	18731481	18732080	24.3242496101579	3.76154892041391	3.29048520028486	1.1431593492924	NA	NA	LOC124901895	Intron
chr8	18991199	18991663	88.7915233825749	0.748129870862749	3.11599475756488	0.240093430531766	0.810257826963629	1	LOC105379303	Promoter
chr8	19894961	19895397	11.1349110560679	0	4.40735632388011	0	NA	NA	LPL	Intergenic
chr8	20035465	20035834	39.11838032179	1.26927723216822	3.88089496839863	0.327057867451631	0.743624117790951	1	NA	NA
chr8	20063432	20064015	24.1353780635721	-21.9415803777309	4.24864618976624	-5.16436987165036	NA	NA	LOC105379311	Intergenic
chr8	20948195	20948592	51.9285218170838	-6.93966567176636	3.21673181158056	-2.15736532550922	NA	NA	LINC03023	Intron
chr8	22921306	22921531	55.824189898764	1.13385923986726	2.45448796697032	0.461953472628687	NA	NA	LOC124901907	Intron
chr8	23246409	23246986	25.4211056482373	-4.34962152444288	3.18245231391767	-1.36675151593659	NA	NA	CHMP7	Promoter
chr8	23356204	23356709	12.5654452341445	1.27864591695818	4.00505293855558	0.319258181246243	NA	NA	LOXL2-AS1	Intron
chr8	23529401	23530061	1.79462638588673	0.307519272821614	4.40735632389683	0.0697740890960493	0.944373470807571	NA	SLC25A37	Promoter
chr8	23604768	23605166	58.2151368491054	-6.64539708624246	3.67356849698446	-1.80897595667469	NA	NA	LOC107986930	Intergenic
chr8	23700567	23701059	24.699640858746	0	4.25839785147908	0	1	1	NKX2-6	Intergenic
chr8	24068245	24069471	38.9282201578141	22.2261854656128	4.24773893281596	5.23247445691734	NA	NA	LOC107986931	Intergenic
chr8	24135442	24136151	40.43847471253	-6.6701239638345	4.16206741579309	-1.60259873218884	NA	NA	ADAM28	Intergenic
chr8	24220958	24221316	73.4336373044515	-23.3915157433666	3.88995518598267	-6.01331239692867	NA	NA	NA	NA
chr8	25217449	25218128	29.9181787245502	7.1741758081896	3.87434902108609	1.85171128598488	NA	NA	DOCK5	Intron
chr8	25728921	25729310	41.681964691559	-20.466797604812	3.80188171813226	-5.3833336022002	NA	NA	LOC105379333	Intergenic
chr8	26532509	26532780	57.1243600572511	-0.0656956958920687	2.53043814029103	-0.0259621821399329	NA	NA	PNMA2	Intron
chr8	26767056	26767296	58.6724635349421	0.568999965890749	2.72618589882989	0.208716495135189	NA	NA	LOC124901918	Intron
chr8	26892500	26893058	58.8480375997669	0.68253778157605	3.6324139391935	0.187901982814104	NA	NA	ADRA1A	Intergenic
chr8	27048398	27048867	84.388618899129	2.99551819022102	3.18339425581824	0.940982470124825	NA	NA	MIR548H4	Promoter
chr8	27288356	27288885	67.1138933645268	22.4312398433286	4.24755701017709	5.28097440236438	NA	NA	TRIM35	Intron
chr8	27616934	27617379	71.2261357725505	0.328946584655464	3.44558077945516	0.0954691257325506	NA	NA	CLU	Promoter
chr8	28421179	28421840	35.4877719223932	-3.86752353594804	3.13631013634091	-1.23314448119605	NA	NA	ZNF395	Intron
chr8	28502572	28503075	26.7413505502716	-8.05163539941437	3.14069931962788	-2.56364413781844	NA	NA	MIR4288	Promoter
chr8	28701536	28702050	47.5387324216971	-6.69376513403422	2.81751784833445	-2.37576671891934	0.017512530632114	0.0599255075735189	EXTL3-AS1	Promoter
chr8	29276551	29277090	35.7872634980069	0.772447923406583	3.91359935080906	0.197375319792736	NA	NA	KIF13B	Intergenic
chr8	29422118	29422471	59.0166897079581	0.715241232425131	3.63871678976676	0.196564138884515	NA	NA	LOC105379349	Intergenic
chr8	30772745	30773260	13.4849128018799	0	4.40735632388004	0	NA	NA	LOC105379356	Intergenic
chr8	31165937	31166360	24.6372591227421	-8.10695459994722	4.24780022021268	-1.90850656331981	NA	NA	LOC101929492	Intron
chr8	31246932	31247391	20.9104221599918	-7.77672603140772	4.10239936178994	-1.89565309117409	0.0580059319692635	0.117270127104888	NA	NA
chr8	32349154	32349573	70.3081661497134	-8.92888390178402	3.14832899091756	-2.83607079423481	NA	NA	NRG1-IT3	Intron
chr8	33472910	33473165	62.159647240099	7.16060621980796	3.20174216340361	2.23647185012421	NA	NA	POFUT3	Promoter
chr8	34555112	34555603	53.7288106532651	22.1786279062554	4.24767658017291	5.22135513089197	NA	NA	LINC01288	Intergenic
chr8	37371006	37371478	70.872814563381	8.62833809288519	3.89463447661738	2.21544233346879	NA	NA	LOC100507403	Intergenic
chr8	37482532	37483039	29.2217731940096	-5.18462780092566	4.12901940779669	-1.25565595335679	NA	NA	LOC105379379	Intron
chr8	37849426	37849879	48.3839113894761	-0.850870269275944	3.73250294713958	-0.227962383774676	NA	NA	BRF2	Promoter
chr8	38290850	38291194	34.5397213509194	6.9595387197079	3.07187509186218	2.26556696206323	NA	NA	NA	NA
chr8	38312549	38313002	6.88997803376316	-5.47694272622509	4.25512546004595	-1.28714012727746	NA	NA	PLPP5	Intron
chr8	38336243	38336904	142.49939115708	7.55948482310365	3.03955394122519	2.48703756185243	NA	NA	NSD3	Intron
chr8	38516132	38516495	50.8207096491391	0.121930989883675	4.03407397349265	0.0302252736773958	NA	NA	LOC105379384	Exon
chr8	40349644	40350436	27.8622539591584	21.581310603057	4.24807383612825	5.08025788523641	NA	NA	LOC105379388	Intron
chr8	42121135	42121668	25.7210464258506	-0.314200059166893	4.08373090624579	-0.0769394620704183	NA	NA	AP3M2	Intergenic
chr8	42434606	42434965	88.9389150034113	7.1179807343854	2.93349615180645	2.42644965803079	NA	NA	VDAC3	Intron
chr8	42793734	42793974	34.0906408196629	-0.65302224190004	3.37868888592802	-0.193276819484572	NA	NA	CHRNA6	Promoter
chr8	43208455	43209241	44.5758745509715	-7.11379434445864	4.07402654947099	-1.74613352615053	NA	NA	HGSNAT	Intergenic
chr8	43484992	43485360	13.3225958872213	-14.6736278163	4.40735632388188	-3.32934910136239	NA	NA	LOC105379397	Intergenic
chr8	43893870	43894567	16.7240737073044	16.5869419307601	4.28411169746428	3.87173423619599	NA	NA	NA	NA
chr8	48038885	48039266	7.55651725664325	-5.63000813303051	4.25431365318912	-1.3233646110719	NA	NA	UBE2V2	Intron
chr8	48710594	48711028	120.939888990073	1.14661546806101	3.37398647774453	0.339839971388241	0.733977044644608	1	CLXN	Exon
chr8	49175052	49175505	89.7588815980861	5.5658491485474	4.13609682693585	1.34567670473777	NA	NA	LOC105375826	Intron
chr8	51063069	51063570	45.9394828870543	6.18810909704135	3.57973086167968	1.72865205127119	NA	NA	LOC105375831	Intergenic
chr8	52438219	52438858	4.44455996244042	6.620204980942	4.25271555165914	1.55670063057926	NA	NA	ST18	Intron
chr8	53934078	53934368	73.5959758033633	8.15951135222306	3.60615387179352	2.26266311486174	NA	NA	RGS20	Intron
chr8	55120029	55120628	95.864273618531	-2.07565101139586	3.4153878445637	-0.607735081888193	NA	NA	XKR4	Intron
chr8	55939646	55940283	47.4791714943873	-4.56755209566888	3.41310850166095	-1.3382381759754	NA	NA	SNORA1B	UTR
chr8	57008528	57008843	65.0518806822553	22.1910733972385	3.8719664364596	5.73121532983361	NA	NA	BPNT2	Intergenic
chr8	57165545	57166047	21.9145537926012	8.66753676695004	4.12205401830211	2.10272275144037	NA	NA	NA	NA
chr8	57722400	57723089	23.2916143455823	3.51600003880711	3.48561110489281	1.00871839485238	NA	NA	LINC03018	Intron
chr8	58405762	58406822	38.7979349913753	-23.5615280170318	4.24752672524587	-5.5471170733288	NA	NA	UBXN2B	Intergenic
chr8	59035402	59036261	19.2267904634485	8.84667423089869	4.24825038927318	2.08242768675701	NA	NA	TOX-DT	Intron
chr8	59239643	59239958	3.67311955832537	-0.223843811409812	4.10316909878831	-0.0545538840882561	0.956493879175237	NA	NA	NA
chr8	59286842	59287410	21.4152698023557	18.4512646572032	4.00766627671624	4.60399229456841	NA	NA	LOC124900267	Intron
chr8	61479954	61480356	42.541416655088	0	4.22502330064347	0	NA	NA	LOC105375870	Intron
chr8	61628559	61628992	34.0230058344013	6.65402391598286	2.95358959580315	2.25286002003724	NA	NA	NA	NA
chr8	61638529	61639340	14.6592216879363	-22.0975788344495	4.24844091233899	-5.20133839457911	NA	NA	ASPH	Intron
chr8	62120425	62120994	2.62648966775455	5.79749839880988	4.25707491156206	1.3618502185771	0.173245159364259	NA	NKAIN3	Intergenic
chr8	62831092	62831510	37.5865452457689	-17.5761138515798	3.33164182771524	-5.2755112225353	NA	NA	GGH	Intron
chr8	63336793	63337059	43.3729169821791	-6.20878804980191	4.1364446296187	-1.50099629168111	NA	NA	LOC105375874	Intergenic
chr8	64340612	64341086	43.1541405993648	-9.78062539320191	3.4447912719015	-2.83925051511265	0.00452196404317525	0.0447440144443982	LOC105375877	Intron
chr8	64967445	64968149	16.1503901383382	-21.2890672822352	4.24933698591417	-5.00997387423141	NA	NA	LOC105375880	Intergenic
chr8	65099524	65099966	69.8473696733077	-1.14134715790792	3.40294571951026	-0.335399754208297	NA	NA	LINC00251	Intergenic
chr8	65433607	65433948	32.3472341868688	1.5313438464252	3.61975885577545	0.4230513433186	NA	NA	LINC01299	Intergenic
chr8	68663588	68664708	38.4116245322943	-1.17657769359454	3.1464208801684	-0.373941611248004	NA	NA	LOC107986951	Intron
chr8	69386847	69387497	29.8507720540954	6.93088528601162	4.22010651587892	1.64234842412932	NA	NA	LOC124901958	Intron
chr8	69943095	69943637	47.0110480805679	-7.86347551284993	3.87236972888796	-2.03066237559607	NA	NA	SLCO5A1	Exon
chr8	70366180	70366380	64.6979108333917	-0.836235598570305	2.86883339716573	-0.291489773995403	NA	NA	NCOA2	Intron
chr8	70516720	70516913	44.5260708439177	2.56048605037069	4.00489899852744	0.639338483020958	NA	NA	LOC105375890	Intergenic
chr8	70693583	70693999	81.7524079965189	-0.939008594881873	3.49631712470954	-0.268570773585042	NA	NA	LOC105375894	Intron
chr8	73293896	73294496	8.66857962388783	1.82359980434702	2.33118515770764	0.782262961102688	0.434060049510496	0.730842499591032	RDH10	Promoter
chr8	73309151	73309513	50.5408371298867	8.96485070873701	3.84383758611233	2.33226573909542	NA	NA	RPL7	Intron
chr8	73404052	73404640	4.52463667988861	-3.98195523065644	4.26976406715785	-0.932593737739474	0.351029767903511	NA	STAU2-AS1	Intergenic
chr8	74315186	74315772	58.7945278107132	-0.369936882421365	3.83418867121568	-0.0964837451006479	NA	NA	GDAP1	UTR
chr8	74320939	74321637	26.1731871619409	-0.654262325925307	3.91632935572065	-0.167060087775717	0.867322769956494	1	JPH1	Promoter
chr8	74468505	74469778	61.9994658528418	-3.01680276225693	2.95304829730699	-1.02158937427745	NA	NA	MIR5681A	Intron
chr8	74890731	74890969	122.843627600549	9.69567732538041	3.31345893682572	2.92614983623996	NA	NA	PI15	Intergenic
chr8	75521334	75521702	57.924898174234	9.47774535589069	3.81389374913987	2.48505752369954	NA	NA	NA	NA
chr8	75676310	75677001	15.1205342401189	7.08264418998455	4.24916323174867	1.66683269239102	NA	NA	HNF4G	Intergenic
chr8	75893134	75893695	50.0758501815622	4.31850995250393	4.00185459379896	1.07912715249466	NA	NA	LOC102724858	Intergenic
chr8	76546499	76546907	27.7092424019343	-8.15512726816303	3.10088978713498	-2.62993135131637	0.00854021116940289	0.0487403174916465	NA	NA
chr8	76549651	76550165	22.2739880832283	-2.00750239812104	4.086650587988	-0.491234167173906	NA	NA	ZFHX4	Intron
chr8	77881831	77882334	31.6767043134273	19.7245314613323	4.25056846924064	4.6404455319493	NA	NA	LOC105375909	Intron
chr8	79146292	79146873	29.9577670212008	7.14335033753109	3.84120042667512	1.85966613143232	NA	NA	LOC107986892	Intergenic
chr8	79809927	79810489	47.7844915968381	7.37491188561234	3.45671845156808	2.13350088789176	0.0328836588969088	0.0795384606726842	LOC124902076	Intron
chr8	80222690	80223477	39.4164733157065	5.10179652420615	3.8491668889187	1.32542876716871	NA	NA	LOC105375920	Intron
chr8	80253348	80253817	41.27436891687	-23.042656492233	3.91243088649947	-5.88960090560211	NA	NA	MIR5708	Intron
chr8	80710815	80712195	65.3924272097358	-4.75552427931895	3.13416955946098	-1.51731557246597	NA	NA	NA	NA
chr8	80774365	80775037	82.5903611038042	3.9007386679499	2.54056775501346	1.53538068813647	NA	NA	ZNF704	Intron
chr8	82190748	82191252	42.6894676724527	-3.31263647842954	4.02312879126043	-0.823398069091321	NA	NA	LINC02839	Exon
chr8	83546479	83546900	36.6066271139475	6.89352951586953	3.82659840991662	1.80147712861767	NA	NA	LINC01419	Intergenic
chr8	83574480	83574926	20.3669718688059	8.5888702064044	4.13376187248295	2.07773705195202	NA	NA	LOC105375932	Intergenic
chr8	83925944	83926452	57.9211697484415	8.59299540341211	3.45311377194062	2.48847734854184	NA	NA	LOC124901968	Intron
chr8	86188882	86189247	47.8423859479549	-6.98643310475701	3.29679213995492	-2.11916093225475	NA	NA	LOC105375623	Intron
chr8	86813568	86814454	66.0465753277313	7.06327426215321	3.39378679167545	2.08123688838632	NA	NA	CNBD1	Intron
chr8	86902194	86902725	82.9964361031391	-0.577713205739473	3.42665539248098	-0.168593902674641	0.866116076869821	1	NA	NA
chr8	87312456	87313048	73.6606771738538	-1.47398102657484	3.25927407796878	-0.452242122421764	NA	NA	NA	NA
chr8	87839630	87840235	20.1354741268956	-22.581134407427	4.24804109395207	-5.31565818409237	NA	NA	NA	NA
chr8	87868381	87869119	27.6021600735687	-15.2392630612057	4.40735632387999	-3.45768799736844	NA	NA	DCAF4L2	Exon
chr8	88327563	88328141	29.0226188720814	-6.38857449549396	3.21855615931364	-1.9849193797682	NA	NA	MMP16	Promoter
chr8	89392503	89392841	15.2068212459663	-1.39746552197419	4.08757320028332	-0.341881466948979	NA	NA	LOC112268015	Intergenic
chr8	91788304	91789008	17.5120851301197	-2.92158693072484	3.94398929661108	-0.74076948769492	NA	NA	RUNX1T1	Intron
chr8	91943740	91944188	34.3552115863022	-15.1926549512461	4.26919960999872	-3.55866587162239	NA	NA	NA	NA
chr8	92400647	92401131	41.4176124362763	1.67360278941089	3.71962733457866	0.449938297273124	NA	NA	LOC105375638	Intron
chr8	93474680	93475049	68.9507159409349	7.57130196532134	3.11609099444013	2.42974354049044	NA	NA	LOC105375641	Intron
chr8	95809291	95809835	27.9946469981446	8.51939049931229	3.81725023747259	2.23181347025156	NA	NA	SRSF3P2	Exon
chr8	96110435	96111465	15.1234026401249	7.40171782096359	4.25034120549913	1.74144085453356	0.0816063321972977	0.155218574709962	GDF6	Intron
chr8	96261096	96262181	23.865423488165	2.47907058710059	2.37592983251246	1.04341069049125	NA	NA	MTERF3	Promoter
chr8	96457461	96457824	42.8833866927391	-0.212128450928694	2.89445721584739	-0.0732878170619601	NA	NA	NA	NA
chr8	96563556	96564310	36.7070411492445	16.5469365046962	4.00519044601203	4.13137320877513	NA	NA	SDC2	Intron
chr8	96743960	96744391	22.7867017247954	-7.88511402194754	3.52720892805124	-2.23551090473794	0.025383826529063	0.0698304243087222	CPQ	Intron
chr8	97264960	97265685	10.4295934728154	7.06587275332319	3.60292096000173	1.96115119697763	0.0498613879353121	0.104428794507216	TSPYL5	Intergenic
chr8	97399701	97400518	76.8363019723994	10.9228951314203	2.97106602766349	3.67642288313945	0.000236527312680386	0.022044345541812	SNORD3H	Intergenic
chr8	98373612	98374924	27.0961975508548	3.21917892789042	3.3358754716173	0.965017715823098	NA	NA	LOC124901988	Intron
chr8	99913090	99913358	30.3925665451325	-7.53968101662738	3.42367545020499	-2.2022183838062	0.0276498860796935	0.0719823849895932	NA	NA
chr8	99945528	99945857	24.3067351492993	0	4.40735632392266	0	NA	NA	COX6C	Intergenic
chr8	100113334	100113863	15.388750102991	-18.8914825673019	4.26229430030306	-4.43223326131157	NA	NA	RGS22	Intron
chr8	100234430	100234904	25.7738461917369	1.90307285760181	3.31796722927878	0.573565899267632	NA	NA	SPAG1	Intron
chr8	101095189	101095588	41.3321137699427	-0.654255405368879	3.59488214364753	-0.181996343475405	0.85558559546497	1	LINC03090	Intergenic
chr8	101283866	101284078	106.792981392115	-16.5498692811809	3.36870458661067	-4.9128289096528	NA	NA	LOC107984005	Intron
chr8	101607347	101607931	44.4913434396721	2.49927701022551	3.62978314390906	0.68854719721188	NA	NA	NA	NA
chr8	101623799	101624355	97.5614863087037	-0.36065771408761	3.02240351673162	-0.119328114889709	NA	NA	GRHL2-DT	Intron
chr8	101901128	101901515	9.46399665027096	13.8589919343612	4.3250050891452	3.20438742815453	NA	NA	LOC124902079	Intron
chr8	102600818	102601236	51.1688745645567	8.915620264829	3.76899645898432	2.36551569147178	0.0180049802870571	0.0599255075735189	NA	NA
chr8	102621275	102622325	3.64140892832776	4.78983387610726	4.26718916724828	1.12247985462431	0.261658468334416	NA	LOC101927245	Exon
chr8	103277065	103277288	31.4610215090771	0.769969259711616	4.02101175310602	0.191486448433496	NA	NA	BAALC-AS1	Intron
chr8	103583387	103583841	71.036913869938	9.99001083526852	3.79384406988057	2.63321598127331	NA	NA	SLC25A32	Intron
chr8	105384785	105385194	29.3488791232241	9.52796504442435	3.73583499079461	2.55042448820732	0.0107591828733726	0.0503897408943882	LINC03084	Intron
chr8	106298957	106299424	4.09187303207839	-3.83753892101193	4.27214773097263	-0.898269245979058	0.369042024192908	NA	OXR1	Intron
chr8	107404309	107404713	37.8388085111284	-23.129892627531	3.84794109813412	-6.01097886834773	NA	NA	ANGPT1	Intron
chr8	108315106	108315529	48.3302839348063	0.498505826999148	3.70943861815041	0.13438848254826	NA	NA	LOC105375704	Intron
chr8	108719207	108720163	30.121281581235	-7.74113199778851	3.67816279646843	-2.10461918793293	NA	NA	TMEM74	Intron
chr8	108753741	108754281	71.1537041067209	8.64446703595809	3.46146840192961	2.49734102184472	NA	NA	NA	NA
chr8	109230785	109231254	42.0208793556823	7.31979274548026	3.69157283770064	1.98283849927759	NA	NA	NUDCD1	Intergenic
chr8	109361998	109362542	18.2425013978895	6.58372972942335	3.75996692197363	1.75100735353478	0.0799446433568433	0.152681163132332	PKHD1L1	Promoter
chr8	111327930	111328475	12.03753223311	20.2632508367705	4.24935619261219	4.76854608516922	NA	NA	LINC02237	Intergenic
chr8	113020621	113020873	57.7566284448784	8.58555065223054	3.18592147416121	2.69484063617448	0.00704223036926889	0.0475345008264353	MIR2053	Intron
chr8	113214460	113214669	58.2439481235214	0.445896032136732	2.76389378334051	0.161328931967064	NA	NA	LOC105375709	Intron
chr8	113840925	113841227	4.05162745962965	5.52726479287435	4.25325569446836	1.29953738733905	0.193759571412938	NA	CSMD3	Intergenic
chr8	115146614	115147197	38.470544527508	6.61610535793612	3.26998338277637	2.02328409152915	NA	NA	LOC107986901	Intergenic
chr8	115330587	115330836	20.8577356082718	-7.76054861324179	3.50368718461819	-2.21496617829125	0.0267623860750585	0.0708594994941889	TRPS1-AS1	Intron
chr8	115375049	115375569	31.9077012458152	13.5536709350374	4.21697685985028	3.21407287388308	NA	NA	NA	NA
chr8	115451257	115451830	14.6689049114642	-5.99052676768679	3.90681304494294	-1.53335383566435	NA	NA	NA	NA
chr8	115761576	115761840	67.6803227098692	-8.79629207209502	3.29239774768949	-2.67169787680362	NA	NA	TRPS1	Intron
chr8	116033990	116034763	7.04310774414005	-0.654288904902106	4.40735632388734	-0.14845382510961	NA	NA	LOC107986903	Intron
chr8	116223584	116224115	58.0338523613486	-0.354304378364237	2.92938662578037	-0.120948315680199	0.903731972662393	1	LOC124902005	Intron
chr8	116702992	116703628	16.5732791561128	-7.281003937009	4.17437981807591	-1.74421213553227	NA	NA	LOC105375713	Intron
chr8	116839294	116840109	96.5131720440852	-0.641474719011809	3.22099473114906	-0.199154227980674	0.842142102928868	1	RAD21-AS1	Intron
chr8	117739875	117740158	48.3495480296866	7.90652659440238	3.56852335871561	2.21562977165102	NA	NA	LOC105375721	Intergenic
chr8	118548276	118548943	28.6518323496074	-2.55146042554514	4.00391594663043	-0.637241255699279	NA	NA	SAMD12-AS1	Intron
chr8	119438803	119439659	49.8636007647133	-16.9943475310038	3.47285976973216	-4.89347358022304	NA	NA	LOC124902009	Intron
chr8	120162488	120163102	15.9835425600458	-8.35643124080799	4.24815144255608	-1.96707470385754	0.0491745990708712	0.103455364185219	COL14A1	Exon
chr8	120276403	120276966	9.38474597850184	-6.64325875635028	4.24911281138616	-1.56344607715489	NA	NA	MTBP	Intron
chr8	120709885	120710542	47.011987271355	0.155924688979953	3.62187714057348	0.0430507946371876	NA	NA	SNTB1-AS2	Intron
chr8	121768013	121768506	47.5276557390107	0.300310196816261	3.7710797495059	0.0796350692014955	NA	NA	LINC02855	Intron
chr8	122436558	122436938	37.9462930218317	-20.0089000746867	4.02686612901107	-4.96885156686362	NA	NA	SMILR	Intergenic
chr8	122973349	122973937	14.1945705876389	-6.97099321363294	3.89533403735041	-1.78957520633444	NA	NA	LOC124902013	UTR
chr8	123167609	123168032	54.5450953438584	6.1765683048545	3.45064330733272	1.78997588412836	NA	NA	FAM83A	Intergenic
chr8	123267710	123268485	4.32828813622073	6.75125204480098	4.25222286492237	1.58769948313239	0.112354309986711	NA	ZHX1-C8orf76	Intron
chr8	123573764	123574583	29.2303315075996	-1.80615331947014	3.72785665623146	-0.484501815929803	0.628029775902502	0.977938676308283	FBXO32	Intergenic
chr8	123747555	123747964	47.2816753612054	-0.577737975601759	3.35051371150143	-0.172432655213002	0.863097401499465	1	ANXA13	Intergenic
chr8	125490385	125491257	7.7464452775534	4.67299548686605	4.14543560024257	1.12726283495819	NA	NA	LINC02964	Intron
chr8	125902298	125902773	17.8979591941649	0.307538922916539	3.70378083503256	0.0830337799709025	0.93382467981381	1	NA	NA
chr8	125913511	125913931	48.9693425896526	-6.96119636067859	3.67489622874192	-1.89425657961006	NA	NA	LOC105375747	Intron
chr8	126940723	126941143	20.8665047506678	13.5470009953055	4.40735632387967	3.07372492709654	NA	NA	PCAT1	Intron
chr8	129406570	129407150	38.4782399754285	-6.04745604771399	4.25016519629409	-1.42287552798819	NA	NA	MIR3686	Intron
chr8	130005650	130005902	17.435469682121	8.64706134085318	4.2484305567951	2.03535428560148	NA	NA	MIR5194	Promoter
chr8	130030352	130030881	40.5417000564506	-8.44478341944324	4.11749366004347	-2.05095237945165	NA	NA	CYRIB	Intergenic
chr8	130063137	130063817	28.2109326703116	8.71172460813188	3.97734284983303	2.19033785545986	NA	NA	ASAP1-IT2	Intron
chr8	130241096	130241622	73.1829002257877	8.7314580211288	3.84060165300459	2.27346098606659	NA	NA	LOC124902027	Intron
chr8	130770328	130771055	39.5409369065229	-1.33392860731068	3.96069296216018	-0.336791723078466	NA	NA	LOC105375762	Intergenic
chr8	131306692	131307143	46.9693983743208	0.850210767444995	3.06876909541112	0.27705270126591	NA	NA	NA	NA
chr8	131468838	131469317	16.1360128094785	-5.67859404253398	3.80440776600367	-1.49263548804576	NA	NA	IADEN	Intergenic
chr8	131551017	131551341	34.9518501993776	5.09453052018152	4.25546753258733	1.19717292663352	NA	NA	NA	NA
chr8	133898421	133898966	18.8421933577913	21.3701145928841	4.24835202019442	5.03021277222365	NA	NA	LOC101927822	Intron
chr8	134934518	134935534	86.7323163512566	-8.00689127749271	3.31168468666788	-2.41776981659115	NA	NA	NA	NA
chr8	135007609	135008779	49.5726717165893	0.488321327396743	4.04545960781689	0.120708491676243	NA	NA	LOC101927845	Intergenic
chr8	135272992	135273624	46.8586815068652	9.24997039311734	3.69105034642671	2.50605370421787	0.0122087074827515	0.0523094634955363	LINC01591	Intron
chr8	135571204	135571814	8.6193187329953	6.52291541724914	4.25311127546114	1.53368087378384	NA	NA	LOC101927872	Intron
chr8	135950409	135950737	22.5528338403703	8.08213640334807	4.2480999009831	1.90252974076191	NA	NA	LOC107986979	Intron
chr8	136316273	136316491	29.3684652505115	-7.98332028339545	4.10839345565577	-1.94317325484133	NA	NA	LOC105375775	Intron
chr8	137007775	137008158	76.6975055025912	-0.689649119309163	3.55521139096296	-0.193982591601217	0.846189512882768	1	LOC124902073	Intron
chr8	137289206	137289661	43.6635034089247	-9.80109561580636	3.38851057765775	-2.8924494674534	0.00382250667019096	0.0414253048443951	NA	NA
chr8	138605462	138605963	47.2020712074416	-0.883196611093244	3.60940901977017	-0.244692858652379	NA	NA	FAM135B	Intron
chr8	139337526	139337989	28.0726892854901	-3.23012909055529	4.08965319759064	-0.789829585662244	NA	NA	NA	NA
chr8	139582581	139582993	36.3201120134058	-15.2175867279151	4.29005015332687	-3.54718154427964	NA	NA	KCNK9	Intergenic
chr8	139684554	139685859	29.9084393189374	-4.93053453612859	4.15014019121768	-1.18804047790056	NA	NA	NA	NA
chr8	139763229	139764151	59.5485381435012	8.6026711806778	3.33955382715002	2.57599416746618	NA	NA	NA	NA
chr8	140597542	140598100	15.7643508281264	-5.34755215933993	3.37794986950152	-1.5830762343815	NA	NA	AGO2	Intron
chr8	141440484	141440864	81.3977158071527	0.513132492701876	2.76536197772599	0.185557079628265	NA	NA	NA	NA
chr8	141489790	141490364	19.4974281874641	0	3.94513257578198	0	1	1	LOC124902031	UTR
chr8	142268127	142268856	33.9912239570888	17.9186013752613	4.26096411161453	4.20529272387411	NA	NA	LINC00051	Intron
chr8	142422587	142423079	123.01546005169	9.77262556517364	3.79178737993126	2.57731370089396	NA	NA	TSNARE1	Intergenic
chr8	142575224	142575586	97.1843836028933	0.600530602129567	2.82754888479075	0.212385577260854	NA	NA	ARC	Exon
chr8	142798800	142799592	29.0405236351495	-8.24546400683627	3.7344724736334	-2.20793273080788	0.0272489627926304	0.0717402071263603	LY6D	Intron
chr8	143475333	143475858	43.163422243812	-3.23167822676611	3.44344368375986	-0.938501838147524	NA	NA	MAFA	Exon
chr8	144179207	144179684	71.9404442242983	0.78943947506951	3.00212929112973	0.262959852329489	0.792581523570617	1	MROH1	Exon
chr8	144475355	144475772	28.0863702428852	7.5763941454919	3.70431622841144	2.04528816610804	0.0408264567012188	0.0914669654940767	FOXH1	Promoter
chr8	144496384	144497145	31.7601122643939	8.59474042513143	3.35798294105834	2.55949496349216	NA	NA	GPT	UTR
chr9	908605	909549	2.52171204812085	-5.64128844165043	4.25425715900128	-1.3260337188866	0.184828528779664	NA	LOC105375949	Intron
chr9	940435	941042	91.7762860670214	0.625211515447004	2.52761216670907	0.247352629363635	NA	NA	DMRT3	Intron
chr9	1380729	1381628	94.4160064150003	0.305002849698364	2.38689200187865	0.127782425622234	0.898321158358694	1	LOC102723803	Intergenic
chr9	2194410	2194777	54.9609897359226	21.3492075525561	4.14046071646102	5.1562396106499	NA	NA	LOC107987043	Intron
chr9	2480626	2481109	61.3076371998355	22.4028127213782	4.24766219790809	5.2741512101436	NA	NA	LOC105375956	Intron
chr9	3732346	3732547	39.7561780099646	0.334172619246883	3.06699763204319	0.108957573281288	NA	NA	NA	NA
chr9	3829297	3829824	15.8498286963234	8.65192536947284	4.24842591153298	2.03650141243746	0.0417000314161552	0.0920007663187841	GLIS3-AS1	UTR
chr9	4720188	4720656	8.09191610805689	0	4.40735632392314	0	1	1	AK3	Intron
chr9	4952965	4953496	36.1341631784235	-1.44178817193335	3.27146375212221	-0.440716535831416	NA	NA	JAK2	Intergenic
chr9	5383321	5383709	25.3010102275222	0	4.21316221772061	0	NA	NA	RLN1	Intron
chr9	5885230	5886218	11.9782376494526	0.378546438659902	4.33691464809264	0.0872847333590911	NA	NA	MLANA	Intron
chr9	6203905	6204373	31.923745624638	7.86248222140828	4.01724047337993	1.95718485699541	NA	NA	IL33	Intergenic
chr9	6392934	6393425	20.9575329440243	-7.76817163162442	3.50079840135084	-2.21897142909656	0.02648866834134	0.0707327241371613	UHRF2	Intergenic
chr9	7952446	7952877	9.08211861741389	15.4136924709797	4.3002158143329	3.58439974561389	NA	NA	NA	NA
chr9	8200792	8201478	10.9287280978451	-6.69061706665587	4.13929121139408	-1.61636780911641	NA	NA	LOC105375971	Intergenic
chr9	8842275	8842621	24.0144563351291	1.67186060972342	4.08487452171547	0.409280774926058	NA	NA	PTPRD-AS1	Intron
chr9	9300141	9300957	75.2605845276621	2.04390025550329	3.28503747532017	0.622184760709337	0.533820385451627	0.868273297104567	NA	NA
chr9	9790859	9791227	11.0034835103353	-6.83381862464866	3.87072700869611	-1.765512940927	0.0774775972585975	0.150132517940293	LOC105375972	Intron
chr9	10255314	10255599	48.733070612065	-1.36578635043889	2.80809254444861	-0.486375120769773	NA	NA	NA	NA
chr9	10465492	10465912	14.2586404930554	-1.04046244132881	4.00627438829426	-0.259708232758316	NA	NA	PTPRD	Intron
chr9	14460087	14460372	50.7166332201359	10.3228539613868	3.50157126000712	2.94806336780528	0.00319771509741246	0.0388003015522799	LOC124902121	Intron
chr9	15592181	15592606	46.2413487685177	6.37262102067551	3.66690351460731	1.73787529322488	NA	NA	CCDC171	Intron
chr9	16710724	16711564	54.3163077675381	0.461021448953149	3.29397031357877	0.139959199708836	NA	NA	NA	NA
chr9	16728237	16728755	46.0835975099106	-0.373944789539022	3.20870564096532	-0.116540696274814	NA	NA	BNC2-AS1	Promoter
chr9	18728805	18729292	23.8999617672903	1.44822231799907	3.41476199241355	0.424106371459132	NA	NA	LOC102724102	Intron
chr9	19260762	19261139	129.719910700224	0.307515685284453	3.6422826272113	0.084429385843652	0.932715044166083	1	DENND4C	Intron
chr9	27193646	27194442	49.8345174860104	2.34506772989641	4.08321729412268	0.574318622051259	NA	NA	TEK	Intron
chr9	28507169	28507525	84.8738368645819	7.49085078855305	3.27320839470773	2.28853463796091	NA	NA	LOC105376004	Intron
chr9	28813502	28814137	2.7430532711088	5.10095167423054	4.26328965919451	1.19648254798486	0.231508305012123	NA	NA	NA
chr9	28856980	28857595	13.4722150230377	-7.78862041408694	4.24868078487585	-1.83318559535287	NA	NA	MIR876	Intron
chr9	30115447	30115872	38.3976121051956	-4.80170007298856	3.81796114424078	-1.25766080155942	NA	NA	NA	NA
chr9	30182671	30183947	75.2610385433209	-8.91336939628049	4.14898807861189	-2.1483236942109	NA	NA	LINC01242	Intergenic
chr9	30435093	30435906	48.861592453199	3.96360597981276	2.98108452431695	1.32958523902335	NA	NA	NA	NA
chr9	31194528	31195183	19.3450280932486	-1.73669601376177	3.90578983717405	-0.444646559636275	NA	NA	LOC107987029	Intergenic
chr9	32325075	32325617	12.7830341187634	-6.68166178031343	4.18300499257883	-1.59733535871163	NA	NA	LOC107987059	Intron
chr9	32932843	32933999	37.9481995350225	-7.91144664780397	4.18817116377116	-1.8889979273627	NA	NA	LOC124902140	Intron
chr9	33761045	33761754	8.97951391197245	-7.51097575513988	4.24902600864141	-1.7676935231426	0.0771121533621437	0.150038678358075	PRSS3	Intron
chr9	35041519	35042116	17.8400031751707	-6.28470599485623	4.25166675339503	-1.47817464523478	NA	NA	SPATA31G1	Promoter
chr9	35057029	35057531	106.743224104192	1.25151721048661	3.42789526960089	0.365097855113969	0.715038361936075	1	NA	NA
chr9	35432937	35433419	51.9723433358319	-8.43094934093591	3.27519126566561	-2.57418533974458	NA	NA	ATP8B5P	Intron
chr9	35564691	35565300	87.0896793782684	9.25653553652119	2.95609942701337	3.13133430220016	0.00174013951854579	0.0372618780973083	CIMIP2B	Promoter
chr9	36211991	36212593	40.4978807221304	22.5904714378533	4.247608329301	5.31839795162348	NA	NA	CLTA	UTR
chr9	38597470	38597870	37.4912582776769	9.89431563142446	4.24762351885586	2.32937678857414	NA	NA	FAM95C	Intron
chr9	42932816	42934551	53.7458752316005	22.7032039056268	4.08134827103653	5.56267252827726	NA	NA	LOC112268044	Intron
chr9	68426896	68427514	15.6800888656361	7.12732876873447	3.79537400056055	1.8778989284539	NA	NA	LOC105376070	Exon
chr9	68551121	68551744	10.5940978382591	3.00757695113187	4.09855653168763	0.733813704380812	NA	NA	TMEM252	Intron
chr9	68604207	68604717	39.5608120707472	9.96539095734581	3.76538829552363	2.64657723857932	0.00813109340355074	0.0480945474015377	LINC01506	Intron
chr9	69069080	69070214	9.84635795160778	17.8067428537698	4.26207643566994	4.17795014297316	NA	NA	TJP2	Intron
chr9	69413870	69414261	14.817194940246	20.7461082265712	4.24901167766588	4.88257265462913	NA	NA	LOC124902177	Intron
chr9	69986336	69986890	65.3728274459686	8.28295571558511	4.17348661173188	1.98466090493768	NA	NA	LOC124902179	Intergenic
chr9	70460528	70461021	81.7671886312004	-6.29810866840582	2.71697408145761	-2.31805990030902	NA	NA	NA	NA
chr9	70475638	70476061	21.955853843411	1.65407941097155	3.9554224817965	0.41818021174322	NA	NA	KLF9	Intron
chr9	71709047	71709593	61.1557876326622	-0.654256450042579	3.38427002424693	-0.19332276838287	0.846706196070926	1	CEMIP2	UTR
chr9	73329761	73330126	11.7278938553494	1.73126195109884	4.08969896085159	0.42332258869693	NA	NA	LOC105376084	Intron
chr9	73497842	73498450	7.28277589844639	0	4.40735632388795	0	NA	NA	LOC105376083	Intron
chr9	73769009	73769275	42.214580181427	0.307526420990228	3.64324892727688	0.0844099393505032	0.932730505032137	1	LOC105376086	Intron
chr9	74677026	74677516	38.3877283870063	-2.40397824648286	3.68802642347238	-0.651833249128255	NA	NA	LOC105376088	Intron
chr9	76593555	76594161	24.0585241690323	-22.6711894144914	4.24789705933639	-5.33703832692056	NA	NA	PCA3	Intron
chr9	78316793	78317110	59.4807760123194	-23.1285932289292	3.67931058313355	-6.28612146388342	NA	NA	PSAT1	Intron
chr9	78983524	78983871	60.7441533309514	-4.5503548291151	2.62397741507548	-1.73414405283065	NA	NA	LOC105376097	Intergenic
chr9	79672110	79672544	39.22938387947	-8.07329395767321	3.89679534955057	-2.07177776441463	NA	NA	TLE4	Intron
chr9	80255588	80256060	7.06112448236881	-0.162859561749549	4.09219303008003	-0.0397976245383428	NA	NA	LOC105376103	Intergenic
chr9	80520963	80521559	2.61389288152587	0	4.40735632388688	0	1	NA	NA	NA
chr9	80900065	80900433	42.9825410554187	0.508857719043306	3.48705866074434	0.145927490343591	NA	NA	LOC107987085	Intron
chr9	82768556	82768866	38.0176045801391	-6.3878354666472	3.83645483589543	-1.66503601368639	NA	NA	LOC124902189	Intron
chr9	83055065	83055976	20.5915915144521	-21.3710831921746	4.24941544679408	-5.02918188625162	NA	NA	LOC124902188	UTR
chr9	83957652	83958192	27.9938173426076	-2.35984029564596	3.26953593136205	-0.721766129868737	NA	NA	QNG1	Promoter
chr9	84230588	84231147	37.6223094915045	5.74576846876641	3.56360268363442	1.61234822702133	NA	NA	SLC28A3-AS1	Intergenic
chr9	85296902	85297592	6.21219428691904	7.2776087779465	4.25063812579503	1.71212146566472	0.0868742862985847	0.163900475364941	LOC105376119	Intergenic
chr9	85385148	85385982	85.0195370712929	0.158124815425779	2.79768004053787	0.0565199783872993	0.954927580511572	1	NA	NA
chr9	86255047	86255473	40.0658695779845	0.989426622528364	3.52810538325126	0.280441346005537	NA	NA	C9orf153	Intron
chr9	86365831	86366434	4.7129919448417	5.92180653993814	4.2517686787563	1.39278662301787	0.163684324746303	NA	LOC102724080	Promoter
chr9	86522572	86522890	27.2782397036357	9.43545292728201	4.24784351150799	2.22123364519434	0.0263351404837153	0.0707327241371613	LOC105376123	Intron
chr9	86736494	86736929	55.3087751749538	7.2788951363671	4.11716837048107	1.76793720377207	NA	NA	LOC124902195	Intergenic
chr9	86852688	86852921	55.040214759808	1.79375062954988	3.40857940037874	0.52624581060091	NA	NA	GAS1	Intergenic
chr9	86975507	86976208	20.7357278340155	-6.41887699654071	4.13595890741099	-1.55196827150267	NA	NA	GAS1RR	Intron
chr9	87009673	87010579	61.3433919681909	1.08707090952288	3.01708709202388	0.360304782847244	NA	NA	LINC02893	Exon
chr9	88751294	88752911	87.6878800012514	5.08828521559215	2.98830410949541	1.70273339966438	NA	NA	LOC124902205	Intron
chr9	89188862	89189486	26.6640753619254	-5.18172279813766	3.73901795544349	-1.38585127428816	NA	NA	SHC3	Intron
chr9	89191984	89192380	65.115376308908	1.82334595961271	3.61363889400877	0.504573371355873	NA	NA	NA	NA
chr9	89598646	89599077	47.8625975332592	22.4457609223005	3.82527743118502	5.86774719640325	NA	NA	LOC105376139	Exon
chr9	89661708	89661996	50.7710993571633	-0.221010186849955	2.47700335776268	-0.0892248232758067	NA	NA	LOC101927823	Intron
chr9	90963018	90963306	55.7208498059224	-9.18352648159693	3.04118084933607	-3.01972389560516	0.00253005214104669	0.0372618780973083	LINC02957	Intron
chr9	91359906	91361068	50.6845146300228	-7.14276465769734	2.9996302981546	-2.38121499909227	NA	NA	AUH	Promoter
chr9	91690346	91690715	48.4095943335638	-8.05941767361179	3.51251828274891	-2.29448419192411	NA	NA	MIR3910-2	Intron
chr9	91709321	91709959	31.2848283085624	0.377731708841071	4.20834533481117	0.0897577738491416	NA	NA	NA	NA
chr9	92284281	92284829	119.651761108506	-8.03059425438634	3.13041055159939	-2.56534857713259	NA	NA	LOC112268048	Intron
chr9	93019223	93019749	20.0174142929323	7.0261873130354	4.2496139670409	1.65337072203005	NA	NA	SUSD3	Intron
chr9	93316953	93317536	25.4580374847098	-22.9493137419567	4.24778989003935	-5.40264804428546	NA	NA	NA	NA
chr9	93345478	93345845	71.4525019938414	0.307532501083574	3.38949361612137	0.0907311049712159	0.927706254364901	1	FAM120A2P	Promoter
chr9	93405111	93406721	61.6762849464659	5.8139299455659	3.36356110500174	1.72850433337464	NA	NA	NA	NA
chr9	93433603	93433972	41.8388972639605	22.1856817295802	4.24777067071237	5.22290006909897	NA	NA	LOC107987097	Intron
chr9	93659721	93660177	54.6318404419866	7.33190770970329	3.39256373435605	2.16117021928108	NA	NA	MIR548AU	Intron
chr9	93851328	93851828	28.6709971231746	-6.68444983011126	3.60611893635842	-1.85364097748297	NA	NA	MIR4291	Intron
chr9	94460823	94461260	17.1621372650952	-5.1022233771375	4.25304421399125	-1.19966384557036	NA	NA	SLC71A2	UTR
chr9	96105974	96106428	46.3668160119181	8.62313303062219	3.68966919122986	2.33710194158297	NA	NA	LOC158434	Exon
chr9	96736845	96737536	10.8150885573952	20.7205720716406	4.24919366069946	4.87635389821932	NA	NA	ZNF510	Intron
chr9	97349702	97350264	5.50043483617304	6.94463940337174	4.25157253032376	1.6334284206232	NA	NA	MIR1302-8	Intron
chr9	97833434	97834052	105.6443825752	0.488723174621179	2.8755002693919	0.169961095056525	0.86504073307817	1	PTCSC2	Intron
chr9	98104570	98105039	119.197465620585	-16.1576631323192	4.02978771746159	-4.0095568960881	NA	NA	TRIM14	Intron
chr9	98276144	98276459	42.2328139436304	7.329464612906	2.84546093638824	2.57584439806414	NA	NA	NA	NA
chr9	98368758	98369336	57.5144398028212	8.6611308223664	3.65735205515468	2.36814249537706	0.0178776488875517	0.0599255075735189	TBC1D2	Intron
chr9	98395414	98397133	93.5666851731047	2.27858526755641	3.37186799405127	0.675763485277698	NA	NA	NA	NA
chr9	98623570	98624134	38.3703985748499	-7.07096854261691	3.69394778117379	-1.91420370874058	NA	NA	GABBR2	Intron
chr9	98795356	98796607	82.936083775996	1.82680735343142	3.42559912829237	0.533281123977302	NA	NA	ANKS6	Promoter
chr9	99352801	99353288	109.692783669386	-3.92045673678773	3.33401249679434	-1.17589743306519	NA	NA	LOC124902232	Intergenic
chr9	99370649	99371778	125.99662302946	-6.92703399477503	3.22798939916769	-2.1459283591703	NA	NA	NA	NA
chr9	100267768	100268090	55.3269063945465	5.40679676848859	3.39100820824608	1.59445110021869	NA	NA	TEX10	Intron
chr9	100742699	100743510	9.97603696515038	2.94005443792291	4.09888533230697	0.717281455704487	NA	NA	NA	NA
chr9	100824859	100825390	38.2766717110473	9.92422907351315	4.2476114624672	2.33642581512122	0.0194690598142341	0.0615090296503939	NA	NA
chr9	100847790	100848243	39.163514858611	-7.79449827117868	3.82708339245879	-2.03666799802106	NA	NA	LOC105376179	Intron
chr9	103888164	103889543	127.835387832714	-7.15964866775671	2.5407053830225	-2.81797673811333	0.00483273109540271	0.0453460517836746	NA	NA
chr9	104020302	104021388	100.91991875967	-0.393554517942326	3.0140050852118	-0.130575266735049	NA	NA	LINC03094	Intron
chr9	104630504	104630781	25.6359189318654	-7.01172610610596	4.07584693419587	-1.72031143939151	NA	NA	OR13C9	Exon
chr9	106117504	106118193	24.5622950764389	9.27328751337625	3.73760827232662	2.48107528604214	0.0130986704025979	0.0527900768789056	LINC01505	Intron
chr9	107025857	107026346	41.9748280530845	-4.75296122420535	3.58371615301236	-1.32626609398464	NA	NA	LOC340512	Intron
chr9	107154585	107155377	107.916032973799	7.16744616430872	3.18215948482276	2.25238433161307	NA	NA	NA	NA
chr9	107857453	107858769	101.308508176186	-5.38310595250941	2.6388657421897	-2.03993172765303	0.0413571261434278	0.091992461970584	NA	NA
chr9	107861179	107861680	122.07661124575	7.87945565764289	3.10788093844785	2.53531451612753	NA	NA	LOC105376209	Intergenic
chr9	108210469	108211468	81.5339964884561	-20.0865380902451	4.11505516308327	-4.88123179257576	NA	NA	LOC105376212	Intergenic
chr9	108223456	108223873	119.856599471714	0.257894165659674	3.24520011506791	0.0794694183764619	0.936659255262003	1	NA	NA
chr9	111186839	111187245	23.0403476842186	-7.21986476505252	3.88584332976148	-1.857991728528	NA	NA	MIR7702	Intron
chr9	111622590	111623309	8.02995469351358	-4.00753501876445	4.24546865291596	-0.943955861271501	NA	NA	LRRC37A5P	Intron
chr9	112594357	112594941	31.9402459785529	-23.0061062318877	4.24777181738908	-5.41604097887456	NA	NA	HSDL2-AS1	Intron
chr9	113516635	113517222	24.5528041188506	0.738238288372564	3.45623901475531	0.213595843696252	NA	NA	RGS3	Intron
chr9	114324125	114324633	32.0571393931509	8.08358011665359	3.82498615819007	2.11336192664254	NA	NA	ORM1	Promoter
chr9	114431493	114431875	14.7643469848325	0.440675494347043	3.67385104694199	0.119949200094502	NA	NA	AKNA	Intron
chr9	114553264	114553964	152.110379845264	-4.91422553214565	2.48186444301866	-1.98005396546499	NA	NA	ATP6V1G1	Exon
chr9	116688709	116689229	100.858744084104	6.86523850207587	3.47967506333322	1.97295390435094	NA	NA	TRIM32	Promoter
chr9	116854433	116854885	38.4716342697398	-1.85266696189321	3.76854829395417	-0.491612901675009	NA	NA	LOC105376239	Intron
chr9	117324051	117324515	27.6338273384792	-8.17050505279262	3.47556945522919	-2.35083923887627	0.0187311245662247	0.0605663766893987	ASTN2	Intron
chr9	117824953	117825453	64.5517927643765	1.26923771489732	3.66454716905252	0.346355949683543	0.729075225741217	1	NA	NA
chr9	117848879	117849132	48.9938856934725	1.20264034121674	2.86803162092494	0.419326039658128	NA	NA	LOC105376243	Intron
chr9	118550211	118550849	60.3402108956961	-0.654268274186732	3.66320220858372	-0.17860555790604	0.858247430089123	1	LOC105376249	Intron
chr9	119246596	119247048	58.5221320226383	0.133121063665953	3.6012661190111	0.036965072634651	NA	NA	NA	NA
chr9	119328913	119329150	25.6721469373652	15.7986726429261	4.30397887216907	3.670713335766	NA	NA	BRINP1	Intron
chr9	119639017	119639322	45.2993411083766	2.97273628331467	3.1233942188978	0.951764674893875	NA	NA	NA	NA
chr9	119761311	119761752	42.0668630389914	-1.2026966063814	3.56087341127052	-0.337753260920409	0.735549134418402	1	LINC01613	Intron
chr9	120116140	120116531	94.1546055960608	7.73448822807804	2.88402095694601	2.68184189488982	NA	NA	LOC124902259	Intron
chr9	120326338	120326881	20.2336623827621	-1.42784840833739	3.6918998141704	-0.3867516672194	NA	NA	LOC105376253	Intron
chr9	120864053	120864681	27.1626815854321	0	4.40735632387912	0	NA	NA	PSMD5	Exon
chr9	121530447	121530868	26.0304548531768	13.3634948369425	4.4073563238789	3.03208859345897	NA	NA	GGTA1	Intron
chr9	121583484	121584381	71.162545334906	2.62699726578206	2.68120227416642	0.979783320002885	NA	NA	LOC107987016	Promoter
chr9	122474676	122475747	151.480201921712	-7.37441958943537	2.65938749508121	-2.772976711019	0.00555460958011575	0.0469937533794141	OR1J1	Promoter
chr9	122751993	122752509	70.6700146094406	0.150417554578014	2.84870430020124	0.0528020948216312	NA	NA	OR1L6	Intergenic
chr9	123359919	123360364	69.5043988648643	-1.08102705960331	3.73221083943921	-0.289647907395751	NA	NA	NA	NA
chr9	123373226	123374746	63.1659987696699	8.03580661182899	3.8299183858112	2.09816654098935	NA	NA	CRB2	UTR
chr9	123476977	123477382	70.7947233970712	10.8063813560741	3.39056588718141	3.1871910812674	0.00143661830731171	0.0372618780973083	MIR7150	Intron
chr9	124242898	124243511	122.166263353739	0.31908479637602	3.19853941291742	0.0997595324564031	NA	NA	NEK6	Intergenic
chr9	125553003	125554063	6.07067531187266	0	4.40735632392338	0	1	1	LOC105376272	Intron
chr9	125847124	125847407	39.3761017089645	-6.91957499937169	4.1236754505386	-1.67801154149217	NA	NA	PBX3	Intron
chr9	127038035	127038242	49.2246709282265	-23.0166738354505	3.86907146893655	-5.9488882591711	NA	NA	ANGPTL2	Intron
chr9	127257682	127258447	1.54399557064945	1.19970303558791	4.14368576901975	0.28952558240721	0.772179205840485	NA	LOC124902274	Intron
chr9	128224705	128225056	40.2470687034256	-1.22343803428847	3.25221892621574	-0.376185632654214	NA	NA	MIR199B	Intron
chr9	128348743	128349425	72.5090439352405	9.87403526748734	2.92003791529037	3.38147501982195	NA	NA	SLC27A4	Intron
chr9	128764880	128765331	39.2716619572382	0	4.1560245311831	0	1	1	LOC124902282	Intron
chr9	129069908	129070269	99.4468864945751	-6.42396822363841	3.23382073548181	-1.98649484591214	NA	NA	DOLPP1	UTR
chr9	129153350	129153766	33.2697191066078	9.43470618829726	4.03055885266796	2.34079355572543	NA	NA	IER5L-AS1	Intron
chr9	129835334	129836305	60.1383618065063	-4.95992793270416	2.81806553819474	-1.7600470484024	NA	NA	C9orf78	Promoter
chr9	130110577	130110809	63.7696116469381	2.07220907813102	2.52019772590629	0.822240674543039	NA	NA	GPRACR	Intron
chr9	130520308	130520862	42.8859208391651	7.83530646852293	3.61805064569115	2.16561547524334	NA	NA	LOC124902286	Intergenic
chr9	130904021	130904799	79.9671503509122	-6.89267689722363	2.57732317407219	-2.67435491465091	0.00748731657449462	0.0475635659068218	QRFP	UTR
chr9	131019244	131019755	73.2864921841309	-5.75462987700067	3.22711411501314	-1.78321239098086	NA	NA	LAMC3	Intron
chr9	131443867	131444118	94.8198691998198	1.46078752070869	3.5497861935434	0.411514226790807	NA	NA	SNORD62A	Intron
chr9	132705568	132705773	49.6394061363016	1.2471043366237	3.15185331644941	0.395673342447477	NA	NA	DDX31	Intergenic
chr9	134542632	134543421	6.30300017298182	-6.96880287628446	3.74545280176884	-1.8606035758863	0.0628001794914534	0.12506360531204	COL5A1	Intron
chr9	135406822	135407179	27.023350219301	-8.13698930216104	3.54537777382612	-2.29509796169894	0.0217275108758095	0.0651126692484066	LOC124902304	Exon
chr9	135881022	135882155	21.3800798732045	0.504780149916624	4.01212729824711	0.125813592738486	NA	NA	CAMSAP1	UTR
chr9	136675632	136676051	90.5543559253601	8.82151318069732	3.49520953333275	2.52388679321489	NA	NA	MIR126	Intron
chr9	137140438	137140932	26.9197286646362	6.55492272317957	4.10938458701057	1.59511055351187	NA	NA	GRIN1	Promoter
chr9	138118706	138119115	66.0360750760269	-0.653258497938924	3.40471058254754	-0.191869024429715	0.847844801537056	1	NA	NA
chr9	138176643	138177267	21.5379019747711	6.51931127567306	4.15963775893268	1.56727860777613	NA	NA	TUBBP5	Exon
chrUn_GL000216v2	56938	57462	51.5728023217319	-7.35186967430781	3.51900316022108	-2.0891909838029	NA	NA	NA	NA
chrUn_GL000224v1	36019	36713	77.1917556176427	3.32313399894624	3.11474134596732	1.06690528356351	0.286014608734402	0.500123105704433	NA	NA
chrUn_GL000224v1	39405	39702	177.124082707008	6.78276109932107	2.61558553599345	2.59320943856836	0.0095084846798252	0.0492306709468289	LOC100505874	Intergenic
chrUn_KI270435v1	959	1372	14.3867009585187	6.65082991434867	4.25037868834455	1.56476173113391	NA	NA	NA	NA
chrUn_KI270438v1	103888	104997	529.088670224045	-1.76608747320529	1.90047083451527	-0.929289437717541	0.352739107549535	0.607127944985495	NA	NA
chrUn_KI270438v1	112034	112377	63.8221698835755	-3.53413055895416	2.58339491749603	-1.36801792672862	0.171306464836846	0.305272705980765	NA	NA
chrUn_KI270442v1	315459	316109	21.9227670875556	0.30752518489869	4.02041978064617	0.0764908148097072	NA	NA	NA	NA
chrUn_KI270467v1	2031	3543	1445.19686513381	0.569048953103152	1.79993974318415	0.316148890682577	0.751889498905117	1	NA	NA
chrUn_KI270744v1	107721	108587	159.282777748234	-7.17629079864597	2.48054276313402	-2.89303248680105	NA	NA	LOC102723393	Intron
chrUn_KI270744v1	110356	112359	174.053800293468	2.84404279949198	2.55132377242214	1.11473221479528	0.26496519178213	0.465938790077254	NA	NA
chrUn_KI270746v1	33568	34242	27.9228845223103	1.72885197216113	3.06284661627424	0.564459206992276	NA	NA	LOC105379557	Intron
chrUn_KI270750v1	8361	8824	36.272449961204	-7.90455846164624	3.92873165880153	-2.01198736593212	NA	NA	LOC105379562	Intergenic
chrUn_KI270751v1	125177	125607	20.3613877590939	-7.86249468135055	3.84414873784862	-2.04531489740192	NA	NA	LOC124905337	Intergenic
chrX	1848848	1849090	95.9676583534474	0.602103146791687	3.10662748679735	0.193812470066181	NA	NA	XG	Intergenic
chrX	7294259	7294475	54.1330308990515	-1.61458725883433	3.35415879745269	-0.481368759302787	0.630254436078159	0.978932198027035	PUDP	Intron
chrX	8670892	8671119	38.1776645427819	0.151730064972369	3.12900695652214	0.0484914437969212	NA	NA	ANOS1	Intron
chrX	9213030	9213500	59.9031132866547	7.7391678262119	3.68051767768122	2.10273893619435	NA	NA	LOC124905242	Intron
chrX	9744669	9745384	38.2299821620946	-8.64063413207055	3.34620828862434	-2.58221646316667	NA	NA	GPR143	Intron
chrX	10740400	10740799	33.5100836189634	8.1749123514745	4.11847754845045	1.98493551447191	NA	NA	MID1	Intron
chrX	11045693	11046099	105.92587182195	-1.049913471991	3.38804270072626	-0.309887910139367	NA	NA	HCCS-DT	Intron
chrX	11391628	11392158	49.7705980555821	10.3028587955318	3.9446738782476	2.61184044956052	0.00900562718038704	0.0489267511413513	MIR548AX	Intron
chrX	18684549	18684997	74.4990405803327	-20.3099620402557	4.03121535060161	-5.03817342261922	NA	NA	PPEF1-AS1	UTR
chrX	21776578	21776931	65.7461128044432	0.580335986720763	3.73000128569996	0.155586001791916	NA	NA	SMPX	Intergenic
chrX	21956245	21956603	53.8640592392678	-0.65427102883919	4.13352385896508	-0.158284081854314	0.87423295085931	1	SMS	Intron
chrX	24773775	24774496	16.2480815735457	7.72005544219275	4.14442138927416	1.86275832427957	0.0624962759402468	0.124724901876467	SCARNA23	Intron
chrX	25547861	25548509	7.24244901523647	5.05193422513983	4.26384971187067	1.18482933652073	NA	NA	LOC107985707	Exon
chrX	27634132	27634533	131.304467998525	0.216529080755205	2.57433889388765	0.0841105579647333	0.932968530350376	1	DCAF8L2	Intron
chrX	29334260	29334835	0.795919850475758	-1.09337183322579	4.20235800677818	-0.260180553742028	0.794724503715111	NA	MIR4666B	Intron
chrX	34086385	34087826	96.7980468294532	3.63619218030171	3.53011784458298	1.03004838376189	NA	NA	FAM47A	Intron
chrX	35871262	35871666	30.1644116326448	22.2829824397094	3.63998341439493	6.12172636600145	NA	NA	CFAP47	Intergenic
chrX	38619558	38619985	25.1089975196588	7.96239330897485	4.15448297902713	1.91657863305037	NA	NA	MID1IP1	Intron
chrX	42361803	42362061	52.987167768701	8.57755638978542	3.38850118951333	2.53137181014753	0.0113617339395152	0.0511552465296046	LOC105373186	Intron
chrX	54358192	54358786	15.2401877075846	-3.85692264139093	4.10554660233927	-0.939441934283081	NA	NA	WNK3	Promoter
chrX	56357415	56357793	19.6240648984287	8.93450740269445	4.2481786832787	2.10313832557506	NA	NA	UBQLN2	Intergenic
chrX	65380649	65380986	51.0473647695082	4.03908955450771	3.14816016065508	1.28300002172292	NA	NA	LAS1L	Intron
chrX	68662379	68662661	56.3137213453233	0.143408548591094	3.47436104885678	0.0412762365725583	NA	NA	STARD8	Intron
chrX	70317590	70317799	58.0184074417385	-1.11360484570646	2.580575320082	-0.431533556505946	NA	NA	PDZD11	Intron
chrX	72486395	72487703	26.5441887341425	-5.30220198006539	3.8232894948712	-1.38681676791101	NA	NA	HDAC8	UTR
chrX	76022690	76023120	61.1083143498593	-4.08639279147631	2.95669171360373	-1.3820828098766	NA	NA	PBDC1	Intergenic
chrX	78686890	78687940	47.130228534677	-0.836859469918724	3.21804012089597	-0.260052528395987	NA	NA	RTL3	Intron
chrX	80665683	80665897	117.371543742613	0.371773627866931	2.74218323006529	0.135575779105789	NA	NA	LOC124905202	Intergenic
chrX	81865675	81866319	22.6787539963866	20.6506677052002	4.17917933595307	4.94132126074239	NA	NA	LOC105373286	Intergenic
chrX	87140321	87140779	40.2210162505299	-4.94229102097633	3.84558724530513	-1.28518499405003	NA	NA	KLHL4	Intergenic
chrX	87937408	87937757	15.0319695982284	-2.3460336046278	4.01227301606261	-0.584714349007598	NA	NA	LOC124905233	Intergenic
chrX	92202551	92202918	41.7369247818704	22.563087268806	4.24757879274284	5.31198792765325	NA	NA	LOC105373293	Intron
chrX	93354066	93354478	12.2549744252521	6.14544475847458	4.2510892980229	1.44561648265839	NA	NA	NAP1L3	Intergenic
chrX	95476358	95477092	4.5587615870577	0	4.40735632388379	0	1	NA	MIR548M	Intergenic
chrX	101223096	101223885	32.4568479845115	2.85223233573012	3.72195510695198	0.766326367129639	NA	NA	DRP2	Intron
chrX	101386678	101387422	39.14174807042	-15.0525449015905	3.942003061138	-3.8185015760097	NA	NA	BTK	Intron
chrX	102168228	102168420	24.8883460384728	-1.31416868034257	3.27244525135345	-0.401586147178182	NA	NA	TCP11X1	Intergenic
chrX	103104982	103105525	25.7267542906178	-1.41909866519326	3.73579351444147	-0.379865391303734	NA	NA	NXF3	Intergenic
chrX	109277798	109278025	47.9783511978734	1.5268366722694	3.25672059990862	0.468826423830228	NA	NA	GUCY2F	Intergenic
chrX	110317568	110318019	53.9375883064652	-0.0101430999638066	2.57794276094091	-0.0039345714410294	0.996860674293735	1	GNG5B	UTR
chrX	111710357	111710840	42.995329899191	-8.59067883186947	4.07347251980297	-2.10893256063625	NA	NA	ALG13	Intron
chrX	113593223	113593605	81.9454420633929	-9.39093017393121	3.04091769435546	-3.08818952626131	0.00201379994972212	0.0372618780973083	LOC124905291	Intergenic
chrX	118172162	118172467	87.8266651285288	-0.631905124460972	2.68346592922414	-0.23548095676537	0.813835457636677	1	KLHL13	Intergenic
chrX	119834736	119835044	53.9198189646809	-0.674742382499874	3.30976548886985	-0.20386410601262	NA	NA	UPF3B	UTR
chrX	120718941	120719411	44.6483706230217	-8.0220979010223	3.88419595346044	-2.06531750641349	NA	NA	CUL4B	Intron
chrX	121235094	121235429	9.65747853141841	0	4.31516095008275	0	NA	NA	MIR3672	Intron
chrX	125368977	125369616	40.6288935422365	-3.05615902853593	3.19279647056734	-0.957204462203903	NA	NA	LOC124905212	Intergenic
chrX	129014678	129015169	23.7737054131132	-20.4660440841639	4.25023008418789	-4.81527909754902	NA	NA	LOC124905213	Exon
chrX	130739944	130740433	51.2842283412299	-8.17614690709526	3.52023207629581	-2.32261587585403	NA	NA	ENOX2	Intron
chrX	131742820	131743224	5.7770844192854	6.7970070045517	4.25206093546129	1.59852060159018	NA	NA	FIRRE	Exon
chrX	134964806	134965412	36.3896855761617	3.91285704124672	3.68436001971001	1.06201810363654	NA	NA	LINC02243	Intron
chrX	140717212	140717959	28.9206919508304	19.149103457978	4.25236917442754	4.5031611020828	NA	NA	LOC101928833	Intron
chrX	140960728	140961532	17.6333672339375	13.9375635961511	4.40735632388531	3.16234099807578	NA	NA	MIR320D2	Intron
chrX	141883309	141883559	90.6658310490611	1.75789732787268	2.97827466297806	0.590240164792225	NA	NA	MAGEC1	Intron
chrX	142748848	142749378	60.87427855141	-18.4387865457223	3.74414552598795	-4.9246981501492	NA	NA	SPANXN4	Intergenic
chrX	145902044	145902246	41.6829689377058	0.839259830881822	2.81748994992765	0.297875004275836	NA	NA	LOC107985703	Intergenic
chrX	145958902	145959483	14.1524543671253	1.26926823036604	4.35522056558172	0.291436038945252	0.770717855065893	1	MIR892C	Intergenic
chrX	147309599	147310015	48.2435989547684	-8.98075116553741	3.44856336668015	-2.60420070928926	0.00920888108739783	0.0491733696628446	LOC101928863	Intron
chrX	150980821	150981755	23.5795204702796	0	4.40735632392267	0	1	1	HMGB3	Promoter
chrX	153594293	153594617	44.482605777416	-2.57262436476025	2.98764128021621	-0.861088773205758	NA	NA	LOC105373383	UTR
chrX	153740858	153741114	83.4168233556926	9.0077207478368	3.93650497018405	2.28825336588249	NA	NA	ABCD1	Intron
chrX	153924467	153925179	29.2037197661141	8.28953814584838	3.61746581754671	2.29153185239223	NA	NA	ARHGAP4	Intron
chrY	10184190	10184900	41.2208699301044	-0.619036291775618	3.64107961640039	-0.170014489380379	0.864998741664207	1	TTTY23	Intergenic
chrY	12023390	12023817	33.967514333039	-8.47524786346546	3.80767398742476	-2.22583338055092	NA	NA	GYG2P1	Intergenic
chrY	15193115	15193702	84.6913443204109	10.0398376660283	3.1787367780034	3.1584363120291	0.00158617963385801	0.0372618780973083	NLGN4Y-AS1	Intergenic
chrY	20755202	20755574	39.681906785357	-0.633111046537087	3.49454951983879	-0.18117100442929	NA	NA	RPS4Y2	Promoter
